close_time,bankroll_after,pnl
2025-12-31 23:15:00+00:00,10044.08,44.079999999999984
2025-12-31 23:30:00+00:00,10133.98,89.9
2025-12-31 23:45:00+00:00,9923.92,-210.05999999999997
2026-01-01 00:30:00+00:00,9962.18,38.26
2026-01-01 00:45:00+00:00,10064.4,102.22000000000003
2026-01-01 01:15:00+00:00,10100.39,35.98999999999998
2026-01-01 01:30:00+00:00,10448.18,347.79
2026-01-01 01:45:00+00:00,10529.2,81.02
2026-01-01 02:15:00+00:00,10314.37,-214.82999999999998
2026-01-01 02:30:00+00:00,10406.710000000001,92.34
2026-01-01 02:45:00+00:00,10196.900000000001,-209.81000000000003
2026-01-01 03:15:00+00:00,10283.930000000002,87.02999999999999
2026-01-01 03:45:00+00:00,10317.920000000002,33.99000000000001
2026-01-01 04:15:00+00:00,10109.520000000002,-208.4
2026-01-01 04:30:00+00:00,9901.120000000003,-208.4
2026-01-01 04:45:00+00:00,9695.330000000002,-205.79
2026-01-01 05:00:00+00:00,9778.230000000001,82.89999999999999
2026-01-01 05:15:00+00:00,9813.160000000002,34.92999999999998
2026-01-01 05:30:00+00:00,9893.04,79.87999999999997
2026-01-01 05:45:00+00:00,10042.27,149.23
2026-01-01 06:00:00+00:00,10128.12,85.85000000000001
2026-01-01 06:15:00+00:00,10032.95,-95.17000000000002
2026-01-01 06:30:00+00:00,10190.44,157.48999999999998
2026-01-01 06:45:00+00:00,10403.51,213.07
2026-01-01 07:00:00+00:00,10188.91,-214.60000000000002
2026-01-01 07:15:00+00:00,9980.94,-207.97
2026-01-01 07:45:00+00:00,10019.36,38.41999999999998
2026-01-01 08:00:00+00:00,10097.07,77.71000000000001
2026-01-01 08:30:00+00:00,10356.35,259.28000000000003
2026-01-01 08:45:00+00:00,10500.2,143.84999999999997
2026-01-01 09:30:00+00:00,10769.980000000001,269.78000000000003
2026-01-01 09:45:00+00:00,10546.400000000001,-223.57999999999998
2026-01-01 10:00:00+00:00,10330.53,-215.86999999999998
2026-01-01 10:15:00+00:00,10492.78,162.24999999999997
2026-01-01 10:30:00+00:00,10524.880000000001,32.099999999999994
2026-01-01 10:45:00+00:00,10653.68,128.8
2026-01-01 11:15:00+00:00,10435.220000000001,-218.46
2026-01-01 11:30:00+00:00,10653.310000000001,218.09
2026-01-01 11:45:00+00:00,10795.2,141.89000000000001
2026-01-01 12:15:00+00:00,10921.7,126.50000000000001
2026-01-01 12:30:00+00:00,11055.35,133.65
2026-01-01 12:45:00+00:00,11163.98,108.63000000000004
2026-01-01 13:00:00+00:00,11407.439999999999,243.46
2026-01-01 13:30:00+00:00,11173.069999999998,-234.36999999999998
2026-01-01 13:45:00+00:00,10943.619999999997,-229.45
2026-01-01 14:00:00+00:00,11046.149999999998,102.53000000000002
2026-01-01 14:15:00+00:00,11088.739999999998,42.58999999999997
2026-01-01 14:30:00+00:00,11183.439999999999,94.70000000000002
2026-01-01 14:45:00+00:00,11226.509999999998,43.06999999999999
2026-01-01 15:15:00+00:00,10996.419999999998,-230.09
2026-01-01 15:30:00+00:00,11085.999999999998,89.57999999999998
2026-01-01 15:45:00+00:00,10861.919999999998,-224.08
2026-01-01 16:00:00+00:00,10950.359999999999,88.43999999999997
2026-01-01 16:15:00+00:00,10986.609999999999,36.250000000000014
2026-01-01 16:30:00+00:00,10765.159999999998,-221.45
2026-01-01 16:45:00+00:00,10809.609999999999,44.449999999999996
2026-01-01 17:00:00+00:00,10848.31,38.699999999999974
2026-01-01 18:15:00+00:00,10625.88,-222.43
2026-01-01 18:30:00+00:00,10675.91,50.03
2026-01-01 18:45:00+00:00,10714.16,38.249999999999986
2026-01-01 19:00:00+00:00,10495.01,-219.14999999999998
2026-01-01 19:45:00+00:00,10535.36,40.34999999999997
2026-01-01 20:00:00+00:00,10573.0,37.63999999999997
2026-01-01 20:15:00+00:00,10719.67,146.66999999999996
2026-01-01 20:45:00+00:00,10815.67,96.00000000000001
2026-01-01 21:00:00+00:00,10931.55,115.88
2026-01-01 21:15:00+00:00,11020.56,89.00999999999996
2026-01-01 21:30:00+00:00,11046.029999999999,25.469999999999988
2026-01-01 22:00:00+00:00,11085.63,39.59999999999999
2026-01-01 22:15:00+00:00,11125.23,39.59999999999999
2026-01-01 22:30:00+00:00,10897.88,-227.35
2026-01-01 22:45:00+00:00,10678.16,-219.71999999999997
2026-01-01 23:15:00+00:00,10826.44,148.27999999999997
2026-01-01 23:45:00+00:00,10694.87,-131.57
2026-01-02 00:00:00+00:00,10996.62,301.75
2026-01-02 00:15:00+00:00,11099.78,103.16000000000001
2026-01-02 00:45:00+00:00,11229.91,130.13
2026-01-02 01:30:00+00:00,11279.55,49.63999999999999
2026-01-02 02:00:00+00:00,11049.22,-230.32999999999998
2026-01-02 02:15:00+00:00,11097.96,48.73999999999998
2026-01-02 02:30:00+00:00,11121.009999999998,23.049999999999994
2026-01-02 02:45:00+00:00,11211.449999999999,90.43999999999997
2026-01-02 03:30:00+00:00,11321.38,109.93000000000002
2026-01-02 04:15:00+00:00,11344.89,23.509999999999994
2026-01-02 04:30:00+00:00,11379.49,34.599999999999994
2026-01-02 04:45:00+00:00,11423.36,43.86999999999998
2026-01-02 05:15:00+00:00,11464.17,40.80999999999999
2026-01-02 07:00:00+00:00,11514.89,50.719999999999985
2026-01-02 07:15:00+00:00,11556.15,41.25999999999998
2026-01-02 07:30:00+00:00,11691.369999999999,135.22000000000003
2026-01-02 07:45:00+00:00,11795.9,104.53000000000002
2026-01-02 08:00:00+00:00,11557.369999999999,-238.53000000000003
2026-01-02 08:15:00+00:00,11320.589999999998,-236.77999999999997
2026-01-02 08:30:00+00:00,11089.769999999999,-230.82
2026-01-02 09:00:00+00:00,10862.73,-227.03999999999996
2026-01-02 09:15:00+00:00,10639.439999999999,-223.29
2026-01-02 09:30:00+00:00,10769.359999999999,129.92
2026-01-02 09:45:00+00:00,10547.999999999998,-221.36
2026-01-02 10:15:00+00:00,10354.839999999998,-193.16
2026-01-02 10:30:00+00:00,10728.449999999999,373.61
2026-01-02 10:45:00+00:00,10761.21,32.76000000000001
2026-01-02 11:00:00+00:00,11015.82,254.61000000000004
2026-01-02 11:15:00+00:00,11118.98,103.16000000000001
2026-01-02 11:30:00+00:00,11249.109999999999,130.13
2026-01-02 11:45:00+00:00,11283.449999999999,34.33999999999999
2026-01-02 12:00:00+00:00,11323.8,40.349999999999966
2026-01-02 12:15:00+00:00,11361.32,37.52
2026-01-02 12:30:00+00:00,11494.36,133.04000000000002
2026-01-02 12:45:00+00:00,11258.12,-236.23999999999998
2026-01-02 13:00:00+00:00,11358.990000000002,100.87000000000002
2026-01-02 13:15:00+00:00,11402.7,43.709999999999965
2026-01-02 14:15:00+00:00,11167.820000000002,-234.88000000000002
2026-01-02 14:30:00+00:00,10936.910000000002,-230.91
2026-01-02 14:45:00+00:00,11156.560000000001,219.65
2026-01-02 15:00:00+00:00,10930.44,-226.12
2026-01-02 15:15:00+00:00,10707.27,-223.17000000000002
2026-01-02 15:30:00+00:00,10748.58,41.31000000000002
2026-01-02 16:00:00+00:00,10793.03,44.449999999999996
2026-01-02 16:15:00+00:00,10572.070000000002,-220.95999999999995
2026-01-02 16:30:00+00:00,10596.510000000002,24.439999999999994
2026-01-02 16:45:00+00:00,10623.530000000002,27.02000000000001
2026-01-02 17:00:00+00:00,10406.350000000002,-217.18
2026-01-02 17:15:00+00:00,10491.080000000002,84.72999999999999
2026-01-02 17:30:00+00:00,10553.79,62.71000000000001
2026-01-02 17:45:00+00:00,10688.29,134.5
2026-01-02 18:00:00+00:00,10775.300000000001,87.01
2026-01-02 18:30:00+00:00,10554.43,-220.86999999999998
2026-01-02 18:45:00+00:00,10648.9,94.47000000000001
2026-01-02 19:15:00+00:00,10744.289999999999,95.39
2026-01-02 19:30:00+00:00,10523.199999999999,-221.09000000000003
2026-01-02 19:45:00+00:00,10560.839999999998,37.63999999999997
2026-01-02 20:00:00+00:00,10616.989999999998,56.150000000000006
2026-01-02 20:15:00+00:00,10758.099999999999,141.10999999999999
2026-01-02 20:30:00+00:00,10854.399999999998,96.30000000000004
2026-01-02 20:45:00+00:00,10631.619999999997,-222.78
2026-01-02 21:45:00+00:00,10755.929999999997,124.31
2026-01-02 22:15:00+00:00,10794.479999999996,38.54999999999998
2026-01-02 23:00:00+00:00,10895.749999999996,101.27000000000002
2026-01-02 23:15:00+00:00,11074.119999999997,178.37
2026-01-02 23:30:00+00:00,11401.379999999997,327.26
2026-01-02 23:45:00+00:00,11166.439999999997,-234.94000000000003
2026-01-03 00:00:00+00:00,10937.009999999997,-229.42999999999998
2026-01-03 00:15:00+00:00,10738.759999999997,-198.25
2026-01-03 00:30:00+00:00,10520.499999999996,-218.26
2026-01-03 00:45:00+00:00,10666.359999999997,145.85999999999996
2026-01-03 01:00:00+00:00,10509.009999999997,-157.34999999999997
2026-01-03 01:15:00+00:00,10293.229999999996,-215.78
2026-01-03 01:30:00+00:00,10377.099999999997,83.87000000000002
2026-01-03 02:15:00+00:00,10398.649999999996,21.55
2026-01-03 03:15:00+00:00,10569.049999999996,170.4
2026-01-03 03:30:00+00:00,10692.639999999996,123.58999999999999
2026-01-03 03:45:00+00:00,10484.239999999996,-208.4
2026-01-03 04:00:00+00:00,10268.699999999995,-215.54000000000002
2026-01-03 04:15:00+00:00,10405.479999999996,136.78
2026-01-03 04:30:00+00:00,10190.029999999995,-215.45
2026-01-03 04:45:00+00:00,10244.309999999996,54.27999999999999
2026-01-03 05:15:00+00:00,10518.459999999995,274.15
2026-01-03 05:30:00+00:00,10646.889999999996,128.43
2026-01-03 06:15:00+00:00,10426.079999999996,-220.81
2026-01-03 06:30:00+00:00,10523.889999999996,97.81000000000003
2026-01-03 07:00:00+00:00,10561.529999999995,37.64
2026-01-03 07:45:00+00:00,10358.199999999995,-203.33
2026-01-03 08:00:00+00:00,10143.719999999996,-214.48
2026-01-03 08:15:00+00:00,10267.669999999996,123.95000000000002
2026-01-03 08:45:00+00:00,10056.289999999997,-211.38000000000002
2026-01-03 09:00:00+00:00,10146.189999999997,89.9
2026-01-03 09:15:00+00:00,9939.639999999998,-206.54999999999998
2026-01-03 09:30:00+00:00,9735.709999999997,-203.92999999999998
2026-01-03 10:00:00+00:00,9835.589999999997,99.88000000000004
2026-01-03 10:15:00+00:00,9945.929999999997,110.34
2026-01-03 11:00:00+00:00,10078.389999999996,132.46
2026-01-03 11:45:00+00:00,9871.949999999995,-206.43999999999997
2026-01-03 12:00:00+00:00,9907.329999999994,35.379999999999995
2026-01-03 12:45:00+00:00,9705.059999999994,-202.26999999999998
2026-01-03 13:15:00+00:00,9863.949999999993,158.89
2026-01-03 13:45:00+00:00,9896.669999999993,32.72000000000001
2026-01-03 14:15:00+00:00,9692.999999999993,-203.67000000000002
2026-01-03 14:30:00+00:00,9504.929999999993,-188.07
2026-01-03 14:45:00+00:00,9857.869999999994,352.94
2026-01-03 15:00:00+00:00,9950.329999999993,92.46000000000001
2026-01-03 15:15:00+00:00,10043.739999999993,93.41000000000003
2026-01-03 15:45:00+00:00,10281.309999999992,237.57000000000002
2026-01-03 16:00:00+00:00,10423.949999999992,142.64
2026-01-03 16:30:00+00:00,10210.849999999991,-213.09999999999997
2026-01-03 16:45:00+00:00,10002.449999999992,-208.4
2026-01-03 17:00:00+00:00,10096.169999999991,93.72000000000003
2026-01-03 17:15:00+00:00,10140.789999999992,44.619999999999976
2026-01-03 18:45:00+00:00,10227.229999999992,86.44000000000001
2026-01-03 19:00:00+00:00,10018.429999999993,-208.79999999999998
2026-01-03 19:15:00+00:00,10100.019999999993,81.59000000000002
2026-01-03 19:45:00+00:00,10167.069999999992,67.05
2026-01-03 20:00:00+00:00,9955.529999999992,-211.54000000000002
2026-01-03 21:00:00+00:00,9823.959999999992,-131.57
2026-01-03 21:15:00+00:00,9867.329999999993,43.36999999999999
2026-01-03 21:30:00+00:00,9662.349999999993,-204.98000000000002
2026-01-03 22:00:00+00:00,9748.899999999992,86.55000000000003
2026-01-03 22:15:00+00:00,9836.059999999992,87.16000000000001
2026-01-03 22:45:00+00:00,9924.129999999992,88.07000000000002
2026-01-03 23:00:00+00:00,10035.539999999992,111.41000000000001
2026-01-03 23:15:00+00:00,10186.879999999992,151.33999999999997
2026-01-03 23:45:00+00:00,9975.369999999992,-211.50999999999996
2026-01-04 00:00:00+00:00,10073.299999999992,97.93000000000004
2026-01-04 00:30:00+00:00,10238.389999999992,165.08999999999997
2026-01-04 00:45:00+00:00,10027.689999999991,-210.70000000000002
2026-01-04 01:00:00+00:00,9821.179999999991,-206.51000000000002
2026-01-04 01:15:00+00:00,9931.169999999991,109.99
2026-01-04 01:30:00+00:00,10080.81999999999,149.64999999999998
2026-01-04 01:45:00+00:00,10189.12999999999,108.31
2026-01-04 02:00:00+00:00,9977.63999999999,-211.48999999999998
2026-01-04 02:15:00+00:00,10268.06999999999,290.42999999999995
2026-01-04 02:30:00+00:00,10055.14999999999,-212.92
2026-01-04 02:45:00+00:00,10283.52999999999,228.38000000000002
2026-01-04 03:00:00+00:00,10367.11999999999,83.59
2026-01-04 03:30:00+00:00,10412.81999999999,45.69999999999999
2026-01-04 03:45:00+00:00,10199.71999999999,-213.09999999999997
2026-01-04 04:00:00+00:00,10295.32999999999,95.61000000000003
2026-01-04 04:30:00+00:00,10081.82999999999,-213.49999999999997
2026-01-04 05:00:00+00:00,10227.55999999999,145.73
2026-01-04 05:15:00+00:00,10352.62999999999,125.07000000000001
2026-01-04 05:30:00+00:00,10389.669999999991,37.039999999999985
2026-01-04 06:30:00+00:00,10539.939999999991,150.26999999999998
2026-01-04 06:45:00+00:00,10638.699999999992,98.76000000000003
2026-01-04 07:00:00+00:00,10421.559999999992,-217.14000000000001
2026-01-04 07:15:00+00:00,10510.649999999992,89.08999999999997
2026-01-04 07:30:00+00:00,10596.239999999993,85.59
2026-01-04 08:00:00+00:00,10380.399999999992,-215.83999999999997
2026-01-04 08:45:00+00:00,10536.809999999992,156.41
2026-01-04 09:00:00+00:00,10577.319999999992,40.51000000000002
2026-01-04 09:15:00+00:00,10676.389999999992,99.07000000000002
2026-01-04 09:30:00+00:00,10458.549999999992,-217.83999999999997
2026-01-04 10:30:00+00:00,10603.609999999991,145.06
2026-01-04 11:00:00+00:00,10383.15999999999,-220.45
2026-01-04 11:15:00+00:00,10533.429999999991,150.26999999999998
2026-01-04 11:30:00+00:00,10619.019999999991,85.59
2026-01-04 11:45:00+00:00,10682.40999999999,63.39000000000001
2026-01-04 12:00:00+00:00,10807.449999999992,125.03999999999999
2026-01-04 12:15:00+00:00,10587.319999999992,-220.13000000000002
2026-01-04 12:30:00+00:00,10369.479999999992,-217.84000000000003
2026-01-04 12:45:00+00:00,10507.439999999991,137.96000000000004
2026-01-04 13:00:00+00:00,10534.23999999999,26.8
2026-01-04 13:15:00+00:00,10574.74999999999,40.50999999999999
2026-01-04 14:00:00+00:00,10606.97999999999,32.23000000000001
2026-01-04 14:45:00+00:00,10644.919999999991,37.94000000000002
2026-01-04 15:15:00+00:00,10769.599999999991,124.68
2026-01-04 16:15:00+00:00,10808.14999999999,38.55000000000001
2026-01-04 16:30:00+00:00,10896.019999999991,87.86999999999998
2026-01-04 16:45:00+00:00,10673.949999999992,-222.07000000000002
2026-01-04 17:00:00+00:00,10712.199999999992,38.249999999999986
2026-01-04 17:15:00+00:00,10756.479999999992,44.27999999999999
2026-01-04 17:30:00+00:00,10800.929999999993,44.449999999999996
2026-01-04 17:45:00+00:00,10839.629999999994,38.699999999999974
2026-01-04 18:00:00+00:00,10618.259999999993,-221.37000000000003
2026-01-04 18:45:00+00:00,10653.379999999994,35.12
2026-01-04 19:00:00+00:00,10753.389999999994,100.01000000000002
2026-01-04 19:15:00+00:00,10786.279999999993,32.89
2026-01-04 19:45:00+00:00,10819.169999999993,32.89
2026-01-04 20:15:00+00:00,10596.349999999993,-222.82000000000002
2026-01-04 20:30:00+00:00,10379.919999999993,-216.42999999999998
2026-01-04 20:45:00+00:00,10472.869999999994,92.95000000000002
2026-01-04 21:00:00+00:00,10257.329999999993,-215.54000000000002
2026-01-04 21:15:00+00:00,10047.279999999993,-210.04999999999998
2026-01-04 21:30:00+00:00,10137.179999999993,89.9
2026-01-04 21:45:00+00:00,10191.039999999994,53.85999999999999
2026-01-04 22:00:00+00:00,10332.469999999994,141.42999999999998
2026-01-04 22:15:00+00:00,10123.509999999995,-208.96
2026-01-04 22:30:00+00:00,10162.409999999994,38.89999999999998
2026-01-04 22:45:00+00:00,10257.709999999994,95.30000000000001
2026-01-04 23:00:00+00:00,10050.039999999994,-207.67000000000002
2026-01-04 23:30:00+00:00,9843.869999999994,-206.17
2026-01-04 23:45:00+00:00,10018.699999999993,174.82999999999998
2026-01-05 00:00:00+00:00,9811.769999999993,-206.93
2026-01-05 00:15:00+00:00,9680.199999999993,-131.57
2026-01-05 00:30:00+00:00,9939.149999999994,258.94999999999993
2026-01-05 00:45:00+00:00,9736.039999999994,-203.10999999999999
2026-01-05 01:00:00+00:00,9534.729999999994,-201.31
2026-01-05 01:15:00+00:00,9339.319999999994,-195.41
2026-01-05 01:30:00+00:00,9147.489999999994,-191.82999999999998
2026-01-05 01:45:00+00:00,8959.589999999995,-187.90000000000003
2026-01-05 02:00:00+00:00,9078.679999999995,119.09000000000002
2026-01-05 02:15:00+00:00,9124.109999999995,45.43000000000001
2026-01-05 02:30:00+00:00,8938.279999999995,-185.83000000000004
2026-01-05 03:15:00+00:00,9014.689999999995,76.41000000000003
2026-01-05 03:30:00+00:00,8830.289999999995,-184.39999999999998
2026-01-05 03:45:00+00:00,8933.519999999995,103.22999999999999
2026-01-05 04:00:00+00:00,8975.619999999995,42.099999999999994
2026-01-05 04:15:00+00:00,9023.449999999995,47.82999999999999
2026-01-05 04:45:00+00:00,8845.589999999995,-177.86
2026-01-05 05:00:00+00:00,8910.729999999994,65.14
2026-01-05 05:15:00+00:00,8937.959999999994,27.22999999999999
2026-01-05 06:00:00+00:00,8752.209999999994,-185.75000000000003
2026-01-05 06:15:00+00:00,8889.799999999994,137.59
2026-01-05 06:45:00+00:00,9310.329999999994,420.53
2026-01-05 07:00:00+00:00,9348.839999999995,38.509999999999984
2026-01-05 07:15:00+00:00,9382.269999999995,33.42999999999998
2026-01-05 07:30:00+00:00,9410.949999999995,28.68000000000001
2026-01-05 07:45:00+00:00,9430.529999999995,19.580000000000005
2026-01-05 08:00:00+00:00,9541.029999999995,110.50000000000001
2026-01-05 08:30:00+00:00,9344.589999999995,-196.44000000000003
2026-01-05 08:45:00+00:00,9385.809999999994,41.21999999999999
2026-01-05 09:00:00+00:00,9510.799999999994,124.99000000000002
2026-01-05 09:15:00+00:00,9555.539999999994,44.73999999999998
2026-01-05 09:45:00+00:00,9359.499999999993,-196.04000000000002
2026-01-05 10:00:00+00:00,9395.519999999993,36.019999999999975
2026-01-05 10:30:00+00:00,9520.509999999993,124.99000000000002
2026-01-05 11:15:00+00:00,9613.899999999992,93.39000000000001
2026-01-05 11:45:00+00:00,9416.019999999993,-197.88000000000002
2026-01-05 12:00:00+00:00,9449.749999999993,33.729999999999976
2026-01-05 12:15:00+00:00,9259.479999999992,-190.27
2026-01-05 12:30:00+00:00,9350.279999999992,90.80000000000001
2026-01-05 12:45:00+00:00,9454.969999999992,104.69000000000001
2026-01-05 13:00:00+00:00,9259.019999999991,-195.95
2026-01-05 13:15:00+00:00,9068.519999999991,-190.5
2026-01-05 14:00:00+00:00,9199.799999999992,131.27999999999997
2026-01-05 14:15:00+00:00,9274.539999999992,74.74
2026-01-05 14:30:00+00:00,9305.289999999992,30.750000000000018
2026-01-05 14:45:00+00:00,9388.489999999993,83.19999999999999
2026-01-05 15:00:00+00:00,9198.499999999993,-189.99
2026-01-05 15:15:00+00:00,9343.009999999993,144.51
2026-01-05 15:30:00+00:00,9452.419999999993,109.41
2026-01-05 15:45:00+00:00,9481.229999999992,28.809999999999995
2026-01-05 16:00:00+00:00,9285.529999999992,-195.70000000000002
2026-01-05 16:15:00+00:00,9403.929999999991,118.39999999999999
2026-01-05 16:30:00+00:00,9509.31999999999,105.38999999999999
2026-01-05 16:45:00+00:00,9625.429999999991,116.10999999999999
2026-01-05 17:00:00+00:00,9711.669999999991,86.24000000000004
2026-01-05 17:15:00+00:00,9798.519999999991,86.85000000000002
2026-01-05 17:30:00+00:00,9894.509999999991,95.99000000000001
2026-01-05 18:15:00+00:00,9971.119999999992,76.61
2026-01-05 18:30:00+00:00,10027.259999999991,56.14
2026-01-05 18:45:00+00:00,10149.709999999992,122.45000000000002
2026-01-05 19:15:00+00:00,10197.469999999992,47.75999999999999
2026-01-05 19:30:00+00:00,9988.669999999993,-208.79999999999998
2026-01-05 19:45:00+00:00,10024.359999999993,35.69000000000002
2026-01-05 20:00:00+00:00,9819.399999999994,-204.95999999999998
2026-01-05 20:15:00+00:00,9619.169999999995,-200.22999999999996
2026-01-05 20:30:00+00:00,9656.149999999994,36.97999999999998
2026-01-05 20:45:00+00:00,9734.599999999995,78.45
2026-01-05 21:00:00+00:00,9792.769999999995,58.169999999999995
2026-01-05 21:15:00+00:00,9872.359999999995,79.59000000000002
2026-01-05 21:30:00+00:00,9969.319999999994,96.96000000000002
2026-01-05 21:45:00+00:00,10054.279999999993,84.95999999999998
2026-01-05 22:00:00+00:00,10144.179999999993,89.89999999999998
2026-01-05 22:45:00+00:00,9937.159999999993,-207.01999999999998
2026-01-05 23:15:00+00:00,10003.229999999992,66.07000000000001
2026-01-05 23:30:00+00:00,10304.979999999992,301.75
2026-01-05 23:45:00+00:00,10454.009999999993,149.03
2026-01-06 00:00:00+00:00,10618.419999999993,164.40999999999997
2026-01-06 00:15:00+00:00,10404.359999999993,-214.06
2026-01-06 00:30:00+00:00,10194.239999999993,-210.12
2026-01-06 01:15:00+00:00,10289.849999999993,95.61
2026-01-06 01:30:00+00:00,10373.439999999993,83.58999999999997
2026-01-06 02:00:00+00:00,10160.799999999994,-212.64000000000001
2026-01-06 02:15:00+00:00,9950.269999999993,-210.53
2026-01-06 02:30:00+00:00,9743.539999999994,-206.73000000000002
2026-01-06 03:15:00+00:00,9773.269999999993,29.730000000000015
2026-01-06 03:30:00+00:00,9852.859999999993,79.58999999999999
2026-01-06 03:45:00+00:00,9653.799999999994,-199.06
2026-01-06 04:00:00+00:00,9702.199999999993,48.39999999999998
2026-01-06 04:15:00+00:00,9742.239999999994,40.03999999999999
2026-01-06 04:45:00+00:00,9543.429999999995,-198.81
2026-01-06 05:00:00+00:00,9346.559999999994,-196.87000000000003
2026-01-06 05:15:00+00:00,9154.759999999995,-191.8
2026-01-06 05:30:00+00:00,8965.799999999996,-188.96
2026-01-06 06:15:00+00:00,9000.379999999996,34.57999999999997
2026-01-06 06:30:00+00:00,9101.169999999996,100.78999999999999
2026-01-06 06:45:00+00:00,9122.209999999997,21.04
2026-01-06 07:30:00+00:00,8935.419999999996,-186.79
2026-01-06 07:45:00+00:00,8751.269999999997,-184.15
2026-01-06 08:00:00+00:00,8572.589999999997,-178.68
2026-01-06 08:15:00+00:00,8610.399999999996,37.809999999999974
2026-01-06 08:30:00+00:00,8432.259999999997,-178.14000000000001
2026-01-06 08:45:00+00:00,8259.109999999997,-173.15
2026-01-06 09:00:00+00:00,8092.619999999997,-166.49
2026-01-06 09:30:00+00:00,8123.839999999997,31.219999999999978
2026-01-06 10:00:00+00:00,8155.059999999998,31.219999999999978
2026-01-06 10:30:00+00:00,7990.439999999998,-164.62
2026-01-06 10:45:00+00:00,7826.559999999998,-163.88
2026-01-06 11:00:00+00:00,7850.499999999997,23.93999999999999
2026-01-06 11:30:00+00:00,7691.299999999997,-159.2
2026-01-06 11:45:00+00:00,7770.139999999998,78.84000000000002
2026-01-06 12:00:00+00:00,7833.4699999999975,63.32999999999999
2026-01-06 12:15:00+00:00,7897.089999999997,63.619999999999976
2026-01-06 12:30:00+00:00,7961.279999999997,64.19
2026-01-06 12:45:00+00:00,8029.129999999997,67.85000000000001
2026-01-06 13:15:00+00:00,8094.459999999997,65.33000000000001
2026-01-06 14:00:00+00:00,8160.359999999997,65.89999999999998
2026-01-06 14:15:00+00:00,8191.739999999997,31.379999999999992
2026-01-06 14:30:00+00:00,8020.849999999997,-170.89000000000001
2026-01-06 14:45:00+00:00,8092.469999999997,71.62000000000002
2026-01-06 15:15:00+00:00,7925.889999999997,-166.58
2026-01-06 15:30:00+00:00,8018.579999999996,92.69000000000001
2026-01-06 16:00:00+00:00,8166.939999999996,148.35999999999999
2026-01-06 16:15:00+00:00,8000.409999999996,-166.53000000000003
2026-01-06 16:30:00+00:00,7834.809999999996,-165.6
2026-01-06 16:45:00+00:00,7673.819999999996,-160.98999999999998
2026-01-06 17:00:00+00:00,7767.529999999996,93.71000000000001
2026-01-06 17:15:00+00:00,7605.679999999996,-161.85
2026-01-06 17:45:00+00:00,7447.4599999999955,-158.22000000000003
2026-01-06 18:00:00+00:00,7293.259999999996,-154.20000000000002
2026-01-06 18:15:00+00:00,7394.389999999996,101.12999999999998
2026-01-06 18:30:00+00:00,7536.719999999996,142.33
2026-01-06 18:45:00+00:00,7379.479999999996,-157.24
2026-01-06 19:00:00+00:00,7481.819999999996,102.33999999999997
2026-01-06 19:15:00+00:00,7690.409999999996,208.59
2026-01-06 19:30:00+00:00,7806.239999999996,115.82999999999997
2026-01-06 20:00:00+00:00,7646.5899999999965,-159.65
2026-01-06 20:15:00+00:00,7666.069999999996,19.47999999999999
2026-01-06 20:30:00+00:00,7737.779999999996,71.70999999999998
2026-01-06 20:45:00+00:00,7767.559999999996,29.779999999999976
2026-01-06 21:45:00+00:00,7795.259999999996,27.7
2026-01-06 22:00:00+00:00,7819.069999999996,23.810000000000002
2026-01-06 22:15:00+00:00,7659.739999999996,-159.33
2026-01-06 22:30:00+00:00,7503.309999999996,-156.43
2026-01-06 23:30:00+00:00,7350.359999999996,-152.95
2026-01-06 23:45:00+00:00,7198.069999999996,-152.29
2026-01-07 00:00:00+00:00,7108.1299999999965,-89.93999999999997
2026-01-07 00:15:00+00:00,7141.539999999996,33.410000000000004
2026-01-07 00:30:00+00:00,7228.899999999996,87.35999999999999
2026-01-07 00:45:00+00:00,7392.999999999996,164.1
2026-01-07 01:00:00+00:00,7567.709999999996,174.71
2026-01-07 01:15:00+00:00,7596.849999999997,29.139999999999997
2026-01-07 01:45:00+00:00,7628.229999999997,31.37999999999998
2026-01-07 02:00:00+00:00,7743.209999999996,114.97999999999998
2026-01-07 02:15:00+00:00,7764.939999999996,21.730000000000015
2026-01-07 02:30:00+00:00,7792.639999999996,27.7
2026-01-07 03:00:00+00:00,7824.869999999995,32.22999999999999
2026-01-07 03:15:00+00:00,7665.489999999995,-159.38
2026-01-07 04:00:00+00:00,7737.199999999995,71.71000000000001
2026-01-07 04:15:00+00:00,7764.899999999995,27.7
2026-01-07 04:30:00+00:00,7859.729999999995,94.83
2026-01-07 04:45:00+00:00,7959.739999999995,100.01
2026-01-07 05:00:00+00:00,8061.279999999995,101.54
2026-01-07 05:15:00+00:00,7896.759999999995,-164.51999999999998
2026-01-07 05:30:00+00:00,7985.179999999995,88.42
2026-01-07 06:00:00+00:00,8013.7899999999945,28.610000000000007
2026-01-07 06:30:00+00:00,7847.069999999994,-166.72
2026-01-07 06:45:00+00:00,7939.029999999994,91.96000000000001
2026-01-07 07:30:00+00:00,8003.4999999999945,64.46999999999998
2026-01-07 07:45:00+00:00,7839.309999999995,-164.19
2026-01-07 08:00:00+00:00,7678.819999999995,-160.48999999999998
2026-01-07 08:15:00+00:00,7521.529999999995,-157.29
2026-01-07 08:30:00+00:00,7625.889999999995,104.35999999999997
2026-01-07 08:45:00+00:00,7798.869999999995,172.98000000000002
2026-01-07 09:00:00+00:00,7865.539999999995,66.67
2026-01-07 09:15:00+00:00,7900.309999999996,34.76999999999998
2026-01-07 09:45:00+00:00,7737.519999999996,-162.79000000000002
2026-01-07 10:00:00+00:00,7781.039999999996,43.52
2026-01-07 10:30:00+00:00,7824.989999999996,43.95000000000001
2026-01-07 11:15:00+00:00,7665.079999999996,-159.90999999999997
2026-01-07 11:30:00+00:00,7508.259999999997,-156.82000000000002
2026-01-07 11:45:00+00:00,7353.5499999999965,-154.71
2026-01-07 12:00:00+00:00,7447.429999999997,93.88
2026-01-07 12:15:00+00:00,7564.249999999996,116.82
2026-01-07 12:30:00+00:00,7758.289999999996,194.04000000000002
2026-01-07 12:45:00+00:00,7934.409999999996,176.12
2026-01-07 13:00:00+00:00,8039.749999999996,105.33999999999999
2026-01-07 13:15:00+00:00,8068.509999999997,28.76
2026-01-07 13:45:00+00:00,8244.309999999996,175.8
2026-01-07 14:00:00+00:00,8325.049999999996,80.74000000000002
2026-01-07 14:45:00+00:00,8396.149999999996,71.09999999999998
2026-01-07 15:00:00+00:00,8221.829999999996,-174.32
2026-01-07 15:15:00+00:00,8288.589999999997,66.76000000000002
2026-01-07 15:45:00+00:00,8119.389999999997,-169.2
2026-01-07 16:00:00+00:00,8231.809999999996,112.41999999999997
2026-01-07 16:30:00+00:00,8336.799999999996,104.99
2026-01-07 16:45:00+00:00,8462.349999999995,125.54999999999998
2026-01-07 17:00:00+00:00,8557.129999999996,94.78
2026-01-07 17:15:00+00:00,8657.449999999995,100.32
2026-01-07 17:45:00+00:00,8758.859999999995,101.41000000000001
2026-01-07 18:00:00+00:00,8797.569999999994,38.709999999999994
2026-01-07 18:15:00+00:00,8869.179999999995,71.60999999999999
2026-01-07 18:30:00+00:00,8968.559999999994,99.38
2026-01-07 18:45:00+00:00,9000.629999999994,32.070000000000014
2026-01-07 19:15:00+00:00,8819.459999999994,-181.17
2026-01-07 19:30:00+00:00,8887.799999999994,68.33999999999999
2026-01-07 19:45:00+00:00,8922.059999999994,34.26
2026-01-07 21:00:00+00:00,8953.979999999994,31.919999999999987
2026-01-07 21:15:00+00:00,8986.049999999994,32.069999999999986
2026-01-07 21:30:00+00:00,8802.339999999995,-183.70999999999998
2026-01-07 21:45:00+00:00,8622.949999999995,-179.39000000000001
2026-01-07 22:00:00+00:00,8447.049999999996,-175.9
2026-01-07 22:45:00+00:00,8276.309999999996,-170.74
2026-01-07 23:00:00+00:00,8346.819999999996,70.50999999999998
2026-01-07 23:15:00+00:00,8176.189999999996,-170.63
2026-01-07 23:30:00+00:00,8006.269999999996,-169.92
2026-01-07 23:45:00+00:00,8112.789999999996,106.52000000000001
2026-01-08 00:00:00+00:00,7945.8799999999965,-166.91
2026-01-08 00:15:00+00:00,8013.729999999997,67.85000000000001
2026-01-08 00:30:00+00:00,8088.899999999997,75.17
2026-01-08 01:15:00+00:00,7923.929999999997,-164.96999999999997
2026-01-08 01:30:00+00:00,7763.669999999996,-160.26000000000002
2026-01-08 01:45:00+00:00,7787.349999999997,23.67999999999999
2026-01-08 02:15:00+00:00,7823.969999999997,36.61999999999998
2026-01-08 02:30:00+00:00,7911.679999999997,87.71
2026-01-08 03:00:00+00:00,7946.619999999996,34.93999999999998
2026-01-08 03:15:00+00:00,7979.359999999996,32.73999999999998
2026-01-08 03:45:00+00:00,7817.119999999996,-162.24
2026-01-08 04:00:00+00:00,8076.0899999999965,258.97
2026-01-08 04:15:00+00:00,8094.749999999996,18.659999999999997
2026-01-08 04:30:00+00:00,8163.779999999996,69.02999999999999
2026-01-08 04:45:00+00:00,8240.199999999995,76.42000000000003
2026-01-08 05:00:00+00:00,8265.329999999994,25.13000000000001
2026-01-08 05:30:00+00:00,8096.659999999994,-168.67000000000002
2026-01-08 05:45:00+00:00,7933.569999999994,-163.09000000000003
2026-01-08 06:15:00+00:00,8022.339999999995,88.77000000000001
2026-01-08 06:45:00+00:00,8048.859999999995,26.520000000000017
2026-01-08 07:15:00+00:00,8155.769999999995,106.91000000000001
2026-01-08 08:00:00+00:00,7986.129999999995,-169.64000000000001
2026-01-08 08:15:00+00:00,7823.439999999995,-162.68999999999997
2026-01-08 08:30:00+00:00,7661.609999999995,-161.82999999999998
2026-01-08 08:45:00+00:00,7697.6699999999955,36.05999999999999
2026-01-08 09:00:00+00:00,7769.689999999996,72.02000000000002
2026-01-08 09:30:00+00:00,7877.269999999996,107.57999999999998
2026-01-08 09:45:00+00:00,7715.599999999996,-161.67
2026-01-08 10:00:00+00:00,7794.769999999996,79.17000000000002
2026-01-08 10:15:00+00:00,7822.619999999996,27.849999999999994
2026-01-08 10:45:00+00:00,7992.789999999996,170.17000000000002
2026-01-08 11:00:00+00:00,8021.399999999996,28.609999999999978
2026-01-08 11:15:00+00:00,8066.659999999996,45.260000000000005
2026-01-08 11:30:00+00:00,8249.569999999996,182.91
2026-01-08 11:45:00+00:00,8334.089999999997,84.52000000000001
2026-01-08 12:15:00+00:00,8431.509999999997,97.42
2026-01-08 12:30:00+00:00,8461.619999999997,30.10999999999997
2026-01-08 13:00:00+00:00,8556.399999999998,94.78
2026-01-08 13:15:00+00:00,8380.259999999998,-176.14000000000001
2026-01-08 13:45:00+00:00,8408.05,27.79000000000001
2026-01-08 14:00:00+00:00,8450.099999999999,42.04999999999998
2026-01-08 14:45:00+00:00,8273.72,-176.38000000000002
2026-01-08 15:00:00+00:00,8305.58,31.859999999999985
2026-01-08 15:15:00+00:00,8135.64,-169.94
2026-01-08 15:30:00+00:00,7967.490000000001,-168.14999999999998
2026-01-08 15:45:00+00:00,8069.030000000001,101.54
2026-01-08 16:00:00+00:00,7903.590000000001,-165.44
2026-01-08 16:15:00+00:00,8124.220000000001,220.62999999999997
2026-01-08 16:30:00+00:00,8167.480000000001,43.25999999999999
2026-01-08 16:45:00+00:00,8000.580000000002,-166.89999999999998
2026-01-08 17:00:00+00:00,7834.920000000002,-165.65999999999997
2026-01-08 17:15:00+00:00,7672.130000000002,-162.79
2026-01-08 17:30:00+00:00,7783.180000000002,111.04999999999998
2026-01-08 18:00:00+00:00,7621.370000000002,-161.81
2026-01-08 18:15:00+00:00,7801.410000000002,180.04
2026-01-08 18:30:00+00:00,7641.6500000000015,-159.76
2026-01-08 18:45:00+00:00,7846.000000000002,204.35
2026-01-08 19:00:00+00:00,7684.530000000002,-161.47000000000003
2026-01-08 19:15:00+00:00,7527.760000000002,-156.76999999999998
2026-01-08 19:30:00+00:00,7554.710000000002,26.950000000000014
2026-01-08 20:00:00+00:00,7625.470000000002,70.76000000000003
2026-01-08 20:30:00+00:00,7643.100000000002,17.630000000000003
2026-01-08 20:45:00+00:00,7711.360000000002,68.25999999999998
2026-01-08 21:30:00+00:00,7752.330000000003,40.970000000000006
2026-01-08 22:00:00+00:00,7818.410000000003,66.08
2026-01-08 22:15:00+00:00,7661.220000000003,-157.18999999999997
2026-01-08 22:30:00+00:00,7736.450000000003,75.23000000000002
2026-01-08 23:00:00+00:00,7764.150000000002,27.7
2026-01-08 23:30:00+00:00,7602.380000000003,-161.76999999999998
2026-01-08 23:45:00+00:00,7712.190000000003,109.81
2026-01-09 00:00:00+00:00,7927.6600000000035,215.46999999999997
2026-01-09 00:15:00+00:00,7765.430000000004,-162.23
2026-01-09 00:30:00+00:00,7795.3700000000035,29.94000000000002
2026-01-09 00:45:00+00:00,7634.010000000004,-161.35999999999999
2026-01-09 01:00:00+00:00,7475.340000000004,-158.67
2026-01-09 01:15:00+00:00,7325.100000000004,-150.24
2026-01-09 01:30:00+00:00,7387.640000000004,62.54
2026-01-09 01:45:00+00:00,7403.000000000004,15.360000000000007
2026-01-09 02:00:00+00:00,7514.600000000004,111.6
2026-01-09 02:15:00+00:00,7575.650000000004,61.04999999999999
2026-01-09 02:30:00+00:00,7637.270000000004,61.62000000000001
2026-01-09 03:15:00+00:00,7666.730000000004,29.459999999999972
2026-01-09 03:30:00+00:00,7506.910000000004,-159.82000000000002
2026-01-09 03:45:00+00:00,7620.200000000004,113.28999999999999
2026-01-09 04:00:00+00:00,7688.460000000005,68.25999999999998
2026-01-09 04:30:00+00:00,7774.750000000005,86.29
2026-01-09 04:45:00+00:00,7614.850000000005,-159.9
2026-01-09 05:30:00+00:00,7638.130000000005,23.28
2026-01-09 05:45:00+00:00,7661.410000000004,23.28
2026-01-09 06:15:00+00:00,7729.980000000004,68.57
2026-01-09 06:30:00+00:00,7753.530000000004,23.55
2026-01-09 06:45:00+00:00,7781.230000000004,27.7
2026-01-09 07:00:00+00:00,7622.190000000004,-159.04
2026-01-09 07:45:00+00:00,7645.470000000004,23.28
2026-01-09 08:15:00+00:00,7670.720000000004,25.249999999999993
2026-01-09 08:30:00+00:00,7777.090000000004,106.36999999999999
2026-01-09 09:15:00+00:00,7804.940000000004,27.849999999999994
2026-01-09 09:30:00+00:00,7832.7900000000045,27.849999999999994
2026-01-09 09:45:00+00:00,7874.380000000005,41.59
2026-01-09 10:00:00+00:00,7944.780000000004,70.40000000000002
2026-01-09 10:45:00+00:00,7782.7900000000045,-161.99
2026-01-09 11:00:00+00:00,7621.910000000004,-160.88
2026-01-09 11:15:00+00:00,7649.160000000004,27.24999999999998
2026-01-09 11:30:00+00:00,7493.070000000004,-156.08999999999997
2026-01-09 11:45:00+00:00,7521.890000000004,28.819999999999993
2026-01-09 12:15:00+00:00,7582.940000000004,61.05000000000002
2026-01-09 12:30:00+00:00,7616.450000000004,33.51
2026-01-09 13:00:00+00:00,7637.810000000004,21.36
2026-01-09 13:30:00+00:00,7479.140000000004,-158.67
2026-01-09 13:45:00+00:00,7539.900000000004,60.760000000000005
2026-01-09 14:00:00+00:00,7582.3300000000045,42.42999999999999
2026-01-09 14:15:00+00:00,7643.950000000004,61.62000000000001
2026-01-09 14:30:00+00:00,7749.920000000005,105.96999999999998
2026-01-09 14:45:00+00:00,7773.600000000005,23.67999999999999
2026-01-09 15:00:00+00:00,7856.810000000005,83.21000000000001
2026-01-09 15:15:00+00:00,7698.400000000005,-158.41000000000003
2026-01-09 15:45:00+00:00,7809.860000000005,111.46
2026-01-09 16:00:00+00:00,7651.810000000005,-158.04999999999998
2026-01-09 16:15:00+00:00,7720.380000000005,68.57
2026-01-09 16:30:00+00:00,7560.500000000005,-159.88
2026-01-09 16:45:00+00:00,7405.8300000000045,-154.67
2026-01-09 17:15:00+00:00,7475.3300000000045,69.5
2026-01-09 17:30:00+00:00,7498.090000000005,22.759999999999998
2026-01-09 18:15:00+00:00,7345.110000000004,-152.98000000000002
2026-01-09 18:45:00+00:00,7455.870000000004,110.75999999999998
2026-01-09 19:45:00+00:00,7484.530000000004,28.65999999999998
2026-01-09 20:00:00+00:00,7333.670000000005,-150.85999999999999
2026-01-09 20:15:00+00:00,7415.720000000005,82.05
2026-01-09 20:30:00+00:00,7444.220000000005,28.49999999999999
2026-01-09 21:00:00+00:00,7504.700000000004,60.48
2026-01-09 21:15:00+00:00,7537.850000000004,33.14999999999998
2026-01-09 21:30:00+00:00,7568.890000000004,31.04
2026-01-09 21:45:00+00:00,7595.990000000004,27.100000000000012
2026-01-09 22:15:00+00:00,7625.2900000000045,29.300000000000015
2026-01-09 22:30:00+00:00,7650.5400000000045,25.249999999999993
2026-01-09 22:45:00+00:00,7677.940000000004,27.399999999999977
2026-01-09 23:00:00+00:00,7743.430000000004,65.49
2026-01-10 00:15:00+00:00,7812.610000000004,69.18000000000002
2026-01-10 00:30:00+00:00,8083.370000000004,270.76
2026-01-10 00:45:00+00:00,8102.030000000004,18.659999999999997
2026-01-10 01:00:00+00:00,8133.250000000005,31.220000000000006
2026-01-10 01:15:00+00:00,7967.870000000004,-165.38000000000002
2026-01-10 01:30:00+00:00,7804.270000000004,-163.60000000000002
2026-01-10 02:00:00+00:00,7643.710000000004,-160.56
2026-01-10 02:30:00+00:00,7741.040000000004,97.33
2026-01-10 02:45:00+00:00,7827.690000000003,86.65
2026-01-10 03:00:00+00:00,7891.310000000003,63.619999999999976
2026-01-10 03:15:00+00:00,7962.010000000003,70.7
2026-01-10 03:45:00+00:00,7798.050000000003,-163.96
2026-01-10 04:00:00+00:00,7925.520000000003,127.46999999999998
2026-01-10 04:30:00+00:00,7761.290000000003,-164.23000000000002
2026-01-10 04:45:00+00:00,7602.940000000002,-158.35000000000002
2026-01-10 05:00:00+00:00,7445.7400000000025,-157.2
2026-01-10 05:15:00+00:00,7529.200000000003,83.46
2026-01-10 05:30:00+00:00,7590.5300000000025,61.32999999999997
2026-01-10 05:45:00+00:00,7709.940000000002,119.40999999999998
2026-01-10 06:00:00+00:00,7775.730000000002,65.78999999999999
2026-01-10 06:15:00+00:00,7614.7800000000025,-160.95
2026-01-10 06:30:00+00:00,7456.560000000002,-158.22000000000003
2026-01-10 08:15:00+00:00,7305.670000000002,-150.89000000000001
2026-01-10 08:30:00+00:00,7367.920000000002,62.25000000000003
2026-01-10 08:45:00+00:00,7430.760000000002,62.84
2026-01-10 09:00:00+00:00,7276.120000000002,-154.64000000000001
2026-01-10 09:15:00+00:00,7314.800000000002,38.679999999999986
2026-01-10 09:45:00+00:00,7165.220000000002,-149.57999999999998
2026-01-10 10:00:00+00:00,7017.0300000000025,-148.19
2026-01-10 10:15:00+00:00,7152.130000000003,135.1
2026-01-10 10:30:00+00:00,7012.210000000003,-139.92
2026-01-10 10:45:00+00:00,6866.950000000003,-145.26
2026-01-10 11:00:00+00:00,6777.010000000003,-89.93999999999997
2026-01-10 11:15:00+00:00,6874.850000000003,97.84
2026-01-10 11:30:00+00:00,7012.750000000003,137.9
2026-01-10 11:45:00+00:00,6866.870000000003,-145.88
2026-01-10 12:00:00+00:00,6889.580000000003,22.710000000000004
2026-01-10 12:15:00+00:00,7027.970000000003,138.39000000000001
2026-01-10 12:30:00+00:00,7260.550000000003,232.58
2026-01-10 12:45:00+00:00,7345.610000000003,85.05999999999999
2026-01-10 13:00:00+00:00,7193.980000000003,-151.63
2026-01-10 13:15:00+00:00,7298.010000000003,104.02999999999999
2026-01-10 13:45:00+00:00,7357.350000000003,59.34
2026-01-10 14:15:00+00:00,7206.110000000003,-151.24000000000004
2026-01-10 14:30:00+00:00,7399.2000000000035,193.09
2026-01-10 14:45:00+00:00,7244.320000000003,-154.88
2026-01-10 15:00:00+00:00,7322.030000000003,77.70999999999998
2026-01-10 15:15:00+00:00,7495.140000000003,173.11
2026-01-10 15:30:00+00:00,7338.620000000003,-156.52
2026-01-10 15:45:00+00:00,7366.800000000003,28.17999999999999
2026-01-10 16:00:00+00:00,7426.710000000003,59.91
2026-01-10 16:15:00+00:00,7445.620000000003,18.909999999999997
2026-01-10 17:15:00+00:00,7474.2800000000025,28.65999999999998
2026-01-10 17:30:00+00:00,7503.100000000002,28.819999999999993
2026-01-10 18:00:00+00:00,7348.700000000003,-154.4
2026-01-10 18:15:00+00:00,7199.320000000002,-149.38000000000002
2026-01-10 18:30:00+00:00,7349.570000000002,150.25
2026-01-10 18:45:00+00:00,7415.390000000002,65.81999999999998
2026-01-10 19:00:00+00:00,7264.580000000002,-150.81000000000003
2026-01-10 19:15:00+00:00,7114.800000000002,-149.78000000000003
2026-01-10 19:30:00+00:00,7222.170000000002,107.36999999999999
2026-01-10 20:00:00+00:00,7246.010000000002,23.839999999999993
2026-01-10 20:15:00+00:00,7310.920000000002,64.91
2026-01-10 21:30:00+00:00,7421.250000000002,110.32999999999997
2026-01-10 21:45:00+00:00,7268.270000000002,-152.98000000000002
2026-01-10 22:00:00+00:00,7118.760000000002,-149.51000000000002
2026-01-10 22:15:00+00:00,6971.580000000002,-147.18
2026-01-10 22:30:00+00:00,7100.5700000000015,128.99
2026-01-10 23:00:00+00:00,7136.080000000002,35.510000000000005
2026-01-10 23:30:00+00:00,6988.080000000002,-148.0
2026-01-10 23:45:00+00:00,7069.8600000000015,81.78
2026-01-11 00:00:00+00:00,6927.040000000002,-142.82000000000002
2026-01-11 00:15:00+00:00,6785.100000000002,-141.94
2026-01-11 00:45:00+00:00,6840.160000000003,55.06
2026-01-11 01:15:00+00:00,6702.940000000002,-137.22000000000003
2026-01-11 01:30:00+00:00,6738.500000000003,35.56
2026-01-11 01:45:00+00:00,6798.840000000003,60.34000000000001
2026-01-11 02:00:00+00:00,6826.830000000003,27.989999999999988
2026-01-11 02:15:00+00:00,6934.130000000003,107.3
2026-01-11 02:30:00+00:00,6970.940000000003,36.809999999999995
2026-01-11 03:00:00+00:00,6828.530000000003,-142.41
2026-01-11 03:30:00+00:00,6854.790000000004,26.259999999999994
2026-01-11 03:45:00+00:00,6910.420000000004,55.63
2026-01-11 04:00:00+00:00,6966.6200000000035,56.199999999999996
2026-01-11 04:45:00+00:00,6991.460000000004,24.83999999999998
2026-01-11 05:15:00+00:00,7022.280000000003,30.81999999999998
2026-01-11 05:30:00+00:00,7043.720000000003,21.439999999999994
2026-01-11 06:00:00+00:00,7112.790000000003,69.07000000000002
2026-01-11 06:45:00+00:00,6966.140000000003,-146.65
2026-01-11 07:00:00+00:00,7022.9100000000035,56.76999999999999
2026-01-11 07:15:00+00:00,6877.760000000004,-145.14999999999998
2026-01-11 07:30:00+00:00,6933.670000000004,55.90999999999998
2026-01-11 07:45:00+00:00,6948.090000000004,14.420000000000005
2026-01-11 08:00:00+00:00,6804.460000000004,-143.63
2026-01-11 08:15:00+00:00,6818.600000000004,14.139999999999993
2026-01-11 08:45:00+00:00,6678.990000000004,-139.61
2026-01-11 09:00:00+00:00,6543.190000000004,-135.8
2026-01-11 09:15:00+00:00,6685.680000000004,142.49
2026-01-11 09:30:00+00:00,6745.4100000000035,59.73
2026-01-11 09:45:00+00:00,6811.560000000003,66.15000000000002
2026-01-11 10:00:00+00:00,6891.1600000000035,79.6
2026-01-11 10:15:00+00:00,6751.850000000003,-139.31
2026-01-11 10:30:00+00:00,6809.380000000003,57.530000000000015
2026-01-11 10:45:00+00:00,6670.500000000003,-138.88
2026-01-11 11:15:00+00:00,6531.330000000003,-139.17000000000002
2026-01-11 11:30:00+00:00,6554.670000000003,23.339999999999982
2026-01-11 11:45:00+00:00,6419.090000000003,-135.57999999999998
2026-01-11 12:30:00+00:00,6287.960000000003,-131.13
2026-01-11 12:45:00+00:00,6158.040000000003,-129.92
2026-01-11 13:15:00+00:00,6029.940000000002,-128.10000000000002
2026-01-11 13:30:00+00:00,6100.460000000003,70.52
2026-01-11 14:00:00+00:00,6119.010000000003,18.549999999999994
2026-01-11 14:30:00+00:00,5994.000000000003,-125.00999999999998
2026-01-11 15:15:00+00:00,6029.670000000003,35.669999999999995
2026-01-11 15:30:00+00:00,6051.200000000003,21.529999999999994
2026-01-11 15:45:00+00:00,6138.720000000003,87.51999999999998
2026-01-11 16:00:00+00:00,6013.930000000003,-124.78999999999999
2026-01-11 17:00:00+00:00,6087.470000000003,73.53999999999999
2026-01-11 17:15:00+00:00,6106.020000000003,18.549999999999994
2026-01-11 17:30:00+00:00,6132.900000000003,26.879999999999985
2026-01-11 17:45:00+00:00,6204.510000000003,71.61
2026-01-11 18:30:00+00:00,6259.970000000003,55.459999999999994
2026-01-11 19:00:00+00:00,6282.400000000003,22.42999999999999
2026-01-11 19:30:00+00:00,6341.210000000004,58.81000000000001
2026-01-11 20:00:00+00:00,6209.080000000004,-132.13
2026-01-11 20:30:00+00:00,6236.500000000004,27.419999999999995
2026-01-11 20:45:00+00:00,6255.570000000003,19.069999999999997
2026-01-11 21:00:00+00:00,6277.850000000003,22.279999999999994
2026-01-11 21:15:00+00:00,6336.6600000000035,58.81000000000001
2026-01-11 21:30:00+00:00,6356.000000000004,19.34
2026-01-11 21:45:00+00:00,6378.730000000003,22.729999999999983
2026-01-11 22:45:00+00:00,6249.670000000003,-129.06
2026-01-11 23:00:00+00:00,6273.680000000003,24.01
2026-01-11 23:15:00+00:00,6144.320000000003,-129.36
2026-01-11 23:30:00+00:00,6168.010000000003,23.689999999999998
2026-01-11 23:45:00+00:00,6041.180000000003,-126.83000000000001
2026-01-12 00:00:00+00:00,5917.980000000003,-123.19999999999999
2026-01-12 00:15:00+00:00,5993.470000000003,75.49000000000001
2026-01-12 00:45:00+00:00,6076.470000000003,82.99999999999999
2026-01-12 01:00:00+00:00,6128.390000000003,51.91999999999999
2026-01-12 01:15:00+00:00,6150.220000000003,21.829999999999988
2026-01-12 01:30:00+00:00,6200.140000000003,49.920000000000016
2026-01-12 01:45:00+00:00,6260.780000000003,60.640000000000015
2026-01-12 02:00:00+00:00,6347.4100000000035,86.62999999999998
2026-01-12 02:30:00+00:00,6425.060000000003,77.65
2026-01-12 03:00:00+00:00,6447.940000000003,22.879999999999992
2026-01-12 03:15:00+00:00,6472.750000000004,24.809999999999995
2026-01-12 03:30:00+00:00,6341.940000000003,-130.81
2026-01-12 04:15:00+00:00,6534.770000000003,192.83
2026-01-12 04:30:00+00:00,6596.100000000003,61.33000000000002
2026-01-12 05:00:00+00:00,6673.1600000000035,77.06
2026-01-12 05:15:00+00:00,6738.6600000000035,65.5
2026-01-12 05:30:00+00:00,6762.750000000004,24.089999999999993
2026-01-12 06:00:00+00:00,6817.810000000004,55.059999999999974
2026-01-12 06:15:00+00:00,6833.590000000004,15.779999999999983
2026-01-12 07:15:00+00:00,6897.430000000004,63.83999999999998
2026-01-12 08:15:00+00:00,6974.530000000004,77.1
2026-01-12 09:00:00+00:00,6831.950000000004,-142.57999999999998
2026-01-12 09:15:00+00:00,6692.5800000000045,-139.37
2026-01-12 09:30:00+00:00,6761.060000000005,68.48000000000003
2026-01-12 10:00:00+00:00,6785.150000000005,24.089999999999993
2026-01-12 10:15:00+00:00,6813.140000000005,27.989999999999988
2026-01-12 10:30:00+00:00,6889.530000000005,76.38999999999999
2026-01-12 10:45:00+00:00,6751.410000000005,-138.12
2026-01-12 11:00:00+00:00,6772.060000000005,20.64999999999999
2026-01-12 11:30:00+00:00,6632.900000000005,-139.16
2026-01-12 11:45:00+00:00,6777.440000000005,144.54000000000002
2026-01-12 12:00:00+00:00,6801.680000000005,24.23999999999999
2026-01-12 12:45:00+00:00,6874.5800000000045,72.89999999999999
2026-01-12 13:00:00+00:00,6732.310000000005,-142.26999999999998
2026-01-12 13:15:00+00:00,6878.900000000005,146.59
2026-01-12 13:30:00+00:00,6901.610000000005,22.710000000000004
2026-01-12 13:45:00+00:00,6762.190000000005,-139.42
2026-01-12 14:00:00+00:00,6841.430000000005,79.24000000000001
2026-01-12 14:15:00+00:00,6899.840000000005,58.41
2026-01-12 14:45:00+00:00,6961.400000000005,61.55999999999999
2026-01-12 15:00:00+00:00,6818.820000000005,-142.57999999999998
2026-01-12 15:15:00+00:00,6679.4200000000055,-139.4
2026-01-12 16:00:00+00:00,6542.800000000006,-136.61999999999998
2026-01-12 16:30:00+00:00,6408.940000000006,-133.86
2026-01-12 16:45:00+00:00,6277.730000000006,-131.21
2026-01-12 17:00:00+00:00,6333.800000000006,56.07000000000001
2026-01-12 17:15:00+00:00,6373.590000000006,39.79
2026-01-12 17:30:00+00:00,6512.490000000005,138.9
2026-01-12 18:00:00+00:00,6567.950000000005,55.46
2026-01-12 18:45:00+00:00,6602.890000000005,34.940000000000005
2026-01-12 19:00:00+00:00,6467.530000000005,-135.35999999999999
2026-01-12 19:15:00+00:00,6496.020000000005,28.48999999999998
2026-01-12 19:30:00+00:00,6361.480000000005,-134.54
2026-01-12 19:45:00+00:00,6399.420000000005,37.94
2026-01-12 20:00:00+00:00,6268.490000000004,-130.92999999999998
2026-01-12 20:15:00+00:00,6287.560000000004,19.069999999999997
2026-01-12 20:30:00+00:00,6306.760000000004,19.2
2026-01-12 21:00:00+00:00,6177.890000000004,-128.86999999999998
2026-01-12 21:15:00+00:00,6206.960000000004,29.069999999999997
2026-01-12 21:30:00+00:00,6225.900000000003,18.939999999999998
2026-01-12 21:45:00+00:00,6100.180000000003,-125.72000000000001
2026-01-12 22:15:00+00:00,6118.730000000003,18.549999999999994
2026-01-12 22:45:00+00:00,6304.440000000003,185.71
2026-01-12 23:45:00+00:00,6395.670000000003,91.22999999999999
2026-01-13 00:00:00+00:00,6264.310000000003,-131.36
2026-01-13 00:15:00+00:00,6288.320000000003,24.009999999999987
2026-01-13 00:30:00+00:00,6158.170000000004,-130.15
2026-01-13 00:45:00+00:00,6187.050000000004,28.879999999999995
2026-01-13 01:15:00+00:00,6244.920000000004,57.87000000000001
2026-01-13 01:30:00+00:00,6272.520000000004,27.59999999999999
2026-01-13 01:45:00+00:00,6300.120000000004,27.59999999999999
2026-01-13 02:00:00+00:00,6324.2900000000045,24.169999999999987
2026-01-13 02:30:00+00:00,6359.970000000005,35.68
2026-01-13 02:45:00+00:00,6382.700000000004,22.73000000000001
2026-01-13 03:00:00+00:00,6405.430000000004,22.729999999999983
2026-01-13 03:15:00+00:00,6273.830000000004,-131.6
2026-01-13 03:45:00+00:00,6292.900000000003,19.069999999999997
2026-01-13 04:00:00+00:00,6317.070000000003,24.169999999999987
2026-01-13 04:15:00+00:00,6187.300000000003,-129.77
2026-01-13 04:30:00+00:00,6218.2400000000025,30.93999999999999
2026-01-13 04:45:00+00:00,6279.200000000003,60.960000000000015
2026-01-13 05:15:00+00:00,6293.7400000000025,14.540000000000004
2026-01-13 05:45:00+00:00,6312.940000000002,19.2
2026-01-13 06:00:00+00:00,6364.290000000003,51.350000000000016
2026-01-13 06:15:00+00:00,6235.7800000000025,-128.51000000000002
2026-01-13 06:45:00+00:00,6106.600000000002,-129.18
2026-01-13 07:15:00+00:00,6125.2800000000025,18.679999999999996
2026-01-13 07:30:00+00:00,6152.340000000003,27.06
2026-01-13 07:45:00+00:00,6212.650000000003,60.31000000000001
2026-01-13 08:15:00+00:00,6083.710000000004,-128.94
2026-01-13 08:30:00+00:00,6126.230000000004,42.52000000000001
2026-01-13 08:45:00+00:00,5999.110000000004,-127.11999999999999
2026-01-13 09:00:00+00:00,5875.800000000004,-123.31000000000002
2026-01-13 09:30:00+00:00,5755.580000000004,-120.22000000000001
2026-01-13 09:45:00+00:00,5822.820000000003,67.24
2026-01-13 10:15:00+00:00,5705.230000000003,-117.59000000000002
2026-01-13 10:30:00+00:00,5589.1200000000035,-116.10999999999999
2026-01-13 11:00:00+00:00,5782.520000000003,193.39999999999998
2026-01-13 11:15:00+00:00,5664.330000000004,-118.19
2026-01-13 11:30:00+00:00,5787.850000000004,123.52000000000001
2026-01-13 11:45:00+00:00,5832.770000000004,44.92000000000001
2026-01-13 12:15:00+00:00,5714.120000000004,-118.65000000000002
2026-01-13 13:00:00+00:00,5796.680000000005,82.55999999999999
2026-01-13 13:15:00+00:00,5843.750000000005,47.070000000000014
2026-01-13 13:45:00+00:00,5867.840000000005,24.08999999999999
2026-01-13 14:00:00+00:00,5922.880000000005,55.04000000000001
2026-01-13 14:15:00+00:00,5942.480000000005,19.60000000000001
2026-01-13 14:30:00+00:00,5965.370000000005,22.889999999999986
2026-01-13 14:45:00+00:00,5843.160000000005,-122.21
2026-01-13 15:00:00+00:00,5914.4600000000055,71.30000000000001
2026-01-13 15:15:00+00:00,5793.2500000000055,-121.21000000000001
2026-01-13 15:30:00+00:00,5842.510000000006,49.26000000000001
2026-01-13 16:00:00+00:00,5722.440000000006,-120.07000000000002
2026-01-13 16:15:00+00:00,5605.900000000006,-116.54
2026-01-13 16:30:00+00:00,5651.540000000006,45.64
2026-01-13 16:45:00+00:00,5671.710000000006,20.169999999999984
2026-01-13 17:00:00+00:00,5729.830000000006,58.12000000000002
2026-01-13 17:15:00+00:00,5783.610000000006,53.78000000000001
2026-01-13 17:30:00+00:00,5832.870000000006,49.26
2026-01-13 17:45:00+00:00,5847.730000000006,14.860000000000003
2026-01-13 18:00:00+00:00,5865.490000000006,17.760000000000005
2026-01-13 18:15:00+00:00,5883.3800000000065,17.890000000000008
2026-01-13 18:30:00+00:00,5968.420000000006,85.03999999999998
2026-01-13 18:45:00+00:00,5845.460000000006,-122.96000000000002
2026-01-13 19:00:00+00:00,5725.890000000007,-119.57
2026-01-13 19:15:00+00:00,5751.160000000007,25.269999999999992
2026-01-13 20:30:00+00:00,5802.660000000007,51.500000000000014
2026-01-13 20:45:00+00:00,5852.2200000000075,49.56000000000001
2026-01-13 21:15:00+00:00,5885.290000000007,33.06999999999999
2026-01-13 21:30:00+00:00,5935.440000000007,50.150000000000006
2026-01-13 22:15:00+00:00,5812.060000000007,-123.38000000000001
2026-01-13 22:30:00+00:00,5889.490000000007,77.43
2026-01-13 22:45:00+00:00,5971.280000000007,81.78999999999999
2026-01-13 23:00:00+00:00,6073.100000000007,101.82
2026-01-13 23:15:00+00:00,5949.230000000007,-123.87
2026-01-13 23:30:00+00:00,6022.030000000007,72.8
2026-01-13 23:45:00+00:00,6197.570000000007,175.54
2026-01-14 00:00:00+00:00,6070.890000000007,-126.68
2026-01-14 00:30:00+00:00,6214.170000000006,143.28000000000003
2026-01-14 01:00:00+00:00,6269.6300000000065,55.46000000000001
2026-01-14 01:15:00+00:00,6460.0900000000065,190.46
2026-01-14 01:30:00+00:00,6512.580000000006,52.48999999999999
2026-01-14 02:00:00+00:00,6539.3800000000065,26.799999999999997
2026-01-14 02:15:00+00:00,6595.140000000007,55.75999999999998
2026-01-14 02:45:00+00:00,6648.770000000007,53.629999999999974
2026-01-14 03:00:00+00:00,6513.690000000007,-135.08
2026-01-14 03:15:00+00:00,6738.900000000007,225.20999999999998
2026-01-14 03:45:00+00:00,6793.670000000007,54.769999999999996
2026-01-14 04:15:00+00:00,6823.600000000008,29.92999999999999
2026-01-14 04:30:00+00:00,6878.940000000008,55.33999999999999
2026-01-14 05:00:00+00:00,6738.040000000008,-140.9
2026-01-14 05:15:00+00:00,6597.420000000008,-140.62
2026-01-14 05:45:00+00:00,6626.450000000008,29.03
2026-01-14 06:00:00+00:00,6648.310000000008,21.86
2026-01-14 06:45:00+00:00,6514.570000000008,-133.74
2026-01-14 07:00:00+00:00,6567.630000000008,53.05999999999998
2026-01-14 07:15:00+00:00,6751.010000000008,183.38
2026-01-14 07:30:00+00:00,6611.440000000009,-139.57
2026-01-14 07:45:00+00:00,6706.800000000008,95.35999999999999
2026-01-14 08:00:00+00:00,6722.270000000009,15.47
2026-01-14 08:15:00+00:00,6782.300000000008,60.029999999999994
2026-01-14 08:30:00+00:00,6842.940000000009,60.64000000000001
2026-01-14 09:45:00+00:00,6703.570000000009,-139.37
2026-01-14 10:00:00+00:00,6760.800000000008,57.22999999999999
2026-01-14 10:15:00+00:00,6784.8900000000085,24.089999999999993
2026-01-14 10:30:00+00:00,6814.820000000009,29.92999999999999
2026-01-14 10:45:00+00:00,6846.910000000009,32.09
2026-01-14 11:00:00+00:00,6709.070000000009,-137.84
2026-01-14 11:45:00+00:00,6742.590000000009,33.51999999999998
2026-01-14 12:15:00+00:00,6800.120000000009,57.52999999999999
2026-01-14 12:30:00+00:00,6661.160000000009,-138.95999999999998
2026-01-14 12:45:00+00:00,6729.310000000009,68.15
2026-01-14 13:00:00+00:00,6789.340000000008,60.029999999999994
2026-01-14 13:30:00+00:00,6844.400000000009,55.059999999999974
2026-01-14 13:45:00+00:00,6865.310000000009,20.90999999999999
2026-01-14 14:15:00+00:00,6921.220000000008,55.90999999999998
2026-01-14 14:30:00+00:00,6945.910000000008,24.68999999999998
2026-01-14 14:45:00+00:00,6806.090000000008,-139.82000000000002
2026-01-14 15:15:00+00:00,6668.1800000000085,-137.91
2026-01-14 15:30:00+00:00,6746.330000000008,78.14999999999999
2026-01-14 15:45:00+00:00,6607.830000000008,-138.5
2026-01-14 16:30:00+00:00,6642.970000000008,35.14000000000001
2026-01-14 16:45:00+00:00,6507.150000000009,-135.82
2026-01-14 17:00:00+00:00,6568.160000000009,61.01000000000001
2026-01-14 17:30:00+00:00,6632.690000000009,64.53000000000003
2026-01-14 18:00:00+00:00,6496.730000000009,-135.96
2026-01-14 18:15:00+00:00,6361.320000000009,-135.41000000000003
2026-01-14 18:30:00+00:00,6511.530000000009,150.21
2026-01-14 19:00:00+00:00,6701.070000000009,189.54
2026-01-14 19:15:00+00:00,6819.9300000000085,118.85999999999999
2026-01-14 19:30:00+00:00,6880.880000000008,60.95
2026-01-14 19:45:00+00:00,6911.160000000008,30.279999999999987
2026-01-14 20:00:00+00:00,6768.200000000008,-142.96
2026-01-14 20:15:00+00:00,6790.630000000008,22.429999999999993
2026-01-14 20:45:00+00:00,6814.870000000008,24.23999999999999
2026-01-14 21:30:00+00:00,6909.150000000008,94.27999999999997
2026-01-14 21:45:00+00:00,6767.140000000008,-142.01000000000002
2026-01-14 22:00:00+00:00,6627.070000000008,-140.07000000000002
2026-01-14 22:30:00+00:00,6698.250000000008,71.18
2026-01-14 23:00:00+00:00,6559.450000000008,-138.8
2026-01-14 23:15:00+00:00,6626.590000000008,67.14
2026-01-14 23:30:00+00:00,6722.360000000009,95.77
2026-01-14 23:45:00+00:00,6750.010000000008,27.650000000000002
2026-01-15 00:00:00+00:00,6609.300000000008,-140.71
2026-01-15 00:15:00+00:00,6474.150000000009,-135.14999999999998
2026-01-15 00:30:00+00:00,6495.590000000008,21.440000000000012
2026-01-15 01:00:00+00:00,6363.370000000008,-132.22
2026-01-15 01:45:00+00:00,6393.380000000008,30.009999999999998
2026-01-15 02:00:00+00:00,6468.260000000008,74.88
2026-01-15 02:15:00+00:00,6496.750000000008,28.48999999999998
2026-01-15 02:30:00+00:00,6516.610000000008,19.860000000000014
2026-01-15 03:00:00+00:00,6380.620000000008,-135.99
2026-01-15 03:15:00+00:00,6400.090000000008,19.47
2026-01-15 03:30:00+00:00,6428.400000000009,28.309999999999995
2026-01-15 03:45:00+00:00,6297.270000000009,-131.13
2026-01-15 04:45:00+00:00,6350.960000000008,53.68999999999999
2026-01-15 05:00:00+00:00,6422.050000000008,71.09
2026-01-15 05:15:00+00:00,6441.650000000009,19.600000000000012
2026-01-15 05:30:00+00:00,6310.520000000009,-131.13
2026-01-15 05:45:00+00:00,6333.100000000009,22.579999999999984
2026-01-15 06:00:00+00:00,6382.150000000009,49.050000000000004
2026-01-15 06:15:00+00:00,6251.660000000009,-130.48999999999998
2026-01-15 07:00:00+00:00,6418.850000000009,167.19
2026-01-15 07:15:00+00:00,6478.920000000008,60.070000000000014
2026-01-15 07:30:00+00:00,6502.110000000008,23.189999999999987
2026-01-15 08:00:00+00:00,6554.890000000008,52.78
2026-01-15 08:15:00+00:00,6631.590000000007,76.7
2026-01-15 08:30:00+00:00,6712.600000000008,81.00999999999999
2026-01-15 08:45:00+00:00,6575.500000000007,-137.1
2026-01-15 09:15:00+00:00,6659.420000000007,83.91999999999999
2026-01-15 09:30:00+00:00,6523.690000000008,-135.73
2026-01-15 09:45:00+00:00,6389.170000000007,-134.52
2026-01-15 10:00:00+00:00,6485.5500000000075,96.38
2026-01-15 10:15:00+00:00,6583.200000000007,97.64999999999999
2026-01-15 10:30:00+00:00,6678.150000000007,94.94999999999997
2026-01-15 10:45:00+00:00,6749.670000000007,71.52
2026-01-15 11:00:00+00:00,6610.100000000008,-139.57
2026-01-15 11:15:00+00:00,6698.140000000008,88.04
2026-01-15 11:30:00+00:00,6560.170000000007,-137.97
2026-01-15 11:45:00+00:00,6743.5500000000075,183.38
2026-01-15 12:00:00+00:00,6779.320000000008,35.77
2026-01-15 12:15:00+00:00,6803.560000000008,24.23999999999999
2026-01-15 12:30:00+00:00,6893.960000000007,90.4
2026-01-15 12:45:00+00:00,6751.520000000008,-142.44
2026-01-15 13:00:00+00:00,6610.380000000007,-141.13999999999996
2026-01-15 13:15:00+00:00,6748.570000000007,138.19
2026-01-15 14:00:00+00:00,6769.090000000007,20.520000000000003
2026-01-15 14:30:00+00:00,6838.570000000007,69.48000000000002
2026-01-15 14:45:00+00:00,6700.680000000007,-137.89000000000001
2026-01-15 15:15:00+00:00,6563.910000000007,-136.76999999999998
2026-01-15 15:30:00+00:00,6662.830000000007,98.91999999999997
2026-01-15 15:45:00+00:00,6717.030000000007,54.2
2026-01-15 16:00:00+00:00,6581.970000000007,-135.06
2026-01-15 16:15:00+00:00,6681.310000000007,99.33999999999997
2026-01-15 16:45:00+00:00,6542.860000000007,-138.45
2026-01-15 17:00:00+00:00,6408.390000000007,-134.46999999999997
2026-01-15 17:15:00+00:00,6531.910000000007,123.52
2026-01-15 17:30:00+00:00,6398.420000000007,-133.49
2026-01-15 17:45:00+00:00,6266.890000000008,-131.53
2026-01-15 18:00:00+00:00,6292.670000000007,25.779999999999987
2026-01-15 18:30:00+00:00,6351.480000000008,58.81000000000001
2026-01-15 18:45:00+00:00,6379.430000000008,27.949999999999985
2026-01-15 19:00:00+00:00,6409.440000000008,30.009999999999998
2026-01-15 19:15:00+00:00,6469.5100000000075,60.070000000000014
2026-01-15 19:30:00+00:00,6530.210000000007,60.700000000000024
2026-01-15 19:45:00+00:00,6583.270000000008,53.06000000000001
2026-01-15 20:00:00+00:00,6608.560000000008,25.289999999999985
2026-01-15 20:15:00+00:00,6662.190000000008,53.629999999999974
2026-01-15 20:30:00+00:00,6682.450000000008,20.26
2026-01-15 20:45:00+00:00,6816.410000000008,133.96
2026-01-15 21:00:00+00:00,6883.210000000008,66.80000000000003
2026-01-15 21:15:00+00:00,6899.090000000008,15.879999999999997
2026-01-15 21:45:00+00:00,6758.560000000009,-140.53
2026-01-15 22:15:00+00:00,6818.900000000009,60.34000000000001
2026-01-15 22:30:00+00:00,6679.290000000009,-139.61
2026-01-15 23:00:00+00:00,6712.810000000009,33.51999999999998
2026-01-15 23:15:00+00:00,6784.670000000008,71.86000000000001
2026-01-15 23:30:00+00:00,6643.240000000008,-141.42999999999998
2026-01-15 23:45:00+00:00,6660.130000000008,16.89
2026-01-16 00:00:00+00:00,6522.330000000008,-137.8
2026-01-16 00:15:00+00:00,6389.130000000008,-133.20000000000002
2026-01-16 00:30:00+00:00,6258.570000000008,-130.56
2026-01-16 01:45:00+00:00,6276.020000000008,17.450000000000003
2026-01-16 04:00:00+00:00,6145.170000000007,-130.85
2026-01-16 04:15:00+00:00,6278.940000000008,133.76999999999998
2026-01-16 08:15:00+00:00,6152.390000000008,-126.55000000000001
2026-01-16 08:30:00+00:00,6172.700000000008,20.31000000000001
2026-01-16 08:45:00+00:00,6203.640000000008,30.93999999999999
2026-01-16 09:15:00+00:00,6224.090000000007,20.45
2026-01-16 09:30:00+00:00,6263.170000000007,39.08
2026-01-16 09:45:00+00:00,6313.950000000007,50.78000000000001
2026-01-16 10:00:00+00:00,6375.880000000007,61.930000000000014
2026-01-16 10:45:00+00:00,6243.330000000007,-132.55
2026-01-16 11:00:00+00:00,6260.780000000007,17.450000000000003
2026-01-16 11:15:00+00:00,6330.8000000000075,70.02000000000001
2026-01-16 11:30:00+00:00,6204.870000000007,-125.92999999999998
2026-01-16 11:45:00+00:00,6260.330000000007,55.46000000000001
2026-01-16 12:30:00+00:00,6129.390000000008,-130.93999999999997
2026-01-16 12:45:00+00:00,6195.060000000008,65.66999999999999
2026-01-16 13:00:00+00:00,6341.540000000007,146.48
2026-01-16 13:15:00+00:00,6210.250000000007,-131.29
2026-01-16 13:30:00+00:00,6080.770000000008,-129.48
2026-01-16 14:00:00+00:00,6097.730000000008,16.960000000000008
2026-01-16 14:15:00+00:00,6182.340000000007,84.60999999999999
2026-01-16 14:45:00+00:00,6311.480000000008,129.14
2026-01-16 15:00:00+00:00,6335.810000000008,24.330000000000002
2026-01-16 15:30:00+00:00,6435.320000000008,99.50999999999999
2026-01-16 15:45:00+00:00,6465.520000000008,30.2
2026-01-16 16:45:00+00:00,6333.020000000008,-132.5
2026-01-16 17:15:00+00:00,6394.950000000008,61.930000000000014
2026-01-16 17:30:00+00:00,6437.350000000008,42.4
2026-01-16 18:00:00+00:00,6304.380000000007,-132.97
2026-01-16 18:30:00+00:00,6172.400000000008,-131.98
2026-01-16 19:00:00+00:00,6207.210000000008,34.809999999999995
2026-01-16 19:15:00+00:00,6250.760000000008,43.550000000000004
2026-01-16 20:45:00+00:00,6269.830000000008,19.069999999999997
2026-01-16 21:15:00+00:00,6285.820000000008,15.990000000000006
2026-01-16 22:15:00+00:00,6154.530000000008,-131.29
2026-01-16 23:00:00+00:00,6174.840000000008,20.31000000000001
2026-01-16 23:15:00+00:00,6237.980000000009,63.14000000000002
2026-01-16 23:30:00+00:00,6108.800000000008,-129.18
2026-01-17 00:15:00+00:00,6241.550000000008,132.75
2026-01-17 00:30:00+00:00,6339.330000000008,97.77999999999999
2026-01-17 00:45:00+00:00,6523.620000000008,184.29
2026-01-17 01:00:00+00:00,6659.800000000008,136.18
2026-01-17 01:15:00+00:00,6957.900000000009,298.1
2026-01-17 01:45:00+00:00,6992.810000000009,34.90999999999998
2026-01-17 02:00:00+00:00,7089.920000000008,97.10999999999997
2026-01-17 02:30:00+00:00,7305.300000000008,215.38
2026-01-17 04:45:00+00:00,7344.190000000009,38.889999999999986
2026-01-17 05:30:00+00:00,7395.6800000000085,51.49000000000001
2026-01-17 05:45:00+00:00,7412.800000000008,17.11999999999999
2026-01-17 06:00:00+00:00,7428.160000000008,15.360000000000007
2026-01-17 07:45:00+00:00,7477.460000000008,49.3
2026-01-17 08:45:00+00:00,7585.620000000008,108.16
2026-01-17 09:30:00+00:00,7860.170000000008,274.55
2026-01-17 10:00:00+00:00,8089.360000000008,229.18999999999997
2026-01-17 10:15:00+00:00,8129.830000000008,40.470000000000006
2026-01-17 10:30:00+00:00,8347.690000000008,217.85999999999999
2026-01-17 11:15:00+00:00,8636.540000000008,288.84999999999997
2026-01-17 11:30:00+00:00,8479.190000000008,-157.34999999999997
2026-01-17 11:45:00+00:00,8304.800000000008,-174.39000000000001
2026-01-17 12:30:00+00:00,8688.790000000008,383.99
2026-01-17 12:45:00+00:00,8799.530000000008,110.74
2026-01-17 13:00:00+00:00,8976.340000000007,176.81
2026-01-17 13:15:00+00:00,9006.100000000008,29.760000000000005
2026-01-17 13:45:00+00:00,8819.040000000008,-187.06000000000003
2026-01-17 14:00:00+00:00,8637.780000000008,-181.26
2026-01-17 14:15:00+00:00,8659.850000000008,22.07000000000001
2026-01-17 14:30:00+00:00,8483.570000000007,-176.28
2026-01-17 15:15:00+00:00,8511.640000000007,28.069999999999993
2026-01-17 15:30:00+00:00,8337.760000000007,-173.88
2026-01-17 15:45:00+00:00,8164.920000000007,-172.84
2026-01-17 16:00:00+00:00,8366.280000000008,201.36
2026-01-17 16:15:00+00:00,8472.800000000008,106.52000000000001
2026-01-17 16:30:00+00:00,8515.25000000001,42.449999999999996
2026-01-17 16:45:00+00:00,8577.990000000009,62.74000000000001
2026-01-17 18:30:00+00:00,8597.790000000008,19.800000000000004
2026-01-17 18:45:00+00:00,8682.100000000008,84.31000000000003
2026-01-17 19:45:00+00:00,8501.130000000008,-180.97
2026-01-17 20:00:00+00:00,8325.910000000009,-175.22
2026-01-17 20:15:00+00:00,8154.010000000009,-171.9
2026-01-17 20:30:00+00:00,8372.43000000001,218.42
2026-01-17 22:00:00+00:00,8527.410000000009,154.98
2026-01-17 22:30:00+00:00,8352.570000000009,-174.84
2026-01-17 22:45:00+00:00,8177.910000000009,-174.66000000000003
2026-01-17 23:00:00+00:00,8530.85000000001,352.94
2026-01-17 23:15:00+00:00,8355.36000000001,-175.49
2026-01-17 23:30:00+00:00,8445.11000000001,89.75000000000001
2026-01-17 23:45:00+00:00,8473.04000000001,27.930000000000017
2026-01-18 00:00:00+00:00,8556.05000000001,83.01000000000002
2026-01-18 00:30:00+00:00,8378.46000000001,-177.58999999999997
2026-01-18 00:45:00+00:00,8446.64000000001,68.18000000000002
2026-01-18 01:30:00+00:00,8692.750000000011,246.10999999999999
2026-01-18 01:45:00+00:00,8511.850000000011,-180.90000000000003
2026-01-18 02:30:00+00:00,8591.73000000001,79.88000000000002
2026-01-18 02:45:00+00:00,8412.80000000001,-178.93
2026-01-18 03:30:00+00:00,8434.30000000001,21.499999999999986
2026-01-18 03:45:00+00:00,8455.80000000001,21.499999999999986
2026-01-18 05:00:00+00:00,8701.91000000001,246.10999999999999
2026-01-18 05:45:00+00:00,8524.88000000001,-177.03
2026-01-18 06:15:00+00:00,8347.32000000001,-177.56
2026-01-18 07:30:00+00:00,8536.500000000011,189.17999999999998
2026-01-18 08:00:00+00:00,8694.31000000001,157.81
2026-01-18 08:15:00+00:00,8761.55000000001,67.24000000000002
2026-01-18 08:30:00+00:00,9051.82000000001,290.27
2026-01-18 09:15:00+00:00,9167.16000000001,115.34
2026-01-18 11:00:00+00:00,8979.16000000001,-188.0
2026-01-18 11:45:00+00:00,9252.090000000011,272.93
2026-01-18 12:00:00+00:00,9130.89000000001,-121.19999999999999
2026-01-18 12:30:00+00:00,9396.82000000001,265.93
2026-01-18 13:30:00+00:00,9201.340000000011,-195.48000000000002
2026-01-18 13:45:00+00:00,9386.030000000012,184.69
2026-01-18 14:00:00+00:00,9451.870000000012,65.84000000000002
2026-01-18 14:30:00+00:00,9809.970000000012,358.1
2026-01-18 15:15:00+00:00,9856.220000000012,46.25
2026-01-18 15:30:00+00:00,9888.800000000012,32.580000000000005
2026-01-18 16:45:00+00:00,9914.020000000011,25.219999999999995
2026-01-18 18:15:00+00:00,9966.840000000011,52.81999999999999
2026-01-18 18:45:00+00:00,10202.280000000012,235.44000000000003
2026-01-18 19:15:00+00:00,10326.970000000012,124.69
2026-01-18 21:15:00+00:00,10618.570000000012,291.6
2026-01-18 22:15:00+00:00,10920.320000000012,301.75
2026-01-18 22:45:00+00:00,11211.920000000013,291.6
2026-01-18 23:15:00+00:00,11264.780000000013,52.86
2026-01-18 23:30:00+00:00,11046.250000000013,-218.53000000000003
2026-01-18 23:45:00+00:00,10818.270000000013,-227.98000000000002
2026-01-19 00:30:00+00:00,10924.310000000014,106.03999999999998
2026-01-19 01:00:00+00:00,10997.030000000013,72.71999999999998
2026-01-19 01:30:00+00:00,11131.430000000013,134.4
2026-01-19 01:45:00+00:00,11273.590000000013,142.16
2026-01-19 02:00:00+00:00,11044.850000000013,-228.74
2026-01-19 02:15:00+00:00,11285.240000000013,240.39000000000001
2026-01-19 02:30:00+00:00,11052.600000000013,-232.64000000000004
2026-01-19 02:45:00+00:00,10823.450000000013,-229.14999999999998
2026-01-19 03:00:00+00:00,10955.610000000013,132.16
2026-01-19 03:15:00+00:00,10752.280000000013,-203.33
2026-01-19 03:30:00+00:00,11094.930000000013,342.65
2026-01-19 03:45:00+00:00,10917.070000000012,-177.85999999999999
2026-01-19 04:00:00+00:00,10947.590000000013,30.52
2026-01-19 04:15:00+00:00,11020.310000000012,72.71999999999998
2026-01-19 04:30:00+00:00,10799.170000000013,-221.14
2026-01-19 04:45:00+00:00,10577.330000000013,-221.84
2026-01-19 05:00:00+00:00,10604.350000000013,27.02000000000001
2026-01-19 05:15:00+00:00,10389.140000000014,-215.21
2026-01-19 05:45:00+00:00,10179.560000000014,-209.58
2026-01-19 07:00:00+00:00,10243.750000000015,64.19
2026-01-19 07:30:00+00:00,10269.870000000015,26.120000000000005
2026-01-19 08:00:00+00:00,10056.400000000016,-213.47000000000003
2026-01-19 08:15:00+00:00,10116.380000000016,59.97999999999998
2026-01-19 08:45:00+00:00,9908.950000000015,-207.43
2026-01-19 09:00:00+00:00,9702.630000000016,-206.32
2026-01-19 09:15:00+00:00,9821.350000000015,118.72000000000001
2026-01-19 09:30:00+00:00,9859.130000000016,37.77999999999997
2026-01-19 09:45:00+00:00,9879.650000000016,20.520000000000007
2026-01-19 10:15:00+00:00,9960.100000000017,80.45000000000002
2026-01-19 10:30:00+00:00,9987.930000000017,27.830000000000016
2026-01-19 11:45:00+00:00,9783.010000000017,-204.92
2026-01-19 12:00:00+00:00,9832.010000000017,49.00000000000001
2026-01-19 12:30:00+00:00,9894.070000000016,62.06
2026-01-19 13:00:00+00:00,10127.910000000016,233.84
2026-01-19 13:30:00+00:00,10185.130000000016,57.220000000000006
2026-01-19 14:00:00+00:00,10338.580000000016,153.44999999999996
2026-01-19 14:45:00+00:00,10362.510000000017,23.93000000000001
2026-01-19 15:00:00+00:00,10402.380000000017,39.86999999999998
2026-01-19 15:30:00+00:00,10192.800000000017,-209.58
2026-01-19 16:15:00+00:00,10317.490000000018,124.69
2026-01-19 17:30:00+00:00,10369.260000000018,51.77
2026-01-19 18:00:00+00:00,10395.720000000018,26.45999999999999
2026-01-19 19:15:00+00:00,10185.040000000017,-210.68
2026-01-19 19:30:00+00:00,10206.210000000017,21.169999999999995
2026-01-19 20:00:00+00:00,10297.640000000018,91.43000000000004
2026-01-19 20:15:00+00:00,10323.990000000018,26.350000000000012
2026-01-19 21:00:00+00:00,10116.340000000018,-207.64999999999998
2026-01-19 22:00:00+00:00,9907.940000000019,-208.4
2026-01-19 22:30:00+00:00,9943.320000000018,35.379999999999995
2026-01-19 23:00:00+00:00,9745.070000000018,-198.25
2026-01-19 23:15:00+00:00,9790.940000000019,45.87
2026-01-19 23:30:00+00:00,9591.430000000018,-199.51
2026-01-20 00:00:00+00:00,9736.010000000018,144.57999999999998
2026-01-20 00:15:00+00:00,9760.890000000018,24.88000000000001
2026-01-20 00:30:00+00:00,9825.720000000018,64.83
2026-01-20 01:00:00+00:00,9881.200000000017,55.480000000000004
2026-01-20 01:15:00+00:00,9682.090000000017,-199.11
2026-01-20 02:30:00+00:00,9733.670000000016,51.580000000000005
2026-01-20 03:00:00+00:00,9782.470000000016,48.8
2026-01-20 03:45:00+00:00,10067.650000000016,285.17999999999995
2026-01-20 04:45:00+00:00,10124.440000000017,56.79
2026-01-20 05:45:00+00:00,10363.610000000017,239.17000000000002
2026-01-20 07:00:00+00:00,10448.050000000017,84.44000000000001
2026-01-20 07:30:00+00:00,10233.400000000018,-214.64999999999998
2026-01-20 07:45:00+00:00,10076.050000000017,-157.34999999999997
2026-01-20 08:00:00+00:00,9866.630000000017,-209.42
2026-01-20 08:15:00+00:00,9963.260000000017,96.63000000000002
2026-01-20 09:00:00+00:00,9805.910000000016,-157.34999999999997
2026-01-20 09:15:00+00:00,9885.790000000015,79.88
2026-01-20 09:30:00+00:00,9685.380000000016,-200.41
2026-01-20 09:45:00+00:00,9731.060000000016,45.67999999999998
2026-01-20 10:00:00+00:00,9755.940000000015,24.88000000000001
2026-01-20 10:30:00+00:00,9552.950000000015,-202.99
2026-01-20 11:15:00+00:00,9400.740000000016,-152.21000000000004
2026-01-20 11:30:00+00:00,9207.290000000015,-193.45000000000002
2026-01-20 11:45:00+00:00,9297.760000000015,90.47000000000001
2026-01-20 12:00:00+00:00,9484.420000000015,186.66
2026-01-20 12:30:00+00:00,9738.300000000014,253.88
2026-01-20 12:45:00+00:00,9770.600000000013,32.3
2026-01-20 13:15:00+00:00,9835.680000000013,65.08000000000001
2026-01-20 13:30:00+00:00,9637.790000000014,-197.89000000000001
2026-01-20 13:45:00+00:00,9669.670000000013,31.880000000000006
2026-01-20 14:45:00+00:00,9472.250000000013,-197.42
2026-01-20 15:00:00+00:00,9525.780000000013,53.52999999999999
2026-01-20 15:15:00+00:00,9573.590000000013,47.80999999999999
2026-01-20 15:30:00+00:00,9379.590000000013,-194.0
2026-01-20 15:45:00+00:00,9504.190000000013,124.6
2026-01-20 16:00:00+00:00,9311.300000000014,-192.89
2026-01-20 16:15:00+00:00,9120.750000000015,-190.54999999999998
2026-01-20 16:30:00+00:00,9194.920000000015,74.17
2026-01-20 16:45:00+00:00,9327.850000000015,132.92999999999998
2026-01-20 18:30:00+00:00,9383.520000000015,55.67000000000001
2026-01-20 18:45:00+00:00,9188.040000000015,-195.48000000000002
2026-01-20 19:00:00+00:00,9002.270000000015,-185.77
2026-01-20 19:15:00+00:00,9021.010000000015,18.74
2026-01-20 20:30:00+00:00,9044.090000000015,23.079999999999995
2026-01-20 21:00:00+00:00,8858.430000000015,-185.66
2026-01-20 21:15:00+00:00,9003.600000000015,145.17
2026-01-20 21:45:00+00:00,8908.430000000015,-95.17000000000002
2026-01-20 22:15:00+00:00,8940.350000000015,31.919999999999987
2026-01-20 22:45:00+00:00,8754.040000000015,-186.31
2026-01-20 23:00:00+00:00,8574.320000000016,-179.72
2026-01-20 23:30:00+00:00,8631.260000000017,56.940000000000005
2026-01-20 23:45:00+00:00,8653.330000000016,22.07000000000001
2026-01-21 00:00:00+00:00,8727.080000000016,73.75
2026-01-21 00:30:00+00:00,8550.720000000016,-176.36
2026-01-21 01:45:00+00:00,8377.930000000015,-172.79
2026-01-21 02:00:00+00:00,8208.720000000016,-169.20999999999998
2026-01-21 02:45:00+00:00,8263.200000000015,54.48000000000001
2026-01-21 03:00:00+00:00,8330.530000000015,67.33000000000001
2026-01-21 04:00:00+00:00,8519.710000000015,189.18
2026-01-21 04:45:00+00:00,8347.730000000016,-171.98000000000002
2026-01-21 05:00:00+00:00,8716.160000000016,368.43
2026-01-21 06:00:00+00:00,8535.800000000016,-180.35999999999999
2026-01-21 06:15:00+00:00,8627.260000000015,91.46
2026-01-21 06:30:00+00:00,8732.540000000015,105.27999999999999
2026-01-21 08:00:00+00:00,8756.950000000015,24.41
2026-01-21 08:30:00+00:00,8783.650000000016,26.700000000000017
2026-01-21 09:45:00+00:00,8606.710000000015,-176.94
2026-01-21 10:00:00+00:00,8647.300000000016,40.59
2026-01-21 10:30:00+00:00,8669.370000000015,22.07000000000001
2026-01-21 10:45:00+00:00,8779.730000000016,110.36000000000001
2026-01-21 11:45:00+00:00,8798.000000000016,18.27
2026-01-21 12:00:00+00:00,8873.230000000016,75.23000000000002
2026-01-21 12:15:00+00:00,8688.580000000016,-184.65
2026-01-21 13:00:00+00:00,8515.700000000017,-172.87999999999997
2026-01-21 13:15:00+00:00,8338.690000000017,-177.01000000000002
2026-01-21 13:45:00+00:00,8420.410000000016,81.72000000000001
2026-01-21 14:15:00+00:00,8247.260000000017,-173.15
2026-01-21 14:30:00+00:00,8339.570000000016,92.30999999999999
2026-01-21 14:45:00+00:00,8233.970000000016,-105.59999999999997
2026-01-21 15:00:00+00:00,8065.290000000015,-168.68
2026-01-21 15:15:00+00:00,7898.320000000015,-166.97
2026-01-21 15:30:00+00:00,8118.950000000015,220.62999999999997
2026-01-21 15:45:00+00:00,7952.370000000015,-166.58
2026-01-21 16:00:00+00:00,7788.430000000016,-163.94000000000003
2026-01-21 16:15:00+00:00,7806.480000000016,18.05
2026-01-21 17:00:00+00:00,7647.040000000016,-159.44
2026-01-21 17:15:00+00:00,7490.540000000016,-156.5
2026-01-21 17:30:00+00:00,7738.460000000016,247.92000000000002
2026-01-21 17:45:00+00:00,7768.240000000016,29.779999999999976
2026-01-21 18:00:00+00:00,7906.070000000016,137.82999999999998
2026-01-21 18:15:00+00:00,7741.110000000016,-164.96
2026-01-21 19:15:00+00:00,7787.230000000016,46.12
2026-01-21 20:00:00+00:00,7628.020000000016,-159.21
2026-01-21 20:30:00+00:00,7643.850000000016,15.830000000000005
2026-01-21 21:15:00+00:00,7684.400000000016,40.550000000000004
2026-01-21 21:30:00+00:00,7898.720000000016,214.32
2026-01-21 22:00:00+00:00,7734.560000000016,-164.15999999999997
2026-01-21 23:00:00+00:00,7903.190000000016,168.63
2026-01-21 23:15:00+00:00,7740.360000000016,-162.83
2026-01-21 23:30:00+00:00,7956.400000000016,216.04
2026-01-21 23:45:00+00:00,8034.550000000016,78.15000000000002
2026-01-22 00:15:00+00:00,7866.640000000016,-167.90999999999997
2026-01-22 00:30:00+00:00,7705.700000000016,-160.94
2026-01-22 00:45:00+00:00,7544.560000000016,-161.14
2026-01-22 01:00:00+00:00,7561.990000000016,17.430000000000003
2026-01-22 01:45:00+00:00,7597.670000000016,35.679999999999986
2026-01-22 02:15:00+00:00,7441.610000000016,-156.05999999999997
2026-01-22 04:15:00+00:00,7514.570000000016,72.96000000000002
2026-01-22 04:45:00+00:00,7862.360000000016,347.79
2026-01-22 05:15:00+00:00,7700.890000000016,-161.47000000000003
2026-01-22 05:30:00+00:00,7741.860000000016,40.970000000000006
2026-01-22 05:45:00+00:00,7767.530000000016,25.670000000000012
2026-01-22 06:15:00+00:00,7609.010000000017,-158.51999999999998
2026-01-22 06:30:00+00:00,7451.050000000017,-157.96
2026-01-22 07:00:00+00:00,7297.790000000016,-153.25999999999996
2026-01-22 07:45:00+00:00,7320.020000000016,22.229999999999997
2026-01-22 08:15:00+00:00,7678.120000000016,358.1
2026-01-22 09:30:00+00:00,7845.210000000016,167.09
2026-01-22 09:45:00+00:00,7684.370000000016,-160.84
2026-01-22 10:15:00+00:00,7746.850000000017,62.48000000000002
2026-01-22 10:45:00+00:00,7588.350000000017,-158.5
2026-01-22 11:15:00+00:00,7689.360000000017,101.01
2026-01-22 11:30:00+00:00,7725.600000000017,36.23999999999998
2026-01-22 12:00:00+00:00,7741.620000000017,16.019999999999996
2026-01-22 12:30:00+00:00,7580.660000000017,-160.96
2026-01-22 12:45:00+00:00,7423.360000000017,-157.29999999999998
2026-01-22 13:00:00+00:00,7591.640000000017,168.28000000000003
2026-01-22 13:15:00+00:00,7437.980000000017,-153.66
2026-01-22 14:30:00+00:00,7457.010000000017,19.03
2026-01-22 14:45:00+00:00,7305.270000000017,-151.73999999999998
2026-01-22 15:45:00+00:00,7154.160000000017,-151.10999999999999
2026-01-22 16:00:00+00:00,7192.2200000000175,38.05999999999999
2026-01-22 16:15:00+00:00,7279.950000000017,87.73
2026-01-22 16:30:00+00:00,7131.000000000017,-148.95
2026-01-22 16:45:00+00:00,7166.700000000017,35.69999999999998
2026-01-22 17:00:00+00:00,7020.690000000017,-146.01
2026-01-22 17:45:00+00:00,7053.730000000017,33.04
2026-01-22 18:15:00+00:00,7089.040000000017,35.309999999999995
2026-01-22 19:15:00+00:00,7304.420000000017,215.38
2026-01-22 20:00:00+00:00,7463.310000000018,158.89000000000001
2026-01-22 20:15:00+00:00,7484.180000000018,20.86999999999999
2026-01-22 20:45:00+00:00,7328.430000000018,-155.75
2026-01-22 23:30:00+00:00,7177.680000000018,-150.74999999999997
2026-01-22 23:45:00+00:00,7196.030000000018,18.35
2026-01-23 00:15:00+00:00,7236.500000000018,40.47
2026-01-23 00:45:00+00:00,7253.200000000018,16.699999999999992
2026-01-23 01:00:00+00:00,7102.760000000018,-150.44
2026-01-23 01:30:00+00:00,7136.170000000018,33.410000000000004
2026-01-23 02:15:00+00:00,7171.870000000018,35.69999999999998
2026-01-23 02:45:00+00:00,7191.8900000000185,20.019999999999992
2026-01-23 04:00:00+00:00,7213.860000000019,21.969999999999995
2026-01-23 04:30:00+00:00,7406.950000000019,193.09
2026-01-23 04:45:00+00:00,7255.210000000019,-151.73999999999998
2026-01-23 05:00:00+00:00,7320.120000000019,64.91000000000003
2026-01-23 05:30:00+00:00,7170.010000000019,-150.11
2026-01-23 06:45:00+00:00,7203.800000000019,33.789999999999985
2026-01-23 07:15:00+00:00,7299.700000000019,95.90000000000002
2026-01-23 08:00:00+00:00,7371.360000000019,71.66000000000001
2026-01-23 08:15:00+00:00,7221.270000000019,-150.09
2026-01-23 08:45:00+00:00,7295.4300000000185,74.15999999999998
2026-01-23 09:15:00+00:00,7319.550000000018,24.120000000000005
2026-01-23 09:45:00+00:00,7168.450000000018,-151.1
2026-01-23 10:15:00+00:00,7290.640000000018,122.19000000000001
2026-01-23 10:45:00+00:00,7742.770000000018,452.13
2026-01-23 11:30:00+00:00,7582.360000000018,-160.41
2026-01-23 12:30:00+00:00,7620.250000000018,37.889999999999986
2026-01-23 15:00:00+00:00,7641.610000000018,21.36
2026-01-23 15:30:00+00:00,7662.9700000000175,21.36
2026-01-23 16:15:00+00:00,7505.610000000018,-157.36
2026-01-23 16:30:00+00:00,7582.440000000018,76.83000000000003
2026-01-23 17:00:00+00:00,7667.320000000018,84.88000000000001
2026-01-23 17:15:00+00:00,7510.030000000018,-157.29
2026-01-23 17:30:00+00:00,7352.800000000018,-157.23
2026-01-23 17:45:00+00:00,7644.060000000019,291.26
2026-01-23 18:00:00+00:00,7919.170000000018,275.11000000000007
2026-01-23 18:15:00+00:00,8160.060000000019,240.89
2026-01-23 18:45:00+00:00,8214.290000000019,54.22999999999999
2026-01-23 19:45:00+00:00,8043.400000000019,-170.89
2026-01-23 21:15:00+00:00,8070.060000000019,26.659999999999993
2026-01-23 22:00:00+00:00,7902.110000000019,-167.95
2026-01-23 22:30:00+00:00,7922.260000000018,20.14999999999999
2026-01-23 23:30:00+00:00,7961.9300000000185,39.67
2026-01-24 00:00:00+00:00,7982.190000000019,20.259999999999994
2026-01-24 00:30:00+00:00,7821.570000000019,-160.62
2026-01-24 00:45:00+00:00,7847.520000000019,25.949999999999996
2026-01-24 01:15:00+00:00,7986.740000000019,139.22
2026-01-24 02:30:00+00:00,8039.740000000019,53.00000000000001
2026-01-24 03:00:00+00:00,7872.840000000019,-166.9
2026-01-24 03:15:00+00:00,7756.830000000019,-116.00999999999999
2026-01-24 03:30:00+00:00,7595.950000000019,-160.88
2026-01-24 03:45:00+00:00,7631.630000000019,35.679999999999986
2026-01-24 05:15:00+00:00,7693.820000000019,62.190000000000005
2026-01-24 05:30:00+00:00,7732.300000000018,38.47999999999998
2026-01-24 06:15:00+00:00,7907.8900000000185,175.59
2026-01-24 07:15:00+00:00,8158.940000000019,251.04999999999995
2026-01-24 08:15:00+00:00,8210.340000000018,51.4
2026-01-24 08:30:00+00:00,8306.300000000017,95.96
2026-01-24 09:00:00+00:00,8135.430000000018,-170.87000000000003
2026-01-24 09:15:00+00:00,8154.200000000018,18.77000000000001
2026-01-24 09:30:00+00:00,8192.520000000019,38.31999999999999
2026-01-24 10:30:00+00:00,8378.56000000002,186.04000000000002
2026-01-24 10:45:00+00:00,8485.47000000002,106.91
2026-01-24 11:00:00+00:00,8309.14000000002,-176.33
2026-01-24 11:15:00+00:00,8364.360000000019,55.220000000000006
2026-01-24 11:30:00+00:00,8190.170000000019,-174.19
2026-01-24 11:45:00+00:00,8022.8500000000195,-167.32000000000002
2026-01-24 12:00:00+00:00,8246.91000000002,224.06
2026-01-24 12:45:00+00:00,8625.71000000002,378.8
2026-01-24 13:00:00+00:00,8452.97000000002,-172.74
2026-01-24 13:30:00+00:00,8535.98000000002,83.01000000000002
2026-01-24 14:15:00+00:00,8649.57000000002,113.59
2026-01-24 14:30:00+00:00,8901.51000000002,251.94
2026-01-24 15:15:00+00:00,9059.69000000002,158.18
2026-01-24 15:45:00+00:00,8871.00000000002,-188.69
2026-01-24 16:00:00+00:00,8686.37000000002,-184.63
2026-01-24 16:15:00+00:00,8509.42000000002,-176.95000000000002
2026-01-24 16:30:00+00:00,8537.63000000002,28.21
2026-01-24 16:45:00+00:00,8361.16000000002,-176.47
2026-01-24 17:00:00+00:00,8719.26000000002,358.1
2026-01-24 17:15:00+00:00,8741.550000000021,22.289999999999992
2026-01-24 17:45:00+00:00,8559.400000000021,-182.15
2026-01-24 18:00:00+00:00,8699.70000000002,140.29999999999998
2026-01-24 18:15:00+00:00,8952.800000000021,253.09999999999997
2026-01-24 18:45:00+00:00,8977.820000000022,25.020000000000007
2026-01-24 19:00:00+00:00,9050.850000000022,73.03000000000002
2026-01-24 19:30:00+00:00,8862.980000000021,-187.87
2026-01-24 19:45:00+00:00,9169.920000000022,306.94
2026-01-24 20:00:00+00:00,9215.940000000022,46.019999999999996
2026-01-24 21:30:00+00:00,9484.210000000023,268.27
2026-01-24 23:15:00+00:00,9568.930000000022,84.72000000000001
2026-01-24 23:30:00+00:00,9411.580000000022,-157.34999999999997
2026-01-25 00:00:00+00:00,9215.680000000022,-195.9
2026-01-25 00:15:00+00:00,9323.640000000021,107.96000000000001
2026-01-25 00:30:00+00:00,9131.840000000022,-191.8
2026-01-25 00:45:00+00:00,9164.510000000022,32.66999999999997
2026-01-25 01:45:00+00:00,8981.540000000023,-182.97000000000003
2026-01-25 02:00:00+00:00,9054.570000000023,73.02999999999999
2026-01-25 03:15:00+00:00,9108.650000000023,54.080000000000005
2026-01-25 04:00:00+00:00,9151.500000000024,42.84999999999998
2026-01-25 04:15:00+00:00,9177.130000000023,25.63000000000001
2026-01-25 04:30:00+00:00,9262.990000000023,85.86000000000003
2026-01-25 05:15:00+00:00,9074.320000000023,-188.67
2026-01-25 05:45:00+00:00,8885.220000000023,-189.1
2026-01-25 06:30:00+00:00,8907.850000000022,22.630000000000006
2026-01-25 07:30:00+00:00,9167.370000000023,259.52
2026-01-25 07:45:00+00:00,8976.470000000023,-190.9
2026-01-25 08:00:00+00:00,8791.430000000022,-185.04000000000002
2026-01-25 08:15:00+00:00,9123.810000000021,332.38
2026-01-25 08:30:00+00:00,8933.740000000022,-190.07
2026-01-25 09:00:00+00:00,8975.840000000022,42.099999999999994
2026-01-25 09:15:00+00:00,9000.980000000021,25.14
2026-01-25 09:45:00+00:00,9019.720000000021,18.74
2026-01-25 10:45:00+00:00,9067.760000000022,48.03999999999999
2026-01-25 11:15:00+00:00,9113.190000000022,45.43000000000001
2026-01-25 11:30:00+00:00,9136.490000000022,23.300000000000004
2026-01-25 12:00:00+00:00,9159.79000000002,23.300000000000004
2026-01-25 12:15:00+00:00,8974.61000000002,-185.18
2026-01-25 12:30:00+00:00,8791.640000000021,-182.97
2026-01-25 13:00:00+00:00,8608.670000000022,-182.97
2026-01-25 13:15:00+00:00,8812.150000000021,203.48000000000002
2026-01-25 14:00:00+00:00,8634.29000000002,-177.85999999999999
2026-01-25 15:00:00+00:00,8677.53000000002,43.24
2026-01-25 15:30:00+00:00,8695.52000000002,17.989999999999988
2026-01-25 17:00:00+00:00,8717.70000000002,22.179999999999986
2026-01-25 17:30:00+00:00,8758.66000000002,40.95999999999998
2026-01-25 17:45:00+00:00,9013.51000000002,254.85
2026-01-25 18:15:00+00:00,8825.57000000002,-187.94
2026-01-25 20:15:00+00:00,8645.10000000002,-180.47
2026-01-25 20:30:00+00:00,8919.69000000002,274.59000000000003
2026-01-25 21:00:00+00:00,9078.33000000002,158.64
2026-01-25 21:15:00+00:00,8957.13000000002,-121.19999999999999
2026-01-25 21:30:00+00:00,8975.770000000019,18.640000000000004
2026-01-25 22:00:00+00:00,9237.040000000019,261.27
2026-01-25 22:45:00+00:00,9401.23000000002,164.19
2026-01-25 23:00:00+00:00,9208.07000000002,-193.16
2026-01-25 23:15:00+00:00,9176.09000000002,-31.980000000000004
2026-01-25 23:30:00+00:00,9201.72000000002,25.63000000000001
2026-01-25 23:45:00+00:00,9220.83000000002,19.110000000000007
2026-01-26 00:30:00+00:00,9343.46000000002,122.63000000000001
2026-01-26 02:00:00+00:00,9390.270000000019,46.81
2026-01-26 03:00:00+00:00,9409.750000000018,19.479999999999983
2026-01-26 03:15:00+00:00,9443.480000000018,33.729999999999976
2026-01-26 03:30:00+00:00,9246.750000000018,-196.73000000000002
2026-01-26 05:00:00+00:00,9060.360000000019,-186.39
2026-01-26 05:45:00+00:00,9105.790000000019,45.43000000000001
2026-01-26 06:00:00+00:00,8921.64000000002,-184.15000000000003
2026-01-26 08:45:00+00:00,8963.74000000002,42.099999999999994
2026-01-26 09:30:00+00:00,9043.89000000002,80.15000000000002
2026-01-26 09:45:00+00:00,9086.55000000002,42.65999999999999
2026-01-26 11:30:00+00:00,9284.39000000002,197.84
2026-01-26 11:45:00+00:00,9308.15000000002,23.759999999999994
2026-01-26 12:15:00+00:00,9119.59000000002,-188.56
2026-01-26 13:15:00+00:00,8935.210000000021,-184.38000000000002
2026-01-26 14:00:00+00:00,8953.76000000002,18.549999999999983
2026-01-26 14:30:00+00:00,8772.86000000002,-180.9
2026-01-26 15:00:00+00:00,8589.890000000021,-182.97
2026-01-26 15:15:00+00:00,8411.970000000021,-177.92
2026-01-26 15:30:00+00:00,8610.650000000021,198.68
2026-01-26 15:45:00+00:00,8680.830000000022,70.18
2026-01-26 16:45:00+00:00,8703.010000000022,22.179999999999986
2026-01-26 17:30:00+00:00,8734.180000000022,31.169999999999977
2026-01-26 17:45:00+00:00,8758.590000000022,24.41
2026-01-26 18:15:00+00:00,8874.930000000022,116.34000000000002
2026-01-26 18:30:00+00:00,8691.160000000022,-183.77
2026-01-26 18:45:00+00:00,8742.960000000021,51.8
2026-01-26 19:15:00+00:00,8817.60000000002,74.64
2026-01-26 20:00:00+00:00,8859.130000000021,41.53
2026-01-26 20:30:00+00:00,8946.04000000002,86.91000000000004
2026-01-26 21:30:00+00:00,8964.59000000002,18.549999999999983
2026-01-26 21:45:00+00:00,8987.44000000002,22.849999999999984
2026-01-26 22:30:00+00:00,9010.41000000002,22.969999999999988
2026-01-26 22:45:00+00:00,9033.38000000002,22.969999999999988
2026-01-26 23:15:00+00:00,9296.40000000002,263.02000000000004
2026-01-27 00:30:00+00:00,9123.66000000002,-172.73999999999998
2026-01-27 00:45:00+00:00,9213.16000000002,89.50000000000003
2026-01-27 01:00:00+00:00,9026.58000000002,-186.58
2026-01-27 01:45:00+00:00,8879.52000000002,-147.06
2026-01-27 02:45:00+00:00,8921.24000000002,41.71999999999999
2026-01-27 04:15:00+00:00,9192.39000000002,271.15
2026-01-27 04:45:00+00:00,9235.620000000019,43.22999999999998
2026-01-27 05:30:00+00:00,9279.040000000019,43.42
2026-01-27 06:15:00+00:00,9312.170000000018,33.12999999999999
2026-01-27 06:45:00+00:00,9185.780000000019,-126.39000000000001
2026-01-27 07:00:00+00:00,8997.020000000019,-188.76
2026-01-27 07:45:00+00:00,9060.040000000019,63.02000000000002
2026-01-27 08:15:00+00:00,9085.430000000018,25.389999999999993
2026-01-27 08:45:00+00:00,9163.020000000019,77.59
2026-01-27 09:45:00+00:00,9211.680000000018,48.65999999999999
2026-01-27 10:15:00+00:00,9255.100000000019,43.42
2026-01-27 10:30:00+00:00,9307.320000000018,52.21999999999999
2026-01-27 10:45:00+00:00,9113.500000000018,-193.82
2026-01-27 11:00:00+00:00,8925.660000000018,-187.84000000000003
2026-01-27 11:30:00+00:00,8982.030000000019,56.37
2026-01-27 12:00:00+00:00,9055.06000000002,73.03000000000002
2026-01-27 12:30:00+00:00,9103.31000000002,48.24999999999999
2026-01-27 12:45:00+00:00,9122.23000000002,18.919999999999987
2026-01-27 13:00:00+00:00,9321.10000000002,198.87
2026-01-27 13:15:00+00:00,9541.62000000002,220.52
2026-01-27 13:30:00+00:00,9493.75000000002,-47.87
2026-01-27 13:45:00+00:00,9625.51000000002,131.75999999999996
2026-01-27 14:30:00+00:00,10025.12000000002,399.61
2026-01-27 15:00:00+00:00,10326.87000000002,301.75
2026-01-27 15:45:00+00:00,10502.910000000022,176.04
2026-01-27 16:30:00+00:00,10620.680000000022,117.77000000000001
2026-01-27 17:00:00+00:00,10670.710000000023,50.03
2026-01-27 17:30:00+00:00,10518.500000000022,-152.21000000000004
2026-01-27 18:00:00+00:00,10721.150000000021,202.65
2026-01-27 18:15:00+00:00,10911.710000000021,190.56
2026-01-27 18:45:00+00:00,10963.060000000021,51.34999999999998
2026-01-27 19:30:00+00:00,10991.090000000022,28.029999999999994
2026-01-27 20:45:00+00:00,11053.100000000022,62.009999999999984
2026-01-27 21:15:00+00:00,10829.770000000022,-223.33
2026-01-27 22:30:00+00:00,10852.250000000022,22.48
2026-01-27 23:15:00+00:00,10632.600000000022,-219.65
2026-01-27 23:30:00+00:00,10412.270000000022,-220.32999999999998
2026-01-27 23:45:00+00:00,10582.670000000022,170.4
2026-01-28 00:00:00+00:00,10854.660000000022,271.99000000000007
2026-01-28 00:15:00+00:00,10629.800000000021,-224.85999999999999
2026-01-28 00:30:00+00:00,10410.810000000021,-218.99
2026-01-28 00:45:00+00:00,10522.560000000021,111.75
2026-01-28 01:00:00+00:00,10303.990000000022,-218.56999999999996
2026-01-28 01:15:00+00:00,10327.810000000021,23.819999999999997
2026-01-28 01:30:00+00:00,10351.740000000022,23.93000000000001
2026-01-28 03:30:00+00:00,10467.740000000022,115.99999999999999
2026-01-28 03:45:00+00:00,10580.180000000022,112.44
2026-01-28 05:00:00+00:00,10633.140000000021,52.959999999999994
2026-01-28 06:45:00+00:00,10711.570000000022,78.42999999999999
2026-01-28 07:30:00+00:00,10738.930000000022,27.359999999999996
2026-01-28 08:30:00+00:00,10789.520000000022,50.589999999999996
2026-01-28 10:00:00+00:00,10632.170000000022,-157.34999999999997
2026-01-28 10:15:00+00:00,10454.310000000021,-177.85999999999999
2026-01-28 11:00:00+00:00,10523.830000000022,69.52
2026-01-28 11:15:00+00:00,10583.230000000021,59.39999999999999
2026-01-28 11:30:00+00:00,10425.880000000021,-157.34999999999997
2026-01-28 11:45:00+00:00,10242.910000000022,-182.97
2026-01-28 12:00:00+00:00,10054.840000000022,-188.07
2026-01-28 12:15:00+00:00,10177.670000000022,122.83
2026-01-28 12:30:00+00:00,10291.900000000021,114.22999999999999
2026-01-28 12:45:00+00:00,10081.750000000022,-210.14999999999995
2026-01-28 13:15:00+00:00,9872.480000000021,-209.26999999999998
2026-01-28 13:30:00+00:00,10034.03000000002,161.54999999999998
2026-01-28 14:00:00+00:00,10261.880000000021,227.85000000000002
2026-01-28 14:15:00+00:00,10387.320000000022,125.44
2026-01-28 15:00:00+00:00,10183.990000000022,-203.33
2026-01-28 15:30:00+00:00,10350.850000000022,166.85999999999999
2026-01-28 15:45:00+00:00,10379.780000000022,28.930000000000003
2026-01-28 16:00:00+00:00,10468.280000000022,88.50000000000003
2026-01-28 16:45:00+00:00,10726.080000000022,257.8
2026-01-28 17:45:00+00:00,10748.380000000021,22.299999999999983
2026-01-28 18:15:00+00:00,10798.970000000021,50.589999999999996
2026-01-28 18:30:00+00:00,10849.750000000022,50.77999999999998
2026-01-28 19:15:00+00:00,10625.620000000023,-224.13
2026-01-28 21:00:00+00:00,10708.020000000022,82.4
2026-01-28 21:15:00+00:00,10490.080000000022,-217.94
2026-01-28 21:30:00+00:00,10563.610000000022,73.53000000000002
2026-01-28 22:00:00+00:00,10630.170000000022,66.56
2026-01-28 22:45:00+00:00,10680.200000000023,50.03
2026-01-28 23:15:00+00:00,10559.000000000022,-121.19999999999999
2026-01-28 23:30:00+00:00,10662.440000000022,103.44000000000004
2026-01-28 23:45:00+00:00,10749.170000000022,86.73000000000002
2026-01-29 00:00:00+00:00,11091.820000000022,342.65
2026-01-29 00:15:00+00:00,11216.310000000021,124.49000000000001
2026-01-29 00:30:00+00:00,11307.600000000022,91.29
2026-01-29 01:00:00+00:00,11345.120000000023,37.52
2026-01-29 01:15:00+00:00,11437.550000000023,92.43000000000002
2026-01-29 01:45:00+00:00,11640.590000000024,203.04
2026-01-29 02:30:00+00:00,11432.190000000024,-208.4
2026-01-29 02:45:00+00:00,11389.610000000024,-42.58
2026-01-29 03:30:00+00:00,11469.540000000025,79.93
2026-01-29 03:45:00+00:00,11498.810000000025,29.26999999999999
2026-01-29 04:00:00+00:00,11528.200000000024,29.389999999999993
2026-01-29 05:15:00+00:00,11552.180000000024,23.979999999999993
2026-01-29 06:15:00+00:00,11584.530000000024,32.34999999999999
2026-01-29 07:00:00+00:00,11661.690000000024,77.16
2026-01-29 07:15:00+00:00,11700.340000000024,38.64999999999999
2026-01-29 07:30:00+00:00,11770.100000000024,69.76
2026-01-29 07:45:00+00:00,11797.330000000024,27.229999999999993
2026-01-29 09:00:00+00:00,11875.720000000023,78.39
2026-01-29 09:15:00+00:00,11903.150000000023,27.429999999999993
2026-01-29 09:45:00+00:00,11978.230000000023,75.08
2026-01-29 10:00:00+00:00,12034.680000000024,56.44999999999998
2026-01-29 10:30:00+00:00,11790.480000000023,-244.2
2026-01-29 10:45:00+00:00,11845.980000000023,55.499999999999986
2026-01-29 11:00:00+00:00,11876.270000000024,30.290000000000003
2026-01-29 11:15:00+00:00,11642.600000000024,-233.66999999999996
2026-01-29 11:45:00+00:00,11681.110000000024,38.51000000000002
2026-01-29 12:00:00+00:00,11705.370000000024,24.260000000000005
2026-01-29 12:30:00+00:00,12022.400000000025,317.03
2026-01-29 12:45:00+00:00,11780.140000000025,-242.26000000000002
2026-01-29 13:15:00+00:00,12071.740000000025,291.6
2026-01-29 13:30:00+00:00,11823.780000000026,-247.95999999999998
2026-01-29 14:15:00+00:00,11879.470000000027,55.69
2026-01-29 14:45:00+00:00,11671.070000000027,-208.4
2026-01-29 15:30:00+00:00,11796.230000000027,125.16
2026-01-29 15:45:00+00:00,11551.970000000027,-244.26000000000002
2026-01-29 16:00:00+00:00,11665.470000000027,113.5
2026-01-29 16:15:00+00:00,11747.190000000026,81.72
2026-01-29 16:30:00+00:00,11813.550000000027,66.36
2026-01-29 17:00:00+00:00,11571.140000000027,-242.41
2026-01-29 17:15:00+00:00,11888.170000000027,317.03
2026-01-29 17:30:00+00:00,12117.350000000028,229.18
2026-01-29 17:45:00+00:00,12253.160000000027,135.80999999999997
2026-01-29 18:00:00+00:00,12390.380000000026,137.22
2026-01-29 18:30:00+00:00,12548.640000000027,158.26000000000002
2026-01-29 18:45:00+00:00,12583.790000000026,35.15
2026-01-29 19:30:00+00:00,12676.580000000027,92.78999999999999
2026-01-29 20:15:00+00:00,12702.900000000027,26.319999999999993
2026-01-29 21:00:00+00:00,12444.490000000027,-258.41
2026-01-29 22:00:00+00:00,12485.680000000028,41.19000000000001
2026-01-29 23:15:00+00:00,12573.300000000028,87.62
2026-01-29 23:30:00+00:00,12354.770000000028,-218.53000000000003
2026-01-29 23:45:00+00:00,12207.710000000028,-147.06
2026-01-30 00:00:00+00:00,11956.940000000028,-250.77
2026-01-30 00:15:00+00:00,12304.730000000029,347.79
2026-01-30 00:45:00+00:00,12091.26000000003,-213.47000000000003
2026-01-30 01:30:00+00:00,11842.10000000003,-249.16000000000003
2026-01-30 01:45:00+00:00,11659.13000000003,-182.97000000000003
2026-01-30 02:00:00+00:00,11714.07000000003,54.93999999999999
2026-01-30 02:15:00+00:00,11834.33000000003,120.26000000000003
2026-01-30 02:30:00+00:00,11861.66000000003,27.330000000000005
2026-01-30 02:45:00+00:00,11643.13000000003,-218.53000000000003
2026-01-30 03:30:00+00:00,11737.84000000003,94.71000000000002
2026-01-30 04:00:00+00:00,11497.410000000029,-240.43
2026-01-30 04:30:00+00:00,11529.630000000028,32.21999999999999
2026-01-30 04:45:00+00:00,11587.360000000028,57.72999999999998
2026-01-30 05:30:00+00:00,11625.730000000029,38.37000000000001
2026-01-30 05:45:00+00:00,11878.93000000003,253.20000000000005
2026-01-30 06:00:00+00:00,11942.150000000029,63.22
2026-01-30 06:15:00+00:00,11998.410000000029,56.25999999999999
2026-01-30 06:30:00+00:00,12062.26000000003,63.849999999999994
2026-01-30 06:45:00+00:00,12410.05000000003,347.79
2026-01-30 07:00:00+00:00,12630.670000000031,220.61999999999998
2026-01-30 08:15:00+00:00,12374.950000000032,-255.72000000000003
2026-01-30 09:15:00+00:00,12485.58000000003,110.63000000000002
2026-01-30 09:30:00+00:00,12437.71000000003,-47.87
2026-01-30 09:45:00+00:00,12478.90000000003,41.19000000000001
2026-01-30 11:30:00+00:00,12541.39000000003,62.48999999999998
2026-01-30 12:15:00+00:00,12807.72000000003,266.33
2026-01-30 13:00:00+00:00,12547.11000000003,-260.61
2026-01-30 13:15:00+00:00,12659.56000000003,112.45000000000002
2026-01-30 14:30:00+00:00,12783.760000000031,124.20000000000003
2026-01-30 14:45:00+00:00,12693.82000000003,-89.93999999999997
2026-01-30 15:00:00+00:00,12955.12000000003,261.3
2026-01-30 15:15:00+00:00,12726.49000000003,-228.62999999999997
2026-01-30 15:30:00+00:00,12982.770000000031,256.28
2026-01-30 16:00:00+00:00,13170.610000000032,187.83999999999997
2026-01-30 16:15:00+00:00,12901.880000000032,-268.72999999999996
2026-01-30 16:30:00+00:00,12636.480000000032,-265.40000000000003
2026-01-30 17:00:00+00:00,12749.540000000032,113.06000000000003
2026-01-30 17:45:00+00:00,12843.660000000033,94.12
2026-01-30 18:15:00+00:00,12583.080000000033,-260.58
2026-01-30 18:45:00+00:00,12839.360000000033,256.28
2026-01-30 19:00:00+00:00,12872.120000000034,32.76000000000002
2026-01-30 19:15:00+00:00,12944.790000000034,72.66999999999999
2026-01-30 19:30:00+00:00,13077.750000000033,132.96
2026-01-30 20:30:00+00:00,13283.270000000033,205.52
2026-01-30 20:45:00+00:00,13452.640000000034,169.37
2026-01-30 21:00:00+00:00,13533.080000000034,80.43999999999998
2026-01-30 21:15:00+00:00,13256.190000000035,-276.89
2026-01-30 21:45:00+00:00,13283.730000000036,27.539999999999978
2026-01-30 22:30:00+00:00,13381.570000000036,97.84000000000002
2026-01-30 22:45:00+00:00,13465.890000000036,84.32
2026-01-30 23:30:00+00:00,13514.070000000036,48.179999999999986
2026-01-31 02:00:00+00:00,13346.450000000035,-167.62
2026-01-31 02:15:00+00:00,13607.750000000035,261.3
2026-01-31 02:45:00+00:00,13929.890000000034,322.14
2026-01-31 03:00:00+00:00,13999.720000000034,69.82999999999996
2026-01-31 05:30:00+00:00,14102.880000000034,103.15999999999998
2026-01-31 06:15:00+00:00,14196.800000000034,93.92
2026-01-31 07:00:00+00:00,14362.920000000035,166.12000000000003
2026-01-31 07:30:00+00:00,14190.180000000035,-172.74
2026-01-31 08:15:00+00:00,13951.480000000034,-238.7
2026-01-31 08:30:00+00:00,13753.230000000034,-198.25
2026-01-31 11:00:00+00:00,13781.800000000034,28.57
2026-01-31 11:30:00+00:00,13965.360000000033,183.56000000000003
2026-01-31 11:45:00+00:00,14267.110000000033,301.75
2026-01-31 13:15:00+00:00,14434.320000000032,167.21
2026-01-31 13:30:00+00:00,14640.740000000033,206.41999999999993
2026-01-31 13:45:00+00:00,14473.120000000032,-167.62
2026-01-31 14:00:00+00:00,14709.370000000032,236.25
2026-01-31 14:30:00+00:00,14500.970000000032,-208.4
2026-01-31 14:45:00+00:00,14292.570000000032,-208.4
2026-01-31 15:30:00+00:00,14028.820000000032,-263.75
2026-01-31 15:45:00+00:00,13744.240000000033,-284.58
2026-01-31 16:00:00+00:00,13463.190000000033,-281.05
2026-01-31 16:45:00+00:00,13543.630000000034,80.43999999999998
2026-01-31 18:00:00+00:00,13265.390000000034,-278.23999999999995
2026-01-31 18:15:00+00:00,13378.680000000035,113.29000000000002
2026-01-31 20:30:00+00:00,13472.450000000035,93.77
2026-01-31 20:45:00+00:00,13198.180000000035,-274.27000000000004
2026-01-31 21:15:00+00:00,13295.490000000034,97.31000000000002
2026-01-31 21:45:00+00:00,13556.790000000034,261.3
2026-01-31 22:00:00+00:00,13689.740000000034,132.95
2026-01-31 22:30:00+00:00,13856.990000000034,167.25000000000003
2026-01-31 23:00:00+00:00,14184.250000000035,327.26
2026-01-31 23:30:00+00:00,14094.310000000034,-89.93999999999997
2026-02-01 00:00:00+00:00,14232.780000000033,138.47
2026-02-01 01:15:00+00:00,14174.350000000033,-58.43
2026-02-01 01:30:00+00:00,14506.730000000032,332.38
2026-02-01 02:00:00+00:00,14773.060000000032,266.33
2026-02-01 02:15:00+00:00,15095.200000000032,322.14
2026-02-01 02:30:00+00:00,14785.610000000032,-309.59
2026-02-01 03:30:00+00:00,14607.750000000031,-177.86
2026-02-01 04:30:00+00:00,14641.58000000003,33.829999999999984
2026-02-01 05:30:00+00:00,14805.680000000031,164.1
2026-02-01 06:00:00+00:00,14938.250000000031,132.57000000000005
2026-02-01 06:45:00+00:00,14879.82000000003,-58.43
2026-02-01 07:00:00+00:00,14826.670000000031,-53.15
2026-02-01 07:15:00+00:00,14705.47000000003,-121.2
2026-02-01 07:30:00+00:00,14971.80000000003,266.33
2026-02-01 08:15:00+00:00,15139.79000000003,167.99
2026-02-01 10:45:00+00:00,15086.64000000003,-53.15
2026-02-01 11:00:00+00:00,14852.97000000003,-233.67
2026-02-01 11:30:00+00:00,14675.11000000003,-177.86
2026-02-01 12:30:00+00:00,14502.37000000003,-172.74
2026-02-01 12:45:00+00:00,14679.70000000003,177.33
2026-02-01 14:15:00+00:00,14491.63000000003,-188.07000000000002
2026-02-01 14:45:00+00:00,14654.32000000003,162.69
2026-02-01 15:00:00+00:00,14833.520000000031,179.2
2026-02-01 15:45:00+00:00,14549.850000000031,-283.67
2026-02-01 17:30:00+00:00,14583.470000000032,33.62000000000001
2026-02-01 17:45:00+00:00,14713.910000000033,130.44000000000003
2026-02-01 18:30:00+00:00,14744.450000000033,30.539999999999967
2026-02-01 18:45:00+00:00,14876.410000000033,131.96
2026-02-01 19:15:00+00:00,14571.340000000033,-305.07
2026-02-01 19:30:00+00:00,14408.850000000033,-162.49
2026-02-01 20:00:00+00:00,14371.570000000032,-37.28
2026-02-01 20:15:00+00:00,14642.940000000033,271.37
2026-02-01 21:00:00+00:00,14424.410000000033,-218.53000000000003
2026-02-01 21:15:00+00:00,14130.830000000033,-293.58000000000004
2026-02-01 21:30:00+00:00,14342.200000000033,211.37
2026-02-01 21:45:00+00:00,14048.120000000034,-294.08
2026-02-01 22:00:00+00:00,13963.410000000034,-84.71
2026-02-01 22:15:00+00:00,14029.300000000034,65.89000000000001
2026-02-01 22:30:00+00:00,13851.440000000033,-177.86
2026-02-01 22:45:00+00:00,14072.740000000033,221.3
2026-02-01 23:00:00+00:00,13784.110000000033,-288.63
2026-02-01 23:15:00+00:00,13590.950000000033,-193.16
2026-02-01 23:30:00+00:00,13902.880000000034,311.93
2026-02-02 00:00:00+00:00,13844.450000000033,-58.43
2026-02-02 00:15:00+00:00,14105.750000000033,261.3
2026-02-02 00:45:00+00:00,14199.670000000033,93.92
2026-02-02 01:00:00+00:00,13986.200000000033,-213.47000000000003
2026-02-02 01:15:00+00:00,13699.470000000034,-286.73
2026-02-02 01:30:00+00:00,14001.220000000034,301.75
2026-02-02 01:45:00+00:00,13732.480000000034,-268.74
2026-02-02 02:00:00+00:00,13653.010000000035,-79.47000000000001
2026-02-02 02:30:00+00:00,13730.040000000035,77.03000000000002
2026-02-02 02:45:00+00:00,13557.300000000036,-172.74
2026-02-02 03:00:00+00:00,13384.560000000036,-172.74
2026-02-02 03:15:00+00:00,13130.810000000036,-253.75
2026-02-02 03:30:00+00:00,12973.460000000036,-157.35
2026-02-02 03:45:00+00:00,12780.300000000036,-193.16
2026-02-02 04:00:00+00:00,12943.540000000035,163.24
2026-02-02 04:15:00+00:00,12765.680000000035,-177.86
2026-02-02 04:30:00+00:00,12833.690000000035,68.00999999999999
2026-02-02 04:45:00+00:00,12570.810000000036,-262.88
2026-02-02 05:15:00+00:00,12312.620000000035,-258.19
2026-02-02 05:30:00+00:00,12134.760000000035,-177.86
2026-02-02 05:45:00+00:00,12378.550000000036,243.79000000000002
2026-02-02 06:00:00+00:00,12523.580000000036,145.03
2026-02-02 06:15:00+00:00,12825.330000000036,301.75
2026-02-02 06:30:00+00:00,12934.780000000037,109.44999999999999
2026-02-02 06:45:00+00:00,13196.080000000036,261.3
2026-02-02 07:00:00+00:00,13482.610000000037,286.53
2026-02-02 07:15:00+00:00,13647.620000000037,165.01
2026-02-02 07:30:00+00:00,13366.220000000038,-281.40000000000003
2026-02-02 07:45:00+00:00,13576.500000000038,210.28
2026-02-02 08:30:00+00:00,14023.350000000039,446.85
2026-02-02 08:45:00+00:00,14180.730000000038,157.37999999999997
2026-02-02 09:45:00+00:00,13916.980000000038,-263.75
2026-02-02 10:30:00+00:00,13952.560000000038,35.58000000000001
2026-02-02 11:30:00+00:00,14274.700000000037,322.14
2026-02-02 11:45:00+00:00,14195.230000000038,-79.47000000000001
2026-02-02 12:00:00+00:00,14266.450000000037,71.21999999999998
2026-02-02 12:30:00+00:00,13982.780000000037,-283.67
2026-02-02 12:45:00+00:00,14146.720000000038,163.94
2026-02-02 13:15:00+00:00,14256.400000000038,109.68000000000002
2026-02-02 13:30:00+00:00,13964.250000000038,-292.15
2026-02-02 13:45:00+00:00,14034.280000000039,70.03
2026-02-02 14:30:00+00:00,14228.90000000004,194.61999999999995
2026-02-02 15:00:00+00:00,14576.69000000004,347.79
2026-02-02 15:30:00+00:00,14363.220000000041,-213.47000000000003
2026-02-02 15:45:00+00:00,14069.27000000004,-293.95000000000005
2026-02-02 16:00:00+00:00,14315.52000000004,246.25
2026-02-02 16:30:00+00:00,14596.99000000004,281.47
2026-02-02 16:45:00+00:00,14634.26000000004,37.26999999999997
2026-02-02 17:30:00+00:00,14682.78000000004,48.520000000000024
2026-02-02 18:00:00+00:00,14847.59000000004,164.81
2026-02-02 18:30:00+00:00,14705.69000000004,-141.9
2026-02-02 19:00:00+00:00,14750.550000000041,44.86000000000001
2026-02-02 19:15:00+00:00,14888.94000000004,138.39000000000004
2026-02-02 19:45:00+00:00,15150.24000000004,261.3
2026-02-02 20:00:00+00:00,15188.97000000004,38.729999999999976
2026-02-02 20:30:00+00:00,15395.39000000004,206.41999999999993
2026-02-02 21:45:00+00:00,15567.98000000004,172.59
2026-02-02 23:00:00+00:00,15650.96000000004,82.97999999999998
2026-02-02 23:15:00+00:00,15754.99000000004,104.03000000000003
2026-02-03 00:00:00+00:00,15859.76000000004,104.77
2026-02-03 00:45:00+00:00,15536.67000000004,-323.09
2026-02-03 01:00:00+00:00,15219.64000000004,-317.03
2026-02-03 01:15:00+00:00,15582.90000000004,363.26
2026-02-03 03:30:00+00:00,15844.200000000039,261.3
2026-02-03 03:45:00+00:00,16055.57000000004,211.37
2026-02-03 04:00:00+00:00,16342.10000000004,286.53
2026-02-03 04:15:00+00:00,16502.62000000004,160.52
2026-02-03 04:30:00+00:00,16263.920000000038,-238.7
2026-02-03 05:00:00+00:00,16091.180000000038,-172.74
2026-02-03 05:15:00+00:00,15928.690000000039,-162.49
2026-02-03 05:30:00+00:00,15735.530000000039,-193.16
2026-02-03 05:45:00+00:00,15451.860000000039,-283.67
2026-02-03 06:15:00+00:00,15213.160000000038,-238.7
2026-02-03 06:45:00+00:00,15280.370000000037,67.21
2026-02-03 09:30:00+00:00,15051.740000000038,-228.63
2026-02-03 10:00:00+00:00,15373.880000000037,322.14
2026-02-03 10:15:00+00:00,15675.630000000037,301.75
2026-02-03 10:30:00+00:00,15711.930000000037,36.29999999999997
2026-02-03 10:45:00+00:00,15653.500000000036,-58.43
2026-02-03 12:45:00+00:00,15800.380000000036,146.88000000000002
2026-02-03 13:15:00+00:00,15836.990000000036,36.610000000000014
2026-02-03 13:45:00+00:00,15513.830000000036,-323.16
2026-02-03 14:15:00+00:00,15775.130000000036,261.3
2026-02-03 14:30:00+00:00,16216.700000000035,441.57
2026-02-03 14:45:00+00:00,16190.030000000035,-26.67
2026-02-03 15:00:00+00:00,15951.330000000034,-238.7
2026-02-03 16:15:00+00:00,16094.260000000035,142.93000000000004
2026-02-03 17:00:00+00:00,15855.560000000034,-238.7
2026-02-03 18:00:00+00:00,15667.490000000034,-188.07000000000002
2026-02-03 18:15:00+00:00,15349.890000000034,-317.6
2026-02-03 18:30:00+00:00,15111.190000000033,-238.7
2026-02-03 18:45:00+00:00,14872.490000000033,-238.7
2026-02-03 19:45:00+00:00,14608.740000000033,-263.75
2026-02-03 20:00:00+00:00,14739.480000000032,130.73999999999998
2026-02-03 20:30:00+00:00,14455.810000000032,-283.67
2026-02-03 21:00:00+00:00,14656.470000000032,200.65999999999997
2026-02-03 22:15:00+00:00,14598.040000000032,-58.43
2026-02-03 22:30:00+00:00,14859.340000000031,261.3
2026-02-03 23:00:00+00:00,14696.850000000031,-162.49
2026-02-03 23:15:00+00:00,14397.720000000032,-299.13
2026-02-03 23:30:00+00:00,14102.380000000032,-295.34000000000003
2026-02-03 23:45:00+00:00,13878.800000000032,-223.57999999999998
2026-02-04 00:15:00+00:00,14095.130000000032,216.33
2026-02-04 00:30:00+00:00,14031.430000000031,-63.7
2026-02-04 00:45:00+00:00,13983.56000000003,-47.86999999999998
2026-02-04 01:30:00+00:00,13696.500000000031,-287.06
2026-02-04 02:15:00+00:00,13745.590000000031,49.090000000000025
2026-02-04 02:45:00+00:00,13537.190000000031,-208.4
2026-02-04 03:00:00+00:00,13823.720000000032,286.53
2026-02-04 03:15:00+00:00,14110.250000000033,286.53
2026-02-04 03:30:00+00:00,13942.630000000032,-167.62
2026-02-04 05:00:00+00:00,13764.770000000031,-177.86
2026-02-04 05:15:00+00:00,13806.870000000032,42.10000000000001
2026-02-04 06:00:00+00:00,13524.880000000032,-281.99
2026-02-04 07:00:00+00:00,13801.300000000032,276.42
2026-02-04 07:15:00+00:00,13893.250000000033,91.95000000000002
2026-02-04 09:30:00+00:00,13834.820000000032,-58.43
2026-02-04 09:45:00+00:00,13550.940000000033,-283.88
2026-02-04 10:15:00+00:00,13645.990000000033,95.05000000000001
2026-02-04 10:30:00+00:00,13473.250000000033,-172.74
2026-02-04 12:30:00+00:00,13545.000000000033,71.74999999999997
2026-02-04 13:45:00+00:00,13266.760000000033,-278.23999999999995
2026-02-04 14:00:00+00:00,13094.020000000033,-172.74
2026-02-04 14:15:00+00:00,13254.180000000033,160.16
2026-02-04 14:30:00+00:00,13378.410000000033,124.23000000000002
2026-02-04 14:45:00+00:00,13304.190000000033,-74.22
2026-02-04 15:30:00+00:00,13198.590000000033,-105.6
2026-02-04 16:00:00+00:00,12959.890000000032,-238.7
2026-02-04 16:30:00+00:00,13196.140000000032,236.25
2026-02-04 17:45:00+00:00,13442.390000000032,246.25
2026-02-04 18:00:00+00:00,13357.680000000033,-84.71
2026-02-04 18:15:00+00:00,13664.520000000033,306.84
2026-02-04 18:30:00+00:00,13935.890000000034,271.37
2026-02-04 18:45:00+00:00,14113.690000000033,177.8
2026-02-04 19:00:00+00:00,14060.540000000034,-53.15
2026-02-04 19:30:00+00:00,13821.840000000033,-238.7
2026-02-04 20:30:00+00:00,13983.600000000033,161.76000000000002
2026-02-04 21:30:00+00:00,13744.900000000032,-238.7
2026-02-04 22:00:00+00:00,14067.040000000032,322.14
2026-02-04 22:15:00+00:00,13777.460000000032,-289.58
2026-02-04 22:30:00+00:00,13846.490000000033,69.02999999999999
2026-02-04 22:45:00+00:00,13617.860000000033,-228.63
2026-02-04 23:00:00+00:00,13340.100000000033,-277.76
2026-02-04 23:15:00+00:00,13496.400000000032,156.29999999999998
2026-02-04 23:45:00+00:00,13635.040000000032,138.64000000000004
2026-02-05 00:30:00+00:00,13801.920000000031,166.88
2026-02-05 00:45:00+00:00,13717.210000000032,-84.71
2026-02-05 01:30:00+00:00,13669.340000000031,-47.87
2026-02-05 01:45:00+00:00,13405.590000000031,-263.75
2026-02-05 02:00:00+00:00,13187.06000000003,-218.53000000000003
2026-02-05 02:15:00+00:00,12973.590000000031,-213.47000000000003
2026-02-05 02:30:00+00:00,13275.340000000031,301.75
2026-02-05 02:45:00+00:00,13424.24000000003,148.89999999999998
2026-02-05 03:15:00+00:00,13149.32000000003,-274.92
2026-02-05 03:30:00+00:00,12961.250000000031,-188.07000000000002
2026-02-05 03:45:00+00:00,12752.850000000031,-208.4
2026-02-05 04:00:00+00:00,12489.760000000031,-263.09000000000003
2026-02-05 04:15:00+00:00,12256.090000000031,-233.67
2026-02-05 04:30:00+00:00,12433.610000000032,177.51999999999998
2026-02-05 04:45:00+00:00,12720.140000000032,286.53
2026-02-05 05:00:00+00:00,12486.470000000032,-233.67
2026-02-05 05:15:00+00:00,12682.900000000032,196.42999999999998
2026-02-05 05:30:00+00:00,12424.150000000032,-258.75
2026-02-05 05:45:00+00:00,12654.260000000033,230.10999999999999
2026-02-05 06:00:00+00:00,12476.400000000032,-177.86
2026-02-05 06:15:00+00:00,12221.350000000033,-255.05
2026-02-05 06:30:00+00:00,11970.680000000033,-250.67
2026-02-05 07:00:00+00:00,12385.970000000034,415.29
2026-02-05 07:15:00+00:00,12451.900000000034,65.92999999999998
2026-02-05 07:30:00+00:00,12779.160000000034,327.26
2026-02-05 07:45:00+00:00,12601.300000000034,-177.86
2026-02-05 08:15:00+00:00,12748.880000000034,147.58
2026-02-05 08:30:00+00:00,12898.280000000033,149.4
2026-02-05 08:45:00+00:00,12988.710000000034,90.43
2026-02-05 09:30:00+00:00,13295.550000000034,306.84
2026-02-05 10:15:00+00:00,13237.120000000034,-58.43
2026-02-05 10:30:00+00:00,13152.410000000034,-84.71000000000001
2026-02-05 11:00:00+00:00,12954.160000000034,-198.25
2026-02-05 11:30:00+00:00,12688.740000000034,-265.42
2026-02-05 11:45:00+00:00,12975.270000000035,286.53
2026-02-05 12:00:00+00:00,12708.110000000035,-267.16
2026-02-05 12:15:00+00:00,12499.710000000036,-208.4
2026-02-05 12:30:00+00:00,12394.110000000035,-105.6
2026-02-05 12:45:00+00:00,12221.370000000035,-172.74
2026-02-05 13:00:00+00:00,12346.980000000036,125.61
2026-02-05 13:15:00+00:00,12118.350000000037,-228.63
2026-02-05 14:15:00+00:00,12012.750000000036,-105.59999999999997
2026-02-05 15:00:00+00:00,11764.070000000036,-248.68
2026-02-05 15:15:00+00:00,11576.000000000036,-188.07000000000002
2026-02-05 15:30:00+00:00,11339.830000000036,-236.17000000000002
2026-02-05 15:45:00+00:00,11456.080000000036,116.24999999999999
2026-02-05 16:00:00+00:00,11224.070000000036,-232.01000000000002
2026-02-05 16:15:00+00:00,10993.310000000036,-230.76000000000002
2026-02-05 16:45:00+00:00,10767.990000000036,-225.32
2026-02-05 17:00:00+00:00,11012.570000000036,244.57999999999998
2026-02-05 17:30:00+00:00,11334.710000000036,322.14
2026-02-05 17:45:00+00:00,11250.000000000036,-84.71
2026-02-05 18:00:00+00:00,11092.650000000036,-157.35
2026-02-05 18:15:00+00:00,11306.390000000036,213.74
2026-02-05 18:30:00+00:00,11074.520000000035,-231.86999999999998
2026-02-05 18:45:00+00:00,11228.040000000035,153.51999999999998
2026-02-05 19:00:00+00:00,11555.300000000036,327.26
2026-02-05 19:15:00+00:00,11428.910000000036,-126.39000000000001
2026-02-05 19:30:00+00:00,11235.750000000036,-193.16
2026-02-05 19:45:00+00:00,11002.780000000037,-232.97000000000003
2026-02-05 20:00:00+00:00,10775.850000000037,-226.93000000000004
2026-02-05 20:15:00+00:00,10552.270000000037,-223.58
2026-02-05 20:30:00+00:00,10462.330000000036,-89.94
2026-02-05 20:45:00+00:00,10274.260000000037,-188.07000000000002
2026-02-05 21:00:00+00:00,10062.900000000036,-211.36
2026-02-05 21:15:00+00:00,9856.670000000036,-206.23
2026-02-05 21:30:00+00:00,10039.050000000036,182.38
2026-02-05 21:45:00+00:00,9832.370000000035,-206.68
2026-02-05 22:00:00+00:00,9629.960000000036,-202.41000000000003
2026-02-05 22:15:00+00:00,9815.720000000036,185.76
2026-02-05 22:30:00+00:00,10122.560000000036,306.84
2026-02-05 22:45:00+00:00,9912.500000000036,-210.06
2026-02-05 23:00:00+00:00,9706.290000000037,-206.21
2026-02-05 23:30:00+00:00,9506.870000000037,-199.42000000000002
2026-02-05 23:45:00+00:00,9309.700000000037,-197.17000000000002
2026-02-06 00:00:00+00:00,9116.690000000037,-193.01
2026-02-06 00:15:00+00:00,9031.980000000038,-84.71
2026-02-06 00:30:00+00:00,9199.240000000038,167.26000000000002
2026-02-06 00:45:00+00:00,9306.830000000038,107.58999999999999
2026-02-06 01:00:00+00:00,9359.270000000039,52.440000000000005
2026-02-06 01:15:00+00:00,9494.680000000038,135.41
2026-02-06 01:30:00+00:00,9299.440000000039,-195.24000000000004
2026-02-06 01:45:00+00:00,9457.830000000038,158.39
2026-02-06 02:15:00+00:00,9263.690000000039,-194.14
2026-02-06 02:30:00+00:00,9076.110000000039,-187.58
2026-02-06 03:00:00+00:00,8887.400000000038,-188.71000000000004
2026-02-06 03:15:00+00:00,8703.120000000037,-184.28
2026-02-06 03:30:00+00:00,8804.900000000038,101.78
2026-02-06 03:45:00+00:00,8624.130000000037,-180.77
2026-02-06 04:00:00+00:00,8581.550000000037,-42.58
2026-02-06 04:30:00+00:00,8677.750000000038,96.19999999999999
2026-02-06 04:45:00+00:00,8497.150000000038,-180.6
2026-02-06 05:30:00+00:00,8569.720000000038,72.57000000000002
2026-02-06 05:45:00+00:00,8665.920000000038,96.19999999999999
2026-02-06 06:15:00+00:00,8487.990000000038,-177.93000000000004
2026-02-06 06:45:00+00:00,8315.250000000038,-172.74
2026-02-06 07:00:00+00:00,8143.790000000038,-171.46
2026-02-06 07:15:00+00:00,7974.090000000038,-169.70000000000002
2026-02-06 07:30:00+00:00,8115.620000000038,141.53
2026-02-06 07:45:00+00:00,8248.400000000038,132.78
2026-02-06 08:00:00+00:00,8077.380000000037,-171.02
2026-02-06 08:15:00+00:00,8260.810000000038,183.42999999999998
2026-02-06 08:30:00+00:00,8090.420000000037,-170.39
2026-02-06 08:45:00+00:00,7938.210000000037,-152.21000000000004
2026-02-06 09:00:00+00:00,8068.330000000037,130.11999999999998
2026-02-06 09:15:00+00:00,8162.840000000037,94.51
2026-02-06 09:30:00+00:00,8219.970000000038,57.13000000000001
2026-02-06 09:45:00+00:00,8338.860000000037,118.88999999999997
2026-02-06 10:00:00+00:00,8165.810000000037,-173.04999999999998
2026-02-06 10:15:00+00:00,7997.100000000037,-168.71
2026-02-06 11:30:00+00:00,7832.570000000037,-164.53
2026-02-06 11:45:00+00:00,7747.860000000037,-84.71000000000001
2026-02-06 12:00:00+00:00,7647.470000000037,-100.38999999999997
2026-02-06 12:15:00+00:00,7719.180000000037,71.71000000000001
2026-02-06 12:45:00+00:00,7765.300000000037,46.12
2026-02-06 13:00:00+00:00,7603.180000000037,-162.12
2026-02-06 13:15:00+00:00,7492.370000000036,-110.80999999999999
2026-02-06 13:30:00+00:00,7886.770000000036,394.4
2026-02-06 13:45:00+00:00,7979.100000000036,92.33000000000001
2026-02-06 15:00:00+00:00,8024.140000000036,45.039999999999985
2026-02-06 15:15:00+00:00,7858.0000000000355,-166.14000000000001
2026-02-06 15:30:00+00:00,8036.2100000000355,178.20999999999998
2026-02-06 15:45:00+00:00,8152.2100000000355,115.99999999999999
2026-02-06 16:00:00+00:00,7985.440000000035,-166.77
2026-02-06 16:15:00+00:00,8181.910000000035,196.47
2026-02-06 16:30:00+00:00,8420.430000000035,238.51999999999998
2026-02-06 16:45:00+00:00,8627.760000000035,207.32999999999998
2026-02-06 17:00:00+00:00,8724.310000000034,96.55
2026-02-06 17:15:00+00:00,9056.690000000033,332.38
2026-02-06 17:30:00+00:00,9158.190000000033,101.5
2026-02-06 17:45:00+00:00,9229.010000000033,70.81999999999998
2026-02-06 18:00:00+00:00,9038.050000000034,-190.96
2026-02-06 18:15:00+00:00,8850.110000000033,-187.94000000000003
2026-02-06 18:30:00+00:00,8666.910000000033,-183.2
2026-02-06 18:45:00+00:00,8827.080000000033,160.17
2026-02-06 19:15:00+00:00,8930.310000000032,103.22999999999999
2026-02-06 19:30:00+00:00,9213.950000000032,283.64
2026-02-06 20:00:00+00:00,9129.240000000033,-84.71000000000001
2026-02-06 20:30:00+00:00,9231.450000000032,102.21000000000001
2026-02-06 21:00:00+00:00,9042.41000000003,-189.04
2026-02-06 21:15:00+00:00,8856.91000000003,-185.5
2026-02-06 21:45:00+00:00,8672.47000000003,-184.44
2026-02-06 22:00:00+00:00,8869.49000000003,197.01999999999998
2026-02-06 22:15:00+00:00,8973.45000000003,103.96000000000001
2026-02-06 22:30:00+00:00,9078.50000000003,105.05
2026-02-06 22:45:00+00:00,8889.79000000003,-188.70999999999998
2026-02-06 23:00:00+00:00,8910.31000000003,20.519999999999985
2026-02-06 23:30:00+00:00,8862.44000000003,-47.87
2026-02-06 23:45:00+00:00,8725.70000000003,-136.74
2026-02-07 00:00:00+00:00,9002.71000000003,277.01
2026-02-07 00:15:00+00:00,8954.84000000003,-47.87
2026-02-07 00:30:00+00:00,9349.240000000029,394.4
2026-02-07 02:00:00+00:00,9296.09000000003,-53.149999999999984
2026-02-07 02:15:00+00:00,9361.160000000029,65.07000000000001
2026-02-07 02:30:00+00:00,9475.400000000029,114.24000000000001
2026-02-07 04:30:00+00:00,9775.940000000028,300.53999999999996
2026-02-07 05:00:00+00:00,9917.540000000028,141.6
2026-02-07 05:45:00+00:00,9711.250000000027,-206.29000000000002
2026-02-07 06:00:00+00:00,9511.520000000028,-199.73000000000002
2026-02-07 06:15:00+00:00,9315.310000000029,-196.21
2026-02-07 06:30:00+00:00,9586.490000000029,271.18
2026-02-07 07:00:00+00:00,9408.630000000028,-177.86
2026-02-07 07:15:00+00:00,9216.020000000028,-192.61
2026-02-07 07:30:00+00:00,9105.210000000028,-110.81000000000002
2026-02-07 07:45:00+00:00,9311.640000000029,206.42999999999998
2026-02-07 08:00:00+00:00,9394.84000000003,83.20000000000002
2026-02-07 08:45:00+00:00,9542.38000000003,147.54
2026-02-07 09:00:00+00:00,9343.95000000003,-198.43
2026-02-07 09:15:00+00:00,9150.92000000003,-193.03
2026-02-07 09:30:00+00:00,9240.740000000029,89.82000000000004
2026-02-07 10:00:00+00:00,9319.51000000003,78.77000000000001
2026-02-07 10:15:00+00:00,9687.94000000003,368.43
2026-02-07 10:45:00+00:00,9778.830000000029,90.89000000000003
2026-02-07 11:30:00+00:00,9837.220000000028,58.39000000000001
2026-02-07 11:45:00+00:00,9632.990000000029,-204.23000000000002
2026-02-07 12:00:00+00:00,9761.120000000028,128.13
2026-02-07 12:45:00+00:00,10098.630000000028,337.51
2026-02-07 13:15:00+00:00,10193.300000000028,94.67000000000002
2026-02-07 14:00:00+00:00,10140.150000000029,-53.149999999999984
2026-02-07 14:15:00+00:00,10441.900000000029,301.75
2026-02-07 14:30:00+00:00,10229.42000000003,-212.48000000000002
2026-02-07 15:00:00+00:00,10097.85000000003,-131.57
2026-02-07 15:45:00+00:00,9992.25000000003,-105.59999999999997
2026-02-07 16:45:00+00:00,10073.560000000029,81.31
2026-02-07 18:15:00+00:00,9867.380000000028,-206.18
2026-02-07 19:00:00+00:00,9916.770000000028,49.38999999999999
2026-02-07 20:00:00+00:00,9947.030000000028,30.260000000000016
2026-02-07 20:15:00+00:00,10063.350000000028,116.32
2026-02-07 20:45:00+00:00,10010.200000000028,-53.149999999999984
2026-02-07 21:00:00+00:00,9806.630000000028,-203.57
2026-02-07 21:15:00+00:00,9831.620000000028,24.989999999999988
2026-02-07 22:00:00+00:00,9658.880000000028,-172.74
2026-02-07 22:30:00+00:00,9877.850000000028,218.97
2026-02-07 22:45:00+00:00,9672.690000000028,-205.16000000000003
2026-02-07 23:00:00+00:00,9954.370000000028,281.67999999999995
2026-02-07 23:30:00+00:00,10180.130000000028,225.76
2026-02-08 00:15:00+00:00,9968.620000000028,-211.50999999999996
2026-02-08 00:45:00+00:00,9761.450000000028,-207.17000000000002
2026-02-08 01:00:00+00:00,10012.440000000028,250.98999999999998
2026-02-08 02:30:00+00:00,10097.990000000027,85.55000000000001
2026-02-08 03:00:00+00:00,9893.040000000026,-204.95
2026-02-08 03:15:00+00:00,9687.880000000026,-205.16000000000003
2026-02-08 04:00:00+00:00,9486.360000000026,-201.52
2026-02-08 04:15:00+00:00,9289.240000000025,-197.12
2026-02-08 04:30:00+00:00,9571.670000000026,282.43
2026-02-08 06:00:00+00:00,9789.070000000025,217.39999999999998
2026-02-08 06:30:00+00:00,9818.930000000026,29.86
2026-02-08 07:00:00+00:00,9938.770000000026,119.84
2026-02-08 07:45:00+00:00,9885.620000000026,-53.149999999999984
2026-02-08 08:15:00+00:00,9987.170000000026,101.55000000000004
2026-02-08 08:45:00+00:00,9782.280000000026,-204.89000000000001
2026-02-08 09:00:00+00:00,9580.880000000026,-201.4
2026-02-08 09:15:00+00:00,9713.850000000026,132.96999999999997
2026-02-08 09:30:00+00:00,9515.400000000025,-198.44999999999996
2026-02-08 09:45:00+00:00,9878.660000000025,363.26
2026-02-08 11:00:00+00:00,9773.060000000025,-105.59999999999997
2026-02-08 11:30:00+00:00,9683.120000000024,-89.93999999999997
2026-02-08 12:15:00+00:00,9931.890000000025,248.77
2026-02-08 12:30:00+00:00,9738.730000000025,-193.16
2026-02-08 12:45:00+00:00,9814.240000000025,75.51
2026-02-08 13:15:00+00:00,10100.000000000025,285.76
2026-02-08 13:45:00+00:00,9927.260000000026,-172.74
2026-02-08 15:00:00+00:00,10038.670000000026,111.41000000000001
2026-02-08 15:30:00+00:00,9860.810000000025,-177.86
2026-02-08 16:00:00+00:00,10188.070000000025,327.26
2026-02-08 16:30:00+00:00,10302.300000000025,114.22999999999999
2026-02-08 17:00:00+00:00,10088.730000000025,-213.57
2026-02-08 17:15:00+00:00,10152.440000000024,63.71
2026-02-08 17:30:00+00:00,9944.320000000023,-208.12
2026-02-08 18:00:00+00:00,9738.080000000024,-206.24
2026-02-08 19:30:00+00:00,9770.380000000023,32.3
2026-02-08 20:30:00+00:00,9570.020000000022,-200.36
2026-02-08 21:15:00+00:00,9681.980000000021,111.96
2026-02-08 21:30:00+00:00,9709.080000000022,27.100000000000012
2026-02-08 22:00:00+00:00,9508.630000000021,-200.45000000000002
2026-02-08 22:15:00+00:00,9640.390000000021,131.75999999999996
2026-02-08 22:30:00+00:00,9758.36000000002,117.97000000000001
2026-02-08 22:45:00+00:00,10095.87000000002,337.51
2026-02-08 23:00:00+00:00,10209.04000000002,113.17
2026-02-08 23:15:00+00:00,10046.550000000021,-162.48999999999998
2026-02-08 23:45:00+00:00,9868.69000000002,-177.86
2026-02-09 00:00:00+00:00,9903.92000000002,35.23
2026-02-09 00:15:00+00:00,10014.97000000002,111.05000000000001
2026-02-09 00:30:00+00:00,9809.38000000002,-205.59
2026-02-09 01:00:00+00:00,9945.57000000002,136.18999999999997
2026-02-09 01:15:00+00:00,9739.33000000002,-206.24
2026-02-09 02:00:00+00:00,9898.67000000002,159.34
2026-02-09 02:15:00+00:00,9695.72000000002,-202.95
2026-02-09 03:00:00+00:00,9744.32000000002,48.59999999999999
2026-02-09 03:45:00+00:00,9691.17000000002,-53.149999999999984
2026-02-09 05:00:00+00:00,9492.75000000002,-198.42
2026-02-09 05:45:00+00:00,9549.33000000002,56.57999999999999
2026-02-09 06:00:00+00:00,9681.89000000002,132.55999999999997
2026-02-09 06:45:00+00:00,9941.40000000002,259.51
2026-02-09 07:00:00+00:00,10079.200000000019,137.79999999999998
2026-02-09 07:15:00+00:00,10308.100000000019,228.89999999999998
2026-02-09 07:30:00+00:00,10094.100000000019,-214.0
2026-02-09 08:00:00+00:00,10197.660000000018,103.56
2026-02-09 08:15:00+00:00,10345.040000000017,147.38
2026-02-09 08:30:00+00:00,10131.400000000018,-213.64000000000001
2026-02-09 08:45:00+00:00,9968.910000000018,-162.49
2026-02-09 09:00:00+00:00,10112.990000000018,144.07999999999996
2026-02-09 09:30:00+00:00,9905.490000000018,-207.5
2026-02-09 09:45:00+00:00,9702.540000000017,-202.95
2026-02-09 10:00:00+00:00,9501.550000000017,-200.99
2026-02-09 10:15:00+00:00,9304.330000000018,-197.22
2026-02-09 10:30:00+00:00,9256.460000000017,-47.87
2026-02-09 10:45:00+00:00,9063.360000000017,-193.1
2026-02-09 11:00:00+00:00,9174.240000000016,110.88000000000001
2026-02-09 11:45:00+00:00,9496.380000000016,322.14
2026-02-09 12:00:00+00:00,9559.490000000016,63.11
2026-02-09 13:00:00+00:00,9581.560000000016,22.069999999999993
2026-02-09 14:15:00+00:00,9384.910000000016,-196.65
2026-02-09 14:30:00+00:00,9515.060000000016,130.14999999999998
2026-02-09 15:30:00+00:00,9319.220000000016,-195.84
2026-02-09 15:45:00+00:00,9530.870000000015,211.64999999999998
2026-02-09 16:00:00+00:00,9604.720000000016,73.85
2026-02-09 16:30:00+00:00,9712.230000000016,107.50999999999999
2026-02-09 16:45:00+00:00,9515.830000000016,-196.4
2026-02-09 17:15:00+00:00,9343.090000000017,-172.74
2026-02-09 18:00:00+00:00,9415.560000000016,72.47000000000001
2026-02-09 18:15:00+00:00,9220.300000000016,-195.26000000000002
2026-02-09 18:45:00+00:00,9333.050000000016,112.75
2026-02-09 19:15:00+00:00,9468.040000000015,134.98999999999998
2026-02-09 19:30:00+00:00,9721.360000000015,253.32
2026-02-09 20:45:00+00:00,9850.670000000015,129.31
2026-02-09 21:00:00+00:00,9646.340000000015,-204.32999999999998
2026-02-09 21:15:00+00:00,9478.720000000014,-167.62
2026-02-09 21:30:00+00:00,9281.570000000014,-197.15
2026-02-09 21:45:00+00:00,9088.830000000014,-192.74000000000004
2026-02-09 22:00:00+00:00,9303.490000000014,214.66
2026-02-09 22:15:00+00:00,9630.750000000015,327.26
2026-02-09 22:45:00+00:00,9824.300000000014,193.55
2026-02-09 23:00:00+00:00,9646.440000000013,-177.86
2026-02-10 00:15:00+00:00,9710.530000000013,64.08999999999999
2026-02-10 01:00:00+00:00,9834.300000000014,123.77000000000001
2026-02-10 01:15:00+00:00,10057.450000000013,223.14999999999998
2026-02-10 02:30:00+00:00,9851.220000000014,-206.23
2026-02-10 02:45:00+00:00,9646.990000000014,-204.23000000000002
2026-02-10 03:00:00+00:00,9825.590000000015,178.6
2026-02-10 03:30:00+00:00,9623.800000000014,-201.79
2026-02-10 03:45:00+00:00,9544.330000000014,-79.47000000000001
2026-02-10 04:15:00+00:00,9655.920000000015,111.59
2026-02-10 04:30:00+00:00,9459.160000000014,-196.75999999999996
2026-02-10 06:00:00+00:00,9673.950000000015,214.79
2026-02-10 06:15:00+00:00,9501.210000000015,-172.74
2026-02-10 07:00:00+00:00,9442.780000000015,-58.43
2026-02-10 07:30:00+00:00,9280.290000000015,-162.49
2026-02-10 07:45:00+00:00,9102.430000000015,-177.86
2026-02-10 08:00:00+00:00,9156.730000000014,54.29999999999998
2026-02-10 08:15:00+00:00,8978.870000000014,-177.86
2026-02-10 09:30:00+00:00,8999.600000000013,20.729999999999986
2026-02-10 10:15:00+00:00,9076.300000000014,76.70000000000002
2026-02-10 11:15:00+00:00,8924.090000000015,-152.21000000000004
2026-02-10 12:00:00+00:00,8766.740000000014,-157.35
2026-02-10 13:00:00+00:00,9114.530000000015,347.79
2026-02-10 13:15:00+00:00,8936.670000000015,-177.86
2026-02-10 13:30:00+00:00,9115.940000000015,179.27
2026-02-10 14:00:00+00:00,9170.240000000014,54.29999999999998
2026-02-10 14:15:00+00:00,9492.380000000014,322.14
2026-02-10 15:15:00+00:00,9598.830000000014,106.45
2026-02-10 16:00:00+00:00,9402.060000000014,-196.76999999999998
2026-02-10 16:30:00+00:00,9490.120000000014,88.06000000000003
2026-02-10 16:45:00+00:00,9295.290000000014,-194.82999999999998
2026-02-10 17:15:00+00:00,9341.910000000014,46.62
2026-02-10 17:30:00+00:00,9288.760000000015,-53.149999999999984
2026-02-10 17:45:00+00:00,9167.560000000014,-121.19999999999999
2026-02-10 18:30:00+00:00,9005.070000000014,-162.49
2026-02-10 18:45:00+00:00,9171.860000000015,166.79
2026-02-10 19:00:00+00:00,8981.650000000016,-190.21
2026-02-10 19:15:00+00:00,8794.500000000016,-187.15
2026-02-10 19:30:00+00:00,8612.130000000016,-182.37
2026-02-10 20:00:00+00:00,8435.820000000016,-176.31
2026-02-10 20:15:00+00:00,8263.300000000016,-172.52
2026-02-10 20:30:00+00:00,8359.990000000016,96.69000000000001
2026-02-10 21:45:00+00:00,8192.370000000015,-167.62
2026-02-10 22:00:00+00:00,8301.240000000016,108.87000000000002
2026-02-10 22:30:00+00:00,8497.260000000017,196.02
2026-02-10 23:00:00+00:00,8812.310000000016,315.05
2026-02-10 23:30:00+00:00,8867.730000000016,55.42
2026-02-11 01:15:00+00:00,8926.650000000016,58.920000000000016
2026-02-11 03:15:00+00:00,8971.280000000015,44.63
2026-02-11 03:30:00+00:00,8803.660000000014,-167.62
2026-02-11 03:45:00+00:00,8966.670000000015,163.01
2026-02-11 04:00:00+00:00,8780.010000000015,-186.66000000000003
2026-02-11 04:15:00+00:00,8600.410000000014,-179.60000000000002
2026-02-11 04:30:00+00:00,8423.680000000015,-176.73000000000002
2026-02-11 04:45:00+00:00,8248.630000000016,-175.05
2026-02-11 06:00:00+00:00,8280.330000000016,31.699999999999996
2026-02-11 06:30:00+00:00,8484.400000000016,204.07
2026-02-11 06:45:00+00:00,8310.810000000016,-173.59
2026-02-11 07:00:00+00:00,8168.910000000016,-141.9
2026-02-11 07:15:00+00:00,7999.430000000017,-169.48000000000002
2026-02-11 07:30:00+00:00,8115.020000000017,115.58999999999997
2026-02-11 07:45:00+00:00,8306.780000000017,191.76
2026-02-11 08:30:00+00:00,8134.440000000017,-172.34
2026-02-11 08:45:00+00:00,8435.960000000017,301.52
2026-02-11 09:00:00+00:00,8459.520000000017,23.560000000000002
2026-02-11 10:15:00+00:00,8406.370000000017,-53.15
2026-02-11 10:30:00+00:00,8717.560000000018,311.19
2026-02-11 11:00:00+00:00,8538.700000000017,-178.85999999999999
2026-02-11 11:15:00+00:00,8626.220000000018,87.51999999999998
2026-02-11 13:00:00+00:00,8646.120000000017,19.89999999999999
2026-02-11 13:30:00+00:00,8850.660000000018,204.54
2026-02-11 14:00:00+00:00,8666.000000000018,-184.66
2026-02-11 14:15:00+00:00,8498.380000000017,-167.61999999999998
2026-02-11 14:30:00+00:00,8725.810000000018,227.43
2026-02-11 14:45:00+00:00,8811.420000000018,85.61000000000001
2026-02-11 15:15:00+00:00,8630.650000000018,-180.77
2026-02-11 15:30:00+00:00,8766.070000000018,135.42
2026-02-11 15:45:00+00:00,8882.810000000018,116.74000000000001
2026-02-11 16:00:00+00:00,8704.950000000017,-177.86
2026-02-11 16:15:00+00:00,8902.490000000018,197.54
2026-02-11 16:30:00+00:00,8964.740000000018,62.250000000000014
2026-02-11 17:00:00+00:00,8779.580000000018,-185.16
2026-02-11 17:15:00+00:00,8906.730000000018,127.14999999999996
2026-02-11 17:30:00+00:00,9030.430000000018,123.69999999999997
2026-02-11 17:45:00+00:00,8846.900000000018,-183.53
2026-02-11 18:00:00+00:00,8664.380000000017,-182.52
2026-02-11 19:30:00+00:00,8486.450000000017,-177.93000000000004
2026-02-11 19:45:00+00:00,8818.830000000016,332.38
2026-02-11 20:15:00+00:00,8887.170000000016,68.33999999999999
2026-02-11 20:45:00+00:00,9105.890000000016,218.72
2026-02-11 21:00:00+00:00,9212.390000000016,106.5
2026-02-11 21:15:00+00:00,9544.770000000015,332.38
2026-02-11 21:30:00+00:00,9811.240000000014,266.47
2026-02-11 21:45:00+00:00,9612.990000000014,-198.25
2026-02-11 22:00:00+00:00,9414.000000000015,-198.99000000000004
2026-02-11 22:15:00+00:00,9218.740000000014,-195.26000000000002
2026-02-11 22:30:00+00:00,9030.330000000014,-188.41
2026-02-11 22:45:00+00:00,9131.480000000014,101.14999999999999
2026-02-11 23:30:00+00:00,9094.200000000013,-37.28
2026-02-11 23:45:00+00:00,9262.410000000013,168.21
2026-02-12 00:00:00+00:00,9455.880000000012,193.47
2026-02-12 00:15:00+00:00,9630.700000000012,174.82
2026-02-12 00:30:00+00:00,9764.470000000012,133.76999999999998
2026-02-12 01:00:00+00:00,9586.610000000011,-177.86
2026-02-12 01:15:00+00:00,9708.850000000011,122.24
2026-02-12 01:30:00+00:00,10030.99000000001,322.14
2026-02-12 01:45:00+00:00,10353.13000000001,322.14
2026-02-12 02:15:00+00:00,10180.39000000001,-172.74
2026-02-12 02:30:00+00:00,9992.32000000001,-188.07000000000002
2026-02-12 03:00:00+00:00,9785.13000000001,-207.19000000000003
2026-02-12 04:15:00+00:00,9837.12000000001,51.99
2026-02-12 04:45:00+00:00,10190.06000000001,352.94
2026-02-12 05:00:00+00:00,9981.29000000001,-208.77
2026-02-12 05:30:00+00:00,10119.90000000001,138.60999999999996
2026-02-12 06:00:00+00:00,10359.07000000001,239.17
2026-02-12 07:15:00+00:00,10181.21000000001,-177.86
2026-02-12 09:15:00+00:00,9971.29000000001,-209.92000000000002
2026-02-12 10:00:00+00:00,9773.04000000001,-198.25
2026-02-12 10:15:00+00:00,10034.81000000001,261.77
2026-02-12 10:45:00+00:00,9841.65000000001,-193.16
2026-02-12 11:15:00+00:00,9938.28000000001,96.63000000000002
2026-02-12 11:30:00+00:00,9832.68000000001,-105.59999999999997
2026-02-12 11:45:00+00:00,9993.79000000001,161.10999999999999
2026-02-12 12:15:00+00:00,10067.44000000001,73.65
2026-02-12 12:45:00+00:00,10286.81000000001,219.37
2026-02-12 13:00:00+00:00,10598.74000000001,311.93
2026-02-12 13:15:00+00:00,10707.64000000001,108.90000000000002
2026-02-12 14:30:00+00:00,10540.02000000001,-167.62
2026-02-12 14:45:00+00:00,10439.63000000001,-100.39
2026-02-12 15:00:00+00:00,10277.14000000001,-162.49
2026-02-12 15:15:00+00:00,10063.39000000001,-213.75
2026-02-12 16:00:00+00:00,9857.16000000001,-206.23
2026-02-12 16:15:00+00:00,9655.39000000001,-201.76999999999998
2026-02-12 16:30:00+00:00,9456.250000000011,-199.14000000000001
2026-02-12 16:45:00+00:00,9592.90000000001,136.64999999999998
2026-02-12 17:15:00+00:00,9394.65000000001,-198.25
2026-02-12 17:30:00+00:00,9542.190000000011,147.54
2026-02-12 17:45:00+00:00,9374.57000000001,-167.62
2026-02-12 18:00:00+00:00,9206.95000000001,-167.62
2026-02-12 18:45:00+00:00,9415.99000000001,209.04
2026-02-12 20:00:00+00:00,9478.600000000011,62.60999999999999
2026-02-12 20:30:00+00:00,9284.300000000012,-194.3
2026-02-12 20:45:00+00:00,9611.560000000012,327.26
2026-02-12 21:00:00+00:00,9413.680000000013,-197.88000000000002
2026-02-12 21:15:00+00:00,9528.670000000013,114.99000000000001
2026-02-12 21:30:00+00:00,9330.680000000013,-197.99
2026-02-12 21:45:00+00:00,9439.730000000012,109.05
2026-02-12 22:00:00+00:00,9243.570000000012,-196.16
2026-02-12 22:15:00+00:00,9052.130000000012,-191.44
2026-02-12 22:30:00+00:00,9257.510000000011,205.38
2026-02-12 23:15:00+00:00,9079.65000000001,-177.86
2026-02-12 23:30:00+00:00,9185.79000000001,106.14000000000001
2026-02-13 00:15:00+00:00,9132.64000000001,-53.149999999999984
2026-02-13 00:45:00+00:00,9181.30000000001,48.65999999999999
2026-02-13 01:15:00+00:00,9398.63000000001,217.33
2026-02-13 01:30:00+00:00,9206.02000000001,-192.61
2026-02-13 04:30:00+00:00,9309.29000000001,103.27
2026-02-13 08:45:00+00:00,9413.62000000001,104.33000000000001
2026-02-13 11:30:00+00:00,9323.68000000001,-89.93999999999997
2026-02-13 11:45:00+00:00,9407.18000000001,83.5
2026-02-13 12:45:00+00:00,9714.02000000001,306.84
2026-02-13 13:00:00+00:00,9789.25000000001,75.23000000000002
2026-02-13 13:45:00+00:00,9585.79000000001,-203.45999999999998
2026-02-13 14:00:00+00:00,9684.000000000011,98.21000000000004
2026-02-13 14:30:00+00:00,9735.58000000001,51.580000000000005
2026-02-13 14:45:00+00:00,10182.430000000011,446.85
2026-02-13 15:15:00+00:00,9994.360000000011,-188.07
2026-02-13 15:30:00+00:00,9786.370000000012,-207.99
2026-02-13 15:45:00+00:00,10093.210000000012,306.84
2026-02-13 16:30:00+00:00,9889.350000000011,-203.85999999999999
2026-02-13 18:15:00+00:00,10226.860000000011,337.51
2026-02-13 18:45:00+00:00,10374.650000000012,147.78999999999996
2026-02-13 19:15:00+00:00,10696.790000000012,322.14
2026-02-13 19:30:00+00:00,10474.810000000012,-221.98
2026-02-13 19:45:00+00:00,10257.590000000013,-217.22
2026-02-13 20:00:00+00:00,10345.210000000014,87.61999999999999
2026-02-13 20:15:00+00:00,10177.590000000013,-167.62
2026-02-13 20:30:00+00:00,10040.850000000013,-136.74
2026-02-13 20:45:00+00:00,10205.050000000014,164.2
2026-02-13 21:00:00+00:00,9993.500000000015,-211.55
2026-02-13 21:15:00+00:00,10115.580000000014,122.08
2026-02-13 21:30:00+00:00,9906.510000000015,-209.07
2026-02-13 21:45:00+00:00,9738.890000000014,-167.62
2026-02-13 22:00:00+00:00,9576.400000000014,-162.49
2026-02-13 22:15:00+00:00,9378.150000000014,-198.25
2026-02-13 22:30:00+00:00,9662.950000000013,284.79999999999995
2026-02-13 22:45:00+00:00,9776.000000000013,113.05000000000001
2026-02-13 23:30:00+00:00,9895.470000000012,119.47000000000001
2026-02-14 01:00:00+00:00,9707.400000000012,-188.07
2026-02-14 02:00:00+00:00,9737.000000000013,29.6
2026-02-14 02:15:00+00:00,10064.260000000013,327.26
2026-02-14 02:30:00+00:00,9896.640000000012,-167.62
2026-02-14 02:45:00+00:00,10121.360000000011,224.72
2026-02-14 03:00:00+00:00,10147.250000000011,25.889999999999993
2026-02-14 04:30:00+00:00,10377.72000000001,230.47
2026-02-14 05:00:00+00:00,10210.10000000001,-167.62
2026-02-14 06:00:00+00:00,9997.93000000001,-212.17
2026-02-14 06:15:00+00:00,9792.42000000001,-205.51000000000002
2026-02-14 06:30:00+00:00,9906.92000000001,114.49999999999999
2026-02-14 07:30:00+00:00,10131.640000000009,224.72
2026-02-14 08:00:00+00:00,9928.310000000009,-203.33
2026-02-14 08:15:00+00:00,9745.34000000001,-182.97
2026-02-14 08:30:00+00:00,9911.43000000001,166.08999999999997
2026-02-14 08:45:00+00:00,9706.400000000009,-205.03
2026-02-14 09:00:00+00:00,9569.660000000009,-136.74
2026-02-14 09:15:00+00:00,9891.800000000008,322.14
2026-02-14 10:00:00+00:00,9988.760000000007,96.96000000000002
2026-02-14 11:15:00+00:00,9857.190000000008,-131.57
2026-02-14 11:30:00+00:00,9654.780000000008,-202.41000000000003
2026-02-14 11:45:00+00:00,9456.550000000008,-198.23000000000002
2026-02-14 12:00:00+00:00,9259.730000000009,-196.82000000000002
2026-02-14 12:15:00+00:00,9354.60000000001,94.87000000000003
2026-02-14 12:30:00+00:00,9520.64000000001,166.04
2026-02-14 12:45:00+00:00,9605.97000000001,85.33000000000003
2026-02-14 13:15:00+00:00,9832.88000000001,226.91
2026-02-14 13:30:00+00:00,9631.09000000001,-201.79
2026-02-14 14:15:00+00:00,9849.54000000001,218.45
2026-02-14 14:30:00+00:00,9893.09000000001,43.54999999999999
2026-02-14 15:45:00+00:00,9990.050000000008,96.96000000000002
2026-02-14 16:30:00+00:00,9822.430000000008,-167.62
2026-02-14 16:45:00+00:00,10144.570000000007,322.14
2026-02-14 17:15:00+00:00,10263.430000000008,118.85999999999999
2026-02-14 17:30:00+00:00,10173.490000000007,-89.93999999999997
2026-02-14 17:45:00+00:00,10204.540000000006,31.049999999999994
2026-02-14 18:15:00+00:00,10489.350000000006,284.81
2026-02-14 18:45:00+00:00,10811.490000000005,322.14
2026-02-14 19:00:00+00:00,11057.110000000006,245.61999999999998
2026-02-14 19:15:00+00:00,11119.560000000007,62.44999999999999
2026-02-14 19:45:00+00:00,10891.880000000006,-227.68
2026-02-14 20:00:00+00:00,11139.070000000007,247.19
2026-02-14 20:15:00+00:00,11162.210000000006,23.13999999999999
2026-02-14 21:15:00+00:00,11061.820000000007,-100.38999999999997
2026-02-14 21:30:00+00:00,11353.420000000007,291.6
2026-02-14 22:00:00+00:00,11634.890000000007,281.47
2026-02-14 22:45:00+00:00,11901.220000000007,266.33
2026-02-14 23:00:00+00:00,11656.820000000007,-244.4
2026-02-14 23:15:00+00:00,11812.080000000007,155.26000000000002
2026-02-14 23:30:00+00:00,12068.360000000008,256.28
2026-02-15 00:00:00+00:00,12380.290000000008,311.93
2026-02-15 00:15:00+00:00,12676.960000000008,296.67
2026-02-15 00:30:00+00:00,12813.130000000008,136.17000000000002
2026-02-15 00:45:00+00:00,13171.230000000009,358.1
2026-02-15 01:30:00+00:00,13332.140000000009,160.91000000000003
2026-02-15 02:00:00+00:00,13541.550000000008,209.40999999999997
2026-02-15 03:00:00+00:00,13576.120000000008,34.56999999999997
2026-02-15 03:45:00+00:00,13512.420000000007,-63.7
2026-02-15 04:15:00+00:00,13273.720000000007,-238.69999999999996
2026-02-15 04:30:00+00:00,13491.040000000006,217.31999999999996
2026-02-15 04:45:00+00:00,13287.710000000006,-203.33
2026-02-15 05:00:00+00:00,13528.960000000006,241.25
2026-02-15 05:15:00+00:00,13265.210000000006,-263.75
2026-02-15 05:30:00+00:00,13036.580000000007,-228.62999999999997
2026-02-15 05:45:00+00:00,12769.250000000007,-267.33
2026-02-15 06:00:00+00:00,13132.510000000007,363.26
2026-02-15 06:15:00+00:00,13267.470000000008,134.96000000000004
2026-02-15 06:30:00+00:00,12994.440000000008,-273.03000000000003
2026-02-15 06:45:00+00:00,13182.280000000008,187.83999999999997
2026-02-15 07:00:00+00:00,12910.970000000008,-271.31000000000006
2026-02-15 07:15:00+00:00,12646.59000000001,-264.37999999999994
2026-02-15 07:30:00+00:00,12556.650000000009,-89.93999999999997
2026-02-15 07:45:00+00:00,12297.580000000009,-259.07
2026-02-15 08:00:00+00:00,12043.960000000008,-253.62
2026-02-15 08:15:00+00:00,12315.330000000009,271.37
2026-02-15 08:30:00+00:00,12673.43000000001,358.1
2026-02-15 09:30:00+00:00,12413.36000000001,-260.07
2026-02-15 09:45:00+00:00,12540.64000000001,127.28000000000003
2026-02-15 10:45:00+00:00,12283.87000000001,-256.77
2026-02-15 11:00:00+00:00,12167.86000000001,-116.00999999999999
2026-02-15 11:15:00+00:00,12025.96000000001,-141.9
2026-02-15 11:30:00+00:00,12389.22000000001,363.26
2026-02-15 11:45:00+00:00,12547.090000000011,157.87
2026-02-15 12:00:00+00:00,12707.260000000011,160.17000000000002
2026-02-15 12:45:00+00:00,12998.860000000011,291.6
2026-02-15 13:00:00+00:00,12945.710000000012,-53.15
2026-02-15 13:30:00+00:00,12679.860000000011,-265.84999999999997
2026-02-15 13:45:00+00:00,12804.380000000012,124.52000000000002
2026-02-15 14:15:00+00:00,12837.140000000012,32.76000000000002
2026-02-15 15:00:00+00:00,13000.760000000013,163.62
2026-02-15 15:15:00+00:00,12864.020000000013,-136.74
2026-02-15 15:30:00+00:00,13008.320000000012,144.29999999999998
2026-02-15 15:45:00+00:00,12861.260000000013,-147.06
2026-02-15 16:00:00+00:00,12595.940000000013,-265.32
2026-02-15 16:15:00+00:00,12778.000000000013,182.05999999999997
2026-02-15 16:30:00+00:00,12516.500000000013,-261.49999999999994
2026-02-15 17:15:00+00:00,12259.160000000013,-257.34
2026-02-15 17:30:00+00:00,12408.870000000012,149.71
2026-02-15 18:00:00+00:00,12339.910000000013,-68.96
2026-02-15 19:45:00+00:00,12497.400000000012,157.49
2026-02-15 20:30:00+00:00,12240.810000000012,-256.59
2026-02-15 20:45:00+00:00,11990.160000000013,-250.65
2026-02-15 21:00:00+00:00,12065.720000000012,75.56
2026-02-15 21:30:00+00:00,11817.350000000011,-248.37
2026-02-15 21:45:00+00:00,11895.99000000001,78.64
2026-02-15 23:00:00+00:00,12054.39000000001,158.4
2026-02-15 23:30:00+00:00,11807.750000000011,-246.64
2026-02-15 23:45:00+00:00,11660.690000000011,-147.06
2026-02-16 00:00:00+00:00,11482.83000000001,-177.85999999999999
2026-02-16 00:15:00+00:00,11246.73000000001,-236.1
2026-02-16 00:30:00+00:00,11548.48000000001,301.75
2026-02-16 00:45:00+00:00,11677.920000000011,129.44
2026-02-16 01:15:00+00:00,11803.08000000001,125.16
2026-02-16 01:30:00+00:00,11918.850000000011,115.77000000000002
2026-02-16 02:00:00+00:00,11993.930000000011,75.08
2026-02-16 02:15:00+00:00,11775.40000000001,-218.53000000000003
2026-02-16 04:30:00+00:00,11582.24000000001,-193.16
2026-02-16 04:45:00+00:00,11780.010000000011,197.76999999999998
2026-02-16 05:00:00+00:00,11638.110000000011,-141.9
2026-02-16 07:00:00+00:00,11711.540000000012,73.43
2026-02-16 08:45:00+00:00,11472.330000000013,-239.20999999999995
2026-02-16 09:00:00+00:00,11236.710000000012,-235.61999999999998
2026-02-16 09:30:00+00:00,11006.070000000012,-230.64
2026-02-16 09:45:00+00:00,10779.780000000012,-226.29000000000002
2026-02-16 10:00:00+00:00,10929.270000000011,149.48999999999995
2026-02-16 10:15:00+00:00,11041.510000000011,112.24000000000002
2026-02-16 10:30:00+00:00,11182.520000000011,141.01000000000002
2026-02-16 10:45:00+00:00,10954.130000000012,-228.39
2026-02-16 11:30:00+00:00,11165.460000000012,211.33
2026-02-16 12:30:00+00:00,10937.040000000012,-228.41999999999996
2026-02-16 12:45:00+00:00,11009.760000000011,72.71999999999998
2026-02-16 13:00:00+00:00,10867.860000000011,-141.9
2026-02-16 13:15:00+00:00,11000.770000000011,132.91
2026-02-16 14:15:00+00:00,11141.020000000011,140.25
2026-02-16 14:30:00+00:00,10912.180000000011,-228.84
2026-02-16 16:45:00+00:00,10688.460000000012,-223.71999999999997
2026-02-16 17:00:00+00:00,10480.060000000012,-208.4
2026-02-16 17:15:00+00:00,10749.290000000012,269.23
2026-02-16 17:30:00+00:00,10529.680000000011,-219.60999999999999
2026-02-16 17:45:00+00:00,10312.950000000012,-216.73000000000002
2026-02-16 18:00:00+00:00,10418.850000000011,105.90000000000002
2026-02-16 18:30:00+00:00,10530.600000000011,111.75
2026-02-16 19:45:00+00:00,10383.540000000012,-147.06
2026-02-16 20:45:00+00:00,10170.120000000012,-213.42
2026-02-16 21:15:00+00:00,9962.350000000011,-207.76999999999998
2026-02-16 21:30:00+00:00,10289.610000000011,327.26
2026-02-16 22:00:00+00:00,10079.460000000012,-210.14999999999995
2026-02-16 22:15:00+00:00,10213.490000000013,134.03
2026-02-16 23:15:00+00:00,10001.940000000013,-211.54999999999998
2026-02-16 23:30:00+00:00,10146.430000000013,144.48999999999998
2026-02-16 23:45:00+00:00,9937.400000000012,-209.03
2026-02-17 00:15:00+00:00,10087.050000000012,149.64999999999998
2026-02-17 00:30:00+00:00,9879.020000000011,-208.03
2026-02-17 00:45:00+00:00,10061.880000000012,182.85999999999999
2026-02-17 01:00:00+00:00,9853.050000000012,-208.82999999999998
2026-02-17 01:30:00+00:00,9649.030000000012,-204.01999999999998
2026-02-17 01:45:00+00:00,9739.610000000011,90.58000000000003
2026-02-17 02:15:00+00:00,9935.130000000012,195.52
2026-02-17 02:30:00+00:00,10078.790000000012,143.66
2026-02-17 02:45:00+00:00,10212.820000000012,134.03
2026-02-17 04:30:00+00:00,10284.300000000012,71.48000000000002
2026-02-17 05:00:00+00:00,10490.660000000013,206.35999999999999
2026-02-17 06:00:00+00:00,10624.390000000012,133.73
2026-02-17 06:30:00+00:00,10405.860000000011,-218.53000000000003
2026-02-17 06:45:00+00:00,10192.610000000011,-213.25
2026-02-17 07:00:00+00:00,10334.040000000012,141.42999999999998
2026-02-17 07:30:00+00:00,10686.980000000012,352.94
2026-02-17 07:45:00+00:00,10570.970000000012,-116.00999999999999
2026-02-17 08:00:00+00:00,10679.540000000012,108.57000000000002
2026-02-17 09:00:00+00:00,10726.670000000011,47.129999999999995
2026-02-17 11:30:00+00:00,10836.91000000001,110.24000000000002
2026-02-17 12:30:00+00:00,10613.39000000001,-223.52
2026-02-17 12:45:00+00:00,10415.14000000001,-198.25
2026-02-17 13:15:00+00:00,10737.28000000001,322.14
2026-02-17 13:30:00+00:00,10805.02000000001,67.74
2026-02-17 14:15:00+00:00,10911.06000000001,106.04000000000003
2026-02-17 14:30:00+00:00,10979.750000000011,68.69
2026-02-17 14:45:00+00:00,11113.780000000012,134.03
2026-02-17 15:30:00+00:00,11249.670000000011,135.89000000000001
2026-02-17 16:15:00+00:00,11017.790000000012,-231.88000000000002
2026-02-17 17:00:00+00:00,11164.400000000012,146.61
2026-02-17 18:00:00+00:00,11456.000000000013,291.6
2026-02-17 18:30:00+00:00,11221.000000000013,-235.0
2026-02-17 19:00:00+00:00,10990.360000000013,-230.64
2026-02-17 19:15:00+00:00,10765.340000000013,-225.01999999999998
2026-02-17 19:30:00+00:00,10896.750000000013,131.41
2026-02-17 19:45:00+00:00,10672.450000000013,-224.30000000000004
2026-02-17 20:00:00+00:00,10826.850000000013,154.39999999999998
2026-02-17 21:45:00+00:00,10928.440000000013,101.59000000000003
2026-02-17 23:30:00+00:00,11073.870000000014,145.43
2026-02-18 00:00:00+00:00,11315.280000000013,241.41000000000003
2026-02-18 00:15:00+00:00,11117.030000000013,-198.25
2026-02-18 00:30:00+00:00,11258.810000000014,141.78
2026-02-18 00:45:00+00:00,11333.750000000015,74.94
2026-02-18 01:00:00+00:00,11243.810000000014,-89.94
2026-02-18 01:45:00+00:00,11648.640000000014,404.83
2026-02-18 02:00:00+00:00,11882.580000000014,233.94
2026-02-18 02:30:00+00:00,12034.320000000014,151.74
2026-02-18 03:00:00+00:00,12181.410000000014,147.09
2026-02-18 03:45:00+00:00,12044.670000000015,-136.74
2026-02-18 04:00:00+00:00,11805.970000000014,-238.69999999999996
2026-02-18 04:15:00+00:00,11938.240000000014,132.26999999999998
2026-02-18 05:15:00+00:00,11693.840000000015,-244.39999999999995
2026-02-18 05:30:00+00:00,11990.510000000015,296.67
2026-02-18 06:30:00+00:00,11745.220000000014,-245.29
2026-02-18 06:45:00+00:00,11502.510000000015,-242.71
2026-02-18 07:00:00+00:00,11834.890000000014,332.38
2026-02-18 08:00:00+00:00,11592.380000000014,-242.51
2026-02-18 08:15:00+00:00,11354.150000000014,-238.23000000000002
2026-02-18 08:30:00+00:00,11171.180000000015,-182.97
2026-02-18 08:45:00+00:00,11378.130000000016,206.95000000000002
2026-02-18 09:00:00+00:00,11731.070000000016,352.94
2026-02-18 09:30:00+00:00,12032.820000000016,301.75
2026-02-18 09:45:00+00:00,11916.810000000016,-116.00999999999999
2026-02-18 10:00:00+00:00,12033.870000000015,117.06000000000003
2026-02-18 11:30:00+00:00,12239.330000000014,205.46
2026-02-18 11:45:00+00:00,12525.860000000015,286.53
2026-02-18 12:30:00+00:00,12269.470000000016,-256.39
2026-02-18 14:45:00+00:00,12019.550000000016,-249.92
2026-02-18 15:15:00+00:00,11877.650000000016,-141.9
2026-02-18 15:30:00+00:00,12080.390000000016,202.74
2026-02-18 15:45:00+00:00,11831.330000000016,-249.06000000000003
2026-02-18 16:00:00+00:00,11958.210000000015,126.88000000000001
2026-02-18 17:15:00+00:00,12004.320000000016,46.11000000000001
2026-02-18 17:30:00+00:00,12084.190000000017,79.87
2026-02-18 17:45:00+00:00,12148.450000000017,64.25999999999999
2026-02-18 19:00:00+00:00,12355.720000000018,207.26999999999998
2026-02-18 20:00:00+00:00,12218.980000000018,-136.74
2026-02-18 20:15:00+00:00,12071.920000000018,-147.06
2026-02-18 20:30:00+00:00,11825.280000000019,-246.64
2026-02-18 23:30:00+00:00,11963.770000000019,138.49
2026-02-18 23:45:00+00:00,11910.620000000019,-53.149999999999984
2026-02-19 00:00:00+00:00,12140.290000000019,229.67
2026-02-19 00:15:00+00:00,12254.14000000002,113.85000000000004
2026-02-19 00:30:00+00:00,12555.89000000002,301.75
2026-02-19 00:45:00+00:00,12297.940000000019,-257.95
2026-02-19 01:00:00+00:00,12499.320000000018,201.38
2026-02-19 01:30:00+00:00,12658.730000000018,159.41
2026-02-19 01:45:00+00:00,12511.670000000018,-147.06
2026-02-19 02:00:00+00:00,12267.950000000019,-243.72
2026-02-19 02:15:00+00:00,12438.39000000002,170.43999999999997
2026-02-19 02:30:00+00:00,12260.530000000019,-177.85999999999999
2026-02-19 03:15:00+00:00,12386.47000000002,125.94000000000004
2026-02-19 03:45:00+00:00,12531.50000000002,145.03
2026-02-19 04:00:00+00:00,12274.16000000002,-257.34
2026-02-19 04:15:00+00:00,12045.53000000002,-228.62999999999997
2026-02-19 04:30:00+00:00,12242.93000000002,197.4
2026-02-19 04:45:00+00:00,12637.33000000002,394.4
2026-02-19 05:00:00+00:00,12805.56000000002,168.23000000000002
2026-02-19 05:15:00+00:00,12968.80000000002,163.24
2026-02-19 06:30:00+00:00,12702.34000000002,-266.46
2026-02-19 06:45:00+00:00,13039.85000000002,337.51
2026-02-19 07:00:00+00:00,12841.60000000002,-198.25
2026-02-19 07:15:00+00:00,12648.44000000002,-193.16
2026-02-19 07:45:00+00:00,12945.11000000002,296.67
2026-02-19 08:00:00+00:00,12680.03000000002,-265.08
2026-02-19 09:00:00+00:00,12712.460000000021,32.43
2026-02-19 09:15:00+00:00,12452.310000000021,-260.15
2026-02-19 09:30:00+00:00,12197.070000000022,-255.24
2026-02-19 09:45:00+00:00,12333.940000000022,136.87
2026-02-19 10:15:00+00:00,12595.240000000022,261.3
2026-02-19 11:00:00+00:00,12718.79000000002,123.55000000000003
2026-02-19 11:30:00+00:00,12910.710000000021,191.91999999999996
2026-02-19 12:45:00+00:00,13090.02000000002,179.30999999999997
2026-02-19 13:30:00+00:00,12994.85000000002,-95.17000000000002
2026-02-19 14:30:00+00:00,13122.29000000002,127.44
2026-02-19 15:00:00+00:00,12878.570000000022,-243.72
2026-02-19 15:15:00+00:00,13144.900000000021,266.33
2026-02-19 15:30:00+00:00,13246.86000000002,101.96000000000001
2026-02-19 18:15:00+00:00,13498.12000000002,251.26
2026-02-19 18:45:00+00:00,13269.490000000022,-228.62999999999997
2026-02-19 19:00:00+00:00,13469.45000000002,199.95999999999995
2026-02-19 19:15:00+00:00,13607.75000000002,138.30000000000004
2026-02-19 20:15:00+00:00,13636.04000000002,28.28999999999999
2026-02-19 20:30:00+00:00,13776.01000000002,139.97000000000003
2026-02-19 21:15:00+00:00,13967.41000000002,191.39999999999995
2026-02-19 21:30:00+00:00,14104.58000000002,137.17000000000004
2026-02-19 21:45:00+00:00,14243.05000000002,138.47
2026-02-19 22:00:00+00:00,14389.370000000019,146.32000000000002
2026-02-19 22:45:00+00:00,14429.65000000002,40.27999999999998
2026-02-19 23:15:00+00:00,14636.07000000002,206.41999999999993
2026-02-19 23:30:00+00:00,14535.68000000002,-100.38999999999997
2026-02-19 23:45:00+00:00,14705.800000000021,170.11999999999998
2026-02-20 00:00:00+00:00,14579.410000000022,-126.39
2026-02-20 00:15:00+00:00,14280.260000000022,-299.15
2026-02-20 00:30:00+00:00,14133.200000000023,-147.06
2026-02-20 00:45:00+00:00,14278.180000000022,144.98000000000005
2026-02-20 01:00:00+00:00,14514.430000000022,236.25
2026-02-20 01:30:00+00:00,14656.790000000023,142.36000000000004
2026-02-20 02:00:00+00:00,14807.120000000023,150.33000000000007
2026-02-20 02:15:00+00:00,14864.120000000023,57.000000000000036
2026-02-20 03:00:00+00:00,14997.300000000023,133.18000000000004
2026-02-20 03:45:00+00:00,15151.300000000023,154.00000000000003
2026-02-20 04:45:00+00:00,15437.830000000024,286.53
2026-02-20 05:00:00+00:00,15489.040000000023,51.20999999999999
2026-02-20 05:15:00+00:00,15690.510000000022,201.46999999999994
2026-02-20 05:45:00+00:00,15574.500000000022,-116.00999999999999
2026-02-20 06:00:00+00:00,15896.640000000021,322.14
2026-02-20 06:15:00+00:00,15637.890000000021,-258.75
2026-02-20 06:30:00+00:00,15854.220000000021,216.33
2026-02-20 06:45:00+00:00,15738.210000000021,-116.00999999999999
2026-02-20 07:15:00+00:00,15994.490000000022,256.28
2026-02-20 07:30:00+00:00,15868.100000000022,-126.39
2026-02-20 07:45:00+00:00,16044.940000000022,176.84
2026-02-20 08:00:00+00:00,16246.410000000022,201.46999999999994
2026-02-20 08:15:00+00:00,16038.010000000022,-208.4
2026-02-20 08:30:00+00:00,16304.340000000022,266.33
2026-02-20 08:45:00+00:00,16481.180000000022,176.84
2026-02-20 09:15:00+00:00,16370.370000000023,-110.80999999999999
2026-02-20 09:30:00+00:00,16136.700000000023,-233.66999999999996
2026-02-20 09:45:00+00:00,16453.73000000002,317.03
2026-02-20 10:00:00+00:00,16210.010000000022,-243.72
2026-02-20 10:15:00+00:00,16511.760000000024,301.75
2026-02-20 10:30:00+00:00,16313.510000000024,-198.25
2026-02-20 10:45:00+00:00,16574.810000000023,261.3
2026-02-20 11:00:00+00:00,16741.840000000022,167.03000000000006
2026-02-20 12:00:00+00:00,16523.310000000023,-218.53000000000003
2026-02-20 14:45:00+00:00,16279.590000000024,-243.72
2026-02-20 15:00:00+00:00,16005.870000000024,-273.72
2026-02-20 15:15:00+00:00,16197.470000000025,191.6
2026-02-20 15:45:00+00:00,16398.940000000024,201.46999999999994
2026-02-20 16:15:00+00:00,16110.310000000025,-288.63
2026-02-20 16:30:00+00:00,16261.280000000024,150.97000000000003
2026-02-20 17:00:00+00:00,16160.890000000025,-100.38999999999997
2026-02-20 17:15:00+00:00,16252.060000000025,91.17
2026-02-20 18:00:00+00:00,15953.530000000024,-298.53000000000003
2026-02-20 18:15:00+00:00,16117.220000000025,163.69000000000005
2026-02-20 18:30:00+00:00,15833.550000000025,-283.67
2026-02-20 18:45:00+00:00,15727.950000000024,-105.59999999999997
2026-02-20 19:00:00+00:00,15539.880000000025,-188.07
2026-02-20 19:15:00+00:00,15801.180000000024,261.3
2026-02-20 21:00:00+00:00,15502.650000000023,-298.53000000000003
2026-02-20 21:15:00+00:00,15558.210000000023,55.560000000000024
2026-02-20 21:30:00+00:00,15259.680000000022,-298.53000000000003
2026-02-20 21:45:00+00:00,15061.430000000022,-198.25
2026-02-20 22:00:00+00:00,14853.030000000022,-208.4
2026-02-20 22:15:00+00:00,15012.580000000022,159.55
2026-02-20 22:45:00+00:00,14714.050000000021,-298.53000000000003
2026-02-20 23:15:00+00:00,15072.150000000021,358.1
2026-02-20 23:30:00+00:00,15220.020000000022,147.87000000000003
2026-02-20 23:45:00+00:00,15446.300000000023,226.28
2026-02-21 00:00:00+00:00,15192.550000000023,-253.75
2026-02-21 00:15:00+00:00,15403.920000000024,211.37
2026-02-21 00:30:00+00:00,15590.590000000024,186.67
2026-02-21 00:45:00+00:00,15758.050000000023,167.45999999999998
2026-02-21 01:00:00+00:00,15919.740000000023,161.69000000000003
2026-02-21 01:30:00+00:00,16090.640000000023,170.9
2026-02-21 02:00:00+00:00,16346.920000000024,256.28
2026-02-21 02:15:00+00:00,16033.590000000024,-313.33
2026-02-21 02:30:00+00:00,15720.260000000024,-313.33
2026-02-21 02:45:00+00:00,15926.680000000024,206.41999999999993
2026-02-21 03:00:00+00:00,15992.510000000024,65.82999999999997
2026-02-21 03:30:00+00:00,16243.770000000024,251.26
2026-02-21 04:00:00+00:00,16445.240000000023,201.46999999999994
2026-02-21 04:15:00+00:00,16548.990000000023,103.75
2026-02-21 05:45:00+00:00,16211.130000000023,-337.85999999999996
2026-02-21 06:00:00+00:00,16370.350000000022,159.22000000000006
2026-02-21 06:30:00+00:00,16576.770000000022,206.41999999999993
2026-02-21 07:00:00+00:00,16665.16000000002,88.39
2026-02-21 07:45:00+00:00,16931.490000000023,266.33
2026-02-21 08:15:00+00:00,16593.630000000023,-337.85999999999996
2026-02-21 08:30:00+00:00,16395.380000000023,-198.25
2026-02-21 08:45:00+00:00,16146.640000000023,-248.74
2026-02-21 09:00:00+00:00,15816.340000000024,-330.29999999999995
2026-02-21 09:15:00+00:00,16017.810000000023,201.46999999999994
2026-02-21 09:45:00+00:00,16299.280000000022,281.47
2026-02-21 10:00:00+00:00,16535.53000000002,236.25
2026-02-21 10:15:00+00:00,16342.37000000002,-193.16
2026-02-21 10:45:00+00:00,16033.970000000021,-308.4
2026-02-21 11:00:00+00:00,16240.390000000021,206.41999999999993
2026-02-21 11:15:00+00:00,16031.990000000022,-208.4
2026-02-21 11:30:00+00:00,16168.880000000021,136.89000000000004
2026-02-21 11:45:00+00:00,16395.16000000002,226.28
2026-02-21 12:00:00+00:00,16472.37000000002,77.20999999999995
2026-02-21 12:15:00+00:00,16830.47000000002,358.1
2026-02-21 12:45:00+00:00,17224.87000000002,394.4
2026-02-21 13:00:00+00:00,17026.62000000002,-198.25
2026-02-21 13:45:00+00:00,17247.92000000002,221.3
2026-02-21 14:15:00+00:00,17454.34000000002,206.41999999999993
2026-02-21 14:30:00+00:00,17145.940000000017,-308.4
2026-02-21 14:45:00+00:00,16872.220000000016,-273.72
2026-02-21 15:00:00+00:00,17108.470000000016,236.25
2026-02-21 15:15:00+00:00,16770.610000000015,-337.85999999999996
2026-02-21 15:30:00+00:00,17006.860000000015,236.25
2026-02-21 15:45:00+00:00,16890.850000000017,-116.00999999999999
2026-02-21 16:00:00+00:00,17107.18000000002,216.33
2026-02-21 17:00:00+00:00,17163.890000000018,56.71000000000001
2026-02-21 17:15:00+00:00,17350.560000000016,186.67
2026-02-21 17:30:00+00:00,17012.700000000015,-337.85999999999996
2026-02-21 17:45:00+00:00,16704.300000000014,-308.4
2026-02-21 18:00:00+00:00,16890.970000000012,186.67
2026-02-21 18:15:00+00:00,16547.560000000012,-343.41
2026-02-21 19:00:00+00:00,16593.95000000001,46.38999999999998
2026-02-21 19:30:00+00:00,16790.48000000001,196.53
2026-02-21 19:45:00+00:00,16449.68000000001,-340.8
2026-02-21 20:15:00+00:00,16636.35000000001,186.67
2026-02-21 21:00:00+00:00,16382.60000000001,-253.75
2026-02-21 21:15:00+00:00,16653.97000000001,271.37
2026-02-21 22:00:00+00:00,16850.500000000007,196.53
2026-02-21 22:30:00+00:00,16956.850000000006,106.35
2026-02-21 22:45:00+00:00,16708.110000000004,-248.74000000000004
2026-02-21 23:00:00+00:00,16366.740000000003,-341.37
2026-02-21 23:15:00+00:00,16588.040000000005,221.3
2026-02-21 23:30:00+00:00,16779.640000000003,191.6
2026-02-21 23:45:00+00:00,16976.170000000002,196.53
2026-02-22 00:00:00+00:00,17138.31,162.14000000000004
2026-02-22 00:30:00+00:00,17300.45,162.14000000000004
2026-02-22 03:45:00+00:00,16987.12,-313.33
2026-02-22 05:00:00+00:00,17057.36,70.23999999999998
2026-02-22 05:15:00+00:00,17410.3,352.94
2026-02-22 06:30:00+00:00,17101.899999999998,-308.4
2026-02-22 06:45:00+00:00,17308.319999999996,206.41999999999993
2026-02-22 07:00:00+00:00,17499.919999999995,191.6
2026-02-22 07:15:00+00:00,17662.059999999994,162.14000000000004
2026-02-22 07:30:00+00:00,17329.089999999993,-332.96999999999997
2026-02-22 08:00:00+00:00,17491.229999999992,162.14000000000004
2026-02-22 08:15:00+00:00,17540.299999999992,49.06999999999999
2026-02-22 09:30:00+00:00,17726.96999999999,186.67
2026-02-22 10:00:00+00:00,17626.57999999999,-100.38999999999997
2026-02-22 10:30:00+00:00,17479.51999999999,-147.06
2026-02-22 10:45:00+00:00,17235.79999999999,-243.72
2026-02-22 11:00:00+00:00,17027.399999999987,-208.4
2026-02-22 11:15:00+00:00,16768.649999999987,-258.75
2026-02-22 11:30:00+00:00,16529.949999999986,-238.69999999999996
2026-02-22 11:45:00+00:00,16721.549999999985,191.6
2026-02-22 12:15:00+00:00,17079.649999999983,358.1
2026-02-22 12:45:00+00:00,17241.789999999983,162.14000000000004
2026-02-22 13:00:00+00:00,17356.419999999984,114.62999999999998
2026-02-22 14:00:00+00:00,17400.779999999984,44.35999999999997
2026-02-22 15:00:00+00:00,17162.079999999984,-238.7
2026-02-22 16:00:00+00:00,17363.549999999985,201.46999999999994
2026-02-22 16:30:00+00:00,17461.679999999986,98.13000000000002
2026-02-22 18:00:00+00:00,17571.819999999985,110.14
2026-02-22 19:30:00+00:00,17768.349999999984,196.53
2026-02-22 20:00:00+00:00,17959.949999999983,191.6
2026-02-22 20:45:00+00:00,18122.089999999982,162.14000000000004
2026-02-22 22:00:00+00:00,17873.34999999998,-248.74
2026-02-22 22:15:00+00:00,18099.62999999998,226.28
2026-02-22 23:00:00+00:00,17947.41999999998,-152.21000000000004
2026-02-22 23:15:00+00:00,18300.35999999998,352.94
2026-02-22 23:30:00+00:00,18026.639999999978,-273.72
2026-02-22 23:45:00+00:00,18257.899999999976,231.26
2026-02-23 00:15:00+00:00,18514.179999999975,256.28
2026-02-23 01:15:00+00:00,18429.469999999976,-84.71
2026-02-23 01:30:00+00:00,18231.219999999976,-198.25
2026-02-23 01:45:00+00:00,18084.159999999974,-147.06
2026-02-23 02:00:00+00:00,18020.459999999974,-63.7
2026-02-23 02:15:00+00:00,17716.989999999972,-303.47
2026-02-23 02:30:00+00:00,17943.26999999997,226.28
2026-02-23 02:45:00+00:00,17837.669999999973,-105.59999999999997
2026-02-23 03:00:00+00:00,18129.26999999997,291.6
2026-02-23 03:15:00+00:00,17905.68999999997,-223.57999999999998
2026-02-23 03:30:00+00:00,18097.289999999968,191.6
2026-02-23 03:45:00+00:00,17976.089999999967,-121.19999999999999
2026-02-23 04:00:00+00:00,18197.389999999967,221.3
2026-02-23 04:15:00+00:00,17999.139999999967,-198.25
2026-02-23 04:30:00+00:00,18156.399999999965,157.26000000000005
2026-02-23 04:45:00+00:00,18437.869999999966,281.47
2026-02-23 05:00:00+00:00,18144.289999999964,-293.58000000000004
2026-02-23 05:15:00+00:00,17895.549999999963,-248.74
2026-02-23 05:30:00+00:00,18126.80999999996,231.26
2026-02-23 05:45:00+00:00,18000.419999999962,-126.39
2026-02-23 06:00:00+00:00,17716.749999999964,-283.67
2026-02-23 06:15:00+00:00,17418.219999999965,-298.53000000000003
2026-02-23 06:30:00+00:00,17735.249999999964,317.03
2026-02-23 06:45:00+00:00,17526.849999999962,-208.4
2026-02-23 07:00:00+00:00,17421.249999999964,-105.59999999999997
2026-02-23 07:15:00+00:00,17243.389999999963,-177.85999999999999
2026-02-23 07:30:00+00:00,17405.529999999962,162.14000000000004
2026-02-23 07:45:00+00:00,17166.82999999996,-238.69999999999996
2026-02-23 08:00:00+00:00,16868.299999999963,-298.53000000000003
2026-02-23 08:45:00+00:00,17030.439999999962,162.14000000000004
2026-02-23 09:30:00+00:00,16786.71999999996,-243.72
2026-02-23 09:45:00+00:00,16660.32999999996,-126.39
2026-02-23 10:00:00+00:00,16421.62999999996,-238.69999999999996
2026-02-23 10:15:00+00:00,16603.37999999996,181.75
2026-02-23 10:30:00+00:00,16290.049999999961,-313.33
2026-02-23 10:45:00+00:00,16536.29999999996,246.25
2026-02-23 11:00:00+00:00,16757.59999999996,221.3
2026-02-23 11:15:00+00:00,16454.129999999957,-303.47
2026-02-23 11:30:00+00:00,16776.269999999957,322.14
2026-02-23 11:45:00+00:00,16967.869999999955,191.6
2026-02-23 12:15:00+00:00,16630.009999999955,-337.85999999999996
2026-02-23 12:30:00+00:00,16806.849999999955,176.84
2026-02-23 12:45:00+00:00,16498.449999999953,-308.4
2026-02-23 13:00:00+00:00,16694.979999999952,196.53
2026-02-23 13:15:00+00:00,16896.449999999953,201.46999999999994
2026-02-23 13:30:00+00:00,17063.479999999952,167.03000000000006
2026-02-23 13:45:00+00:00,16769.89999999995,-293.58000000000004
2026-02-23 14:00:00+00:00,16932.03999999995,162.14000000000004
2026-02-23 14:45:00+00:00,16836.86999999995,-95.17000000000002
2026-02-23 15:15:00+00:00,16499.00999999995,-337.85999999999996
2026-02-23 15:30:00+00:00,16666.03999999995,167.03000000000006
2026-02-23 15:45:00+00:00,16754.84999999995,88.81
2026-02-23 16:45:00+00:00,16904.78999999995,149.94000000000005
2026-02-23 17:15:00+00:00,17106.25999999995,201.46999999999994
2026-02-23 17:30:00+00:00,16897.85999999995,-208.4
2026-02-23 18:00:00+00:00,17104.279999999948,206.41999999999993
2026-02-23 18:15:00+00:00,17385.74999999995,281.47
2026-02-23 20:30:00+00:00,17631.99999999995,246.25
2026-02-23 22:30:00+00:00,17731.439999999948,99.44000000000001
2026-02-23 22:45:00+00:00,17932.90999999995,201.46999999999994
2026-02-23 23:00:00+00:00,18017.48999999995,84.57999999999997
2026-02-23 23:30:00+00:00,18309.08999999995,291.6
2026-02-23 23:45:00+00:00,18535.369999999948,226.28
2026-02-24 00:00:00+00:00,18158.379999999946,-376.99
2026-02-24 00:30:00+00:00,18531.989999999947,373.61
2026-02-24 00:45:00+00:00,18298.31999999995,-233.66999999999996
2026-02-24 01:00:00+00:00,18024.599999999948,-273.72
2026-02-24 01:30:00+00:00,18408.58999999995,383.99
2026-02-24 02:15:00+00:00,18600.189999999948,191.6
2026-02-24 02:30:00+00:00,18272.119999999948,-328.07
2026-02-24 02:45:00+00:00,18434.259999999947,162.14000000000004
2026-02-24 03:45:00+00:00,18500.20999999995,65.95000000000005
2026-02-24 04:45:00+00:00,18162.349999999948,-337.85999999999996
2026-02-24 05:00:00+00:00,17969.189999999948,-193.16
2026-02-24 05:15:00+00:00,17690.489999999947,-278.7
2026-02-24 06:15:00+00:00,17352.629999999946,-337.85999999999996
2026-02-24 07:15:00+00:00,17762.689999999948,410.06
2026-02-24 09:00:00+00:00,17424.829999999947,-337.85999999999996
2026-02-24 09:15:00+00:00,17621.359999999946,196.53
2026-02-24 09:45:00+00:00,17709.839999999946,88.47999999999996
2026-02-24 10:15:00+00:00,17349.679999999946,-360.15999999999997
2026-02-24 10:30:00+00:00,17407.229999999945,57.54999999999999
2026-02-24 11:30:00+00:00,17579.159999999945,171.93
2026-02-24 12:00:00+00:00,17265.829999999944,-313.33
2026-02-24 12:15:00+00:00,16952.49999999994,-313.33
2026-02-24 12:30:00+00:00,16653.969999999943,-298.53000000000003
2026-02-24 12:45:00+00:00,16840.63999999994,186.67
2026-02-24 13:45:00+00:00,17292.769999999942,452.13
2026-02-24 14:00:00+00:00,17469.609999999942,176.84
2026-02-24 14:15:00+00:00,17656.27999999994,186.67
2026-02-24 15:00:00+00:00,17463.11999999994,-193.16
2026-02-24 15:15:00+00:00,17164.589999999942,-298.53000000000003
2026-02-24 15:30:00+00:00,17053.77999999994,-110.80999999999999
2026-02-24 15:45:00+00:00,17315.07999999994,261.3
2026-02-24 16:00:00+00:00,17041.35999999994,-273.72
2026-02-24 16:15:00+00:00,16812.729999999938,-228.62999999999997
2026-02-24 16:30:00+00:00,17014.19999999994,201.46999999999994
2026-02-24 17:00:00+00:00,16686.12999999994,-328.07
2026-02-24 17:15:00+00:00,16422.37999999994,-263.75
2026-02-24 17:30:00+00:00,16623.84999999994,201.46999999999994
2026-02-24 18:15:00+00:00,16785.98999999994,162.14000000000004
2026-02-24 18:45:00+00:00,16669.97999999994,-116.00999999999999
2026-02-24 19:00:00+00:00,16436.309999999943,-233.66999999999996
2026-02-24 19:15:00+00:00,16789.24999999994,352.94
2026-02-24 20:00:00+00:00,16990.719999999943,201.46999999999994
2026-02-24 20:15:00+00:00,17152.859999999942,162.14000000000004
2026-02-24 20:45:00+00:00,16810.11999999994,-342.73999999999995
2026-02-24 21:00:00+00:00,16972.25999999994,162.14000000000004
2026-02-24 21:45:00+00:00,17233.55999999994,261.3
2026-02-24 22:00:00+00:00,17286.17999999994,52.62
2026-02-24 22:30:00+00:00,17477.779999999937,191.6
2026-02-24 23:00:00+00:00,17179.249999999938,-298.53000000000003
2026-02-24 23:15:00+00:00,17375.779999999937,196.53
2026-02-24 23:45:00+00:00,17537.919999999936,162.14000000000004
2026-02-25 00:15:00+00:00,17739.389999999938,201.46999999999994
2026-02-25 01:00:00+00:00,17863.899999999936,124.51000000000003
2026-02-25 01:30:00+00:00,17526.039999999935,-337.85999999999996
2026-02-25 02:30:00+00:00,17722.569999999934,196.53
2026-02-25 02:45:00+00:00,17973.829999999933,251.26
2026-02-25 03:00:00+00:00,18205.08999999993,231.26
2026-02-25 03:15:00+00:00,18406.559999999932,201.46999999999994
2026-02-25 04:15:00+00:00,18073.58999999993,-332.96999999999997
2026-02-25 04:45:00+00:00,17875.33999999993,-198.25
2026-02-25 05:00:00+00:00,18081.75999999993,206.41999999999993
2026-02-25 05:15:00+00:00,18283.22999999993,201.46999999999994
2026-02-25 06:00:00+00:00,18136.16999999993,-147.06
2026-02-25 07:00:00+00:00,18322.839999999927,186.67
2026-02-25 07:15:00+00:00,18124.589999999927,-198.25
2026-02-25 07:45:00+00:00,18482.689999999926,358.1
2026-02-25 08:15:00+00:00,18703.989999999925,221.3
2026-02-25 08:45:00+00:00,18500.659999999923,-203.33
2026-02-25 09:00:00+00:00,18221.959999999923,-278.7
2026-02-25 09:15:00+00:00,17928.37999999992,-293.58000000000004
2026-02-25 09:30:00+00:00,18119.97999999992,191.6
2026-02-25 09:45:00+00:00,18311.579999999918,191.6
2026-02-25 10:15:00+00:00,18618.41999999992,306.84
2026-02-25 10:30:00+00:00,18790.34999999992,171.93
2026-02-25 11:15:00+00:00,19046.629999999917,256.28
2026-02-25 11:30:00+00:00,18802.909999999916,-243.72
2026-02-25 11:45:00+00:00,18529.189999999915,-273.72
2026-02-25 12:00:00+00:00,18795.519999999917,266.33
2026-02-25 12:15:00+00:00,18516.819999999916,-278.7
2026-02-25 12:30:00+00:00,18369.759999999915,-147.06
2026-02-25 12:45:00+00:00,18071.229999999916,-298.53000000000003
2026-02-25 13:00:00+00:00,17812.479999999916,-258.75
2026-02-25 13:15:00+00:00,17634.619999999915,-177.85999999999999
2026-02-25 13:30:00+00:00,17355.919999999915,-278.7
2026-02-25 13:45:00+00:00,17057.389999999916,-298.53000000000003
2026-02-25 14:00:00+00:00,17389.769999999917,332.38
2026-02-25 14:30:00+00:00,17121.029999999915,-268.74
2026-02-25 14:45:00+00:00,17278.289999999914,157.26000000000005
2026-02-25 15:00:00+00:00,17141.549999999912,-136.74
2026-02-25 15:15:00+00:00,17438.21999999991,296.67
2026-02-25 15:30:00+00:00,17250.14999999991,-188.07
2026-02-25 15:45:00+00:00,16966.479999999912,-283.67
2026-02-25 16:00:00+00:00,17167.949999999913,201.46999999999994
2026-02-25 16:30:00+00:00,16934.279999999915,-233.66999999999996
2026-02-25 16:45:00+00:00,16645.649999999914,-288.63
2026-02-25 17:00:00+00:00,16555.709999999915,-89.93999999999997
2026-02-25 17:15:00+00:00,16257.179999999915,-298.53000000000003
2026-02-25 18:00:00+00:00,16458.649999999914,201.46999999999994
2026-02-25 18:30:00+00:00,16122.139999999914,-336.50999999999993
2026-02-25 18:45:00+00:00,16159.469999999914,37.32999999999999
2026-02-25 21:00:00+00:00,15961.219999999914,-198.25
2026-02-25 21:15:00+00:00,16152.819999999914,191.6
2026-02-25 21:45:00+00:00,16399.069999999912,246.25
2026-02-25 22:00:00+00:00,16590.66999999991,191.6
2026-02-25 22:30:00+00:00,16782.26999999991,191.6
2026-02-25 23:00:00+00:00,16488.689999999908,-293.58000000000004
2026-02-26 00:30:00+00:00,16346.789999999908,-141.9
2026-02-26 01:00:00+00:00,16043.319999999909,-303.47
2026-02-26 01:15:00+00:00,15734.91999999991,-308.4
2026-02-26 01:45:00+00:00,15412.60999999991,-322.30999999999995
2026-02-26 02:00:00+00:00,15564.04999999991,151.44000000000003
2026-02-26 03:30:00+00:00,15662.34999999991,98.3
2026-02-26 04:00:00+00:00,15953.94999999991,291.6
2026-02-26 05:00:00+00:00,16155.41999999991,201.46999999999994
2026-02-26 06:00:00+00:00,16008.35999999991,-147.06
2026-02-26 06:15:00+00:00,16199.95999999991,191.6
2026-02-26 06:30:00+00:00,16401.42999999991,201.46999999999994
2026-02-26 07:30:00+00:00,16510.63999999991,109.21000000000001
2026-02-26 08:30:00+00:00,16626.439999999908,115.80000000000003
2026-02-26 09:00:00+00:00,16788.579999999907,162.14000000000004
2026-02-26 10:00:00+00:00,16620.959999999908,-167.61999999999998
2026-02-26 10:15:00+00:00,16902.42999999991,281.47
2026-02-26 11:00:00+00:00,17194.029999999908,291.6
2026-02-26 11:45:00+00:00,17400.449999999906,206.41999999999993
2026-02-26 12:30:00+00:00,17601.919999999907,201.46999999999994
2026-02-26 12:45:00+00:00,17823.219999999907,221.3
2026-02-26 13:00:00+00:00,17485.359999999906,-337.85999999999996
2026-02-26 13:15:00+00:00,17782.029999999904,296.67
2026-02-26 14:45:00+00:00,17949.059999999903,167.03000000000006
2026-02-26 15:00:00+00:00,17895.9099999999,-53.15
2026-02-26 15:30:00+00:00,17682.4399999999,-213.47000000000003
2026-02-26 17:30:00+00:00,17349.4699999999,-332.96999999999997
2026-02-26 19:00:00+00:00,17045.999999999898,-303.47
2026-02-26 19:15:00+00:00,16904.099999999897,-141.9
2026-02-26 19:30:00+00:00,16943.189999999897,39.089999999999996
2026-02-26 19:45:00+00:00,17234.789999999895,291.6
2026-02-26 20:30:00+00:00,17531.459999999894,296.67
2026-02-26 21:00:00+00:00,17693.599999999893,162.14000000000004
2026-02-26 21:45:00+00:00,17895.069999999894,201.46999999999994
2026-02-26 22:00:00+00:00,17581.739999999892,-313.33
2026-02-26 22:15:00+00:00,17273.33999999989,-308.4
2026-02-26 22:30:00+00:00,17440.36999999989,167.03000000000006
2026-02-26 23:00:00+00:00,17484.95999999989,44.58999999999998
2026-02-26 23:45:00+00:00,17647.09999999989,162.14000000000004
2026-02-27 00:00:00+00:00,17814.12999999989,167.03000000000006
2026-02-27 00:15:00+00:00,18010.659999999887,196.53
2026-02-27 00:30:00+00:00,18197.329999999885,186.67
2026-02-27 01:30:00+00:00,18243.829999999885,46.5
2026-02-27 03:00:00+00:00,18430.499999999884,186.67
2026-02-27 03:30:00+00:00,18592.639999999883,162.14000000000004
2026-02-27 04:00:00+00:00,18279.30999999988,-313.33
2026-02-27 04:15:00+00:00,18040.60999999988,-238.69999999999996
2026-02-27 04:30:00+00:00,17842.35999999988,-198.25
2026-02-27 04:45:00+00:00,17999.61999999988,157.26000000000005
2026-02-27 05:00:00+00:00,18215.94999999988,216.33
2026-02-27 05:15:00+00:00,18007.54999999988,-208.4
2026-02-27 05:30:00+00:00,18184.38999999988,176.84
2026-02-27 05:45:00+00:00,17871.059999999878,-313.33
2026-02-27 06:00:00+00:00,18057.729999999876,186.67
2026-02-27 06:30:00+00:00,18359.479999999876,301.75
2026-02-27 06:45:00+00:00,18212.419999999875,-147.06
2026-02-27 07:00:00+00:00,18433.719999999874,221.3
2026-02-27 07:15:00+00:00,18689.999999999873,256.28
2026-02-27 07:30:00+00:00,18861.929999999873,171.93
2026-02-27 08:15:00+00:00,18663.679999999873,-198.25
2026-02-27 08:30:00+00:00,18360.20999999987,-303.47
2026-02-27 08:45:00+00:00,18718.30999999987,358.1
2026-02-27 09:00:00+00:00,18659.87999999987,-58.42999999999999
2026-02-27 09:15:00+00:00,18331.80999999987,-328.07
2026-02-27 09:30:00+00:00,18184.74999999987,-147.06
2026-02-27 09:45:00+00:00,18371.419999999867,186.67
2026-02-27 10:00:00+00:00,18328.839999999866,-42.58
2026-02-27 10:45:00+00:00,18035.259999999864,-293.58000000000004
2026-02-27 12:30:00+00:00,18197.399999999863,162.14000000000004
2026-02-27 12:45:00+00:00,18488.99999999986,291.6
2026-02-27 13:30:00+00:00,18872.989999999863,383.99
2026-02-27 13:45:00+00:00,19346.319999999865,473.33
2026-02-27 14:15:00+00:00,19032.989999999863,-313.33
2026-02-27 15:00:00+00:00,19339.829999999864,306.84
2026-02-27 15:45:00+00:00,19389.259999999864,49.43000000000001
2026-02-27 17:00:00+00:00,19175.789999999863,-213.47000000000003
2026-02-27 18:30:00+00:00,18818.439999999864,-357.35
2026-02-27 18:45:00+00:00,19010.039999999863,191.6
2026-02-27 19:15:00+00:00,18726.369999999864,-283.67
2026-02-27 19:30:00+00:00,18977.629999999863,251.26
2026-02-27 19:45:00+00:00,19154.469999999863,176.84
2026-02-27 20:15:00+00:00,19250.47999999986,96.00999999999999
2026-02-27 20:30:00+00:00,19299.679999999862,49.199999999999996
2026-02-27 21:15:00+00:00,19442.329999999864,142.65
2026-02-27 22:15:00+00:00,19080.119999999864,-362.21
2026-02-27 22:45:00+00:00,19553.449999999866,473.33
2026-02-27 23:00:00+00:00,19245.049999999865,-308.4
2026-02-27 23:15:00+00:00,18907.189999999864,-337.85999999999996
2026-02-27 23:30:00+00:00,18668.489999999863,-238.69999999999996
2026-02-27 23:45:00+00:00,18929.789999999863,261.3
2026-02-28 00:00:00+00:00,18793.04999999986,-136.74
2026-02-28 00:15:00+00:00,18455.18999999986,-337.85999999999996
2026-02-28 00:30:00+00:00,18602.69999999986,147.51
2026-02-28 00:45:00+00:00,18465.959999999857,-136.74
2026-02-28 01:00:00+00:00,18677.329999999856,211.37
2026-02-28 01:15:00+00:00,18863.999999999854,186.67
2026-02-28 01:30:00+00:00,18987.259999999853,123.26
2026-02-28 01:45:00+00:00,19178.85999999985,191.6
2026-02-28 02:45:00+00:00,19042.11999999985,-136.74
2026-02-28 03:00:00+00:00,18833.71999999985,-208.4
2026-02-28 05:00:00+00:00,19079.96999999985,246.25
2026-02-28 06:15:00+00:00,18696.109999999848,-383.86
2026-02-28 07:00:00+00:00,18882.779999999846,186.67
2026-02-28 07:15:00+00:00,18679.449999999844,-203.33
2026-02-28 07:30:00+00:00,18910.709999999843,231.26
2026-02-28 08:00:00+00:00,19082.639999999843,171.93
2026-02-28 08:15:00+00:00,19289.05999999984,206.41999999999993
2026-02-28 08:30:00+00:00,19647.15999999984,358.1
2026-02-28 08:45:00+00:00,19858.52999999984,211.37
2026-02-28 09:00:00+00:00,20114.809999999838,256.28
2026-02-28 09:15:00+00:00,19921.649999999838,-193.16
2026-02-28 09:30:00+00:00,19633.019999999837,-288.63
2026-02-28 09:45:00+00:00,19780.529999999835,147.51
2026-02-28 10:00:00+00:00,19546.859999999837,-233.66999999999996
2026-02-28 10:15:00+00:00,19713.889999999836,167.03000000000006
2026-02-28 10:30:00+00:00,19495.359999999837,-218.53000000000003
2026-02-28 10:45:00+00:00,19447.489999999838,-47.86999999999998
2026-02-28 11:00:00+00:00,19134.159999999836,-313.33
2026-02-28 11:15:00+00:00,18835.629999999837,-298.53000000000003
2026-02-28 11:30:00+00:00,18542.049999999836,-293.58000000000004
2026-02-28 11:45:00+00:00,18823.519999999837,281.47
2026-02-28 12:30:00+00:00,18676.459999999835,-147.06
2026-02-28 13:15:00+00:00,18377.929999999837,-298.53000000000003
2026-02-28 13:30:00+00:00,18544.959999999835,167.03000000000006
2026-02-28 14:15:00+00:00,18913.389999999836,368.43
2026-02-28 14:30:00+00:00,19149.639999999836,236.25
2026-02-28 14:45:00+00:00,18856.059999999834,-293.58000000000004
2026-02-28 15:00:00+00:00,19117.359999999833,261.3
2026-02-28 15:45:00+00:00,18823.77999999983,-293.58000000000004
2026-02-28 16:00:00+00:00,18530.19999999983,-293.58000000000004
2026-02-28 16:15:00+00:00,18207.03999999983,-323.16
2026-02-28 16:30:00+00:00,17903.56999999983,-303.47
2026-02-28 16:45:00+00:00,17605.03999999983,-298.53000000000003
2026-02-28 17:00:00+00:00,17762.29999999983,157.26000000000005
2026-02-28 17:15:00+00:00,17978.62999999983,216.33
2026-02-28 17:30:00+00:00,17685.04999999983,-293.58000000000004
2026-02-28 17:45:00+00:00,18074.239999999827,389.19
2026-02-28 18:15:00+00:00,18255.989999999827,181.75
2026-02-28 19:00:00+00:00,18012.269999999826,-243.72
2026-02-28 19:15:00+00:00,18208.799999999825,196.53
2026-02-28 19:30:00+00:00,18395.469999999823,186.67
2026-02-28 20:00:00+00:00,18499.259999999824,103.78999999999998
2026-02-28 20:15:00+00:00,18171.189999999824,-328.07
2026-02-28 20:30:00+00:00,17897.469999999823,-273.72
2026-02-28 20:45:00+00:00,18133.719999999823,236.25
2026-02-28 21:00:00+00:00,18033.329999999823,-100.38999999999997
2026-02-28 21:15:00+00:00,18135.159999999825,101.82999999999998
2026-02-28 21:30:00+00:00,18297.299999999825,162.14000000000004
2026-02-28 22:00:00+00:00,18599.049999999825,301.75
2026-02-28 22:15:00+00:00,18290.649999999823,-308.4
2026-02-28 22:30:00+00:00,18082.24999999982,-208.4
2026-02-28 22:45:00+00:00,17808.52999999982,-273.72
2026-02-28 23:00:00+00:00,17903.36999999982,94.83999999999999
2026-02-28 23:15:00+00:00,18070.39999999982,167.03000000000006
2026-02-28 23:30:00+00:00,18261.999999999818,191.6
2026-02-28 23:45:00+00:00,18558.669999999816,296.67
2026-03-01 00:00:00+00:00,18427.099999999817,-131.57
2026-03-01 00:15:00+00:00,18688.399999999816,261.3
2026-03-01 00:30:00+00:00,18979.999999999814,291.6
2026-03-01 00:45:00+00:00,19156.839999999815,176.84
2026-03-01 01:00:00+00:00,19014.939999999813,-141.9
2026-03-01 01:30:00+00:00,19321.779999999813,306.84
2026-03-01 02:30:00+00:00,19563.029999999813,241.25
2026-03-01 02:45:00+00:00,19284.329999999813,-278.7
2026-03-01 03:00:00+00:00,19560.74999999981,276.42
2026-03-01 03:15:00+00:00,19292.00999999981,-268.74
2026-03-01 03:30:00+00:00,19493.47999999981,201.46999999999994
2026-03-01 03:45:00+00:00,19194.94999999981,-298.53000000000003
2026-03-01 04:00:00+00:00,19396.419999999813,201.46999999999994
2026-03-01 04:15:00+00:00,19718.559999999812,322.14
2026-03-01 04:30:00+00:00,19895.399999999812,176.84
2026-03-01 04:45:00+00:00,19567.329999999813,-328.07
2026-03-01 05:00:00+00:00,19788.629999999812,221.3
2026-03-01 05:15:00+00:00,19615.88999999981,-172.73999999999998
2026-03-01 05:30:00+00:00,19412.55999999981,-203.33
2026-03-01 05:45:00+00:00,19734.699999999808,322.14
2026-03-01 06:00:00+00:00,19916.449999999808,181.75
2026-03-01 06:15:00+00:00,20228.37999999981,311.93
2026-03-01 06:30:00+00:00,19989.679999999807,-238.69999999999996
2026-03-01 06:45:00+00:00,20176.349999999806,186.67
2026-03-01 07:00:00+00:00,19867.949999999804,-308.4
2026-03-01 07:15:00+00:00,19569.419999999805,-298.53000000000003
2026-03-01 07:30:00+00:00,19761.019999999804,191.6
2026-03-01 08:30:00+00:00,19928.049999999803,167.03000000000006
2026-03-01 09:15:00+00:00,20174.299999999803,246.25
2026-03-01 10:15:00+00:00,19841.3299999998,-332.96999999999997
2026-03-01 10:30:00+00:00,19527.9999999998,-313.33
2026-03-01 10:45:00+00:00,19829.7499999998,301.75
2026-03-01 11:15:00+00:00,19626.419999999798,-203.33
2026-03-01 11:30:00+00:00,19418.019999999797,-208.4
2026-03-01 11:45:00+00:00,19575.279999999795,157.26000000000005
2026-03-01 12:00:00+00:00,19301.559999999794,-273.72
2026-03-01 12:15:00+00:00,19159.659999999792,-141.9
2026-03-01 12:30:00+00:00,19366.07999999979,206.41999999999993
2026-03-01 12:45:00+00:00,19162.74999999979,-203.33
2026-03-01 13:15:00+00:00,19015.689999999788,-147.06
2026-03-01 13:30:00+00:00,18717.15999999979,-298.53000000000003
2026-03-01 13:45:00+00:00,18418.62999999979,-298.53000000000003
2026-03-01 14:00:00+00:00,18220.37999999979,-198.25
2026-03-01 14:15:00+00:00,18042.51999999979,-177.85999999999999
2026-03-01 14:30:00+00:00,18214.44999999979,171.93
2026-03-01 14:45:00+00:00,18410.97999999979,196.53
2026-03-01 15:00:00+00:00,18217.81999999979,-193.16
2026-03-01 15:45:00+00:00,17984.14999999979,-233.66999999999996
2026-03-01 16:00:00+00:00,18205.44999999979,221.3
2026-03-01 16:15:00+00:00,18471.77999999979,266.33
2026-03-01 16:30:00+00:00,18173.249999999793,-298.53000000000003
2026-03-01 16:45:00+00:00,18359.91999999979,186.67
2026-03-01 17:15:00+00:00,18051.51999999979,-308.4
2026-03-01 18:00:00+00:00,17685.17999999979,-366.34000000000003
2026-03-01 18:30:00+00:00,17352.209999999788,-332.96999999999997
2026-03-01 18:45:00+00:00,17568.53999999979,216.33
2026-03-01 19:00:00+00:00,17860.13999999979,291.6
2026-03-01 22:00:00+00:00,17546.809999999787,-313.33
2026-03-01 22:30:00+00:00,17768.109999999786,221.3
2026-03-02 00:00:00+00:00,18034.439999999788,266.33
2026-03-02 00:15:00+00:00,17805.809999999787,-228.62999999999997
2026-03-02 00:30:00+00:00,18062.089999999786,256.28
2026-03-02 00:45:00+00:00,17868.929999999786,-193.16
2026-03-02 01:15:00+00:00,17580.299999999785,-288.63
2026-03-02 01:30:00+00:00,17836.579999999783,256.28
2026-03-02 01:45:00+00:00,17623.109999999782,-213.47000000000003
2026-03-02 02:00:00+00:00,17935.039999999783,311.93
2026-03-02 03:45:00+00:00,17676.289999999783,-258.75
2026-03-02 04:00:00+00:00,17937.589999999782,261.3
2026-03-02 04:30:00+00:00,17729.18999999978,-208.4
2026-03-02 05:00:00+00:00,18082.12999999978,352.94
2026-03-02 05:30:00+00:00,18132.78999999978,50.65999999999999
2026-03-02 06:30:00+00:00,17944.71999999978,-188.07000000000002
2026-03-02 06:45:00+00:00,18246.46999999978,301.75
2026-03-02 07:00:00+00:00,18073.729999999778,-172.74
2026-03-02 07:15:00+00:00,17911.239999999776,-162.49
2026-03-02 07:30:00+00:00,18157.489999999776,246.25
2026-03-02 07:45:00+00:00,18358.959999999777,201.46999999999994
2026-03-02 08:00:00+00:00,18660.709999999777,301.75
2026-03-02 08:15:00+00:00,18487.969999999776,-172.74
2026-03-02 08:30:00+00:00,18294.809999999776,-193.16
2026-03-02 08:45:00+00:00,18447.189999999777,152.38
2026-03-02 09:30:00+00:00,18254.029999999777,-193.16
2026-03-02 10:15:00+00:00,18040.559999999776,-213.47000000000003
2026-03-02 10:30:00+00:00,18232.159999999774,191.6
2026-03-02 11:15:00+00:00,18090.259999999773,-141.9
2026-03-02 11:30:00+00:00,17912.399999999772,-177.86
2026-03-02 12:15:00+00:00,18249.90999999977,337.51
2026-03-02 13:00:00+00:00,18061.83999999977,-188.07000000000002
2026-03-02 13:15:00+00:00,17873.76999999977,-188.07000000000002
2026-03-02 13:45:00+00:00,17660.29999999977,-213.47000000000003
2026-03-02 14:00:00+00:00,17366.71999999977,-293.58000000000004
2026-03-02 14:15:00+00:00,17648.18999999977,281.47
2026-03-02 15:00:00+00:00,17434.71999999977,-213.47000000000003
2026-03-02 15:15:00+00:00,17292.819999999767,-141.9
2026-03-02 15:30:00+00:00,17029.069999999767,-263.75
2026-03-02 15:45:00+00:00,16835.909999999767,-193.16
2026-03-02 17:00:00+00:00,17199.169999999765,363.26
2026-03-02 17:30:00+00:00,17011.099999999766,-188.07000000000002
2026-03-02 17:45:00+00:00,16848.609999999764,-162.49
2026-03-02 18:00:00+00:00,17050.079999999765,201.46999999999994
2026-03-02 18:15:00+00:00,16918.509999999766,-131.57
2026-03-02 18:30:00+00:00,16730.439999999766,-188.07000000000002
2026-03-02 18:45:00+00:00,16583.379999999765,-147.06
2026-03-02 19:00:00+00:00,16270.049999999765,-313.33
2026-03-02 19:15:00+00:00,16128.149999999765,-141.9
2026-03-02 19:45:00+00:00,16585.569999999763,457.42
2026-03-02 20:00:00+00:00,16542.98999999976,-42.57999999999998
2026-03-02 20:30:00+00:00,16729.65999999976,186.67
2026-03-02 21:00:00+00:00,17036.49999999976,306.84
2026-03-02 21:15:00+00:00,17415.29999999976,378.8
2026-03-02 21:45:00+00:00,17206.899999999758,-208.4
2026-03-02 22:00:00+00:00,17570.159999999756,363.26
2026-03-02 22:30:00+00:00,17917.949999999757,347.79
2026-03-02 22:45:00+00:00,17556.339999999756,-361.60999999999996
2026-03-02 23:00:00+00:00,17909.279999999755,352.94
2026-03-02 23:45:00+00:00,17772.539999999753,-136.74
2026-03-03 00:15:00+00:00,18229.95999999975,457.42
2026-03-03 01:30:00+00:00,18088.05999999975,-141.9
2026-03-03 01:45:00+00:00,18446.15999999975,358.1
2026-03-03 02:00:00+00:00,18283.669999999747,-162.49
2026-03-03 02:15:00+00:00,18126.31999999975,-157.35
2026-03-03 02:30:00+00:00,17994.74999999975,-131.57
2026-03-03 04:45:00+00:00,17852.849999999748,-141.9
2026-03-03 06:30:00+00:00,17889.949999999746,37.099999999999966
2026-03-03 06:45:00+00:00,17931.409999999745,41.45999999999997
2026-03-03 08:45:00+00:00,17748.439999999744,-182.97000000000003
2026-03-03 09:00:00+00:00,17606.539999999743,-141.9
2026-03-03 09:15:00+00:00,17754.04999999974,147.50999999999993
2026-03-03 09:45:00+00:00,17669.339999999742,-84.71
2026-03-03 10:00:00+00:00,18006.84999999974,337.51
2026-03-03 12:00:00+00:00,17813.68999999974,-193.16
2026-03-03 12:15:00+00:00,17771.10999999974,-42.57999999999998
2026-03-03 13:15:00+00:00,17624.049999999737,-147.06
2026-03-03 13:45:00+00:00,17476.989999999736,-147.06
2026-03-03 14:00:00+00:00,17871.389999999737,394.4
2026-03-03 14:30:00+00:00,18018.899999999736,147.51
2026-03-03 14:45:00+00:00,17902.889999999737,-116.01
2026-03-03 15:00:00+00:00,18149.139999999737,246.25
2026-03-03 15:30:00+00:00,18330.889999999737,181.75
2026-03-03 16:00:00+00:00,18137.729999999738,-193.16
2026-03-03 16:30:00+00:00,17929.329999999736,-208.4
2026-03-03 17:00:00+00:00,18036.349999999737,107.02000000000002
2026-03-03 17:45:00+00:00,18121.309999999736,84.96
2026-03-03 19:45:00+00:00,18474.249999999734,352.94
2026-03-03 20:15:00+00:00,18275.999999999734,-198.25
2026-03-03 20:30:00+00:00,18462.669999999733,186.67
2026-03-03 20:45:00+00:00,18831.099999999733,368.43
2026-03-03 21:00:00+00:00,18637.939999999733,-193.16
2026-03-03 21:15:00+00:00,18424.469999999732,-213.47000000000003
2026-03-03 21:30:00+00:00,18175.72999999973,-248.74000000000004
2026-03-03 21:45:00+00:00,18372.25999999973,196.53
2026-03-03 22:00:00+00:00,18653.72999999973,281.47
2026-03-03 22:30:00+00:00,18511.82999999973,-141.9
2026-03-03 23:00:00+00:00,18369.929999999727,-141.9
2026-03-04 00:15:00+00:00,18228.029999999726,-141.9
2026-03-04 01:15:00+00:00,18565.539999999724,337.51
2026-03-04 01:30:00+00:00,18939.149999999725,373.61
2026-03-04 02:00:00+00:00,19052.309999999725,113.15999999999998
2026-03-04 02:15:00+00:00,18900.099999999726,-152.21000000000004
2026-03-04 02:30:00+00:00,18784.089999999727,-116.01
2026-03-04 02:45:00+00:00,18965.839999999727,181.75
2026-03-04 03:15:00+00:00,18787.979999999727,-177.86
2026-03-04 03:30:00+00:00,18605.009999999726,-182.97000000000003
2026-03-04 03:45:00+00:00,18442.519999999724,-162.49
2026-03-04 04:00:00+00:00,18688.769999999724,246.25
2026-03-04 04:15:00+00:00,18975.299999999723,286.53
2026-03-04 04:30:00+00:00,18721.549999999723,-253.75
2026-03-04 04:45:00+00:00,19074.48999999972,352.94
2026-03-04 05:00:00+00:00,19376.23999999972,301.75
2026-03-04 06:15:00+00:00,19612.48999999972,236.25
2026-03-04 07:00:00+00:00,19904.08999999972,291.6
2026-03-04 07:15:00+00:00,20195.68999999972,291.6
2026-03-04 07:45:00+00:00,20002.52999999972,-193.16
2026-03-04 08:00:00+00:00,19763.829999999718,-238.69999999999996
2026-03-04 08:15:00+00:00,20035.199999999717,271.37
2026-03-04 08:30:00+00:00,20236.669999999718,201.46999999999994
2026-03-04 08:45:00+00:00,20028.269999999717,-208.4
2026-03-04 09:00:00+00:00,19865.779999999715,-162.48999999999998
2026-03-04 10:45:00+00:00,19744.579999999714,-121.2
2026-03-04 11:00:00+00:00,19515.949999999713,-228.63
2026-03-04 11:15:00+00:00,19827.879999999714,311.93
2026-03-04 11:45:00+00:00,19509.629999999714,-318.25
2026-03-04 12:30:00+00:00,19372.889999999712,-136.74
2026-03-04 13:15:00+00:00,19679.729999999712,306.84
2026-03-04 14:15:00+00:00,19542.98999999971,-136.74
2026-03-04 14:30:00+00:00,19885.639999999712,342.65
2026-03-04 15:00:00+00:00,19677.23999999971,-208.4
2026-03-04 15:30:00+00:00,19413.48999999971,-263.75
2026-03-04 15:45:00+00:00,19634.78999999971,221.3
2026-03-04 16:00:00+00:00,19401.11999999971,-233.66999999999996
2026-03-04 16:15:00+00:00,19652.37999999971,251.26
2026-03-04 16:45:00+00:00,19464.30999999971,-188.07
2026-03-04 17:00:00+00:00,19205.55999999971,-258.75
2026-03-04 17:15:00+00:00,19002.22999999971,-203.33
2026-03-04 17:30:00+00:00,19208.649999999707,206.41999999999993
2026-03-04 18:00:00+00:00,19166.069999999705,-42.57999999999998
2026-03-04 18:15:00+00:00,19210.419999999704,44.35000000000001
2026-03-04 19:00:00+00:00,19073.679999999702,-136.74
2026-03-04 19:15:00+00:00,18865.2799999997,-208.4
2026-03-04 19:30:00+00:00,19177.2099999997,311.93
2026-03-04 20:15:00+00:00,18994.2399999997,-182.97000000000003
2026-03-04 20:30:00+00:00,19175.9899999997,181.75
2026-03-04 20:45:00+00:00,19518.6399999997,342.65
2026-03-04 21:00:00+00:00,19320.3899999997,-198.25
2026-03-04 21:15:00+00:00,19173.3299999997,-147.06
2026-03-04 21:30:00+00:00,19419.5799999997,246.25
2026-03-04 21:45:00+00:00,19736.6099999997,317.03
2026-03-04 22:00:00+00:00,20079.2599999997,342.65
2026-03-04 22:30:00+00:00,20421.9099999997,342.65
2026-03-04 22:45:00+00:00,20233.839999999702,-188.07000000000002
2026-03-04 23:00:00+00:00,20154.3699999997,-79.47000000000001
2026-03-04 23:15:00+00:00,19836.1199999997,-318.25
2026-03-05 00:00:00+00:00,20132.7899999997,296.67
2026-03-05 00:15:00+00:00,20260.889999999697,128.1
2026-03-05 01:30:00+00:00,20124.149999999696,-136.74
2026-03-05 01:45:00+00:00,19987.409999999694,-136.74
2026-03-05 02:00:00+00:00,19845.509999999693,-141.9
2026-03-05 04:15:00+00:00,19637.10999999969,-208.4
2026-03-05 05:00:00+00:00,20000.36999999969,363.26
2026-03-05 05:15:00+00:00,20061.54999999969,61.18000000000002
2026-03-05 06:00:00+00:00,20165.53999999969,103.99
2026-03-05 06:15:00+00:00,20018.47999999969,-147.06
2026-03-05 06:30:00+00:00,20330.40999999969,311.93
2026-03-05 06:45:00+00:00,20444.01999999969,113.61
2026-03-05 08:00:00+00:00,20296.95999999969,-147.06
2026-03-05 08:15:00+00:00,20149.89999999969,-147.06
2026-03-05 09:15:00+00:00,19956.73999999969,-193.16
2026-03-05 09:30:00+00:00,19565.539999999688,-391.2
2026-03-05 09:45:00+00:00,19801.789999999688,236.25
2026-03-05 10:00:00+00:00,19843.00999999969,41.22
2026-03-05 10:15:00+00:00,19649.84999999969,-193.16
2026-03-05 10:45:00+00:00,19401.109999999688,-248.74
2026-03-05 11:00:00+00:00,19157.389999999687,-243.72
2026-03-05 11:15:00+00:00,19259.509999999686,102.11999999999998
2026-03-05 13:30:00+00:00,19107.299999999686,-152.21000000000004
2026-03-05 13:45:00+00:00,18960.239999999685,-147.06
2026-03-05 14:15:00+00:00,19098.029999999686,137.78999999999994
2026-03-05 14:30:00+00:00,18956.129999999685,-141.9
2026-03-05 14:45:00+00:00,18814.229999999683,-141.9
2026-03-05 15:00:00+00:00,18971.48999999968,157.26
2026-03-05 15:30:00+00:00,18717.73999999968,-253.75
2026-03-05 16:00:00+00:00,19039.87999999968,322.14
2026-03-05 16:30:00+00:00,19341.62999999968,301.75
2026-03-05 17:00:00+00:00,19400.69999999968,59.070000000000014
2026-03-05 17:30:00+00:00,19243.349999999682,-157.35
2026-03-05 17:45:00+00:00,18999.62999999968,-243.72000000000003
2026-03-05 18:00:00+00:00,18786.15999999968,-213.47000000000003
2026-03-05 18:15:00+00:00,19052.48999999968,266.33
2026-03-05 18:30:00+00:00,18879.74999999968,-172.74
2026-03-05 18:45:00+00:00,19086.169999999678,206.41999999999993
2026-03-05 19:30:00+00:00,18939.109999999677,-147.06
2026-03-05 19:45:00+00:00,18776.619999999675,-162.49
2026-03-05 20:15:00+00:00,19134.719999999674,358.1
2026-03-05 20:45:00+00:00,18816.469999999674,-318.25
2026-03-05 21:00:00+00:00,19113.139999999672,296.67
2026-03-05 21:30:00+00:00,19070.55999999967,-42.57999999999998
2026-03-05 21:45:00+00:00,19362.15999999967,291.6
2026-03-05 22:00:00+00:00,19266.98999999967,-95.17000000000002
2026-03-05 22:15:00+00:00,18904.77999999967,-362.21000000000004
2026-03-05 22:30:00+00:00,18562.03999999967,-342.74
2026-03-05 22:45:00+00:00,18753.63999999967,191.6
2026-03-05 23:00:00+00:00,18435.38999999967,-318.25
2026-03-05 23:15:00+00:00,18558.15999999967,122.77000000000002
2026-03-06 00:00:00+00:00,18344.689999999668,-213.47000000000003
2026-03-06 01:15:00+00:00,18202.789999999666,-141.9
2026-03-06 02:15:00+00:00,17969.119999999668,-233.66999999999996
2026-03-06 02:30:00+00:00,18033.419999999667,64.3
2026-03-06 02:45:00+00:00,17667.24999999967,-366.17
2026-03-06 03:00:00+00:00,17520.189999999668,-147.06
2026-03-06 04:30:00+00:00,17163.04999999967,-357.14000000000004
2026-03-06 04:45:00+00:00,17010.83999999967,-152.21000000000004
2026-03-06 05:00:00+00:00,17197.509999999667,186.67
2026-03-06 05:15:00+00:00,17004.349999999667,-193.16
2026-03-06 05:30:00+00:00,16821.379999999666,-182.97000000000003
2026-03-06 05:45:00+00:00,16664.029999999668,-157.35
2026-03-06 06:00:00+00:00,16975.959999999668,311.93
2026-03-06 08:00:00+00:00,16767.559999999667,-208.4
2026-03-06 08:45:00+00:00,16469.029999999668,-298.53000000000003
2026-03-06 09:30:00+00:00,16230.329999999667,-238.7
2026-03-06 09:45:00+00:00,16446.65999999967,216.33
2026-03-06 10:00:00+00:00,16748.40999999967,301.75
2026-03-06 11:15:00+00:00,17101.349999999667,352.94
2026-03-06 11:45:00+00:00,16959.449999999666,-141.9
2026-03-06 12:00:00+00:00,16812.389999999665,-147.06
2026-03-06 12:15:00+00:00,16634.529999999664,-177.86
2026-03-06 12:45:00+00:00,16456.669999999664,-177.86
2026-03-06 13:00:00+00:00,16743.199999999662,286.53
2026-03-06 13:45:00+00:00,17096.13999999966,352.94
2026-03-06 14:15:00+00:00,16990.539999999663,-105.6
2026-03-06 14:45:00+00:00,16853.79999999966,-136.74
2026-03-06 15:00:00+00:00,16717.05999999966,-136.74
2026-03-06 16:30:00+00:00,17075.159999999658,358.1
2026-03-06 17:15:00+00:00,16727.92999999966,-347.23
2026-03-06 17:45:00+00:00,16580.869999999657,-147.06
2026-03-06 19:15:00+00:00,16685.559999999656,104.69
2026-03-06 19:30:00+00:00,16543.659999999654,-141.9
2026-03-06 19:45:00+00:00,16225.409999999654,-318.25
2026-03-06 20:00:00+00:00,16027.159999999654,-198.25
2026-03-06 20:15:00+00:00,15700.049999999654,-327.11
2026-03-06 20:30:00+00:00,15431.309999999654,-268.74
2026-03-06 20:45:00+00:00,15569.359999999653,138.04999999999998
2026-03-06 21:15:00+00:00,15690.059999999654,120.69999999999999
2026-03-06 21:45:00+00:00,15783.669999999654,93.61
2026-03-06 22:45:00+00:00,16121.179999999655,337.51
2026-03-06 23:00:00+00:00,15984.439999999655,-136.74
2026-03-06 23:15:00+00:00,15842.539999999655,-141.9
2026-03-07 00:00:00+00:00,15700.639999999656,-141.9
2026-03-07 01:30:00+00:00,15579.439999999655,-121.2
2026-03-07 01:45:00+00:00,15916.949999999655,337.51
2026-03-07 02:15:00+00:00,15733.979999999656,-182.97000000000003
2026-03-07 02:45:00+00:00,15940.399999999656,206.41999999999993
2026-03-07 03:15:00+00:00,15757.429999999657,-182.97
2026-03-07 03:45:00+00:00,15610.369999999657,-147.06
2026-03-07 04:00:00+00:00,15417.209999999657,-193.16
2026-03-07 04:15:00+00:00,15364.059999999658,-53.15
2026-03-07 04:45:00+00:00,15727.319999999658,363.26
2026-03-07 05:00:00+00:00,15580.259999999658,-147.06
2026-03-07 05:30:00+00:00,15964.249999999658,383.99
2026-03-07 05:45:00+00:00,16327.509999999658,363.26
2026-03-07 06:15:00+00:00,16180.449999999659,-147.06
2026-03-07 07:15:00+00:00,16007.709999999659,-172.74
2026-03-07 08:15:00+00:00,16365.80999999966,358.1
2026-03-07 08:45:00+00:00,16218.74999999966,-147.06
2026-03-07 09:15:00+00:00,16556.25999999966,337.51
2026-03-07 10:45:00+00:00,16909.19999999966,352.94
2026-03-07 11:00:00+00:00,16767.299999999657,-141.9
2026-03-07 11:15:00+00:00,17084.329999999656,317.03
2026-03-07 11:30:00+00:00,16947.589999999655,-136.74
2026-03-07 12:15:00+00:00,16805.689999999653,-141.9
2026-03-07 12:45:00+00:00,16663.78999999965,-141.9
2026-03-07 13:00:00+00:00,17027.04999999965,363.26
2026-03-07 13:45:00+00:00,16885.14999999965,-141.9
2026-03-07 14:15:00+00:00,16748.409999999647,-136.74
2026-03-07 14:30:00+00:00,16891.48999999965,143.07999999999996
2026-03-07 16:15:00+00:00,16998.07999999965,106.59
2026-03-07 16:30:00+00:00,16851.019999999648,-147.06
2026-03-07 17:00:00+00:00,17152.769999999648,301.75
2026-03-07 18:15:00+00:00,17016.029999999646,-136.74
2026-03-07 18:45:00+00:00,16670.989999999645,-345.04
2026-03-07 19:30:00+00:00,16508.499999999643,-162.49
2026-03-07 19:45:00+00:00,16690.249999999643,181.75
2026-03-07 22:45:00+00:00,16574.239999999645,-116.01
2026-03-07 23:00:00+00:00,16255.989999999645,-318.25
2026-03-08 00:30:00+00:00,16512.269999999644,256.28
2026-03-08 01:00:00+00:00,16370.369999999644,-141.9
2026-03-08 01:15:00+00:00,16707.879999999644,337.51
2026-03-08 01:30:00+00:00,16389.629999999644,-318.25
2026-03-08 01:45:00+00:00,16799.689999999646,410.06
2026-03-08 02:15:00+00:00,16657.789999999644,-141.9
2026-03-08 02:45:00+00:00,17026.219999999645,368.43
2026-03-08 03:00:00+00:00,16884.319999999643,-141.9
2026-03-08 03:15:00+00:00,17130.569999999643,246.25
2026-03-08 03:30:00+00:00,17312.319999999643,181.75
2026-03-08 03:45:00+00:00,17129.349999999642,-182.97000000000003
2026-03-08 04:15:00+00:00,16992.60999999964,-136.74
2026-03-08 05:15:00+00:00,17179.27999999964,186.67
2026-03-08 06:00:00+00:00,17475.949999999637,296.67
2026-03-08 06:30:00+00:00,17524.899999999638,48.949999999999996
2026-03-08 07:15:00+00:00,17492.919999999638,-31.979999999999972
2026-03-08 07:30:00+00:00,17789.589999999636,296.67
2026-03-08 08:30:00+00:00,17668.389999999636,-121.2
2026-03-08 09:00:00+00:00,17429.689999999635,-238.69999999999996
2026-03-08 09:30:00+00:00,17211.159999999636,-218.53000000000003
2026-03-08 09:45:00+00:00,17308.419999999634,97.26
2026-03-08 10:00:00+00:00,17395.309999999634,86.88999999999996
2026-03-08 10:30:00+00:00,17212.339999999633,-182.97
2026-03-08 10:45:00+00:00,17478.669999999634,266.33
2026-03-08 11:30:00+00:00,17685.089999999633,206.41999999999993
2026-03-08 12:00:00+00:00,17871.75999999963,186.67
2026-03-08 12:30:00+00:00,18266.159999999632,394.4
2026-03-08 12:45:00+00:00,18629.41999999963,363.26
2026-03-08 13:00:00+00:00,18487.51999999963,-141.9
2026-03-08 13:15:00+00:00,18325.029999999628,-162.49
2026-03-08 13:30:00+00:00,18556.289999999626,231.26
2026-03-08 13:45:00+00:00,18378.429999999626,-177.86
2026-03-08 15:00:00+00:00,18700.569999999625,322.14
2026-03-08 15:15:00+00:00,18892.169999999624,191.6
2026-03-08 15:45:00+00:00,19204.099999999624,311.93
2026-03-08 16:00:00+00:00,19526.239999999623,322.14
2026-03-08 17:00:00+00:00,19363.74999999962,-162.49
2026-03-08 17:45:00+00:00,19232.179999999622,-131.57
2026-03-08 18:00:00+00:00,19069.68999999962,-162.49
2026-03-08 18:15:00+00:00,18912.33999999962,-157.35
2026-03-08 18:30:00+00:00,19270.43999999962,358.1
2026-03-08 18:45:00+00:00,19180.49999999962,-89.94
2026-03-08 19:00:00+00:00,19497.52999999962,317.03
2026-03-08 19:15:00+00:00,19835.03999999962,337.51
2026-03-08 19:45:00+00:00,19606.409999999618,-228.62999999999997
2026-03-08 20:00:00+00:00,19969.669999999616,363.26
2026-03-08 20:30:00+00:00,19651.419999999616,-318.25
2026-03-08 21:15:00+00:00,19530.219999999616,-121.2
2026-03-08 21:30:00+00:00,19707.059999999616,176.84
2026-03-08 21:45:00+00:00,20024.089999999615,317.03
2026-03-08 22:00:00+00:00,19934.149999999616,-89.94
2026-03-08 22:15:00+00:00,19865.189999999617,-68.96
2026-03-08 22:30:00+00:00,19571.609999999615,-293.58000000000004
2026-03-08 22:45:00+00:00,19924.549999999614,352.94
2026-03-08 23:45:00+00:00,20033.349999999613,108.8
2026-03-09 02:15:00+00:00,19840.189999999613,-193.16
2026-03-09 02:30:00+00:00,19708.619999999613,-131.57
2026-03-09 02:45:00+00:00,19919.989999999612,211.37
2026-03-09 03:30:00+00:00,20019.17999999961,99.19
2026-03-09 03:45:00+00:00,20275.45999999961,256.28
2026-03-09 04:15:00+00:00,20587.38999999961,311.93
2026-03-09 04:45:00+00:00,20696.18999999961,108.8
2026-03-09 05:00:00+00:00,20992.859999999608,296.67
2026-03-09 05:15:00+00:00,20744.119999999606,-248.74000000000004
2026-03-09 06:45:00+00:00,20602.219999999605,-141.9
2026-03-09 07:00:00+00:00,20403.969999999605,-198.25
2026-03-09 07:15:00+00:00,20256.909999999603,-147.06
2026-03-09 07:30:00+00:00,20404.4199999996,147.50999999999993
2026-03-09 08:15:00+00:00,20706.1699999996,301.75
2026-03-09 08:45:00+00:00,21002.8399999996,296.67
2026-03-09 09:45:00+00:00,20871.2699999996,-131.57
2026-03-09 10:00:00+00:00,21152.7399999996,281.47
2026-03-09 10:15:00+00:00,20995.389999999603,-157.35
2026-03-09 10:30:00+00:00,20807.319999999603,-188.07000000000002
2026-03-09 10:45:00+00:00,20624.349999999602,-182.97000000000003
2026-03-09 11:00:00+00:00,20446.4899999996,-177.86
2026-03-09 11:45:00+00:00,20638.0899999996,191.6
2026-03-09 12:45:00+00:00,20394.3699999996,-243.72
2026-03-09 13:15:00+00:00,20335.9399999996,-58.42999999999999
2026-03-09 13:30:00+00:00,20152.969999999597,-182.97
2026-03-09 13:45:00+00:00,19919.2999999996,-233.66999999999996
2026-03-09 14:00:00+00:00,20081.4399999996,162.14000000000004
2026-03-09 14:15:00+00:00,20413.8199999996,332.38
2026-03-09 14:45:00+00:00,20190.239999999598,-223.57999999999998
2026-03-09 15:00:00+00:00,20391.7099999996,201.46999999999994
2026-03-09 15:15:00+00:00,20078.379999999597,-313.33
2026-03-09 17:45:00+00:00,19725.889999999596,-352.49000000000007
2026-03-09 18:00:00+00:00,19878.269999999597,152.38
2026-03-09 18:15:00+00:00,19731.209999999595,-147.06
2026-03-09 18:45:00+00:00,19412.959999999595,-318.25
2026-03-09 19:00:00+00:00,19296.949999999597,-116.01
2026-03-09 19:45:00+00:00,19573.369999999595,276.42
2026-03-09 20:15:00+00:00,19682.169999999594,108.8
2026-03-09 20:30:00+00:00,19780.959999999595,98.78999999999998
2026-03-09 20:45:00+00:00,19633.899999999594,-147.06
2026-03-09 21:15:00+00:00,19815.649999999594,181.75
2026-03-09 22:30:00+00:00,20122.489999999594,306.84
2026-03-09 22:45:00+00:00,19965.139999999596,-157.35
2026-03-09 23:00:00+00:00,19823.239999999594,-141.9
2026-03-09 23:15:00+00:00,19676.179999999593,-147.06
2026-03-09 23:30:00+00:00,19513.68999999959,-162.49
2026-03-09 23:45:00+00:00,19351.19999999959,-162.49
2026-03-10 00:00:00+00:00,19173.33999999959,-177.86
2026-03-10 00:45:00+00:00,18899.619999999588,-273.72
2026-03-10 01:00:00+00:00,18943.349999999587,43.72999999999999
2026-03-10 01:45:00+00:00,18982.699999999586,39.35
2026-03-10 02:30:00+00:00,19325.349999999587,342.65
2026-03-10 03:00:00+00:00,19616.949999999586,291.6
2026-03-10 03:15:00+00:00,19662.329999999587,45.379999999999974
2026-03-10 03:30:00+00:00,19923.629999999586,261.3
2026-03-10 04:00:00+00:00,19812.819999999585,-110.81000000000002
2026-03-10 04:15:00+00:00,19994.569999999585,181.75
2026-03-10 05:45:00+00:00,19847.509999999584,-147.06
2026-03-10 06:30:00+00:00,20200.449999999582,352.94
2026-03-10 08:00:00+00:00,20063.70999999958,-136.74
2026-03-10 08:30:00+00:00,20330.039999999583,266.33
2026-03-10 08:45:00+00:00,20131.789999999583,-198.25
2026-03-10 09:00:00+00:00,20250.219999999583,118.43
2026-03-10 09:30:00+00:00,20041.81999999958,-208.4
2026-03-10 09:45:00+00:00,20293.07999999958,251.26
2026-03-10 10:00:00+00:00,20355.04999999958,61.97
2026-03-10 10:30:00+00:00,20213.14999999958,-141.9
2026-03-10 10:45:00+00:00,20317.13999999958,103.99
2026-03-10 11:00:00+00:00,20675.23999999958,358.1
2026-03-10 11:45:00+00:00,20533.339999999578,-141.9
2026-03-10 12:00:00+00:00,20490.759999999576,-42.57999999999998
2026-03-10 12:15:00+00:00,20343.699999999575,-147.06
2026-03-10 12:45:00+00:00,20717.309999999576,373.61
2026-03-10 14:00:00+00:00,20908.909999999574,191.6
2026-03-10 14:15:00+00:00,20695.439999999573,-213.47000000000003
2026-03-10 14:30:00+00:00,21017.579999999572,322.14
2026-03-10 15:15:00+00:00,21283.909999999574,266.33
2026-03-10 17:15:00+00:00,21241.329999999572,-42.57999999999998
2026-03-10 18:00:00+00:00,21553.259999999573,311.93
2026-03-10 18:15:00+00:00,21411.35999999957,-141.9
2026-03-10 18:30:00+00:00,21228.38999999957,-182.97000000000003
2026-03-10 18:45:00+00:00,21065.89999999957,-162.49
2026-03-10 19:00:00+00:00,20752.569999999567,-313.33
2026-03-10 19:15:00+00:00,21059.409999999567,306.84
2026-03-10 19:30:00+00:00,20673.019999999568,-386.39
2026-03-10 19:45:00+00:00,20995.159999999567,322.14
2026-03-10 20:00:00+00:00,21296.909999999567,301.75
2026-03-10 21:30:00+00:00,21113.939999999566,-182.97000000000003
2026-03-10 21:45:00+00:00,21060.789999999564,-53.15
2026-03-10 22:00:00+00:00,21449.979999999563,389.19
2026-03-10 22:15:00+00:00,21241.57999999956,-208.4
2026-03-10 22:30:00+00:00,21543.32999999956,301.75
2026-03-10 22:45:00+00:00,21754.69999999956,211.37
2026-03-10 23:00:00+00:00,22071.72999999956,317.03
2026-03-10 23:30:00+00:00,22170.919999999558,99.19
2026-03-11 00:15:00+00:00,21987.949999999557,-182.97
2026-03-11 00:30:00+00:00,21744.229999999556,-243.72
2026-03-11 03:15:00+00:00,21602.329999999554,-141.9
2026-03-11 04:45:00+00:00,21358.609999999553,-243.72
2026-03-11 05:00:00+00:00,21109.86999999955,-248.74
2026-03-11 06:00:00+00:00,20856.11999999955,-253.75
2026-03-11 07:15:00+00:00,21122.449999999553,266.33
2026-03-11 07:45:00+00:00,20965.099999999555,-157.35
2026-03-11 09:30:00+00:00,21078.709999999555,113.61
2026-03-11 09:45:00+00:00,21436.809999999554,358.1
2026-03-11 10:15:00+00:00,21628.409999999552,191.6
2026-03-11 12:15:00+00:00,21465.91999999955,-162.49
2026-03-11 13:00:00+00:00,21767.66999999955,301.75
2026-03-11 13:30:00+00:00,21518.92999999955,-248.74
2026-03-11 14:00:00+00:00,21622.91999999955,103.99
2026-03-11 14:15:00+00:00,21726.909999999552,103.99
2026-03-11 14:45:00+00:00,21478.16999999955,-248.74
2026-03-11 15:00:00+00:00,21769.76999999955,291.6
2026-03-11 15:45:00+00:00,21607.279999999548,-162.49
2026-03-11 16:00:00+00:00,21970.539999999546,363.26
2026-03-11 16:15:00+00:00,21782.469999999546,-188.07
2026-03-11 16:30:00+00:00,21548.799999999548,-233.66999999999996
2026-03-11 16:45:00+00:00,21350.549999999548,-198.25
2026-03-11 17:00:00+00:00,21606.829999999547,256.28
2026-03-11 17:30:00+00:00,21413.669999999547,-193.16
2026-03-11 17:45:00+00:00,21740.929999999546,327.26
2026-03-11 18:30:00+00:00,21593.869999999544,-147.06
2026-03-11 18:45:00+00:00,21380.399999999543,-213.47000000000003
2026-03-11 19:00:00+00:00,21567.06999999954,186.67
2026-03-11 19:15:00+00:00,21435.49999999954,-131.57
2026-03-11 19:30:00+00:00,21622.16999999954,186.67
2026-03-11 20:00:00+00:00,21735.77999999954,113.61
2026-03-11 20:30:00+00:00,21863.87999999954,128.1
2026-03-11 21:45:00+00:00,21821.299999999537,-42.57999999999998
2026-03-11 22:45:00+00:00,21633.229999999538,-188.07000000000002
2026-03-11 23:00:00+00:00,21527.62999999954,-105.6
2026-03-11 23:45:00+00:00,21365.139999999537,-162.49
2026-03-12 00:15:00+00:00,21718.079999999536,352.94
2026-03-12 00:30:00+00:00,21865.589999999534,147.51
2026-03-12 01:00:00+00:00,21911.029999999533,45.44
2026-03-12 01:45:00+00:00,22263.969999999532,352.94
2026-03-12 02:00:00+00:00,22080.99999999953,-182.97000000000003
2026-03-12 02:15:00+00:00,21882.74999999953,-198.25
2026-03-12 02:30:00+00:00,21746.00999999953,-136.74
2026-03-12 02:45:00+00:00,21532.539999999528,-213.47000000000003
2026-03-12 04:00:00+00:00,21479.389999999526,-53.15
2026-03-12 04:45:00+00:00,21281.139999999526,-198.25
2026-03-12 05:00:00+00:00,21634.079999999525,352.94
2026-03-12 06:00:00+00:00,21492.179999999524,-141.9
2026-03-12 08:00:00+00:00,21444.309999999525,-47.86999999999998
2026-03-12 08:30:00+00:00,21488.909999999523,44.599999999999966
2026-03-12 08:45:00+00:00,21352.16999999952,-136.74
2026-03-12 09:15:00+00:00,21210.26999999952,-141.9
2026-03-12 09:30:00+00:00,21058.05999999952,-152.21000000000004
2026-03-12 10:00:00+00:00,21416.15999999952,358.1
2026-03-12 11:00:00+00:00,21177.45999999952,-238.69999999999996
2026-03-12 11:15:00+00:00,21479.20999999952,301.75
2026-03-12 11:30:00+00:00,21270.809999999517,-208.4
2026-03-12 12:15:00+00:00,21108.319999999516,-162.49
2026-03-12 13:15:00+00:00,21152.259999999515,43.939999999999976
2026-03-12 13:45:00+00:00,21474.399999999514,322.14
2026-03-12 14:00:00+00:00,21368.799999999515,-105.6
2026-03-12 14:45:00+00:00,21247.599999999515,-121.2
2026-03-12 15:00:00+00:00,21585.109999999513,337.51
2026-03-12 15:15:00+00:00,21796.479999999512,211.37
2026-03-12 15:45:00+00:00,21910.089999999513,113.61
2026-03-12 16:30:00+00:00,21621.45999999951,-288.63
2026-03-12 16:45:00+00:00,21827.87999999951,206.41999999999993
2026-03-12 17:00:00+00:00,21680.81999999951,-147.06
2026-03-12 17:15:00+00:00,21887.239999999507,206.41999999999993
2026-03-12 17:30:00+00:00,21688.989999999507,-198.25
2026-03-12 17:45:00+00:00,21880.589999999505,191.6
2026-03-12 18:00:00+00:00,21692.519999999506,-188.07000000000002
2026-03-12 18:15:00+00:00,21443.779999999504,-248.74000000000004
2026-03-12 18:30:00+00:00,21150.199999999502,-293.58000000000004
2026-03-12 18:45:00+00:00,20856.6199999995,-293.58000000000004
2026-03-12 19:00:00+00:00,20627.9899999995,-228.63
2026-03-12 19:15:00+00:00,20785.249999999498,157.26
2026-03-12 20:30:00+00:00,20679.6499999995,-105.6
2026-03-12 20:45:00+00:00,20558.4499999995,-121.2
2026-03-12 21:45:00+00:00,20452.8499999995,-105.6
2026-03-12 22:00:00+00:00,20600.3599999995,147.50999999999993
2026-03-12 22:15:00+00:00,20417.389999999497,-182.97000000000003
2026-03-12 22:30:00+00:00,20285.819999999498,-131.57
2026-03-12 22:45:00+00:00,20087.569999999498,-198.25
2026-03-12 23:00:00+00:00,20274.239999999496,186.67
2026-03-12 23:30:00+00:00,20106.619999999497,-167.61999999999998
2026-03-12 23:45:00+00:00,19872.9499999995,-233.66999999999996
2026-03-13 01:30:00+00:00,20134.249999999498,261.3
2026-03-13 01:45:00+00:00,19946.1799999995,-188.07
2026-03-13 02:00:00+00:00,19702.459999999497,-243.72
2026-03-13 03:00:00+00:00,19816.069999999498,113.61
2026-03-13 03:45:00+00:00,20174.169999999496,358.1
2026-03-13 04:15:00+00:00,20626.299999999497,452.13
2026-03-13 06:00:00+00:00,20764.089999999498,137.79
2026-03-13 06:15:00+00:00,20617.029999999497,-147.06
2026-03-13 06:45:00+00:00,20730.639999999497,113.61
2026-03-13 08:00:00+00:00,21083.579999999496,352.94
2026-03-13 09:15:00+00:00,21148.049999999497,64.47000000000003
2026-03-13 09:30:00+00:00,21500.989999999496,352.94
2026-03-13 10:15:00+00:00,21257.269999999495,-243.72
2026-03-13 10:30:00+00:00,21141.259999999496,-116.00999999999999
2026-03-13 10:45:00+00:00,20922.729999999498,-218.53000000000003
2026-03-13 11:00:00+00:00,21129.149999999496,206.41999999999993
2026-03-13 11:15:00+00:00,21435.989999999496,306.84
2026-03-13 11:30:00+00:00,21480.589999999494,44.599999999999966
2026-03-13 11:45:00+00:00,21530.299999999494,49.70999999999998
2026-03-13 12:00:00+00:00,21837.139999999494,306.84
2026-03-13 12:15:00+00:00,21805.159999999494,-31.979999999999972
2026-03-13 12:30:00+00:00,21875.689999999493,70.53
2026-03-13 12:45:00+00:00,22172.35999999949,296.67
2026-03-13 13:00:00+00:00,22129.77999999949,-42.57999999999998
2026-03-13 13:15:00+00:00,21876.02999999949,-253.75
2026-03-13 13:30:00+00:00,21775.63999999949,-100.38999999999997
2026-03-13 13:45:00+00:00,21618.28999999949,-157.34999999999997
2026-03-13 14:00:00+00:00,21486.719999999492,-131.57
2026-03-13 14:15:00+00:00,21253.049999999494,-233.66999999999996
2026-03-13 14:30:00+00:00,20881.149999999492,-371.9
2026-03-13 14:45:00+00:00,21142.44999999949,261.3
2026-03-13 15:00:00+00:00,21016.059999999492,-126.39000000000001
2026-03-13 15:15:00+00:00,21202.72999999949,186.67
2026-03-13 15:45:00+00:00,20884.47999999949,-318.25
2026-03-13 16:00:00+00:00,20566.22999999949,-318.25
2026-03-13 16:15:00+00:00,20373.06999999949,-193.16
2026-03-13 16:30:00+00:00,20236.32999999949,-136.74
2026-03-13 16:45:00+00:00,20354.75999999949,118.43
2026-03-13 17:15:00+00:00,20536.50999999949,181.75
2026-03-13 17:45:00+00:00,20317.97999999949,-218.53000000000003
2026-03-13 18:00:00+00:00,20135.00999999949,-182.97000000000003
2026-03-13 18:15:00+00:00,20513.80999999949,378.8
2026-03-13 18:30:00+00:00,20392.609999999488,-121.2
2026-03-13 20:45:00+00:00,19996.59999999949,-396.01
2026-03-13 21:00:00+00:00,19954.019999999487,-42.57999999999998
2026-03-13 21:45:00+00:00,19796.66999999949,-157.35
2026-03-13 22:00:00+00:00,19410.27999999949,-386.39
2026-03-13 22:15:00+00:00,19309.88999999949,-100.39
2026-03-13 22:30:00+00:00,19167.98999999949,-141.9
2026-03-13 22:45:00+00:00,19414.23999999949,246.25
2026-03-13 23:00:00+00:00,19595.98999999949,181.75
2026-03-13 23:15:00+00:00,19397.73999999949,-198.25
2026-03-14 00:00:00+00:00,19164.06999999949,-233.66999999999996
2026-03-14 00:30:00+00:00,18920.34999999949,-243.72
2026-03-14 01:45:00+00:00,19273.289999999488,352.94
2026-03-14 02:15:00+00:00,19131.389999999486,-141.9
2026-03-14 02:45:00+00:00,18984.329999999485,-147.06
2026-03-14 03:30:00+00:00,18816.709999999486,-167.61999999999998
2026-03-14 03:45:00+00:00,18583.039999999488,-233.66999999999996
2026-03-14 05:00:00+00:00,18894.96999999949,311.93
2026-03-14 05:30:00+00:00,19247.909999999487,352.94
2026-03-14 06:30:00+00:00,19085.419999999485,-162.49
2026-03-14 08:00:00+00:00,19402.449999999484,317.03
2026-03-14 10:30:00+00:00,19281.249999999483,-121.2
2026-03-14 10:45:00+00:00,19639.349999999482,358.1
2026-03-14 11:30:00+00:00,19451.279999999482,-188.07
2026-03-14 12:00:00+00:00,19258.119999999482,-193.16
2026-03-14 12:15:00+00:00,19116.21999999948,-141.9
2026-03-14 13:45:00+00:00,19382.549999999483,266.33
2026-03-14 14:00:00+00:00,19235.48999999948,-147.06
2026-03-14 14:30:00+00:00,19527.08999999948,291.6
2026-03-14 15:15:00+00:00,19828.83999999948,301.75
2026-03-14 15:30:00+00:00,19456.93999999948,-371.9
2026-03-14 15:45:00+00:00,19320.199999999477,-136.74
2026-03-14 16:00:00+00:00,19632.129999999477,311.93
2026-03-14 16:15:00+00:00,19449.159999999476,-182.97000000000003
2026-03-14 17:00:00+00:00,19786.669999999474,337.51
2026-03-14 18:15:00+00:00,19644.769999999473,-141.9
2026-03-14 18:30:00+00:00,19946.519999999473,301.75
2026-03-14 18:45:00+00:00,19898.649999999474,-47.86999999999998
2026-03-14 19:15:00+00:00,20012.259999999475,113.61
2026-03-14 21:00:00+00:00,20283.629999999474,271.37
2026-03-14 21:15:00+00:00,20146.889999999472,-136.74
2026-03-14 22:00:00+00:00,20484.39999999947,337.51
2026-03-14 22:30:00+00:00,20847.65999999947,363.26
2026-03-14 22:45:00+00:00,20966.08999999947,118.43
2026-03-14 23:00:00+00:00,20783.119999999468,-182.97000000000003
2026-03-14 23:30:00+00:00,20544.419999999467,-238.69999999999996
2026-03-14 23:45:00+00:00,20270.699999999466,-273.72
2026-03-15 00:00:00+00:00,20072.449999999466,-198.25
2026-03-15 00:15:00+00:00,20273.919999999467,201.46999999999994
2026-03-15 01:30:00+00:00,19955.669999999467,-318.25
2026-03-15 01:45:00+00:00,19772.699999999466,-182.97000000000003
2026-03-15 02:30:00+00:00,20084.629999999466,311.93
2026-03-15 02:45:00+00:00,19840.909999999465,-243.72
2026-03-15 03:00:00+00:00,19632.509999999464,-208.4
2026-03-15 03:15:00+00:00,19929.179999999462,296.67
2026-03-15 03:45:00+00:00,19766.68999999946,-162.49
2026-03-15 04:30:00+00:00,20078.61999999946,311.93
2026-03-15 04:45:00+00:00,19673.199999999462,-405.42
2026-03-15 06:00:00+00:00,19964.79999999946,291.6
2026-03-15 07:00:00+00:00,20078.40999999946,113.61
2026-03-15 07:45:00+00:00,19936.50999999946,-141.9
2026-03-15 08:00:00+00:00,19758.64999999946,-177.86
2026-03-15 08:30:00+00:00,19945.319999999458,186.67
2026-03-15 09:15:00+00:00,19886.889999999457,-58.42999999999999
2026-03-15 09:30:00+00:00,19653.21999999946,-233.66999999999996
2026-03-15 09:45:00+00:00,19909.499999999458,256.28
2026-03-15 10:00:00+00:00,20226.529999999457,317.03
2026-03-15 10:45:00+00:00,20079.469999999455,-147.06
2026-03-15 11:00:00+00:00,19932.409999999454,-147.06
2026-03-15 11:15:00+00:00,19780.199999999455,-152.21000000000004
2026-03-15 11:45:00+00:00,20143.459999999453,363.26
2026-03-15 12:30:00+00:00,20460.489999999452,317.03
2026-03-15 12:45:00+00:00,20303.139999999454,-157.35
2026-03-15 13:00:00+00:00,20416.749999999454,113.61
2026-03-15 13:15:00+00:00,20311.149999999456,-105.6
2026-03-15 13:30:00+00:00,20597.679999999455,286.53
2026-03-15 14:45:00+00:00,20950.619999999453,352.94
2026-03-15 16:15:00+00:00,21252.369999999453,301.75
2026-03-15 16:45:00+00:00,21589.87999999945,337.51
2026-03-15 17:45:00+00:00,21693.869999999453,103.99
2026-03-15 18:15:00+00:00,21940.119999999453,246.25
2026-03-15 18:30:00+00:00,22236.78999999945,296.67
2026-03-15 18:45:00+00:00,22384.29999999945,147.51
2026-03-15 21:00:00+00:00,22493.09999999945,108.8
2026-03-15 22:00:00+00:00,22861.52999999945,368.43
2026-03-15 22:15:00+00:00,23158.199999999448,296.67
2026-03-15 22:30:00+00:00,23449.799999999446,291.6
2026-03-15 23:00:00+00:00,23236.329999999445,-213.47000000000003
2026-03-15 23:15:00+00:00,22997.629999999444,-238.69999999999996
2026-03-15 23:30:00+00:00,23319.769999999444,322.14
2026-03-15 23:45:00+00:00,23086.099999999446,-233.66999999999996
2026-03-16 00:00:00+00:00,22872.629999999444,-213.47000000000003
2026-03-16 00:15:00+00:00,23251.429999999444,378.8
2026-03-16 00:45:00+00:00,23214.149999999445,-37.27999999999998
2026-03-16 01:15:00+00:00,23160.999999999443,-53.15
2026-03-16 01:30:00+00:00,23342.749999999443,181.75
2026-03-16 02:45:00+00:00,23159.779999999442,-182.97000000000003
2026-03-16 04:30:00+00:00,23268.57999999944,108.8
2026-03-16 04:45:00+00:00,23060.17999999944,-208.4
2026-03-16 05:30:00+00:00,22913.11999999944,-147.06
2026-03-16 06:00:00+00:00,22684.489999999438,-228.62999999999997
2026-03-16 06:15:00+00:00,22930.739999999438,246.25
2026-03-16 07:15:00+00:00,22888.159999999436,-42.57999999999998
2026-03-16 08:00:00+00:00,22725.669999999434,-162.49
2026-03-16 08:30:00+00:00,22620.069999999436,-105.6
2026-03-16 08:45:00+00:00,22437.099999999435,-182.97000000000003
2026-03-16 09:00:00+00:00,22628.699999999433,191.6
2026-03-16 09:15:00+00:00,22950.839999999433,322.14
2026-03-16 09:45:00+00:00,22803.77999999943,-147.06
2026-03-16 10:00:00+00:00,22850.62999999943,46.85
2026-03-16 11:15:00+00:00,23106.90999999943,256.28
2026-03-16 11:30:00+00:00,23413.74999999943,306.84
2026-03-16 12:15:00+00:00,23017.73999999943,-396.01
2026-03-16 12:45:00+00:00,23339.87999999943,322.14
2026-03-16 13:00:00+00:00,23477.66999999943,137.78999999999994
2026-03-16 13:15:00+00:00,23419.23999999943,-58.42999999999999
2026-03-16 14:45:00+00:00,23355.53999999943,-63.7
2026-03-16 15:15:00+00:00,23708.47999999943,352.94
2026-03-16 16:15:00+00:00,24020.40999999943,311.93
2026-03-16 18:00:00+00:00,24067.259999999427,46.85
2026-03-16 18:30:00+00:00,23858.859999999426,-208.4
2026-03-16 18:45:00+00:00,24115.139999999425,256.28
2026-03-16 19:15:00+00:00,24366.399999999423,251.26
2026-03-16 19:30:00+00:00,24178.329999999423,-188.07000000000002
2026-03-16 20:15:00+00:00,23980.079999999423,-198.25
2026-03-16 21:15:00+00:00,23937.49999999942,-42.57999999999998
2026-03-16 21:30:00+00:00,23790.43999999942,-147.06
2026-03-16 22:30:00+00:00,24061.80999999942,271.37
2026-03-16 22:45:00+00:00,24363.55999999942,301.75
2026-03-16 23:00:00+00:00,24477.16999999942,113.61
2026-03-17 00:00:00+00:00,24738.46999999942,261.3
2026-03-17 00:15:00+00:00,24361.729999999417,-376.74
2026-03-17 00:30:00+00:00,24612.989999999416,251.26
2026-03-17 00:45:00+00:00,24280.019999999415,-332.96999999999997
2026-03-17 01:30:00+00:00,23976.549999999414,-303.47
2026-03-17 01:45:00+00:00,24119.199999999415,142.65
2026-03-17 02:00:00+00:00,24232.809999999416,113.61
2026-03-17 02:30:00+00:00,23999.139999999417,-233.67
2026-03-17 04:00:00+00:00,24300.889999999417,301.75
2026-03-17 04:15:00+00:00,24443.53999999942,142.64999999999995
2026-03-17 04:45:00+00:00,24086.18999999942,-357.3500000000001
2026-03-17 05:30:00+00:00,23694.98999999942,-391.2
2026-03-17 06:00:00+00:00,24042.77999999942,347.79
2026-03-17 06:30:00+00:00,24185.429999999422,142.64999999999995
2026-03-17 06:45:00+00:00,24236.99999999942,51.57
2026-03-17 07:00:00+00:00,24503.329999999423,266.33
2026-03-17 07:45:00+00:00,24612.129999999423,108.8
2026-03-17 08:00:00+00:00,24808.65999999942,196.53
2026-03-17 08:15:00+00:00,24946.449999999422,137.79
2026-03-17 08:45:00+00:00,24555.24999999942,-391.2
2026-03-17 09:00:00+00:00,24664.04999999942,108.8
2026-03-17 09:45:00+00:00,24768.039999999422,103.99
2026-03-17 10:15:00+00:00,24544.45999999942,-223.58
2026-03-17 10:30:00+00:00,24851.29999999942,306.84
2026-03-17 10:45:00+00:00,24612.59999999942,-238.7
2026-03-17 11:00:00+00:00,24904.19999999942,291.6
2026-03-17 11:45:00+00:00,24537.139999999417,-367.06
2026-03-17 12:00:00+00:00,24828.739999999416,291.6
2026-03-17 12:15:00+00:00,24525.269999999415,-303.47
2026-03-17 12:45:00+00:00,24581.569999999414,56.3
2026-03-17 13:15:00+00:00,24802.869999999413,221.3
2026-03-17 15:30:00+00:00,24950.37999999941,147.51
2026-03-17 16:00:00+00:00,25117.40999999941,167.03
2026-03-17 17:15:00+00:00,25192.69999999941,75.28999999999995
2026-03-17 21:00:00+00:00,24835.349999999413,-357.3500000000001
2026-03-17 21:30:00+00:00,24910.639999999414,75.29
2026-03-17 22:30:00+00:00,24702.239999999412,-208.4
2026-03-17 22:45:00+00:00,24550.029999999413,-152.21000000000004
2026-03-17 23:00:00+00:00,24796.279999999413,246.25
2026-03-17 23:45:00+00:00,24598.029999999413,-198.25
2026-03-18 00:00:00+00:00,24374.44999999941,-223.58
2026-03-18 00:15:00+00:00,24580.86999999941,206.41999999999993
2026-03-18 00:45:00+00:00,24307.14999999941,-273.72
2026-03-18 01:15:00+00:00,24449.79999999941,142.64999999999995
2026-03-18 01:30:00+00:00,24621.72999999941,171.93
2026-03-18 03:00:00+00:00,24697.01999999941,75.29
2026-03-18 03:45:00+00:00,24978.489999999412,281.47
2026-03-18 04:00:00+00:00,25145.51999999941,167.03000000000006
2026-03-18 04:15:00+00:00,25254.31999999941,108.8
2026-03-18 05:15:00+00:00,25396.96999999941,142.64999999999995
2026-03-18 05:45:00+00:00,25025.06999999941,-371.9
2026-03-18 07:15:00+00:00,24701.90999999941,-323.16
2026-03-18 08:00:00+00:00,24993.50999999941,291.6
2026-03-18 08:30:00+00:00,25116.769999999407,123.26
2026-03-18 11:00:00+00:00,25469.709999999406,352.94
2026-03-18 11:15:00+00:00,25602.649999999405,132.94
2026-03-18 11:45:00+00:00,25565.369999999406,-37.28
2026-03-18 12:00:00+00:00,25321.649999999405,-243.72000000000003
2026-03-18 13:00:00+00:00,25118.319999999403,-203.33
2026-03-18 13:15:00+00:00,25409.9199999994,291.6
2026-03-18 14:15:00+00:00,25211.6699999994,-198.25
2026-03-18 14:30:00+00:00,24898.3399999994,-313.33
2026-03-18 14:45:00+00:00,24570.2699999994,-328.07
2026-03-18 15:00:00+00:00,24232.4099999994,-337.86
2026-03-18 15:15:00+00:00,24095.669999999398,-136.74
2026-03-18 15:30:00+00:00,24282.339999999396,186.67
2026-03-18 15:45:00+00:00,24513.599999999395,231.26
2026-03-18 16:00:00+00:00,24779.929999999396,266.33
2026-03-18 16:30:00+00:00,24556.349999999395,-223.58
2026-03-18 16:45:00+00:00,24822.679999999396,266.33
2026-03-18 17:00:00+00:00,25029.099999999395,206.41999999999993
2026-03-18 18:45:00+00:00,24720.699999999393,-308.4
2026-03-18 19:00:00+00:00,24583.95999999939,-136.74
2026-03-18 19:15:00+00:00,24712.05999999939,128.1
2026-03-18 19:30:00+00:00,24443.31999999939,-268.74
2026-03-18 19:45:00+00:00,24214.689999999388,-228.63
2026-03-18 20:00:00+00:00,23940.969999999386,-273.72
2026-03-18 20:15:00+00:00,23707.299999999388,-233.67
2026-03-18 20:30:00+00:00,23859.67999999939,152.38
2026-03-18 20:45:00+00:00,24066.099999999387,206.41999999999993
2026-03-18 21:00:00+00:00,24342.519999999386,276.42
2026-03-18 22:30:00+00:00,24534.119999999384,191.6
2026-03-18 22:45:00+00:00,24346.049999999384,-188.07000000000002
2026-03-18 23:00:00+00:00,24627.519999999386,281.47
2026-03-18 23:30:00+00:00,24236.319999999385,-391.2
2026-03-19 00:15:00+00:00,24584.109999999386,347.79
2026-03-19 00:30:00+00:00,24246.249999999385,-337.85999999999996
2026-03-19 00:45:00+00:00,24527.719999999386,281.47
2026-03-19 01:15:00+00:00,24219.319999999385,-308.4
2026-03-19 01:30:00+00:00,24440.619999999384,221.3
2026-03-19 02:00:00+00:00,24068.719999999383,-371.9
2026-03-19 03:45:00+00:00,24206.509999999384,137.79
2026-03-19 04:00:00+00:00,24315.309999999383,108.8
2026-03-19 04:30:00+00:00,23982.33999999938,-332.97
2026-03-19 05:15:00+00:00,24081.52999999938,99.19
2026-03-19 07:30:00+00:00,23924.179999999382,-157.35
2026-03-19 07:45:00+00:00,24071.68999999938,147.50999999999993
2026-03-19 08:45:00+00:00,24132.72999999938,61.04
2026-03-19 09:00:00+00:00,24246.33999999938,113.61
2026-03-19 09:15:00+00:00,24433.00999999938,186.67
2026-03-19 10:15:00+00:00,24541.80999999938,108.8
2026-03-19 10:30:00+00:00,24728.479999999377,186.67
2026-03-19 12:45:00+00:00,24954.759999999376,226.28
2026-03-19 13:15:00+00:00,24666.129999999375,-288.63
2026-03-19 13:30:00+00:00,24833.159999999374,167.03
2026-03-19 13:45:00+00:00,25000.189999999373,167.03
2026-03-19 14:15:00+00:00,25276.60999999937,276.42
2026-03-19 14:45:00+00:00,25404.70999999937,128.1
2026-03-19 15:45:00+00:00,25076.63999999937,-328.07
2026-03-19 16:00:00+00:00,25398.77999999937,322.14
2026-03-19 16:45:00+00:00,25041.42999999937,-357.3500000000001
2026-03-19 17:30:00+00:00,25267.70999999937,226.28
2026-03-19 17:45:00+00:00,25371.69999999937,103.99
2026-03-19 18:45:00+00:00,25043.62999999937,-328.07
2026-03-19 19:30:00+00:00,25289.87999999937,246.25
2026-03-19 19:45:00+00:00,25021.13999999937,-268.74
2026-03-19 20:00:00+00:00,25222.60999999937,201.46999999999994
2026-03-19 20:15:00+00:00,25419.13999999937,196.53
2026-03-19 21:00:00+00:00,25556.92999999937,137.79
2026-03-19 21:15:00+00:00,25328.29999999937,-228.62999999999997
2026-03-19 21:30:00+00:00,25524.82999999937,196.53
2026-03-19 21:45:00+00:00,25806.29999999937,281.47
2026-03-19 22:15:00+00:00,25415.09999999937,-391.2
2026-03-19 22:30:00+00:00,25528.70999999937,113.61
2026-03-19 23:00:00+00:00,25815.23999999937,286.53
2026-03-20 00:00:00+00:00,26036.539999999368,221.3
2026-03-20 00:15:00+00:00,26410.14999999937,373.61
2026-03-20 00:30:00+00:00,26014.13999999937,-396.01
2026-03-20 01:30:00+00:00,26094.19999999937,80.06
2026-03-20 03:00:00+00:00,26236.849999999373,142.64999999999995
2026-03-20 03:15:00+00:00,26408.779999999373,171.93
2026-03-20 04:30:00+00:00,26512.769999999375,103.99
2026-03-20 05:00:00+00:00,26779.099999999376,266.33
2026-03-20 06:45:00+00:00,26412.039999999375,-367.06
2026-03-20 07:30:00+00:00,26554.689999999377,142.64999999999995
2026-03-20 07:45:00+00:00,26775.989999999376,221.3
2026-03-20 08:00:00+00:00,26918.639999999377,142.64999999999995
2026-03-20 08:45:00+00:00,27066.149999999376,147.51
2026-03-20 09:45:00+00:00,27292.429999999375,226.28
2026-03-20 10:00:00+00:00,27084.029999999373,-208.4
2026-03-20 10:30:00+00:00,26850.359999999375,-233.67
2026-03-20 10:45:00+00:00,26993.009999999376,142.64999999999995
2026-03-20 11:30:00+00:00,27106.619999999377,113.61
2026-03-20 12:00:00+00:00,27398.219999999375,291.6
2026-03-20 12:45:00+00:00,27256.319999999374,-141.9
2026-03-20 13:00:00+00:00,26982.599999999373,-273.72
2026-03-20 14:15:00+00:00,26779.26999999937,-203.33
2026-03-20 14:30:00+00:00,27015.51999999937,236.25
2026-03-20 15:30:00+00:00,26682.54999999937,-332.96999999999997
2026-03-20 17:15:00+00:00,26757.83999999937,75.29
2026-03-20 17:45:00+00:00,26569.76999999937,-188.07000000000002
2026-03-20 18:00:00+00:00,26776.18999999937,206.41999999999993
2026-03-20 18:15:00+00:00,26938.32999999937,162.14
2026-03-20 18:45:00+00:00,27199.629999999368,261.3
2026-03-20 19:45:00+00:00,26803.61999999937,-396.01
2026-03-20 20:15:00+00:00,26946.26999999937,142.64999999999995
2026-03-20 21:15:00+00:00,27237.86999999937,291.6
2026-03-20 21:45:00+00:00,27337.05999999937,99.19
2026-03-20 22:30:00+00:00,27479.70999999937,142.65
2026-03-20 22:45:00+00:00,27593.31999999937,113.61
2026-03-20 23:30:00+00:00,27461.74999999937,-131.57
2026-03-21 00:00:00+00:00,27537.03999999937,75.29
2026-03-21 00:15:00+00:00,27169.97999999937,-367.06
2026-03-21 00:30:00+00:00,27106.27999999937,-63.7
2026-03-21 00:45:00+00:00,27181.56999999937,75.29
2026-03-21 01:15:00+00:00,27329.07999999937,147.51
2026-03-21 02:00:00+00:00,27110.54999999937,-218.53000000000003
2026-03-21 02:15:00+00:00,27272.68999999937,162.14
2026-03-21 02:45:00+00:00,26881.48999999937,-391.2
2026-03-21 05:00:00+00:00,27053.41999999937,171.93
2026-03-21 05:15:00+00:00,27279.699999999368,226.28
2026-03-21 06:15:00+00:00,27345.479999999367,65.78
2026-03-21 06:45:00+00:00,27468.739999999365,123.26
2026-03-21 07:00:00+00:00,27515.589999999363,46.85
2026-03-21 08:15:00+00:00,27307.189999999362,-208.4
2026-03-21 08:45:00+00:00,27479.119999999362,171.93
2026-03-21 09:45:00+00:00,27705.39999999936,226.28
2026-03-21 10:00:00+00:00,27848.049999999363,142.64999999999995
2026-03-21 10:45:00+00:00,27990.699999999364,142.64999999999995
2026-03-21 11:00:00+00:00,28282.299999999363,291.6
2026-03-21 14:00:00+00:00,28444.439999999362,162.14
2026-03-21 14:30:00+00:00,28730.96999999936,286.53
2026-03-21 15:15:00+00:00,28992.26999999936,261.3
2026-03-21 15:45:00+00:00,28659.29999999936,-332.97
2026-03-21 16:30:00+00:00,28311.67999999936,-347.62
2026-03-21 16:45:00+00:00,27998.34999999936,-313.33
2026-03-21 17:00:00+00:00,27709.719999999357,-288.63
2026-03-21 17:15:00+00:00,27440.979999999356,-268.74
2026-03-21 17:30:00+00:00,27737.649999999354,296.67
2026-03-21 18:15:00+00:00,28009.019999999353,271.37
2026-03-21 19:15:00+00:00,28151.669999999354,142.64999999999995
2026-03-21 19:30:00+00:00,27872.969999999354,-278.7
2026-03-21 20:00:00+00:00,28104.229999999352,231.26
2026-03-21 20:45:00+00:00,28295.82999999935,191.6
2026-03-21 21:30:00+00:00,27987.42999999935,-308.4
2026-03-21 21:45:00+00:00,27743.709999999348,-243.72000000000003
2026-03-21 22:00:00+00:00,28010.03999999935,266.33
2026-03-21 22:30:00+00:00,27681.96999999935,-328.07
2026-03-21 22:45:00+00:00,27978.63999999935,296.67
2026-03-21 23:00:00+00:00,27841.899999999347,-136.74
2026-03-21 23:15:00+00:00,27648.739999999347,-193.16
2026-03-21 23:30:00+00:00,27440.339999999345,-208.4
2026-03-21 23:45:00+00:00,27731.939999999344,291.6
2026-03-22 00:15:00+00:00,27641.999999999345,-89.94
2026-03-22 00:30:00+00:00,27770.099999999344,128.1
2026-03-22 01:15:00+00:00,27932.239999999343,162.14
2026-03-22 02:00:00+00:00,28104.169999999343,171.93
2026-03-22 03:15:00+00:00,28271.199999999342,167.03
2026-03-22 03:45:00+00:00,28552.669999999343,281.47
2026-03-22 04:00:00+00:00,28661.469999999343,108.8
2026-03-22 05:00:00+00:00,28323.609999999342,-337.85999999999996
2026-03-22 06:15:00+00:00,27995.539999999342,-328.07
2026-03-22 06:30:00+00:00,28167.469999999343,171.93
2026-03-22 06:45:00+00:00,28276.269999999342,108.8
2026-03-22 07:30:00+00:00,28552.68999999934,276.42
2026-03-22 08:00:00+00:00,28324.05999999934,-228.63
2026-03-22 08:15:00+00:00,28610.589999999338,286.53
2026-03-22 08:30:00+00:00,28331.889999999337,-278.7
2026-03-22 08:45:00+00:00,28573.139999999337,241.25
2026-03-22 09:00:00+00:00,28764.739999999336,191.6
2026-03-22 09:45:00+00:00,28971.159999999334,206.41999999999993
2026-03-22 11:00:00+00:00,29113.809999999336,142.64999999999995
2026-03-22 11:15:00+00:00,29241.909999999334,128.1
2026-03-22 11:45:00+00:00,29008.239999999336,-233.67
2026-03-22 12:00:00+00:00,28724.569999999338,-283.67
2026-03-22 12:15:00+00:00,28891.599999999336,167.03
2026-03-22 12:45:00+00:00,29088.129999999335,196.53
2026-03-22 14:00:00+00:00,29269.879999999335,181.75
2026-03-22 14:15:00+00:00,29412.529999999337,142.64999999999995
2026-03-22 15:30:00+00:00,29526.139999999337,113.61
2026-03-22 16:00:00+00:00,29817.739999999336,291.6
2026-03-22 16:45:00+00:00,29897.799999999337,80.05999999999995
2026-03-22 17:15:00+00:00,30189.399999999336,291.6
2026-03-22 17:30:00+00:00,29955.729999999337,-233.67
2026-03-22 18:00:00+00:00,30186.989999999336,231.26
2026-03-22 18:15:00+00:00,30560.599999999336,373.61
2026-03-22 19:00:00+00:00,30837.019999999335,276.42
2026-03-22 19:30:00+00:00,30543.439999999333,-293.58000000000004
2026-03-22 19:45:00+00:00,30749.85999999933,206.41999999999993
2026-03-22 20:30:00+00:00,30392.509999999333,-357.3500000000001
2026-03-22 20:45:00+00:00,30584.10999999933,191.6
2026-03-22 21:00:00+00:00,30365.579999999332,-218.53000000000003
2026-03-22 21:15:00+00:00,30076.94999999933,-288.63
2026-03-22 21:30:00+00:00,30328.20999999933,251.26
2026-03-22 21:45:00+00:00,30624.879999999328,296.67
2026-03-22 22:00:00+00:00,30416.479999999327,-208.4
2026-03-22 22:15:00+00:00,30578.619999999326,162.14
2026-03-22 22:45:00+00:00,30682.609999999328,103.99
2026-03-22 23:15:00+00:00,30257.89999999933,-424.71
2026-03-22 23:30:00+00:00,30361.88999999933,103.99
2026-03-22 23:45:00+00:00,29965.87999999933,-396.01
2026-03-23 00:00:00+00:00,30074.67999999933,108.8
2026-03-23 00:30:00+00:00,29688.28999999933,-386.39
2026-03-23 01:00:00+00:00,29414.56999999933,-273.72
2026-03-23 01:15:00+00:00,29711.23999999933,296.67
2026-03-23 02:00:00+00:00,29824.84999999933,113.61
2026-03-23 02:15:00+00:00,29938.45999999933,113.61
2026-03-23 02:30:00+00:00,30159.75999999933,221.3
2026-03-23 03:15:00+00:00,30302.40999999933,142.65
2026-03-23 03:45:00+00:00,30411.20999999933,108.8
2026-03-23 05:15:00+00:00,30326.49999999933,-84.71000000000001
2026-03-23 05:30:00+00:00,30628.24999999933,301.75
2026-03-23 05:45:00+00:00,30737.04999999933,108.8
2026-03-23 06:15:00+00:00,30841.03999999933,103.99
2026-03-23 06:30:00+00:00,30532.63999999933,-308.4
2026-03-23 06:45:00+00:00,30401.06999999933,-131.57
2026-03-23 07:00:00+00:00,30568.09999999933,167.03
2026-03-23 07:15:00+00:00,30824.379999999328,256.28
2026-03-23 07:30:00+00:00,30515.979999999327,-308.4
2026-03-23 07:45:00+00:00,30742.259999999325,226.28
2026-03-23 08:30:00+00:00,30855.869999999326,113.61
2026-03-23 10:30:00+00:00,31032.709999999326,176.84
2026-03-23 11:45:00+00:00,30704.639999999326,-328.07
2026-03-23 12:00:00+00:00,30573.069999999327,-131.57
2026-03-23 12:15:00+00:00,30339.39999999933,-233.67
2026-03-23 13:00:00+00:00,30630.999999999327,291.6
2026-03-23 14:00:00+00:00,30382.259999999325,-248.74
2026-03-23 14:15:00+00:00,30168.789999999324,-213.47000000000003
2026-03-23 14:30:00+00:00,30460.389999999323,291.6
2026-03-23 15:15:00+00:00,30777.41999999932,317.03
2026-03-23 15:45:00+00:00,30553.83999999932,-223.58
2026-03-23 16:15:00+00:00,30720.86999999932,167.03
2026-03-23 16:45:00+00:00,30947.149999999318,226.28
2026-03-23 18:00:00+00:00,30883.449999999317,-63.7
2026-03-23 18:15:00+00:00,31164.919999999318,281.47
2026-03-23 18:30:00+00:00,31273.719999999317,108.8
2026-03-23 19:00:00+00:00,30906.659999999316,-367.06
2026-03-23 19:15:00+00:00,31020.269999999316,113.61
2026-03-23 19:45:00+00:00,31124.259999999318,103.99
2026-03-23 21:00:00+00:00,31237.86999999932,113.61
2026-03-23 22:30:00+00:00,31101.129999999317,-136.74
2026-03-23 22:45:00+00:00,31423.269999999316,322.14
2026-03-23 23:00:00+00:00,31595.199999999317,171.93
2026-03-24 00:15:00+00:00,31670.489999999318,75.29
2026-03-24 00:30:00+00:00,31745.77999999932,75.29
2026-03-24 00:45:00+00:00,31869.039999999317,123.26
2026-03-24 01:30:00+00:00,32165.709999999315,296.67
2026-03-24 02:30:00+00:00,32284.139999999315,118.43
2026-03-24 02:45:00+00:00,32407.399999999314,123.26
2026-03-24 05:00:00+00:00,32633.679999999313,226.28
2026-03-24 05:30:00+00:00,32354.979999999312,-278.7
2026-03-24 05:45:00+00:00,32531.819999999312,176.84
2026-03-24 06:15:00+00:00,32664.75999999931,132.94
2026-03-24 06:30:00+00:00,32886.059999999314,221.3
2026-03-24 07:00:00+00:00,33028.709999999315,142.64999999999995
2026-03-24 07:30:00+00:00,32825.37999999931,-203.33
2026-03-24 07:45:00+00:00,32934.179999999316,108.8
2026-03-24 08:00:00+00:00,32547.789999999317,-386.39
2026-03-24 08:15:00+00:00,32734.459999999315,186.67
2026-03-24 10:00:00+00:00,32435.929999999316,-298.53000000000003
2026-03-24 10:15:00+00:00,32549.539999999317,113.61
2026-03-24 11:00:00+00:00,32163.149999999318,-386.39
2026-03-24 12:15:00+00:00,31954.749999999316,-208.4
2026-03-24 13:00:00+00:00,32226.119999999315,271.37
2026-03-24 13:30:00+00:00,32022.789999999313,-203.33
2026-03-24 13:45:00+00:00,31675.169999999314,-347.62
2026-03-24 14:00:00+00:00,31371.699999999313,-303.47
2026-03-24 14:30:00+00:00,31617.949999999313,246.25
2026-03-24 14:45:00+00:00,31294.789999999313,-323.16
2026-03-24 15:00:00+00:00,31678.779999999315,383.99
2026-03-24 15:15:00+00:00,31840.919999999314,162.14
2026-03-24 15:45:00+00:00,31887.769999999313,46.85
2026-03-24 16:15:00+00:00,32179.36999999931,291.6
2026-03-24 16:45:00+00:00,31945.699999999313,-233.67
2026-03-24 17:00:00+00:00,31712.029999999315,-233.67
2026-03-24 17:15:00+00:00,31513.779999999315,-198.25
2026-03-24 17:30:00+00:00,31200.449999999313,-313.33
2026-03-24 17:45:00+00:00,30901.919999999314,-298.53000000000003
2026-03-24 18:00:00+00:00,31183.389999999315,281.47
2026-03-24 18:15:00+00:00,31345.529999999315,162.14
2026-03-24 20:15:00+00:00,31611.859999999317,266.33
2026-03-24 20:45:00+00:00,31398.389999999315,-213.47000000000003
2026-03-24 21:00:00+00:00,31085.059999999314,-313.33
2026-03-24 21:15:00+00:00,31281.589999999313,196.53
2026-03-24 22:00:00+00:00,31002.889999999312,-278.7
2026-03-24 22:15:00+00:00,30699.41999999931,-303.47
2026-03-24 22:30:00+00:00,30856.67999999931,157.26000000000005
2026-03-24 23:15:00+00:00,30494.46999999931,-362.21
2026-03-24 23:30:00+00:00,30240.71999999931,-253.75
2026-03-24 23:45:00+00:00,30537.38999999931,296.67
2026-03-25 00:00:00+00:00,30646.189999999307,108.8
2026-03-25 00:30:00+00:00,30735.799999999308,89.61
2026-03-25 01:00:00+00:00,31032.469999999306,296.67
2026-03-25 01:15:00+00:00,31141.269999999306,108.8
2026-03-25 01:45:00+00:00,31259.699999999306,118.43
2026-03-25 02:00:00+00:00,31368.499999999305,108.8
2026-03-25 03:15:00+00:00,31089.799999999304,-278.7
2026-03-25 03:30:00+00:00,30722.739999999303,-367.06
2026-03-25 04:00:00+00:00,30850.8399999993,128.1
2026-03-25 04:30:00+00:00,30454.829999999303,-396.01
2026-03-25 05:30:00+00:00,30578.0899999993,123.26
2026-03-25 05:45:00+00:00,30191.699999999302,-386.39
2026-03-25 06:45:00+00:00,30334.349999999304,142.65
2026-03-25 07:30:00+00:00,30443.149999999303,108.8
2026-03-25 08:15:00+00:00,30115.079999999303,-328.07
2026-03-25 09:00:00+00:00,30301.7499999993,186.67
2026-03-25 09:30:00+00:00,30405.739999999303,103.99
2026-03-25 09:45:00+00:00,30582.579999999303,176.84
2026-03-25 10:15:00+00:00,30374.1799999993,-208.4
2026-03-25 10:30:00+00:00,30511.969999999303,137.79
2026-03-25 10:45:00+00:00,30144.9099999993,-367.06
2026-03-25 11:30:00+00:00,29941.5799999993,-203.33
2026-03-25 11:45:00+00:00,30289.3699999993,347.79
2026-03-25 12:00:00+00:00,30495.7899999993,206.41999999999993
2026-03-25 12:15:00+00:00,30442.639999999297,-53.149999999999984
2026-03-25 12:45:00+00:00,30744.389999999297,301.75
2026-03-25 13:00:00+00:00,31035.989999999296,291.6
2026-03-25 13:30:00+00:00,31116.049999999297,80.06
2026-03-25 14:00:00+00:00,31229.659999999298,113.61
2026-03-25 14:15:00+00:00,30955.939999999297,-273.72
2026-03-25 14:30:00+00:00,30627.869999999297,-328.07
2026-03-25 14:45:00+00:00,30712.6999999993,84.82999999999994
2026-03-25 15:00:00+00:00,30494.1699999993,-218.53000000000003
2026-03-25 15:15:00+00:00,30275.6399999993,-218.53000000000003
2026-03-25 15:30:00+00:00,30516.8899999993,241.25
2026-03-25 15:45:00+00:00,30193.7299999993,-323.16
2026-03-25 16:00:00+00:00,29970.1499999993,-223.58
2026-03-25 16:15:00+00:00,30191.4499999993,221.3
2026-03-25 16:30:00+00:00,30483.049999999297,291.6
2026-03-25 16:45:00+00:00,30689.469999999295,206.41999999999993
2026-03-25 17:00:00+00:00,30803.079999999296,113.61
2026-03-25 17:15:00+00:00,30878.369999999297,75.29
2026-03-25 17:30:00+00:00,30535.629999999295,-342.74
2026-03-25 18:00:00+00:00,30301.959999999297,-233.67
2026-03-25 18:15:00+00:00,30563.259999999296,261.3
2026-03-25 19:00:00+00:00,30619.559999999296,56.3
2026-03-25 19:15:00+00:00,30776.819999999294,157.26
2026-03-25 20:30:00+00:00,30448.749999999294,-328.07
2026-03-25 20:45:00+00:00,30640.349999999293,191.6
2026-03-25 23:00:00+00:00,30891.60999999929,251.26
2026-03-25 23:15:00+00:00,31183.20999999929,291.6
2026-03-25 23:45:00+00:00,31292.00999999929,108.8
2026-03-26 00:15:00+00:00,31367.29999999929,75.29
2026-03-26 01:30:00+00:00,31509.94999999929,142.64999999999995
2026-03-26 02:45:00+00:00,31337.20999999929,-172.74
2026-03-26 03:00:00+00:00,31504.23999999929,167.03
2026-03-26 03:15:00+00:00,31795.839999999287,291.6
2026-03-26 03:45:00+00:00,31977.589999999287,181.75
2026-03-26 04:00:00+00:00,32120.23999999929,142.64999999999995
2026-03-26 04:45:00+00:00,32243.499999999287,123.26
2026-03-26 05:15:00+00:00,31964.799999999286,-278.7
2026-03-26 05:30:00+00:00,32186.099999999286,221.3
2026-03-26 05:45:00+00:00,31967.569999999287,-218.53000000000003
2026-03-26 06:00:00+00:00,31861.969999999288,-105.6
2026-03-26 06:15:00+00:00,32118.249999999287,256.28
2026-03-26 06:30:00+00:00,32280.389999999286,162.14
2026-03-26 06:45:00+00:00,32077.059999999285,-203.33
2026-03-26 07:15:00+00:00,32152.349999999286,75.29
2026-03-26 07:45:00+00:00,32449.019999999284,296.67
2026-03-26 08:30:00+00:00,32215.349999999286,-233.67
2026-03-26 08:45:00+00:00,32377.489999999285,162.14
2026-03-26 09:30:00+00:00,32462.319999999287,84.82999999999994
2026-03-26 10:00:00+00:00,32703.569999999287,241.25
2026-03-26 10:15:00+00:00,32469.89999999929,-233.67
2026-03-26 11:00:00+00:00,32271.64999999929,-198.25
2026-03-26 11:45:00+00:00,32419.159999999287,147.50999999999993
2026-03-26 12:15:00+00:00,32746.419999999285,327.26
2026-03-26 12:45:00+00:00,32836.029999999286,89.61
2026-03-26 13:15:00+00:00,32906.559999999285,70.53
2026-03-26 13:45:00+00:00,33127.85999999929,221.3
2026-03-26 14:15:00+00:00,33236.65999999929,108.8
2026-03-26 14:45:00+00:00,33350.26999999929,113.61
2026-03-26 15:30:00+00:00,33626.68999999929,276.42
2026-03-26 15:45:00+00:00,33403.10999999929,-223.58
2026-03-26 16:30:00+00:00,33075.03999999929,-328.07
2026-03-26 16:45:00+00:00,33296.33999999929,221.3
2026-03-26 17:00:00+00:00,33517.639999999294,221.3
2026-03-26 18:15:00+00:00,33160.289999999295,-357.3500000000001
2026-03-26 18:30:00+00:00,32977.319999999294,-182.97000000000003
2026-03-26 18:45:00+00:00,33139.45999999929,162.14
2026-03-26 19:00:00+00:00,33331.05999999929,191.6
2026-03-26 19:45:00+00:00,33622.65999999929,291.6
2026-03-26 20:30:00+00:00,33838.98999999929,216.33
2026-03-26 20:45:00+00:00,33630.58999999929,-208.4
2026-03-26 21:15:00+00:00,33710.64999999929,80.06
2026-03-26 22:00:00+00:00,33843.58999999929,132.94
2026-03-26 22:30:00+00:00,33564.889999999294,-278.7
2026-03-26 22:45:00+00:00,33786.1899999993,221.3
2026-03-26 23:15:00+00:00,33861.4799999993,75.29
2026-03-27 00:30:00+00:00,33999.2699999993,137.79
2026-03-27 00:45:00+00:00,34137.0599999993,137.79
2026-03-27 01:00:00+00:00,34183.9099999993,46.85
2026-03-27 01:45:00+00:00,34287.899999999296,103.99
2026-03-27 03:00:00+00:00,34059.2699999993,-228.63
2026-03-27 03:15:00+00:00,33871.1999999993,-188.07000000000002
2026-03-27 03:30:00+00:00,34137.5299999993,266.33
2026-03-27 03:45:00+00:00,34343.9499999993,206.41999999999993
2026-03-27 04:00:00+00:00,34145.6999999993,-198.25
2026-03-27 04:30:00+00:00,34327.4499999993,181.75
2026-03-27 05:00:00+00:00,33970.0999999993,-357.3500000000001
2026-03-27 05:15:00+00:00,34191.3999999993,221.3
2026-03-27 05:45:00+00:00,34503.3299999993,311.93
2026-03-27 06:00:00+00:00,34636.269999999306,132.94
2026-03-27 08:00:00+00:00,34422.799999999304,-213.47000000000003
2026-03-27 08:15:00+00:00,34070.30999999931,-352.49000000000007
2026-03-27 08:30:00+00:00,33861.909999999305,-208.4
2026-03-27 08:45:00+00:00,33598.159999999305,-263.75
2026-03-27 09:00:00+00:00,33819.45999999931,221.3
2026-03-27 09:15:00+00:00,33570.71999999931,-248.74000000000004
2026-03-27 09:30:00+00:00,33747.55999999931,176.84
2026-03-27 10:00:00+00:00,33395.06999999931,-352.49000000000007
2026-03-27 10:15:00+00:00,33057.20999999931,-337.86
2026-03-27 10:30:00+00:00,33224.23999999931,167.03
2026-03-27 11:00:00+00:00,33036.16999999931,-188.07000000000002
2026-03-27 11:15:00+00:00,33287.42999999931,251.26
2026-03-27 12:15:00+00:00,33396.22999999931,108.8
2026-03-27 13:00:00+00:00,33538.87999999931,142.64999999999995
2026-03-27 13:30:00+00:00,33760.179999999316,221.3
2026-03-27 14:15:00+00:00,33912.559999999314,152.38
2026-03-27 14:45:00+00:00,34084.489999999314,171.93
2026-03-27 15:00:00+00:00,34350.819999999316,266.33
2026-03-27 15:15:00+00:00,34522.749999999316,171.93
2026-03-27 16:45:00+00:00,34814.349999999315,291.6
2026-03-27 17:00:00+00:00,34947.28999999932,132.94
2026-03-27 17:45:00+00:00,34678.54999999932,-268.74
2026-03-27 18:00:00+00:00,34360.29999999932,-318.25
2026-03-27 18:15:00+00:00,34081.59999999932,-278.7
2026-03-27 18:30:00+00:00,34278.12999999932,196.53
2026-03-27 19:45:00+00:00,34454.96999999932,176.84
2026-03-27 20:00:00+00:00,34766.89999999932,311.93
2026-03-27 20:30:00+00:00,34394.999999999316,-371.9
2026-03-27 20:45:00+00:00,34666.36999999932,271.37
2026-03-27 21:45:00+00:00,34338.29999999932,-328.07
2026-03-27 22:30:00+00:00,34109.66999999932,-228.63
2026-03-27 23:45:00+00:00,33886.08999999932,-223.57999999999998
2026-03-28 00:00:00+00:00,33848.80999999932,-37.27999999999998
2026-03-28 00:15:00+00:00,33986.59999999932,137.79
2026-03-28 01:00:00+00:00,34119.539999999324,132.94
2026-03-28 01:30:00+00:00,34321.009999999325,201.46999999999994
2026-03-28 02:00:00+00:00,34512.609999999324,191.6
2026-03-28 02:45:00+00:00,34381.039999999324,-131.57
2026-03-28 03:00:00+00:00,34657.45999999932,276.42
2026-03-28 03:30:00+00:00,34723.23999999932,65.78
2026-03-28 04:30:00+00:00,34924.70999999932,201.46999999999994
2026-03-28 04:45:00+00:00,35067.359999999324,142.64999999999995
2026-03-28 05:15:00+00:00,34719.73999999932,-347.62
2026-03-28 05:30:00+00:00,35001.20999999932,281.47
2026-03-28 06:00:00+00:00,35143.859999999324,142.64999999999995
2026-03-28 06:15:00+00:00,35315.789999999324,171.93
2026-03-28 07:30:00+00:00,35458.439999999326,142.64999999999995
2026-03-28 09:00:00+00:00,35250.039999999324,-208.4
2026-03-28 09:30:00+00:00,35026.45999999932,-223.58
2026-03-28 09:45:00+00:00,34782.73999999932,-243.72000000000003
2026-03-28 10:00:00+00:00,35054.109999999324,271.37
2026-03-28 10:15:00+00:00,35335.579999999325,281.47
2026-03-28 10:45:00+00:00,35527.17999999932,191.6
2026-03-28 11:00:00+00:00,35748.47999999933,221.3
2026-03-28 11:15:00+00:00,36019.84999999933,271.37
2026-03-28 11:45:00+00:00,36162.49999999933,142.64999999999995
2026-03-28 14:00:00+00:00,36344.24999999933,181.75
2026-03-28 14:15:00+00:00,36530.91999999933,186.67
2026-03-28 14:45:00+00:00,36227.44999999933,-303.47
2026-03-28 15:00:00+00:00,36519.049999999326,291.6
2026-03-28 15:30:00+00:00,36295.469999999325,-223.57999999999998
2026-03-28 16:00:00+00:00,36404.26999999933,108.8
2026-03-28 16:45:00+00:00,36513.06999999933,108.8
2026-03-28 18:00:00+00:00,36559.91999999933,46.85
2026-03-28 19:30:00+00:00,36688.01999999933,128.1
2026-03-28 19:45:00+00:00,36772.84999999933,84.82999999999994
2026-03-28 20:00:00+00:00,37084.77999999933,311.93
2026-03-28 20:45:00+00:00,36751.80999999933,-332.97
2026-03-28 21:00:00+00:00,36928.649999999325,176.84
2026-03-28 21:30:00+00:00,37120.24999999932,191.6
2026-03-28 21:45:00+00:00,37391.619999999326,271.37
2026-03-28 22:15:00+00:00,37162.98999999933,-228.63
2026-03-28 22:30:00+00:00,37419.26999999933,256.28
2026-03-28 23:15:00+00:00,37528.06999999933,108.8
2026-03-28 23:30:00+00:00,37814.59999999933,286.53
2026-03-28 23:45:00+00:00,37996.34999999933,181.75
2026-03-29 00:00:00+00:00,37777.81999999933,-218.53000000000003
2026-03-29 01:00:00+00:00,37954.65999999933,176.84
2026-03-29 01:15:00+00:00,38121.689999999326,167.03
2026-03-29 01:30:00+00:00,38201.74999999932,80.06
2026-03-29 02:30:00+00:00,38493.34999999932,291.6
2026-03-29 03:15:00+00:00,38631.13999999932,137.79
2026-03-29 03:45:00+00:00,38739.939999999326,108.8
2026-03-29 04:00:00+00:00,38916.77999999932,176.84
2026-03-29 04:45:00+00:00,38608.37999999932,-308.4
2026-03-29 05:00:00+00:00,38374.70999999932,-233.67
2026-03-29 05:15:00+00:00,38071.23999999932,-303.47
2026-03-29 05:30:00+00:00,37837.56999999932,-233.67
2026-03-29 05:45:00+00:00,37999.70999999932,162.14
2026-03-29 06:45:00+00:00,37725.98999999932,-273.72
2026-03-29 07:00:00+00:00,37868.63999999932,142.64999999999995
2026-03-29 07:30:00+00:00,38089.939999999326,221.3
2026-03-29 08:00:00+00:00,38321.19999999933,231.26
2026-03-29 08:15:00+00:00,37983.33999999933,-337.86
2026-03-29 08:30:00+00:00,38125.98999999933,142.64999999999995
2026-03-29 09:00:00+00:00,38239.59999999933,113.61
2026-03-29 09:30:00+00:00,38314.88999999933,75.29
2026-03-29 10:00:00+00:00,38536.18999999933,221.3
2026-03-29 10:30:00+00:00,38262.46999999933,-273.72
2026-03-29 10:45:00+00:00,38554.06999999933,291.6
2026-03-29 11:00:00+00:00,38648.46999999933,94.4
2026-03-29 11:45:00+00:00,38434.99999999933,-213.47000000000003
2026-03-29 12:00:00+00:00,38543.79999999933,108.8
2026-03-29 12:15:00+00:00,38730.46999999933,186.67
2026-03-29 12:45:00+00:00,38839.269999999335,108.8
2026-03-29 13:30:00+00:00,39050.63999999934,211.37
2026-03-29 13:45:00+00:00,39291.88999999934,241.25
2026-03-29 14:00:00+00:00,39103.81999999934,-188.07000000000002
2026-03-29 14:15:00+00:00,39385.28999999934,281.47
2026-03-29 14:30:00+00:00,39494.08999999934,108.8
2026-03-29 14:45:00+00:00,39583.69999999934,89.61
2026-03-29 15:00:00+00:00,39760.53999999934,176.84
2026-03-29 15:45:00+00:00,40067.379999999335,306.84
2026-03-29 17:00:00+00:00,39858.979999999334,-208.4
2026-03-29 17:30:00+00:00,39711.919999999336,-147.06
2026-03-29 17:45:00+00:00,39898.589999999334,186.67
2026-03-29 18:00:00+00:00,40012.199999999335,113.61
2026-03-29 18:15:00+00:00,40068.49999999934,56.3
2026-03-29 18:30:00+00:00,40220.879999999335,152.38000000000005
2026-03-29 19:00:00+00:00,39883.019999999335,-337.86
2026-03-29 19:15:00+00:00,40074.61999999933,191.6
2026-03-29 19:30:00+00:00,40159.449999999335,84.82999999999994
2026-03-29 20:15:00+00:00,40306.95999999934,147.50999999999993
2026-03-29 21:30:00+00:00,40598.559999999336,291.6
2026-03-29 21:45:00+00:00,40712.169999999336,113.61
2026-03-29 22:00:00+00:00,40854.81999999934,142.64999999999995
2026-03-29 22:30:00+00:00,41101.06999999934,246.25
2026-03-29 23:00:00+00:00,41332.32999999934,231.26
2026-03-29 23:15:00+00:00,41460.42999999934,128.1
2026-03-29 23:30:00+00:00,41656.95999999934,196.53
2026-03-29 23:45:00+00:00,41246.56999999934,-410.39
2026-03-30 01:00:00+00:00,40923.409999999334,-323.16
2026-03-30 01:45:00+00:00,40517.809999999336,-405.6
2026-03-30 02:30:00+00:00,40631.419999999336,113.61
2026-03-30 02:45:00+00:00,40235.409999999334,-396.01
2026-03-30 03:45:00+00:00,40286.979999999334,51.57
2026-03-30 04:30:00+00:00,40083.64999999933,-203.33
2026-03-30 04:45:00+00:00,40285.11999999933,201.46999999999994
2026-03-30 08:30:00+00:00,40581.78999999933,296.67
2026-03-30 08:45:00+00:00,40783.25999999933,201.46999999999994
2026-03-30 09:45:00+00:00,40411.35999999933,-371.9
2026-03-30 10:00:00+00:00,40458.20999999933,46.85
2026-03-30 10:30:00+00:00,40600.85999999933,142.65
2026-03-30 10:45:00+00:00,40719.28999999933,118.43
2026-03-30 11:45:00+00:00,40775.589999999334,56.3
2026-03-30 13:15:00+00:00,40831.88999999934,56.3
2026-03-30 14:15:00+00:00,40974.53999999934,142.64999999999995
2026-03-30 14:45:00+00:00,40666.13999999934,-308.4
2026-03-30 15:00:00+00:00,40882.46999999934,216.33
2026-03-30 16:45:00+00:00,41103.76999999934,221.3
2026-03-30 17:00:00+00:00,40895.36999999934,-208.4
2026-03-30 17:30:00+00:00,40692.03999999934,-203.33
2026-03-30 17:45:00+00:00,40820.13999999934,128.1
2026-03-30 18:00:00+00:00,40487.169999999336,-332.97
2026-03-30 18:15:00+00:00,40193.589999999334,-293.58000000000004
2026-03-30 18:30:00+00:00,39954.88999999934,-238.7
2026-03-30 18:45:00+00:00,40131.729999999334,176.84
2026-03-30 19:00:00+00:00,39793.86999999933,-337.86
2026-03-30 19:15:00+00:00,39525.129999999335,-268.74
2026-03-30 19:30:00+00:00,39231.54999999933,-293.58000000000004
2026-03-30 19:45:00+00:00,39472.79999999933,241.25
2026-03-30 20:00:00+00:00,39694.09999999934,221.3
2026-03-30 20:15:00+00:00,39866.02999999934,171.93
2026-03-30 22:15:00+00:00,39979.63999999934,113.61
2026-03-30 23:30:00+00:00,40166.309999999336,186.67
2026-03-30 23:45:00+00:00,39808.95999999934,-357.35
2026-03-31 00:00:00+00:00,39456.46999999934,-352.49
2026-03-31 00:15:00+00:00,39531.75999999934,75.29
2026-03-31 01:45:00+00:00,39298.08999999934,-233.66999999999996
2026-03-31 02:15:00+00:00,39440.73999999934,142.65
2026-03-31 02:45:00+00:00,39588.249999999345,147.51
2026-03-31 03:15:00+00:00,39663.539999999346,75.29
2026-03-31 03:30:00+00:00,39772.33999999935,108.8
2026-03-31 04:00:00+00:00,39881.13999999935,108.8
2026-03-31 04:45:00+00:00,40053.06999999935,171.93
2026-03-31 05:00:00+00:00,39844.66999999935,-208.4
2026-03-31 05:15:00+00:00,39641.33999999935,-203.33
2026-03-31 05:30:00+00:00,39902.63999999935,261.3
2026-03-31 05:45:00+00:00,40050.149999999354,147.50999999999993
2026-03-31 06:30:00+00:00,39846.81999999935,-203.33
2026-03-31 06:45:00+00:00,40008.95999999935,162.14
2026-03-31 07:00:00+00:00,40151.60999999935,142.64999999999995
2026-03-31 07:30:00+00:00,39917.939999999355,-233.67
2026-03-31 07:45:00+00:00,40114.46999999935,196.53
2026-03-31 08:00:00+00:00,40286.399999999354,171.93
2026-03-31 08:15:00+00:00,40429.049999999355,142.64999999999995
2026-03-31 09:00:00+00:00,40292.30999999936,-136.74
2026-03-31 09:15:00+00:00,40018.589999999356,-273.72
2026-03-31 09:30:00+00:00,39744.869999999355,-273.72
2026-03-31 09:45:00+00:00,39941.399999999354,196.53
2026-03-31 10:15:00+00:00,40113.329999999354,171.93
2026-03-31 10:30:00+00:00,40334.62999999936,221.3
2026-03-31 10:45:00+00:00,40006.55999999936,-328.07
2026-03-31 13:30:00+00:00,40437.59999999936,431.04
2026-03-31 15:00:00+00:00,40254.62999999936,-182.97000000000003
2026-03-31 15:15:00+00:00,40436.37999999936,181.75
2026-03-31 15:30:00+00:00,40098.51999999936,-337.86
2026-03-31 15:45:00+00:00,39895.189999999355,-203.33
2026-03-31 16:00:00+00:00,39661.51999999936,-233.67
2026-03-31 16:15:00+00:00,39813.899999999354,152.38
2026-03-31 17:00:00+00:00,39922.69999999936,108.8
2026-03-31 17:15:00+00:00,40084.839999999356,162.14
2026-03-31 17:30:00+00:00,39876.439999999355,-208.4
2026-03-31 18:00:00+00:00,39602.71999999935,-273.72
2026-03-31 18:30:00+00:00,39211.51999999936,-391.2
2026-03-31 19:00:00+00:00,38908.049999999355,-303.47
2026-03-31 20:00:00+00:00,38512.03999999935,-396.01
2026-03-31 20:30:00+00:00,38644.979999999356,132.94
2026-03-31 22:30:00+00:00,38316.909999999356,-328.07
2026-03-31 22:45:00+00:00,38669.84999999936,352.94
2026-03-31 23:15:00+00:00,38288.27999999936,-381.57
2026-03-31 23:30:00+00:00,38095.119999999355,-193.16
2026-03-31 23:45:00+00:00,37907.049999999355,-188.07
2026-04-01 00:00:00+00:00,38044.839999999356,137.79
2026-04-01 00:30:00+00:00,38346.589999999356,301.75
2026-04-01 01:00:00+00:00,38153.42999999935,-193.16
2026-04-01 01:15:00+00:00,38330.26999999935,176.84
2026-04-01 01:45:00+00:00,38096.59999999935,-233.67
2026-04-01 02:00:00+00:00,37862.92999999935,-233.67
2026-04-01 02:15:00+00:00,37529.95999999935,-332.97
2026-04-01 02:30:00+00:00,37221.55999999935,-308.4
2026-04-01 02:45:00+00:00,37423.02999999935,201.46999999999994
2026-04-01 03:00:00+00:00,37229.86999999935,-193.16
2026-04-01 05:45:00+00:00,37353.12999999935,123.26
2026-04-01 06:30:00+00:00,37144.72999999935,-208.4
2026-04-01 06:45:00+00:00,36792.23999999935,-352.49
2026-04-01 07:00:00+00:00,36998.65999999935,206.41999999999993
2026-04-01 07:15:00+00:00,36805.499999999345,-193.16
2026-04-01 07:30:00+00:00,36923.929999999345,118.43
2026-04-01 07:45:00+00:00,36705.39999999935,-218.53000000000003
2026-04-01 08:30:00+00:00,36991.929999999345,286.53
2026-04-01 09:15:00+00:00,36773.39999999935,-218.53000000000003
2026-04-01 09:30:00+00:00,37044.76999999935,271.37
2026-04-01 09:45:00+00:00,36796.02999999935,-248.74000000000004
2026-04-01 10:30:00+00:00,36904.829999999354,108.8
2026-04-01 11:15:00+00:00,37004.01999999936,99.19
2026-04-01 13:15:00+00:00,37250.26999999936,246.25
2026-04-01 14:00:00+00:00,37531.73999999936,281.47
2026-04-01 14:15:00+00:00,37728.26999999936,196.53
2026-04-01 15:45:00+00:00,37832.259999999354,103.99
2026-04-01 16:30:00+00:00,38088.53999999935,256.28
2026-04-01 17:30:00+00:00,37834.78999999935,-253.75
2026-04-01 17:45:00+00:00,37596.089999999356,-238.7
2026-04-01 18:00:00+00:00,37352.369999999355,-243.72000000000003
2026-04-01 18:15:00+00:00,37159.20999999935,-193.16
2026-04-01 18:30:00+00:00,36930.579999999354,-228.63
2026-04-01 18:45:00+00:00,37136.99999999935,206.41999999999993
2026-04-01 19:00:00+00:00,36888.259999999354,-248.74000000000004
2026-04-01 19:15:00+00:00,36935.10999999935,46.85
2026-04-01 19:30:00+00:00,37221.63999999935,286.53
2026-04-01 19:45:00+00:00,37013.23999999935,-208.4
2026-04-01 20:00:00+00:00,37146.17999999935,132.94
2026-04-01 20:15:00+00:00,36932.70999999935,-213.47000000000003
2026-04-01 20:30:00+00:00,36759.96999999935,-172.74
2026-04-01 20:45:00+00:00,37016.24999999935,256.28
2026-04-01 21:45:00+00:00,37323.08999999935,306.84
2026-04-01 22:00:00+00:00,37609.61999999935,286.53
2026-04-01 22:30:00+00:00,37472.87999999935,-136.74
2026-04-01 22:45:00+00:00,37769.54999999935,296.67
2026-04-01 23:00:00+00:00,37535.87999999935,-233.67
2026-04-01 23:45:00+00:00,37472.17999999935,-63.7
2026-04-02 00:00:00+00:00,37614.829999999354,142.65
2026-04-02 01:30:00+00:00,37545.869999999355,-68.96
2026-04-02 01:45:00+00:00,37368.009999999354,-177.86
2026-04-02 02:00:00+00:00,37614.259999999354,246.25
2026-04-02 02:30:00+00:00,37825.62999999936,211.37
2026-04-02 02:45:00+00:00,37522.159999999356,-303.47
2026-04-02 03:00:00+00:00,37694.089999999356,171.93
2026-04-02 03:15:00+00:00,37485.689999999355,-208.4
2026-04-02 03:30:00+00:00,37731.939999999355,246.25
2026-04-02 03:45:00+00:00,37518.46999999935,-213.47000000000003
2026-04-02 04:00:00+00:00,37259.71999999935,-258.75
2026-04-02 04:15:00+00:00,36946.38999999935,-313.33
2026-04-02 04:30:00+00:00,36737.98999999935,-208.4
2026-04-02 06:00:00+00:00,36789.55999999935,51.57
2026-04-02 09:00:00+00:00,36586.22999999935,-203.33
2026-04-02 09:15:00+00:00,36233.73999999935,-352.49000000000007
2026-04-02 09:30:00+00:00,36550.76999999935,317.03
2026-04-02 09:45:00+00:00,36317.09999999935,-233.67
2026-04-02 10:30:00+00:00,36573.37999999935,256.28
2026-04-02 11:00:00+00:00,36329.65999999935,-243.72000000000003
2026-04-02 12:00:00+00:00,36085.93999999935,-243.72000000000003
2026-04-02 12:15:00+00:00,35842.219999999346,-243.72000000000003
2026-04-02 12:30:00+00:00,35679.72999999935,-162.49
2026-04-02 12:45:00+00:00,35930.98999999935,251.26
2026-04-02 13:15:00+00:00,35588.24999999935,-342.74
2026-04-02 13:30:00+00:00,35854.579999999354,266.33
2026-04-02 14:00:00+00:00,36036.329999999354,181.75
2026-04-02 15:00:00+00:00,36267.589999999356,231.26
2026-04-02 15:15:00+00:00,36400.52999999936,132.94
2026-04-02 15:30:00+00:00,36577.369999999355,176.84
2026-04-02 16:00:00+00:00,36328.62999999936,-248.74000000000004
2026-04-02 16:15:00+00:00,36375.479999999356,46.85
2026-04-02 16:30:00+00:00,36162.009999999354,-213.47000000000003
2026-04-02 16:45:00+00:00,36443.479999999356,281.47
2026-04-02 18:00:00+00:00,36194.73999999936,-248.74000000000004
2026-04-02 18:15:00+00:00,36356.87999999936,162.14
2026-04-02 18:30:00+00:00,36028.80999999936,-328.07
2026-04-02 18:45:00+00:00,36186.06999999936,157.26
2026-04-02 19:00:00+00:00,36242.36999999936,56.3
2026-04-02 20:00:00+00:00,36528.89999999936,286.53
2026-04-02 20:45:00+00:00,36176.40999999936,-352.49
2026-04-02 21:30:00+00:00,36368.00999999936,191.6
2026-04-02 21:45:00+00:00,36164.67999999936,-203.33
2026-04-02 22:15:00+00:00,35920.95999999936,-243.72000000000003
2026-04-02 23:15:00+00:00,36310.14999999936,389.19
2026-04-02 23:30:00+00:00,36616.98999999936,306.84
2026-04-03 00:00:00+00:00,36725.78999999936,108.8
2026-04-03 00:30:00+00:00,36853.88999999936,128.1
2026-04-03 00:45:00+00:00,37016.02999999936,162.14000000000004
2026-04-03 01:15:00+00:00,37322.869999999355,306.84
2026-04-03 02:00:00+00:00,37650.12999999936,327.26
2026-04-03 02:15:00+00:00,37487.63999999936,-162.49
2026-04-03 02:30:00+00:00,37101.24999999936,-386.39
2026-04-03 02:45:00+00:00,36908.089999999356,-193.16
2026-04-03 03:00:00+00:00,37154.339999999356,246.25
2026-04-03 03:15:00+00:00,37201.189999999355,46.85
2026-04-03 04:00:00+00:00,37262.229999999356,61.04
2026-04-03 04:45:00+00:00,37553.829999999354,291.6
2026-04-03 05:00:00+00:00,37648.229999999356,94.4
2026-04-03 05:15:00+00:00,37409.52999999936,-238.7
2026-04-03 05:30:00+00:00,37351.09999999936,-58.43
2026-04-03 06:00:00+00:00,37137.62999999936,-213.47000000000003
2026-04-03 06:15:00+00:00,37459.76999999936,322.14
2026-04-03 06:30:00+00:00,37246.299999999355,-213.47000000000003
2026-04-03 06:45:00+00:00,37527.76999999936,281.47
2026-04-03 07:15:00+00:00,37185.02999999936,-342.73999999999995
2026-04-03 07:30:00+00:00,37069.01999999936,-116.00999999999999
2026-04-03 07:45:00+00:00,36875.85999999935,-193.16
2026-04-03 08:30:00+00:00,37052.69999999935,176.84
2026-04-03 09:00:00+00:00,37319.02999999935,266.33
2026-04-03 09:15:00+00:00,37065.27999999935,-253.75
2026-04-03 09:30:00+00:00,36851.80999999935,-213.47000000000003
2026-04-03 09:45:00+00:00,37143.40999999935,291.6
2026-04-03 10:30:00+00:00,36899.68999999935,-243.72000000000003
2026-04-03 10:45:00+00:00,37341.25999999935,441.57
2026-04-03 12:00:00+00:00,37653.18999999935,311.93
2026-04-03 13:00:00+00:00,37480.44999999935,-172.74
2026-04-03 13:15:00+00:00,37292.37999999935,-188.07000000000002
2026-04-03 13:30:00+00:00,37479.04999999935,186.67
2026-04-03 13:45:00+00:00,37275.719999999346,-203.33
2026-04-03 14:00:00+00:00,37531.999999999345,256.28
2026-04-03 14:15:00+00:00,37818.529999999344,286.53
2026-04-03 15:15:00+00:00,37879.569999999345,61.04
2026-04-03 15:45:00+00:00,37666.099999999344,-213.47000000000003
2026-04-03 16:00:00+00:00,37462.76999999934,-203.33
2026-04-03 16:15:00+00:00,37749.29999999934,286.53
2026-04-03 17:15:00+00:00,37348.48999999934,-400.81
2026-04-03 17:45:00+00:00,37614.819999999345,266.33
2026-04-03 18:00:00+00:00,37381.14999999935,-233.67
2026-04-03 18:15:00+00:00,37147.47999999935,-233.67
2026-04-03 19:15:00+00:00,36984.98999999935,-162.49
2026-04-03 19:30:00+00:00,37246.28999999935,261.3
2026-04-03 20:00:00+00:00,37340.689999999355,94.4
2026-04-03 20:45:00+00:00,37627.21999999935,286.53
2026-04-03 21:00:00+00:00,37449.35999999935,-177.86
2026-04-03 21:15:00+00:00,37700.619999999355,251.26
2026-04-03 21:30:00+00:00,37771.149999999354,70.53
2026-04-03 22:00:00+00:00,37894.409999999356,123.26
2026-04-03 22:30:00+00:00,38012.839999999356,118.43
2026-04-03 22:45:00+00:00,38059.689999999355,46.85
2026-04-03 23:00:00+00:00,37841.159999999356,-218.53000000000003
2026-04-03 23:30:00+00:00,38017.99999999935,176.84
2026-04-03 23:45:00+00:00,38126.799999999355,108.8
2026-04-04 01:15:00+00:00,37883.079999999354,-243.72000000000003
2026-04-04 01:30:00+00:00,37710.339999999356,-172.74
2026-04-04 01:45:00+00:00,37507.009999999354,-203.33
2026-04-04 02:00:00+00:00,37818.939999999355,311.93
2026-04-04 02:30:00+00:00,37615.60999999935,-203.33
2026-04-04 03:15:00+00:00,37671.909999999356,56.3
2026-04-04 03:30:00+00:00,37458.439999999355,-213.47000000000003
2026-04-04 04:15:00+00:00,37244.96999999935,-213.47000000000003
2026-04-04 04:30:00+00:00,37491.21999999935,246.25
2026-04-04 05:45:00+00:00,37538.06999999935,46.85
2026-04-04 06:30:00+00:00,37294.34999999935,-243.72000000000003
2026-04-04 06:45:00+00:00,37388.74999999935,94.4
2026-04-04 09:00:00+00:00,37185.41999999935,-203.33
2026-04-04 09:15:00+00:00,37528.06999999935,342.65
2026-04-04 10:30:00+00:00,37789.369999999355,261.3
2026-04-04 11:15:00+00:00,37606.399999999354,-182.97
2026-04-04 12:30:00+00:00,37153.24999999935,-453.15
2026-04-04 13:15:00+00:00,37439.77999999935,286.53
2026-04-04 14:00:00+00:00,37196.05999999935,-243.72000000000003
2026-04-04 14:15:00+00:00,37367.98999999935,171.93
2026-04-04 14:30:00+00:00,37149.45999999935,-218.53000000000003
2026-04-04 14:45:00+00:00,36971.59999999935,-177.86
2026-04-04 15:00:00+00:00,37065.99999999935,94.4
2026-04-04 15:30:00+00:00,37287.299999999355,221.3
2026-04-04 15:45:00+00:00,37420.23999999936,132.94
2026-04-04 16:30:00+00:00,37676.51999999936,256.28
2026-04-04 16:45:00+00:00,37304.619999999355,-371.9
2026-04-04 17:30:00+00:00,37591.149999999354,286.53
2026-04-04 18:00:00+00:00,37777.81999999935,186.67
2026-04-04 18:15:00+00:00,37564.34999999935,-213.47000000000003
2026-04-04 18:30:00+00:00,37663.53999999935,99.19
2026-04-04 19:00:00+00:00,37919.81999999935,256.28
2026-04-04 19:30:00+00:00,38062.46999999935,142.65
2026-04-04 20:15:00+00:00,37808.71999999935,-253.75
2026-04-04 20:30:00+00:00,38000.31999999935,191.6
2026-04-04 20:45:00+00:00,38296.98999999935,296.67
2026-04-04 21:00:00+00:00,38058.28999999935,-238.7
2026-04-04 21:15:00+00:00,37814.56999999935,-243.72000000000003
2026-04-04 22:15:00+00:00,38106.16999999935,291.6
2026-04-04 23:45:00+00:00,37892.69999999935,-213.47000000000003
2026-04-05 00:30:00+00:00,37643.95999999935,-248.74000000000004
2026-04-05 00:45:00+00:00,37935.55999999935,291.6
2026-04-05 01:15:00+00:00,37783.34999999935,-152.21000000000004
2026-04-05 01:30:00+00:00,37600.37999999935,-182.97000000000003
2026-04-05 01:45:00+00:00,37427.63999999935,-172.74
2026-04-05 02:00:00+00:00,37614.30999999935,186.67
2026-04-05 02:15:00+00:00,37390.72999999935,-223.58
2026-04-05 02:30:00+00:00,37562.65999999935,171.93
2026-04-05 04:30:00+00:00,37808.90999999935,246.25
2026-04-05 05:30:00+00:00,37570.20999999935,-238.7
2026-04-05 05:45:00+00:00,37831.509999999354,261.3
2026-04-05 06:00:00+00:00,37694.76999999936,-136.74
2026-04-05 06:15:00+00:00,37401.189999999355,-293.58000000000004
2026-04-05 06:30:00+00:00,37617.51999999936,216.33
2026-04-05 06:45:00+00:00,37833.84999999936,216.33
2026-04-05 07:00:00+00:00,37600.17999999936,-233.67
2026-04-05 07:15:00+00:00,37647.02999999936,46.85
2026-04-05 08:00:00+00:00,37969.16999999936,322.14
2026-04-05 08:45:00+00:00,37725.44999999936,-243.72000000000003
2026-04-05 10:30:00+00:00,37981.729999999356,256.28
2026-04-05 11:15:00+00:00,38238.009999999354,256.28
2026-04-05 11:30:00+00:00,37994.28999999935,-243.72000000000003
2026-04-05 11:45:00+00:00,37775.759999999354,-218.53000000000003
2026-04-05 12:00:00+00:00,38062.28999999935,286.53
2026-04-05 12:30:00+00:00,37748.95999999935,-313.33
2026-04-05 12:45:00+00:00,37485.20999999935,-263.75
2026-04-05 13:00:00+00:00,37822.71999999935,337.51
2026-04-05 13:15:00+00:00,37519.24999999935,-303.47
2026-04-05 13:30:00+00:00,37315.91999999935,-203.33
2026-04-05 13:45:00+00:00,37567.17999999935,251.26
2026-04-05 14:00:00+00:00,37623.479999999356,56.3
2026-04-05 14:30:00+00:00,37910.009999999354,286.53
2026-04-05 15:15:00+00:00,38196.53999999935,286.53
2026-04-05 15:45:00+00:00,38503.37999999935,306.84
2026-04-05 16:00:00+00:00,38665.51999999935,162.14000000000004
2026-04-05 16:15:00+00:00,38759.91999999935,94.4
2026-04-05 16:30:00+00:00,38806.76999999935,46.85
2026-04-05 18:30:00+00:00,38568.06999999935,-238.7
2026-04-05 20:00:00+00:00,38779.439999999355,211.37
2026-04-05 20:15:00+00:00,38849.96999999935,70.53
2026-04-05 20:30:00+00:00,39096.21999999935,246.25
2026-04-05 21:30:00+00:00,38857.51999999936,-238.7
2026-04-05 22:45:00+00:00,39118.81999999936,261.3
2026-04-05 23:00:00+00:00,39165.66999999936,46.85
2026-04-05 23:15:00+00:00,38852.339999999356,-313.33
2026-04-05 23:45:00+00:00,38899.189999999355,46.85
2026-04-06 00:30:00+00:00,39216.21999999935,317.03
2026-04-06 00:45:00+00:00,39069.159999999356,-147.06
2026-04-06 01:00:00+00:00,39300.41999999936,231.26
2026-04-06 01:30:00+00:00,39356.71999999936,56.3
2026-04-06 02:30:00+00:00,39168.64999999936,-188.07
2026-04-06 02:45:00+00:00,39480.57999999936,311.93
2026-04-06 03:00:00+00:00,39333.519999999364,-147.06
2026-04-06 03:30:00+00:00,39380.36999999936,46.85
2026-04-06 05:15:00+00:00,39666.89999999936,286.53
2026-04-06 06:45:00+00:00,39863.42999999936,196.53
2026-04-06 07:00:00+00:00,40099.67999999936,236.25
2026-04-06 07:15:00+00:00,39855.95999999936,-243.72000000000003
2026-04-06 07:30:00+00:00,39955.14999999936,99.19
2026-04-06 10:00:00+00:00,40131.98999999936,176.84
2026-04-06 11:45:00+00:00,40183.55999999936,51.57
2026-04-06 13:30:00+00:00,40449.88999999936,266.33
2026-04-06 14:00:00+00:00,40736.41999999936,286.53
2026-04-06 14:45:00+00:00,40854.84999999936,118.43
2026-04-06 15:00:00+00:00,41111.12999999936,256.28
2026-04-06 15:15:00+00:00,41210.31999999936,99.19
2026-04-06 15:30:00+00:00,40843.25999999936,-367.06
2026-04-06 16:00:00+00:00,40650.09999999936,-193.16
2026-04-06 16:30:00+00:00,40826.939999999355,176.84
2026-04-06 17:00:00+00:00,41128.689999999355,301.75
2026-04-06 17:15:00+00:00,40930.439999999355,-198.25
2026-04-06 17:30:00+00:00,41232.189999999355,301.75
2026-04-06 17:45:00+00:00,41018.71999999935,-213.47000000000003
2026-04-06 18:00:00+00:00,41269.979999999356,251.26
2026-04-06 18:15:00+00:00,41556.509999999354,286.53
2026-04-06 18:45:00+00:00,41868.439999999355,311.93
2026-04-06 19:45:00+00:00,41629.73999999936,-238.7
2026-04-06 21:15:00+00:00,41416.26999999936,-213.47000000000003
2026-04-06 21:45:00+00:00,41207.869999999355,-208.4
2026-04-06 22:00:00+00:00,41254.71999999935,46.85
2026-04-06 22:15:00+00:00,41541.24999999935,286.53
2026-04-06 22:45:00+00:00,41373.62999999935,-167.62
2026-04-06 23:15:00+00:00,41226.56999999935,-147.06
2026-04-06 23:30:00+00:00,41018.16999999935,-208.4
2026-04-06 23:45:00+00:00,41093.45999999935,75.28999999999995
2026-04-07 00:00:00+00:00,41280.12999999935,186.67
2026-04-07 00:15:00+00:00,41164.11999999935,-116.00999999999999
2026-04-07 00:30:00+00:00,41297.05999999935,132.94
2026-04-07 00:45:00+00:00,41429.99999999935,132.94
2026-04-07 01:30:00+00:00,41616.66999999935,186.67
2026-04-07 02:00:00+00:00,41558.23999999935,-58.43
2026-04-07 02:15:00+00:00,41319.53999999935,-238.7
2026-04-07 02:30:00+00:00,41476.799999999355,157.26
2026-04-07 03:00:00+00:00,41528.369999999355,51.57
2026-04-07 03:45:00+00:00,41774.619999999355,246.25
2026-04-07 04:00:00+00:00,41561.149999999354,-213.47000000000003
2026-04-07 05:00:00+00:00,41655.549999999355,94.4
2026-04-07 06:00:00+00:00,41442.079999999354,-213.47000000000003
2026-04-07 06:15:00+00:00,41198.35999999935,-243.72000000000003
2026-04-07 06:30:00+00:00,41489.95999999935,291.6
2026-04-07 06:45:00+00:00,41251.259999999354,-238.7
2026-04-07 07:00:00+00:00,41542.85999999935,291.6
2026-04-07 07:15:00+00:00,41329.38999999935,-213.47000000000003
2026-04-07 07:30:00+00:00,41385.689999999355,56.3
2026-04-07 08:15:00+00:00,41677.28999999935,291.6
2026-04-07 08:30:00+00:00,41724.13999999935,46.85
2026-04-07 09:00:00+00:00,41530.97999999935,-193.16
2026-04-07 10:00:00+00:00,41707.819999999345,176.84
2026-04-07 10:30:00+00:00,41394.48999999934,-313.33
2026-04-07 10:45:00+00:00,41150.76999999934,-243.72000000000003
2026-04-07 11:00:00+00:00,40942.36999999934,-208.4
2026-04-07 11:15:00+00:00,41208.69999999934,266.33
2026-04-07 11:30:00+00:00,41490.16999999934,281.47
2026-04-07 11:45:00+00:00,41613.429999999345,123.26
2026-04-07 12:30:00+00:00,41884.79999999935,271.37
2026-04-07 12:45:00+00:00,41641.07999999935,-243.72000000000003
2026-04-07 13:00:00+00:00,41927.609999999346,286.53
2026-04-07 13:30:00+00:00,41683.889999999345,-243.72000000000003
2026-04-07 14:00:00+00:00,41506.029999999344,-177.86
2026-04-07 14:15:00+00:00,41252.279999999344,-253.75
2026-04-07 14:30:00+00:00,41419.30999999934,167.03
2026-04-07 14:45:00+00:00,41180.609999999346,-238.7
2026-04-07 15:00:00+00:00,40926.859999999346,-253.75
2026-04-07 15:15:00+00:00,40688.15999999935,-238.7
2026-04-07 16:00:00+00:00,40735.00999999935,46.85
2026-04-07 16:15:00+00:00,40858.26999999935,123.26
2026-04-07 16:30:00+00:00,41119.56999999935,261.3
2026-04-07 16:45:00+00:00,40875.84999999935,-243.72000000000003
2026-04-07 17:30:00+00:00,40932.149999999354,56.3
2026-04-07 18:15:00+00:00,40988.44999999936,56.3
2026-04-07 18:30:00+00:00,41097.24999999936,108.8
2026-04-07 19:00:00+00:00,40893.91999999936,-203.33
2026-04-07 19:15:00+00:00,41185.51999999936,291.6
2026-04-07 20:30:00+00:00,41333.02999999936,147.51
2026-04-07 20:45:00+00:00,41465.96999999936,132.94
2026-04-07 21:15:00+00:00,41267.71999999936,-198.25
2026-04-07 21:30:00+00:00,41454.38999999936,186.67
2026-04-07 21:45:00+00:00,41510.68999999936,56.3
2026-04-07 22:30:00+00:00,41394.67999999936,-116.00999999999999
2026-04-07 22:45:00+00:00,41206.60999999936,-188.07
2026-04-07 23:15:00+00:00,41329.86999999936,123.26
2026-04-07 23:45:00+00:00,41516.53999999936,186.67
2026-04-08 00:00:00+00:00,41601.36999999936,84.82999999999994
2026-04-08 00:15:00+00:00,41239.15999999936,-362.21
2026-04-08 00:30:00+00:00,41372.099999999366,132.94
2026-04-08 00:45:00+00:00,41553.849999999366,181.75
2026-04-08 01:15:00+00:00,41320.17999999937,-233.67
2026-04-08 01:45:00+00:00,41376.47999999937,56.3
2026-04-08 02:00:00+00:00,41760.46999999937,383.99
2026-04-08 04:15:00+00:00,42006.71999999937,246.25
2026-04-08 04:45:00+00:00,42134.81999999937,128.1
2026-04-08 05:00:00+00:00,42316.56999999937,181.75
2026-04-08 06:30:00+00:00,42363.419999999365,46.85
2026-04-08 07:15:00+00:00,42462.60999999937,99.19
2026-04-08 09:15:00+00:00,42509.459999999366,46.85
2026-04-08 10:00:00+00:00,42790.92999999937,281.47
2026-04-08 10:45:00+00:00,42542.18999999937,-248.74000000000004
2026-04-08 13:15:00+00:00,42349.029999999366,-193.16
2026-04-08 13:30:00+00:00,42481.96999999937,132.94
2026-04-08 14:00:00+00:00,42090.76999999937,-391.2
2026-04-08 14:15:00+00:00,41718.86999999937,-371.9
2026-04-08 14:30:00+00:00,41510.46999999937,-208.4
2026-04-08 15:00:00+00:00,41221.83999999937,-288.63
2026-04-08 15:15:00+00:00,41468.08999999937,246.25
2026-04-08 15:30:00+00:00,41640.01999999937,171.93
2026-04-08 15:45:00+00:00,41896.29999999937,256.28
2026-04-08 18:30:00+00:00,41682.82999999937,-213.47000000000003
2026-04-08 18:45:00+00:00,41239.12999999937,-443.7
2026-04-08 19:00:00+00:00,40950.499999999374,-288.63
2026-04-08 19:15:00+00:00,41313.759999999376,363.26
2026-04-08 19:30:00+00:00,41050.009999999376,-263.75
2026-04-08 19:45:00+00:00,41311.30999999938,261.3
2026-04-08 20:00:00+00:00,41497.97999999938,186.67
2026-04-08 21:45:00+00:00,41630.91999999938,132.94
2026-04-08 22:30:00+00:00,41453.05999999938,-177.86
2026-04-08 22:45:00+00:00,41811.15999999938,358.1
2026-04-08 23:00:00+00:00,41592.62999999938,-218.53000000000003
2026-04-08 23:15:00+00:00,42007.91999999938,415.29
2026-04-08 23:30:00+00:00,41764.19999999938,-243.72000000000003
2026-04-08 23:45:00+00:00,42025.49999999938,261.3
2026-04-09 01:00:00+00:00,42352.75999999938,327.26
2026-04-09 01:15:00+00:00,42154.50999999938,-198.25
2026-04-09 01:30:00+00:00,41905.769999999386,-248.74000000000004
2026-04-09 02:15:00+00:00,41692.299999999384,-213.47000000000003
2026-04-09 02:30:00+00:00,41938.549999999384,246.25
2026-04-09 02:45:00+00:00,42071.48999999939,132.94
2026-04-09 03:00:00+00:00,42118.339999999385,46.85
2026-04-09 04:30:00+00:00,41874.619999999384,-243.72000000000003
2026-04-09 05:00:00+00:00,41630.89999999938,-243.72000000000003
2026-04-09 05:15:00+00:00,41917.42999999938,286.53
2026-04-09 06:15:00+00:00,41973.729999999385,56.3
2026-04-09 07:15:00+00:00,42020.57999999938,46.85
2026-04-09 08:30:00+00:00,42143.839999999385,123.26
2026-04-09 09:00:00+00:00,42481.34999999939,337.51
2026-04-09 09:30:00+00:00,42788.189999999384,306.84
2026-04-09 10:15:00+00:00,43004.519999999386,216.33
2026-04-09 13:30:00+00:00,43191.189999999384,186.67
2026-04-09 13:45:00+00:00,42952.48999999939,-238.7
2026-04-09 14:00:00+00:00,42784.869999999384,-167.62
2026-04-09 14:15:00+00:00,42546.16999999939,-238.7
2026-04-09 14:30:00+00:00,42409.42999999939,-136.74
2026-04-09 14:45:00+00:00,42605.95999999939,196.53
2026-04-09 15:30:00+00:00,42666.99999999939,61.04
2026-04-09 16:00:00+00:00,42458.59999999939,-208.4
2026-04-09 16:15:00+00:00,42342.589999999385,-116.00999999999999
2026-04-09 16:30:00+00:00,42475.52999999939,132.94
2026-04-09 17:30:00+00:00,42613.31999999939,137.79
2026-04-09 17:45:00+00:00,42660.16999999939,46.85
2026-04-09 18:30:00+00:00,42951.769999999386,291.6
2026-04-09 18:45:00+00:00,42738.299999999384,-213.47000000000003
2026-04-09 20:15:00+00:00,42994.57999999938,256.28
2026-04-09 21:30:00+00:00,42750.85999999938,-243.72000000000003
2026-04-09 21:45:00+00:00,43002.119999999384,251.26
2026-04-09 22:00:00+00:00,42763.41999999939,-238.7
2026-04-09 22:15:00+00:00,42819.71999999939,56.3
2026-04-09 22:30:00+00:00,42876.01999999939,56.3
2026-04-09 22:45:00+00:00,43013.809999999394,137.79
2026-04-09 23:00:00+00:00,42760.059999999394,-253.75
2026-04-09 23:15:00+00:00,42541.529999999395,-218.53000000000003
2026-04-09 23:30:00+00:00,42733.12999999939,191.6
2026-04-09 23:45:00+00:00,42479.37999999939,-253.75
2026-04-10 00:00:00+00:00,42265.90999999939,-213.47000000000003
2026-04-10 00:30:00+00:00,42202.209999999395,-63.7
2026-04-10 01:00:00+00:00,41835.1499999994,-367.06
2026-04-10 02:15:00+00:00,41891.4499999994,56.3
2026-04-10 03:30:00+00:00,42019.5499999994,128.1
2026-04-10 06:15:00+00:00,41780.8499999994,-238.7
2026-04-10 06:45:00+00:00,41572.4499999994,-208.4
2026-04-10 07:15:00+00:00,41364.0499999994,-208.4
2026-04-10 07:45:00+00:00,41155.6499999994,-208.4
2026-04-10 08:00:00+00:00,40947.249999999396,-208.4
2026-04-10 08:15:00+00:00,41193.499999999396,246.25
2026-04-10 10:00:00+00:00,41370.33999999939,176.84
2026-04-10 10:15:00+00:00,41469.529999999395,99.19
2026-04-10 11:30:00+00:00,41301.90999999939,-167.61999999999998
2026-04-10 11:45:00+00:00,41118.93999999939,-182.97
2026-04-10 12:00:00+00:00,41430.86999999939,311.93
2026-04-10 13:30:00+00:00,41487.169999999394,56.3
2026-04-10 14:00:00+00:00,41543.4699999994,56.3
2026-04-10 14:15:00+00:00,41427.459999999395,-116.00999999999999
2026-04-10 14:30:00+00:00,41249.599999999395,-177.85999999999999
2026-04-10 14:45:00+00:00,41592.249999999396,342.65
2026-04-10 15:00:00+00:00,41643.819999999396,51.57
2026-04-10 15:45:00+00:00,41430.349999999395,-213.47000000000003
2026-04-10 16:00:00+00:00,41186.62999999939,-243.72000000000003
2026-04-10 16:15:00+00:00,41463.04999999939,276.42
2026-04-10 16:30:00+00:00,41571.849999999395,108.8
2026-04-10 16:45:00+00:00,41328.12999999939,-243.72000000000003
2026-04-10 19:45:00+00:00,41114.65999999939,-213.47000000000003
2026-04-10 21:30:00+00:00,41166.22999999939,51.57
2026-04-10 22:00:00+00:00,41427.529999999395,261.3
2026-04-10 22:45:00+00:00,41178.7899999994,-248.74000000000004
2026-04-10 23:00:00+00:00,41430.0499999994,251.26
2026-04-10 23:45:00+00:00,41247.0799999994,-182.97
2026-04-11 00:00:00+00:00,41069.2199999994,-177.85999999999999
2026-04-11 00:15:00+00:00,41197.319999999396,128.1
2026-04-11 00:30:00+00:00,41004.15999999939,-193.16
2026-04-11 00:45:00+00:00,41398.559999999394,394.4
2026-04-11 01:30:00+00:00,41834.8599999994,436.3
2026-04-11 02:15:00+00:00,41881.709999999395,46.85
2026-04-11 02:30:00+00:00,41933.279999999395,51.57
2026-04-11 04:00:00+00:00,41689.559999999394,-243.72000000000003
2026-04-11 05:00:00+00:00,41981.15999999939,291.6
2026-04-11 05:30:00+00:00,42262.62999999939,281.47
2026-04-11 08:00:00+00:00,42198.9299999994,-63.7
2026-04-11 08:45:00+00:00,42317.3599999994,118.43
2026-04-11 09:15:00+00:00,42073.639999999396,-243.72000000000003
2026-04-11 10:15:00+00:00,42250.47999999939,176.84
2026-04-11 11:30:00+00:00,42383.419999999394,132.94
2026-04-11 11:45:00+00:00,42501.849999999395,118.43
2026-04-11 12:15:00+00:00,42639.639999999396,137.79
2026-04-11 13:00:00+00:00,42946.47999999939,306.84
2026-04-11 13:30:00+00:00,43177.739999999394,231.26
2026-04-11 13:45:00+00:00,43479.489999999394,301.75
2026-04-11 14:00:00+00:00,43235.76999999939,-243.72000000000003
2026-04-11 14:15:00+00:00,43532.43999999939,296.67
2026-04-11 14:30:00+00:00,43584.00999999939,51.57
2026-04-11 14:45:00+00:00,43406.14999999939,-177.86
2026-04-11 15:00:00+00:00,43657.40999999939,251.26
2026-04-11 15:45:00+00:00,43790.349999999395,132.94
2026-04-11 17:00:00+00:00,43981.94999999939,191.6
2026-04-11 17:30:00+00:00,44033.51999999939,51.57
2026-04-11 18:15:00+00:00,44089.819999999396,56.3
2026-04-11 19:00:00+00:00,43891.569999999396,-198.25
2026-04-11 19:15:00+00:00,43708.599999999395,-182.97
2026-04-11 19:45:00+00:00,43510.349999999395,-198.25
2026-04-11 20:00:00+00:00,43697.01999999939,186.67
2026-04-11 21:00:00+00:00,43458.319999999396,-238.7
2026-04-11 21:15:00+00:00,43744.849999999395,286.53
2026-04-11 23:00:00+00:00,43936.44999999939,191.6
2026-04-12 00:00:00+00:00,43702.779999999395,-233.67
2026-04-12 00:15:00+00:00,43509.61999999939,-193.16
2026-04-12 00:30:00+00:00,43801.21999999939,291.6
2026-04-12 00:45:00+00:00,44102.96999999939,301.75
2026-04-12 01:30:00+00:00,43864.26999999939,-238.7
2026-04-12 01:45:00+00:00,43650.79999999939,-213.47000000000003
2026-04-12 02:00:00+00:00,43432.26999999939,-218.53000000000003
2026-04-12 02:15:00+00:00,43065.209999999395,-367.06
2026-04-12 02:30:00+00:00,43183.639999999396,118.43
2026-04-12 02:45:00+00:00,43278.0399999994,94.4
2026-04-12 03:30:00+00:00,42886.8399999994,-391.2
2026-04-12 08:00:00+00:00,43024.6299999994,137.79
2026-04-12 09:15:00+00:00,42795.9999999994,-228.63
2026-04-12 10:15:00+00:00,43047.259999999405,251.26
2026-04-12 10:45:00+00:00,42833.789999999404,-213.47000000000003
2026-04-12 11:00:00+00:00,42610.2099999994,-223.58
2026-04-12 11:15:00+00:00,42841.469999999405,231.26
2026-04-12 11:45:00+00:00,42783.039999999404,-58.43
2026-04-12 12:00:00+00:00,43044.33999999941,261.3
2026-04-12 12:30:00+00:00,43290.58999999941,246.25
2026-04-12 13:15:00+00:00,43153.84999999941,-136.74
2026-04-12 13:30:00+00:00,43370.17999999941,216.33
2026-04-12 13:45:00+00:00,43192.31999999941,-177.86
2026-04-12 14:00:00+00:00,42958.64999999941,-233.67
2026-04-12 14:15:00+00:00,43077.07999999941,118.43
2026-04-12 15:00:00+00:00,42843.409999999414,-233.67
2026-04-12 15:15:00+00:00,43054.77999999942,211.37
2026-04-12 15:45:00+00:00,43418.03999999942,363.26
2026-04-12 17:00:00+00:00,43704.56999999942,286.53
2026-04-12 17:15:00+00:00,43808.559999999416,103.99
2026-04-12 17:45:00+00:00,43426.989999999416,-381.57
2026-04-12 18:15:00+00:00,43545.419999999416,118.43
2026-04-12 20:00:00+00:00,43306.71999999942,-238.7
2026-04-12 20:15:00+00:00,43098.31999999942,-208.4
2026-04-12 20:30:00+00:00,43471.92999999942,373.61
2026-04-12 21:00:00+00:00,43600.02999999942,128.1
2026-04-12 21:15:00+00:00,43994.42999999942,394.4
2026-04-12 21:30:00+00:00,44050.72999999942,56.3
2026-04-12 21:45:00+00:00,44097.57999999942,46.85
2026-04-12 22:15:00+00:00,44039.14999999942,-58.43
2026-04-12 22:30:00+00:00,43825.67999999942,-213.47000000000003
2026-04-12 22:45:00+00:00,44112.20999999942,286.53
2026-04-12 23:00:00+00:00,44383.57999999942,271.37
2026-04-12 23:30:00+00:00,44629.82999999942,246.25
2026-04-13 01:00:00+00:00,44524.22999999942,-105.59999999999997
2026-04-13 01:15:00+00:00,44836.15999999942,311.93
2026-04-13 01:45:00+00:00,44897.19999999942,61.04
2026-04-13 02:30:00+00:00,45178.66999999942,281.47
2026-04-13 02:45:00+00:00,44934.94999999942,-243.72000000000003
2026-04-13 03:00:00+00:00,45226.54999999942,291.6
2026-04-13 03:15:00+00:00,45008.01999999942,-218.53000000000003
2026-04-13 03:30:00+00:00,45078.54999999942,70.53
2026-04-13 04:00:00+00:00,45370.14999999942,291.6
2026-04-13 04:15:00+00:00,45151.61999999942,-218.53000000000003
2026-04-13 05:15:00+00:00,44933.08999999942,-218.53000000000003
2026-04-13 05:30:00+00:00,45046.69999999942,113.61
2026-04-13 06:00:00+00:00,45093.54999999942,46.85
2026-04-13 06:30:00+00:00,45339.79999999942,246.25
2026-04-13 07:00:00+00:00,45434.19999999942,94.4
2026-04-13 07:45:00+00:00,45680.44999999942,246.25
2026-04-13 08:00:00+00:00,45936.72999999942,256.28
2026-04-13 08:30:00+00:00,46238.47999999942,301.75
2026-04-13 08:45:00+00:00,46030.07999999942,-208.4
2026-04-13 09:00:00+00:00,46321.67999999942,291.6
2026-04-13 09:15:00+00:00,46396.96999999942,75.28999999999995
2026-04-13 09:30:00+00:00,46648.22999999942,251.26
2026-04-13 10:00:00+00:00,46718.75999999942,70.53
2026-04-13 10:15:00+00:00,46770.32999999942,51.57
2026-04-13 10:45:00+00:00,46326.62999999942,-443.7
2026-04-13 11:00:00+00:00,46082.90999999942,-243.72000000000003
2026-04-13 11:30:00+00:00,46339.18999999942,256.28
2026-04-13 11:45:00+00:00,46630.78999999942,291.6
2026-04-13 14:00:00+00:00,46912.25999999942,281.47
2026-04-13 14:15:00+00:00,47045.19999999942,132.94
2026-04-13 15:15:00+00:00,47261.529999999424,216.33
2026-04-13 15:30:00+00:00,47553.12999999942,291.6
2026-04-13 18:15:00+00:00,47819.459999999424,266.33
2026-04-13 18:30:00+00:00,47585.789999999426,-233.67
2026-04-13 20:15:00+00:00,47704.21999999943,118.43
2026-04-13 20:45:00+00:00,47960.499999999425,256.28
2026-04-13 22:45:00+00:00,47777.529999999424,-182.97
2026-04-13 23:15:00+00:00,47425.039999999426,-352.49
2026-04-13 23:30:00+00:00,47126.50999999943,-298.53000000000003
2026-04-13 23:45:00+00:00,47448.64999999943,322.14
2026-04-14 00:00:00+00:00,47645.179999999425,196.53
2026-04-14 00:15:00+00:00,47946.929999999425,301.75
2026-04-14 00:30:00+00:00,48243.599999999424,296.67
2026-04-14 01:15:00+00:00,48540.26999999942,296.67
2026-04-14 04:00:00+00:00,48673.209999999424,132.94
2026-04-14 06:00:00+00:00,48429.48999999942,-243.72000000000003
2026-04-14 06:45:00+00:00,48043.099999999424,-386.39
2026-04-14 08:00:00+00:00,48329.62999999942,286.53
2026-04-14 08:45:00+00:00,48376.47999999942,46.85
2026-04-14 09:00:00+00:00,48432.779999999424,56.3
2026-04-14 09:15:00+00:00,48493.819999999425,61.04
2026-04-14 10:00:00+00:00,48280.349999999424,-213.47000000000003
2026-04-14 10:15:00+00:00,48561.819999999425,281.47
2026-04-14 11:00:00+00:00,48343.289999999426,-218.53000000000003
2026-04-14 11:30:00+00:00,48456.89999999943,113.61
2026-04-14 11:45:00+00:00,48599.54999999943,142.65
2026-04-14 12:30:00+00:00,48781.29999999943,181.75
2026-04-14 12:45:00+00:00,48875.69999999943,94.4
2026-04-14 13:00:00+00:00,48922.54999999943,46.85
2026-04-14 13:45:00+00:00,48974.11999999943,51.57
2026-04-14 14:00:00+00:00,48765.71999999943,-208.4
2026-04-14 14:15:00+00:00,48427.859999999426,-337.85999999999996
2026-04-14 14:45:00+00:00,48755.11999999943,327.26
2026-04-14 15:00:00+00:00,48546.71999999943,-208.4
2026-04-14 15:15:00+00:00,48394.50999999943,-152.21000000000004
2026-04-14 15:30:00+00:00,48650.789999999426,256.28
2026-04-14 15:45:00+00:00,48837.459999999424,186.67
2026-04-14 16:45:00+00:00,48618.929999999425,-218.53000000000003
2026-04-14 17:15:00+00:00,48805.599999999424,186.67
2026-04-14 17:30:00+00:00,48414.39999999943,-391.2
2026-04-14 17:45:00+00:00,48282.82999999943,-131.57
2026-04-14 18:00:00+00:00,48534.08999999943,251.26
2026-04-14 18:30:00+00:00,48290.36999999943,-243.72000000000003
2026-04-14 18:45:00+00:00,48061.73999999943,-228.63
2026-04-14 19:15:00+00:00,48223.87999999943,162.14
2026-04-14 19:30:00+00:00,47985.17999999943,-238.7
2026-04-14 19:45:00+00:00,47771.70999999943,-213.47000000000003
2026-04-14 20:00:00+00:00,47963.30999999943,191.6
2026-04-14 20:15:00+00:00,48010.15999999943,46.85
2026-04-14 20:45:00+00:00,48281.52999999943,271.37
2026-04-14 21:15:00+00:00,48395.13999999943,113.61
2026-04-14 21:45:00+00:00,48186.73999999943,-208.4
2026-04-14 22:00:00+00:00,48453.06999999943,266.33
2026-04-14 22:45:00+00:00,48795.719999999434,342.65
2026-04-14 23:00:00+00:00,48904.51999999944,108.8
2026-04-15 00:30:00+00:00,48591.189999999435,-313.33
2026-04-15 00:45:00+00:00,48772.939999999435,181.75
2026-04-15 02:45:00+00:00,48544.30999999944,-228.63
2026-04-15 05:45:00+00:00,48295.56999999944,-248.74000000000004
2026-04-15 06:00:00+00:00,48551.84999999944,256.28
2026-04-15 06:30:00+00:00,48308.12999999944,-243.72000000000003
2026-04-15 07:45:00+00:00,48059.38999999944,-248.74000000000004
2026-04-15 08:00:00+00:00,48366.229999999436,306.84
2026-04-15 08:15:00+00:00,48657.829999999434,291.6
2026-04-15 09:45:00+00:00,48939.299999999435,281.47
2026-04-15 10:45:00+00:00,49230.899999999434,291.6
2026-04-15 11:45:00+00:00,49287.19999999944,56.3
2026-04-15 12:15:00+00:00,49395.99999999944,108.8
2026-04-15 13:15:00+00:00,49553.25999999944,157.26
2026-04-15 13:30:00+00:00,49614.29999999944,61.04
2026-04-15 14:00:00+00:00,49781.32999999944,167.03
2026-04-15 14:30:00+00:00,49837.629999999444,56.3
2026-04-15 15:00:00+00:00,49893.92999999945,56.3
2026-04-15 15:30:00+00:00,49650.209999999446,-243.72000000000003
2026-04-15 15:45:00+00:00,49581.24999999945,-68.96
2026-04-15 16:00:00+00:00,49199.67999999945,-381.57
2026-04-15 16:15:00+00:00,49471.04999999945,271.37
2026-04-15 17:00:00+00:00,49727.32999999945,256.28
2026-04-15 18:15:00+00:00,49783.62999999945,56.3
2026-04-15 18:45:00+00:00,49878.02999999945,94.4
2026-04-15 19:30:00+00:00,49554.86999999945,-323.16
2026-04-15 20:00:00+00:00,49678.12999999945,123.26
2026-04-15 20:15:00+00:00,49801.389999999454,123.26
2026-04-15 20:30:00+00:00,49876.679999999455,75.28999999999995
2026-04-15 22:00:00+00:00,50004.77999999945,128.1
2026-04-15 23:30:00+00:00,50296.37999999945,291.6
2026-04-16 00:15:00+00:00,50547.639999999454,251.26
2026-04-16 01:30:00+00:00,50646.829999999456,99.19
2026-04-16 02:30:00+00:00,50943.499999999454,296.67
2026-04-16 03:00:00+00:00,51189.749999999454,246.25
2026-04-16 03:15:00+00:00,51250.789999999455,61.04
2026-04-16 04:00:00+00:00,51042.389999999454,-208.4
2026-04-16 04:15:00+00:00,51339.05999999945,296.67
2026-04-16 04:30:00+00:00,51400.09999999945,61.04
2026-04-16 06:00:00+00:00,51537.889999999454,137.79
2026-04-16 06:30:00+00:00,51670.829999999456,132.94
2026-04-16 07:00:00+00:00,51731.86999999946,61.04
2026-04-16 07:45:00+00:00,51523.469999999455,-208.4
2026-04-16 08:00:00+00:00,51465.039999999455,-58.43
2026-04-16 08:15:00+00:00,51261.70999999945,-203.33
2026-04-16 08:30:00+00:00,51438.54999999945,176.84
2026-04-16 08:45:00+00:00,51095.80999999945,-342.74
2026-04-16 09:00:00+00:00,51248.18999999945,152.38
2026-04-16 09:15:00+00:00,51539.78999999945,291.6
2026-04-16 10:30:00+00:00,51821.25999999945,281.47
2026-04-16 10:45:00+00:00,51587.58999999945,-233.67
2026-04-16 11:00:00+00:00,51379.18999999945,-208.4
2026-04-16 11:15:00+00:00,51655.60999999945,276.42
2026-04-16 11:30:00+00:00,51947.209999999446,291.6
2026-04-16 12:30:00+00:00,52274.46999999945,327.26
2026-04-16 13:30:00+00:00,52055.93999999945,-218.53000000000003
2026-04-16 14:00:00+00:00,51847.53999999945,-208.4
2026-04-16 14:15:00+00:00,52139.13999999945,291.6
2026-04-16 14:30:00+00:00,52064.919999999445,-74.22
2026-04-16 14:45:00+00:00,52231.949999999444,167.03
2026-04-16 15:00:00+00:00,51792.989999999445,-438.96
2026-04-16 15:30:00+00:00,51354.029999999446,-438.96
2026-04-16 16:00:00+00:00,51155.779999999446,-198.25
2026-04-16 16:15:00+00:00,51452.449999999444,296.67
2026-04-16 17:15:00+00:00,51249.11999999944,-203.33
2026-04-16 17:30:00+00:00,51401.49999999944,152.38
2026-04-16 17:45:00+00:00,51462.53999999944,61.04
2026-04-16 18:00:00+00:00,51610.04999999944,147.51
2026-04-16 19:15:00+00:00,51801.64999999944,191.6
2026-04-16 19:45:00+00:00,51503.11999999944,-298.53000000000003
2026-04-16 20:00:00+00:00,51259.39999999944,-243.72
2026-04-16 20:15:00+00:00,51096.90999999944,-162.48999999999998
2026-04-16 20:30:00+00:00,51273.74999999944,176.84
2026-04-16 21:00:00+00:00,51334.78999999944,61.04
2026-04-16 21:15:00+00:00,51131.45999999944,-203.33
2026-04-16 21:30:00+00:00,50928.12999999944,-203.33
2026-04-16 21:45:00+00:00,50989.16999999944,61.04
2026-04-16 22:15:00+00:00,51093.159999999436,103.99
2026-04-16 22:30:00+00:00,51024.19999999944,-68.96
2026-04-16 22:45:00+00:00,50815.799999999435,-208.4
2026-04-16 23:15:00+00:00,50637.939999999435,-177.85999999999999
2026-04-16 23:30:00+00:00,50295.19999999944,-342.73999999999995
2026-04-17 00:00:00+00:00,49947.579999999434,-347.61999999999995
2026-04-17 00:15:00+00:00,50080.51999999944,132.94
2026-04-17 00:30:00+00:00,49882.26999999944,-198.25
2026-04-17 00:45:00+00:00,49709.52999999944,-172.73999999999998
2026-04-17 01:00:00+00:00,49886.369999999435,176.84
2026-04-17 01:45:00+00:00,49688.119999999435,-198.25
2026-04-17 02:00:00+00:00,49944.399999999434,256.28
2026-04-17 02:15:00+00:00,49751.23999999943,-193.16
2026-04-17 02:30:00+00:00,49671.76999999943,-79.47000000000001
2026-04-17 02:45:00+00:00,49963.36999999943,291.6
2026-04-17 03:00:00+00:00,50024.40999999943,61.04
2026-04-17 03:45:00+00:00,50133.20999999943,108.8
2026-04-17 04:30:00+00:00,50194.24999999943,61.04
2026-04-17 06:30:00+00:00,50011.27999999943,-182.97
2026-04-17 06:45:00+00:00,49688.11999999943,-323.16
2026-04-17 07:30:00+00:00,49840.499999999425,152.38000000000005
2026-04-17 07:45:00+00:00,49507.529999999424,-332.96999999999997
2026-04-17 08:15:00+00:00,49184.36999999942,-323.16
2026-04-17 08:30:00+00:00,48986.11999999942,-198.25
2026-04-17 09:00:00+00:00,48732.36999999942,-253.75
2026-04-17 09:15:00+00:00,48419.03999999942,-313.33
2026-04-17 09:30:00+00:00,48180.33999999942,-238.69999999999996
2026-04-17 09:45:00+00:00,48260.39999999942,80.06
2026-04-17 10:00:00+00:00,48330.92999999942,70.53
2026-04-17 11:00:00+00:00,48396.70999999942,65.78
2026-04-17 11:15:00+00:00,48500.699999999415,103.99
2026-04-17 11:45:00+00:00,48802.449999999415,301.75
2026-04-17 12:00:00+00:00,48629.70999999942,-172.73999999999998
2026-04-17 12:15:00+00:00,48401.07999999942,-228.62999999999997
2026-04-17 12:30:00+00:00,48092.67999999942,-308.4
2026-04-17 12:45:00+00:00,48225.61999999942,132.94
2026-04-17 13:15:00+00:00,47892.64999999942,-332.96999999999997
2026-04-17 13:30:00+00:00,48099.06999999942,206.41999999999993
2026-04-17 13:45:00+00:00,47751.449999999415,-347.61999999999995
2026-04-17 14:00:00+00:00,47532.919999999416,-218.53000000000003
2026-04-17 14:15:00+00:00,47819.449999999415,286.53
2026-04-17 15:00:00+00:00,47996.28999999941,176.84
2026-04-17 16:00:00+00:00,48109.89999999941,113.61
2026-04-17 17:45:00+00:00,48175.67999999941,65.78
2026-04-17 18:00:00+00:00,48236.71999999941,61.04
2026-04-17 18:15:00+00:00,48028.31999999941,-208.4
2026-04-17 18:30:00+00:00,48132.30999999941,103.99
2026-04-17 18:45:00+00:00,48464.689999999406,332.38
2026-04-17 19:15:00+00:00,48756.289999999404,291.6
2026-04-17 20:45:00+00:00,48697.859999999404,-58.43
2026-04-17 21:00:00+00:00,48989.4599999994,291.6
2026-04-17 22:15:00+00:00,49306.4899999994,317.03
2026-04-17 22:30:00+00:00,49367.5299999994,61.04
2026-04-17 23:30:00+00:00,49293.3099999994,-74.22
2026-04-17 23:45:00+00:00,49074.7799999994,-218.53000000000003
2026-04-18 00:30:00+00:00,48891.8099999994,-182.97
2026-04-18 01:00:00+00:00,49219.0699999994,327.26
2026-04-18 02:15:00+00:00,49280.109999999404,61.04
2026-04-18 02:45:00+00:00,49341.149999999405,61.04
2026-04-18 03:30:00+00:00,49132.7499999994,-208.4
2026-04-18 03:45:00+00:00,48949.7799999994,-182.97000000000003
2026-04-18 04:00:00+00:00,48711.079999999405,-238.7
2026-04-18 04:15:00+00:00,49007.7499999994,296.67
2026-04-18 04:45:00+00:00,49438.789999999404,431.04
2026-04-18 05:00:00+00:00,49499.829999999405,61.04
2026-04-18 05:15:00+00:00,49560.869999999406,61.04
2026-04-18 05:30:00+00:00,49352.469999999405,-208.4
2026-04-18 06:00:00+00:00,49144.0699999994,-208.4
2026-04-18 08:00:00+00:00,48950.9099999994,-193.16
2026-04-18 08:30:00+00:00,48871.4399999994,-79.47000000000001
2026-04-18 08:45:00+00:00,48592.7399999994,-278.7
2026-04-18 09:15:00+00:00,48513.2699999994,-79.47000000000001
2026-04-18 09:30:00+00:00,48820.1099999994,306.84
2026-04-18 10:30:00+00:00,48982.249999999396,162.14
2026-04-18 10:45:00+00:00,48908.029999999395,-74.22
2026-04-18 11:00:00+00:00,48664.309999999394,-243.72000000000003
2026-04-18 11:15:00+00:00,48471.14999999939,-193.16
2026-04-18 11:30:00+00:00,48536.92999999939,65.78
2026-04-18 12:00:00+00:00,48798.22999999939,261.3
2026-04-18 12:15:00+00:00,48859.26999999939,61.04
2026-04-18 13:00:00+00:00,48920.309999999394,61.04
2026-04-18 13:15:00+00:00,48711.90999999939,-208.4
2026-04-18 13:30:00+00:00,48508.57999999939,-203.33
2026-04-18 13:45:00+00:00,48315.41999999939,-193.16
2026-04-18 14:00:00+00:00,48637.55999999939,322.14
2026-04-18 15:30:00+00:00,48934.229999999385,296.67
2026-04-18 16:00:00+00:00,49043.02999999939,108.8
2026-04-18 16:15:00+00:00,49104.06999999939,61.04
2026-04-18 16:30:00+00:00,49029.84999999939,-74.22
2026-04-18 16:45:00+00:00,48821.449999999386,-208.4
2026-04-18 17:00:00+00:00,48653.82999999938,-167.62
2026-04-18 17:15:00+00:00,48450.49999999938,-203.33
2026-04-18 17:30:00+00:00,48617.52999999938,167.03
2026-04-18 17:45:00+00:00,48769.90999999938,152.38
2026-04-18 18:30:00+00:00,48690.43999999938,-79.47000000000001
2026-04-18 18:45:00+00:00,48502.36999999938,-188.07000000000002
2026-04-18 19:00:00+00:00,48563.40999999938,61.04
2026-04-18 20:15:00+00:00,48629.18999999938,65.78
2026-04-18 20:30:00+00:00,48920.789999999375,291.6
2026-04-18 21:15:00+00:00,48486.569999999374,-434.22
2026-04-18 21:30:00+00:00,48412.34999999937,-74.22
2026-04-18 21:45:00+00:00,48703.94999999937,291.6
2026-04-18 22:30:00+00:00,48960.22999999937,256.28
2026-04-18 22:45:00+00:00,49021.26999999937,61.04
2026-04-19 00:15:00+00:00,49297.68999999937,276.42
2026-04-19 00:45:00+00:00,48954.94999999937,-342.74
2026-04-19 01:00:00+00:00,49063.749999999374,108.8
2026-04-19 01:15:00+00:00,49124.789999999375,61.04
2026-04-19 01:45:00+00:00,48896.15999999938,-228.63
2026-04-19 02:00:00+00:00,49053.41999999938,157.26
2026-04-19 02:15:00+00:00,49360.259999999376,306.84
2026-04-19 02:30:00+00:00,48921.29999999938,-438.96
2026-04-19 02:45:00+00:00,49197.719999999375,276.42
2026-04-19 03:15:00+00:00,49494.389999999374,296.67
2026-04-19 03:30:00+00:00,49285.98999999937,-208.4
2026-04-19 03:45:00+00:00,49577.58999999937,291.6
2026-04-19 04:15:00+00:00,49643.36999999937,65.78
2026-04-19 04:45:00+00:00,49445.11999999937,-198.25
2026-04-19 05:00:00+00:00,49602.37999999937,157.26
2026-04-19 05:45:00+00:00,49668.15999999937,65.78
2026-04-19 06:15:00+00:00,49469.90999999937,-198.25
2026-04-19 06:30:00+00:00,49385.19999999937,-84.71
2026-04-19 06:45:00+00:00,49552.22999999937,167.03
2026-04-19 07:00:00+00:00,49364.15999999937,-188.07000000000002
2026-04-19 07:15:00+00:00,49165.90999999937,-198.25
2026-04-19 07:30:00+00:00,49096.94999999937,-68.96
2026-04-19 07:45:00+00:00,49278.69999999937,181.75
2026-04-19 08:00:00+00:00,49539.999999999374,261.3
2026-04-19 08:45:00+00:00,49836.66999999937,296.67
2026-04-19 09:15:00+00:00,49628.26999999937,-208.4
2026-04-19 09:30:00+00:00,49384.54999999937,-243.72000000000003
2026-04-19 09:45:00+00:00,49036.92999999937,-347.62
2026-04-19 10:00:00+00:00,48967.96999999937,-68.96
2026-04-19 10:15:00+00:00,49310.61999999937,342.65
2026-04-19 10:45:00+00:00,49607.28999999937,296.67
2026-04-19 11:30:00+00:00,49955.07999999937,347.79
2026-04-19 11:45:00+00:00,49772.10999999937,-182.97
2026-04-19 12:00:00+00:00,49518.35999999937,-253.75
2026-04-19 12:30:00+00:00,49820.10999999937,301.75
2026-04-19 13:45:00+00:00,50021.57999999937,201.46999999999994
2026-04-19 14:15:00+00:00,50369.36999999937,347.79
2026-04-19 15:00:00+00:00,50435.14999999937,65.78
2026-04-19 16:00:00+00:00,50534.33999999937,99.19
2026-04-19 16:15:00+00:00,50331.00999999937,-203.33
2026-04-19 16:30:00+00:00,50158.26999999937,-172.74
2026-04-19 16:45:00+00:00,49879.569999999374,-278.7
2026-04-19 17:00:00+00:00,49531.94999999937,-347.62
2026-04-19 17:15:00+00:00,49343.87999999937,-188.07000000000002
2026-04-19 17:30:00+00:00,49570.15999999937,226.28
2026-04-19 17:45:00+00:00,49237.18999999937,-332.97
2026-04-19 18:00:00+00:00,49033.85999999937,-203.33
2026-04-19 18:15:00+00:00,49275.10999999937,241.25
2026-04-19 18:30:00+00:00,49041.43999999937,-233.67
2026-04-19 18:45:00+00:00,48797.71999999937,-243.72000000000003
2026-04-19 19:00:00+00:00,49069.08999999937,271.37
2026-04-19 19:15:00+00:00,49130.12999999937,61.04
2026-04-19 19:30:00+00:00,49282.50999999937,152.38
2026-04-19 19:45:00+00:00,49348.28999999937,65.78
2026-04-19 20:30:00+00:00,49155.129999999364,-193.16
2026-04-19 20:45:00+00:00,48716.169999999365,-438.96
2026-04-19 21:00:00+00:00,48947.42999999937,231.26
2026-04-19 21:15:00+00:00,49109.56999999937,162.14
2026-04-19 21:30:00+00:00,49416.40999999936,306.84
2026-04-19 22:15:00+00:00,49357.97999999936,-58.43
2026-04-19 22:30:00+00:00,49190.35999999936,-167.62
2026-04-19 22:45:00+00:00,49461.72999999936,271.37
2026-04-19 23:00:00+00:00,49223.029999999366,-238.7
2026-04-19 23:15:00+00:00,49143.559999999365,-79.47000000000001
2026-04-20 00:00:00+00:00,48940.22999999936,-203.33
2026-04-20 00:15:00+00:00,49006.00999999936,65.78
2026-04-20 01:15:00+00:00,49163.269999999364,157.26
2026-04-20 02:30:00+00:00,49229.04999999936,65.78
2026-04-20 02:45:00+00:00,49520.64999999936,291.6
2026-04-20 03:00:00+00:00,49312.24999999936,-208.4
2026-04-20 03:15:00+00:00,49603.84999999936,291.6
2026-04-20 04:30:00+00:00,49395.44999999936,-208.4
2026-04-20 04:45:00+00:00,49197.19999999936,-198.25
2026-04-20 05:30:00+00:00,49138.76999999936,-58.43
2026-04-20 05:45:00+00:00,48945.60999999935,-193.16
2026-04-20 06:00:00+00:00,49049.59999999935,103.99
2026-04-20 06:15:00+00:00,49110.63999999935,61.04
2026-04-20 06:30:00+00:00,49171.67999999935,61.04
2026-04-20 07:00:00+00:00,48819.189999999355,-352.49
2026-04-20 07:15:00+00:00,48466.69999999936,-352.49
2026-04-20 07:30:00+00:00,48114.20999999936,-352.49
2026-04-20 07:45:00+00:00,48251.99999999936,137.79
2026-04-20 08:15:00+00:00,48543.59999999936,291.6
2026-04-20 08:30:00+00:00,48618.88999999936,75.29
2026-04-20 08:45:00+00:00,48771.26999999936,152.38
2026-04-20 09:30:00+00:00,49073.01999999936,301.75
2026-04-20 10:00:00+00:00,49339.34999999936,266.33
2026-04-20 10:30:00+00:00,49620.81999999936,281.47
2026-04-20 11:30:00+00:00,49686.59999999936,65.78
2026-04-20 12:15:00+00:00,49978.19999999936,291.6
2026-04-20 13:00:00+00:00,50130.579999999354,152.38
2026-04-20 13:30:00+00:00,50061.619999999355,-68.96
2026-04-20 13:45:00+00:00,50487.399999999354,425.78
2026-04-20 14:00:00+00:00,50639.77999999935,152.38
2026-04-20 14:15:00+00:00,50441.52999999935,-198.25
2026-04-20 15:00:00+00:00,50243.27999999935,-198.25
2026-04-20 15:15:00+00:00,50039.94999999935,-203.33
2026-04-20 15:30:00+00:00,50148.74999999935,108.8
2026-04-20 15:45:00+00:00,49940.34999999935,-208.4
2026-04-20 16:45:00+00:00,50237.01999999935,296.67
2026-04-20 17:30:00+00:00,50298.05999999935,61.04
2026-04-20 18:30:00+00:00,50564.38999999935,266.33
2026-04-20 18:45:00+00:00,50644.44999999935,80.05999999999995
2026-04-20 19:15:00+00:00,50930.97999999935,286.53
2026-04-20 19:45:00+00:00,50982.54999999935,51.57
2026-04-20 20:15:00+00:00,51274.14999999935,291.6
2026-04-20 21:00:00+00:00,51335.18999999935,61.04
2026-04-20 21:30:00+00:00,51111.609999999346,-223.58
2026-04-20 21:45:00+00:00,51032.139999999345,-79.47000000000001
2026-04-20 22:00:00+00:00,51288.41999999934,256.28
2026-04-20 22:15:00+00:00,51397.219999999346,108.8
2026-04-20 22:45:00+00:00,51693.889999999345,296.67
2026-04-20 23:15:00+00:00,51619.66999999934,-74.22
2026-04-20 23:30:00+00:00,51411.26999999934,-208.4
2026-04-21 00:15:00+00:00,51467.569999999345,56.3
2026-04-21 00:45:00+00:00,51284.599999999344,-182.97
2026-04-21 01:15:00+00:00,51331.44999999934,46.85
2026-04-21 02:15:00+00:00,51257.22999999934,-74.22
2026-04-21 02:30:00+00:00,51558.97999999934,301.75
2026-04-21 03:15:00+00:00,51629.50999999934,70.53
2026-04-21 04:30:00+00:00,51690.54999999934,61.04
2026-04-21 04:45:00+00:00,51507.57999999934,-182.97
2026-04-21 05:15:00+00:00,51324.60999999934,-182.97
2026-04-21 05:45:00+00:00,51472.11999999934,147.51
2026-04-21 06:30:00+00:00,51397.89999999934,-74.22
2026-04-21 07:00:00+00:00,51574.739999999336,176.84
2026-04-21 08:15:00+00:00,51640.519999999335,65.78
2026-04-21 08:45:00+00:00,51297.77999999934,-342.73999999999995
2026-04-21 09:00:00+00:00,51368.309999999336,70.53
2026-04-21 09:15:00+00:00,51491.56999999934,123.26
2026-04-21 09:30:00+00:00,51813.70999999934,322.14
2026-04-21 09:45:00+00:00,52120.54999999933,306.84
2026-04-21 10:15:00+00:00,51937.57999999933,-182.97
2026-04-21 10:45:00+00:00,51759.71999999933,-177.85999999999999
2026-04-21 11:00:00+00:00,51586.979999999334,-172.73999999999998
2026-04-21 11:15:00+00:00,51778.57999999933,191.6
2026-04-21 11:30:00+00:00,52070.17999999933,291.6
2026-04-21 12:00:00+00:00,51866.84999999933,-203.33
2026-04-21 12:30:00+00:00,52158.44999999933,291.6
2026-04-21 13:00:00+00:00,52369.81999999933,211.37
2026-04-21 13:15:00+00:00,52191.95999999933,-177.86
2026-04-21 13:30:00+00:00,52349.21999999933,157.26
2026-04-21 13:45:00+00:00,52785.519999999335,436.3
2026-04-21 14:15:00+00:00,52706.04999999933,-79.47000000000001
2026-04-21 15:15:00+00:00,52977.419999999336,271.37
2026-04-21 15:30:00+00:00,52769.019999999335,-208.4
2026-04-21 15:45:00+00:00,53086.04999999933,317.03
2026-04-21 16:00:00+00:00,53347.34999999934,261.3
2026-04-21 16:15:00+00:00,53413.129999999335,65.78
2026-04-21 16:30:00+00:00,53209.79999999933,-203.33
2026-04-21 16:45:00+00:00,53270.839999999334,61.04
2026-04-21 17:00:00+00:00,52831.879999999335,-438.96
2026-04-21 17:30:00+00:00,52664.25999999933,-167.62
2026-04-21 17:45:00+00:00,52865.729999999334,201.46999999999994
2026-04-21 18:30:00+00:00,52657.32999999933,-208.4
2026-04-21 18:45:00+00:00,52718.36999999933,61.04
2026-04-21 19:00:00+00:00,53138.89999999933,420.53
2026-04-21 20:00:00+00:00,53325.56999999933,186.67
2026-04-21 20:15:00+00:00,53443.99999999933,118.43
2026-04-21 20:30:00+00:00,53740.66999999933,296.67
2026-04-21 20:45:00+00:00,53893.049999999326,152.38
2026-04-21 21:00:00+00:00,54184.649999999325,291.6
2026-04-21 21:30:00+00:00,54245.689999999326,61.04
2026-04-21 22:00:00+00:00,54306.72999999933,61.04
2026-04-21 22:15:00+00:00,53983.56999999932,-323.16
2026-04-21 22:45:00+00:00,54280.23999999932,296.67
2026-04-21 23:00:00+00:00,54341.27999999932,61.04
2026-04-21 23:30:00+00:00,54173.65999999932,-167.61999999999998
2026-04-21 23:45:00+00:00,53965.25999999932,-208.4
2026-04-22 00:15:00+00:00,53711.50999999932,-253.75
2026-04-22 00:30:00+00:00,53859.01999999932,147.51
2026-04-22 00:45:00+00:00,53640.48999999932,-218.53000000000003
2026-04-22 01:15:00+00:00,53462.62999999932,-177.85999999999999
2026-04-22 01:45:00+00:00,53615.00999999932,152.38
2026-04-22 02:45:00+00:00,53277.14999999932,-337.85999999999996
2026-04-22 03:00:00+00:00,52963.819999999316,-313.33
2026-04-22 03:15:00+00:00,52710.069999999316,-253.75
2026-04-22 03:30:00+00:00,52921.43999999932,211.37
2026-04-22 03:45:00+00:00,52568.94999999932,-352.49
2026-04-22 04:00:00+00:00,52711.59999999932,142.65
2026-04-22 04:15:00+00:00,52977.92999999932,266.33
2026-04-22 04:30:00+00:00,52625.439999999326,-352.49
2026-04-22 05:00:00+00:00,52871.689999999326,246.25
2026-04-22 05:15:00+00:00,52519.19999999933,-352.49
2026-04-22 05:45:00+00:00,52735.52999999933,216.33
2026-04-22 06:00:00+00:00,52917.27999999933,181.75
2026-04-22 06:15:00+00:00,53074.53999999933,157.26000000000005
2026-04-22 06:45:00+00:00,52891.56999999933,-182.97
2026-04-22 07:15:00+00:00,52713.70999999933,-177.85999999999999
2026-04-22 07:30:00+00:00,53000.23999999933,286.53
2026-04-22 08:00:00+00:00,53291.83999999933,291.6
2026-04-22 08:30:00+00:00,53696.66999999933,404.83
2026-04-22 08:45:00+00:00,53883.33999999933,186.67
2026-04-22 09:15:00+00:00,53540.59999999933,-342.73999999999995
2026-04-22 09:30:00+00:00,53178.38999999933,-362.21
2026-04-22 09:45:00+00:00,53360.13999999933,181.75
2026-04-22 10:15:00+00:00,53651.73999999933,291.6
2026-04-22 11:15:00+00:00,53770.16999999933,118.43
2026-04-22 11:30:00+00:00,53831.20999999933,61.04
2026-04-22 11:45:00+00:00,54102.57999999933,271.37
2026-04-22 12:00:00+00:00,54163.61999999933,61.04
2026-04-22 13:00:00+00:00,54224.659999999334,61.04
2026-04-22 14:00:00+00:00,54026.409999999334,-198.25
2026-04-22 14:15:00+00:00,53843.43999999933,-182.97
2026-04-22 14:30:00+00:00,53609.769999999335,-233.66999999999996
2026-04-22 15:30:00+00:00,53656.61999999933,46.85
2026-04-22 16:00:00+00:00,53473.64999999933,-182.97
2026-04-22 16:45:00+00:00,53275.39999999933,-198.25
2026-04-22 17:00:00+00:00,53092.42999999933,-182.97000000000003
2026-04-22 17:15:00+00:00,53254.56999999933,162.14
2026-04-22 17:45:00+00:00,53051.23999999933,-203.33
2026-04-22 18:00:00+00:00,53102.80999999933,51.57
2026-04-22 19:00:00+00:00,53168.58999999933,65.78
2026-04-22 20:00:00+00:00,53460.189999999326,291.6
2026-04-22 20:15:00+00:00,53251.789999999324,-208.4
2026-04-22 20:30:00+00:00,53008.06999999932,-243.72000000000003
2026-04-22 20:45:00+00:00,52774.399999999325,-233.67
2026-04-22 21:00:00+00:00,52576.149999999325,-198.25
2026-04-22 21:15:00+00:00,52684.94999999933,108.8
2026-04-22 22:00:00+00:00,52745.98999999933,61.04
2026-04-22 22:45:00+00:00,52502.26999999933,-243.72000000000003
2026-04-22 23:00:00+00:00,52563.30999999933,61.04
2026-04-22 23:15:00+00:00,52629.08999999933,65.78
2026-04-22 23:30:00+00:00,52875.33999999933,246.25
2026-04-22 23:45:00+00:00,52656.80999999933,-218.53000000000003
2026-04-23 00:00:00+00:00,52318.94999999933,-337.86
2026-04-23 00:30:00+00:00,52713.34999999933,394.4
2026-04-23 02:00:00+00:00,52779.12999999933,65.78
2026-04-23 02:30:00+00:00,52931.509999999325,152.38000000000005
2026-04-23 02:45:00+00:00,52728.17999999932,-203.33
2026-04-23 03:00:00+00:00,53024.84999999932,296.67
2026-04-23 03:30:00+00:00,52831.68999999932,-193.16
2026-04-23 03:45:00+00:00,52623.28999999932,-208.4
2026-04-23 04:00:00+00:00,52780.54999999932,157.26
2026-04-23 04:30:00+00:00,52923.19999999932,142.65
2026-04-23 05:00:00+00:00,52570.70999999932,-352.49
2026-04-23 05:15:00+00:00,52372.45999999932,-198.25
2026-04-23 06:30:00+00:00,52189.48999999932,-182.97
2026-04-23 06:45:00+00:00,52470.95999999932,281.47
2026-04-23 07:00:00+00:00,52147.79999999932,-323.16
2026-04-23 07:15:00+00:00,52295.30999999932,147.51
2026-04-23 08:00:00+00:00,52472.14999999932,176.84
2026-04-23 08:45:00+00:00,52263.749999999316,-208.4
2026-04-23 09:30:00+00:00,52387.00999999932,123.26
2026-04-23 10:30:00+00:00,52549.14999999932,162.14
2026-04-23 11:15:00+00:00,52114.929999999316,-434.22
2026-04-23 12:15:00+00:00,52180.709999999315,65.78
2026-04-23 14:00:00+00:00,52255.999999999316,75.29
2026-04-23 14:15:00+00:00,52452.529999999315,196.53
2026-04-23 14:45:00+00:00,52499.37999999931,46.85
2026-04-23 15:15:00+00:00,52656.639999999315,157.26000000000005
2026-04-23 16:30:00+00:00,52217.679999999316,-438.96
2026-04-23 16:45:00+00:00,51870.059999999314,-347.61999999999995
2026-04-23 17:30:00+00:00,51790.58999999931,-79.47000000000001
2026-04-23 18:00:00+00:00,51947.849999999315,157.26
2026-04-23 18:15:00+00:00,52008.889999999315,61.04
2026-04-23 19:15:00+00:00,52190.639999999315,181.75
2026-04-23 19:30:00+00:00,52251.679999999316,61.04
2026-04-23 19:45:00+00:00,52312.71999999932,61.04
2026-04-23 20:30:00+00:00,52465.099999999315,152.38000000000005
2026-04-23 21:00:00+00:00,52716.35999999932,251.26
2026-04-23 21:30:00+00:00,52368.739999999314,-347.61999999999995
2026-04-23 22:00:00+00:00,52516.249999999316,147.51
2026-04-23 22:45:00+00:00,52582.029999999315,65.78
2026-04-23 23:00:00+00:00,52873.62999999931,291.6
2026-04-23 23:30:00+00:00,52619.87999999931,-253.75
2026-04-23 23:45:00+00:00,52436.90999999931,-182.97
2026-04-24 00:00:00+00:00,52113.74999999931,-323.16
2026-04-24 00:30:00+00:00,51951.25999999931,-162.48999999999998
2026-04-24 00:45:00+00:00,52202.51999999931,251.26
2026-04-24 01:30:00+00:00,51958.79999999931,-243.72000000000003
2026-04-24 01:45:00+00:00,51750.39999999931,-208.4
2026-04-24 02:15:00+00:00,51830.45999999931,80.06
2026-04-24 03:15:00+00:00,52132.20999999931,301.75
2026-04-24 03:45:00+00:00,51944.13999999931,-188.07000000000002
2026-04-24 04:00:00+00:00,52096.519999999306,152.38
2026-04-24 04:15:00+00:00,52393.189999999304,296.67
2026-04-24 04:45:00+00:00,52040.699999999306,-352.49
2026-04-24 05:00:00+00:00,52101.73999999931,61.04
2026-04-24 05:15:00+00:00,52027.519999999306,-74.22
2026-04-24 06:45:00+00:00,51593.299999999304,-434.22
2026-04-24 07:00:00+00:00,51663.8299999993,70.53
2026-04-24 07:15:00+00:00,51316.2099999993,-347.62
2026-04-24 07:30:00+00:00,51112.8799999993,-203.33
2026-04-24 08:30:00+00:00,51173.9199999993,61.04
2026-04-24 09:15:00+00:00,51099.6999999993,-74.22
2026-04-24 09:30:00+00:00,51406.539999999295,306.84
2026-04-24 09:45:00+00:00,51733.7999999993,327.26
2026-04-24 10:15:00+00:00,51530.469999999295,-203.33
2026-04-24 11:30:00+00:00,51281.7299999993,-248.74
2026-04-24 11:45:00+00:00,51088.569999999294,-193.16
2026-04-24 12:00:00+00:00,51226.359999999295,137.79
2026-04-24 12:15:00+00:00,50972.609999999295,-253.75
2026-04-24 12:30:00+00:00,51149.44999999929,176.84
2026-04-24 14:00:00+00:00,50946.11999999929,-203.33
2026-04-24 14:45:00+00:00,51103.37999999929,157.26
2026-04-24 15:00:00+00:00,51178.66999999929,75.28999999999995
2026-04-24 15:30:00+00:00,51490.59999999929,311.93
2026-04-24 15:45:00+00:00,51051.639999999294,-438.96
2026-04-24 16:15:00+00:00,50843.23999999929,-208.4
2026-04-24 16:45:00+00:00,50409.01999999929,-434.22
2026-04-24 17:15:00+00:00,50205.68999999929,-203.33
2026-04-24 18:15:00+00:00,49997.28999999929,-208.4
2026-04-24 18:30:00+00:00,49917.81999999929,-79.47000000000001
2026-04-24 18:45:00+00:00,49964.669999999285,46.85
2026-04-24 20:15:00+00:00,50117.04999999928,152.38000000000005
2026-04-24 21:30:00+00:00,49908.64999999928,-208.4
2026-04-24 21:45:00+00:00,49700.24999999928,-208.4
2026-04-24 22:00:00+00:00,49333.18999999928,-367.06
2026-04-24 22:15:00+00:00,49634.93999999928,301.75
2026-04-24 22:45:00+00:00,49565.97999999928,-68.96
2026-04-24 23:00:00+00:00,49728.11999999928,162.14
2026-04-24 23:15:00+00:00,49880.49999999928,152.38
2026-04-24 23:30:00+00:00,50172.09999999928,291.6
2026-04-25 02:15:00+00:00,50463.69999999928,291.6
2026-04-25 02:45:00+00:00,50745.16999999928,281.47
2026-04-25 03:00:00+00:00,50536.76999999928,-208.4
2026-04-25 03:15:00+00:00,50333.439999999275,-203.33
2026-04-25 03:30:00+00:00,50089.71999999927,-243.72000000000003
2026-04-25 03:45:00+00:00,50155.49999999927,65.78
2026-04-25 04:15:00+00:00,50447.09999999927,291.6
2026-04-25 04:45:00+00:00,50367.62999999927,-79.47000000000001
2026-04-25 05:00:00+00:00,50659.22999999927,291.6
2026-04-25 06:45:00+00:00,50720.26999999927,61.04
2026-04-25 07:15:00+00:00,50640.79999999927,-79.47000000000001
2026-04-25 07:30:00+00:00,50701.83999999927,61.04
2026-04-25 07:45:00+00:00,50993.43999999927,291.6
2026-04-25 08:00:00+00:00,50785.039999999266,-208.4
2026-04-25 08:15:00+00:00,51081.709999999264,296.67
2026-04-25 08:30:00+00:00,51204.969999999266,123.26
2026-04-25 10:00:00+00:00,51466.26999999927,261.3
2026-04-25 10:15:00+00:00,51283.29999999927,-182.97
2026-04-25 10:45:00+00:00,51579.969999999266,296.67
2026-04-25 11:30:00+00:00,51371.569999999265,-208.4
2026-04-25 11:45:00+00:00,51163.16999999926,-208.4
2026-04-25 12:00:00+00:00,51583.69999999926,420.53
2026-04-25 12:15:00+00:00,51649.47999999926,65.78
2026-04-25 12:45:00+00:00,51575.25999999926,-74.22
2026-04-25 13:15:00+00:00,51727.63999999926,152.38
2026-04-25 13:30:00+00:00,51519.239999999256,-208.4
2026-04-25 13:45:00+00:00,51939.769999999255,420.53
2026-04-25 14:30:00+00:00,52092.14999999925,152.38
2026-04-25 14:45:00+00:00,52200.949999999255,108.8
2026-04-25 16:00:00+00:00,52131.989999999256,-68.96
2026-04-25 16:15:00+00:00,52284.36999999925,152.38
2026-04-25 16:30:00+00:00,52086.11999999925,-198.25
2026-04-25 16:45:00+00:00,52147.159999999254,61.04
2026-04-25 17:00:00+00:00,52251.14999999925,103.99
2026-04-25 17:15:00+00:00,52047.81999999925,-203.33
2026-04-25 17:30:00+00:00,51700.19999999925,-347.62
2026-04-25 17:45:00+00:00,51491.799999999246,-208.4
2026-04-25 18:00:00+00:00,51293.549999999246,-198.25
2026-04-25 18:45:00+00:00,50854.58999999925,-438.96
2026-04-25 19:00:00+00:00,51002.09999999925,147.51
2026-04-25 20:00:00+00:00,51293.69999999925,291.6
2026-04-25 20:15:00+00:00,51110.72999999925,-182.97
2026-04-25 20:45:00+00:00,51407.399999999245,296.67
2026-04-25 21:15:00+00:00,51188.869999999246,-218.53000000000003
2026-04-25 22:00:00+00:00,51254.649999999245,65.78
2026-04-25 22:15:00+00:00,51046.24999999924,-208.4
2026-04-25 22:45:00+00:00,51112.02999999924,65.78
2026-04-25 23:30:00+00:00,50798.69999999924,-313.33
2026-04-26 00:00:00+00:00,50590.29999999924,-208.4
2026-04-26 00:15:00+00:00,50651.33999999924,61.04
2026-04-26 00:45:00+00:00,50717.11999999924,65.78
2026-04-26 01:30:00+00:00,51008.71999999924,291.6
2026-04-26 01:45:00+00:00,51310.46999999924,301.75
2026-04-26 02:15:00+00:00,51482.39999999924,171.93
2026-04-26 03:00:00+00:00,51273.999999999236,-208.4
2026-04-26 03:15:00+00:00,51694.529999999235,420.53
2026-04-26 03:45:00+00:00,51604.58999999923,-89.94
2026-04-26 04:00:00+00:00,51916.51999999923,311.93
2026-04-26 04:15:00+00:00,52238.65999999923,322.14
2026-04-26 04:30:00+00:00,51891.03999999923,-347.62
2026-04-26 05:15:00+00:00,51577.70999999923,-313.33
2026-04-26 05:30:00+00:00,51769.30999999923,191.6
2026-04-26 05:45:00+00:00,51936.339999999225,167.03000000000006
2026-04-26 06:00:00+00:00,52182.589999999225,246.25
2026-04-26 06:15:00+00:00,51984.339999999225,-198.25
2026-04-26 07:00:00+00:00,52059.629999999226,75.29
2026-04-26 07:15:00+00:00,52115.92999999923,56.3
2026-04-26 07:30:00+00:00,51907.52999999923,-208.4
2026-04-26 08:15:00+00:00,52188.99999999923,281.47
2026-04-26 09:00:00+00:00,51945.27999999923,-243.72000000000003
2026-04-26 09:15:00+00:00,51865.80999999923,-79.47000000000001
2026-04-26 09:45:00+00:00,51662.479999999225,-203.33
2026-04-26 10:00:00+00:00,51989.73999999923,327.26
2026-04-26 10:45:00+00:00,51781.339999999225,-208.4
2026-04-26 11:00:00+00:00,52072.939999999224,291.6
2026-04-26 11:45:00+00:00,52220.449999999226,147.51
2026-04-26 12:00:00+00:00,52286.229999999225,65.78
2026-04-26 12:30:00+00:00,52087.979999999225,-198.25
2026-04-26 12:45:00+00:00,51849.27999999923,-238.7
2026-04-26 13:00:00+00:00,51775.05999999923,-74.22
2026-04-26 13:15:00+00:00,52102.31999999923,327.26
2026-04-26 15:00:00+00:00,51749.82999999923,-352.49
2026-04-26 15:30:00+00:00,51815.60999999923,65.78
2026-04-26 16:00:00+00:00,51997.35999999923,181.75
2026-04-26 16:15:00+00:00,51794.02999999923,-203.33
2026-04-26 16:45:00+00:00,51585.629999999226,-208.4
2026-04-26 17:00:00+00:00,51718.56999999923,132.94
2026-04-26 17:15:00+00:00,52133.85999999923,415.29
2026-04-26 18:00:00+00:00,52204.38999999923,70.53
2026-04-26 18:30:00+00:00,52265.42999999923,61.04
2026-04-26 18:45:00+00:00,52057.02999999923,-208.4
2026-04-26 19:00:00+00:00,51743.699999999226,-313.33
2026-04-26 19:15:00+00:00,51391.20999999923,-352.49
2026-04-26 19:30:00+00:00,51780.39999999923,389.19
2026-04-26 19:45:00+00:00,52077.06999999923,296.67
2026-04-26 20:15:00+00:00,52157.129999999226,80.06
2026-04-26 20:45:00+00:00,52222.909999999225,65.78
2026-04-26 21:45:00+00:00,52024.659999999225,-198.25
2026-04-26 22:00:00+00:00,52326.409999999225,301.75
2026-04-26 22:15:00+00:00,52148.549999999224,-177.85999999999999
2026-04-26 22:30:00+00:00,51723.839999999225,-424.71000000000004
2026-04-26 22:45:00+00:00,51515.439999999224,-208.4
2026-04-26 23:00:00+00:00,51677.57999999922,162.14
2026-04-26 23:15:00+00:00,51748.10999999922,70.53
2026-04-27 00:00:00+00:00,51529.57999999922,-218.53000000000003
2026-04-27 00:15:00+00:00,51677.089999999225,147.51
2026-04-27 00:45:00+00:00,51968.689999999224,291.6
2026-04-27 01:00:00+00:00,51795.949999999226,-172.73999999999998
2026-04-27 01:15:00+00:00,51856.98999999923,61.04
2026-04-27 02:00:00+00:00,51922.769999999226,65.78
2026-04-27 02:45:00+00:00,51974.339999999225,51.57
2026-04-27 03:15:00+00:00,52035.379999999226,61.04
2026-04-27 03:45:00+00:00,52182.88999999923,147.51
2026-04-27 05:15:00+00:00,51984.63999999923,-198.25
2026-04-27 05:45:00+00:00,51905.16999999923,-79.47000000000001
2026-04-27 06:00:00+00:00,52057.549999999224,152.38
2026-04-27 06:30:00+00:00,52123.32999999922,65.78
2026-04-27 07:00:00+00:00,52232.129999999226,108.8
2026-04-27 07:30:00+00:00,52297.909999999225,65.78
2026-04-27 07:45:00+00:00,52358.949999999226,61.04
2026-04-27 08:00:00+00:00,51929.479999999225,-429.47
2026-04-27 09:45:00+00:00,52221.07999999922,291.6
2026-04-27 11:00:00+00:00,52017.74999999922,-203.33
2026-04-27 12:00:00+00:00,52170.12999999922,152.38
2026-04-27 12:15:00+00:00,52101.16999999922,-68.96
2026-04-27 12:45:00+00:00,52392.76999999922,291.6
2026-04-27 13:00:00+00:00,52189.43999999922,-203.33
2026-04-27 13:45:00+00:00,52255.219999999215,65.78
2026-04-27 14:00:00+00:00,52051.88999999921,-203.33
2026-04-27 15:00:00+00:00,52333.359999999215,281.47
2026-04-27 15:30:00+00:00,52135.109999999215,-198.25
2026-04-27 15:45:00+00:00,52243.90999999922,108.8
2026-04-27 16:00:00+00:00,52000.18999999922,-243.72000000000003
2026-04-27 16:15:00+00:00,51761.48999999922,-238.7
2026-04-27 16:30:00+00:00,51418.74999999922,-342.74
2026-04-27 17:00:00+00:00,51484.52999999922,65.78
2026-04-27 17:15:00+00:00,51545.56999999922,61.04
2026-04-27 17:45:00+00:00,51611.34999999922,65.78
2026-04-27 18:15:00+00:00,51724.95999999922,113.61
2026-04-27 19:45:00+00:00,52155.99999999922,431.04
2026-04-27 20:15:00+00:00,52226.52999999922,70.53
2026-04-27 20:45:00+00:00,52518.12999999922,291.6
2026-04-27 21:00:00+00:00,52309.72999999922,-208.4
2026-04-27 21:15:00+00:00,52240.76999999922,-68.96
2026-04-27 22:30:00+00:00,52354.37999999922,113.61
2026-04-27 23:15:00+00:00,52640.90999999922,286.53
2026-04-27 23:30:00+00:00,52463.04999999922,-177.85999999999999
2026-04-28 00:00:00+00:00,52269.88999999921,-193.16
2026-04-28 00:30:00+00:00,52061.48999999921,-208.4
2026-04-28 01:30:00+00:00,51853.08999999921,-208.4
2026-04-28 01:45:00+00:00,51649.75999999921,-203.33
2026-04-28 02:00:00+00:00,51406.03999999921,-243.72000000000003
2026-04-28 02:15:00+00:00,51467.07999999921,61.04
2026-04-28 02:30:00+00:00,51028.11999999921,-438.96
2026-04-28 02:45:00+00:00,50829.86999999921,-198.25
2026-04-28 03:00:00+00:00,51061.12999999921,231.26
2026-04-28 03:15:00+00:00,50862.87999999921,-198.25
2026-04-28 03:30:00+00:00,51064.34999999921,201.46999999999994
2026-04-28 03:45:00+00:00,51168.33999999921,103.99
2026-04-28 04:00:00+00:00,51424.61999999921,256.28
2026-04-28 04:15:00+00:00,51716.21999999921,291.6
2026-04-28 04:30:00+00:00,51507.81999999921,-208.4
2026-04-28 04:45:00+00:00,51578.349999999205,70.53
2026-04-28 05:45:00+00:00,51755.1899999992,176.84
2026-04-28 07:00:00+00:00,51917.3299999992,162.14
2026-04-28 07:15:00+00:00,51719.0799999992,-198.25
2026-04-28 07:30:00+00:00,52025.9199999992,306.84
2026-04-28 08:00:00+00:00,52077.4899999992,51.57
2026-04-28 08:15:00+00:00,51874.159999999196,-203.33
2026-04-28 08:30:00+00:00,51935.1999999992,61.04
2026-04-28 09:00:00+00:00,52231.869999999195,296.67
2026-04-28 09:15:00+00:00,52297.649999999194,65.78
2026-04-28 09:30:00+00:00,52104.48999999919,-193.16
2026-04-28 09:45:00+00:00,51896.08999999919,-208.4
2026-04-28 10:00:00+00:00,51821.86999999919,-74.22
2026-04-28 10:30:00+00:00,52128.709999999184,306.84
2026-04-28 10:45:00+00:00,52189.749999999185,61.04
2026-04-28 11:00:00+00:00,51981.34999999918,-208.4
2026-04-28 11:45:00+00:00,51813.72999999918,-167.62
2026-04-28 12:00:00+00:00,51610.39999999918,-203.33
2026-04-28 12:15:00+00:00,51912.14999999918,301.75
2026-04-28 12:45:00+00:00,52203.74999999918,291.6
2026-04-28 13:00:00+00:00,52264.78999999918,61.04
2026-04-28 13:30:00+00:00,52581.81999999918,317.03
2026-04-28 14:30:00+00:00,52383.56999999918,-198.25
2026-04-28 14:45:00+00:00,52045.70999999918,-337.86
2026-04-28 15:00:00+00:00,52357.63999999918,311.93
2026-04-28 15:15:00+00:00,52510.019999999175,152.38
2026-04-28 15:30:00+00:00,52806.68999999917,296.67
2026-04-28 15:45:00+00:00,52603.35999999917,-203.33
2026-04-28 17:00:00+00:00,52900.02999999917,296.67
2026-04-28 17:30:00+00:00,52965.80999999917,65.78
2026-04-28 17:45:00+00:00,53031.58999999917,65.78
2026-04-28 19:00:00+00:00,53338.42999999916,306.84
2026-04-28 19:30:00+00:00,53665.689999999166,327.26
2026-04-28 20:15:00+00:00,53822.94999999917,157.26
2026-04-28 20:30:00+00:00,53614.549999999166,-208.4
2026-04-28 20:45:00+00:00,53766.92999999916,152.38
2026-04-28 21:00:00+00:00,53827.969999999164,61.04
2026-04-28 21:30:00+00:00,53619.56999999916,-208.4
2026-04-28 21:45:00+00:00,53723.55999999916,103.99
2026-04-28 22:00:00+00:00,53979.83999999916,256.28
2026-04-28 22:15:00+00:00,53531.40999999916,-448.43
2026-04-28 22:30:00+00:00,53323.00999999916,-208.4
2026-04-28 22:45:00+00:00,53114.60999999916,-208.4
2026-04-28 23:00:00+00:00,52906.209999999155,-208.4
2026-04-28 23:15:00+00:00,53233.46999999916,327.26
2026-04-28 23:45:00+00:00,53285.03999999916,51.57
2026-04-29 00:15:00+00:00,53442.29999999916,157.26000000000005
2026-04-29 00:30:00+00:00,53594.679999999156,152.38000000000005
2026-04-29 01:00:00+00:00,53411.709999999155,-182.97
2026-04-29 01:15:00+00:00,53588.54999999915,176.84
2026-04-29 01:45:00+00:00,53931.19999999915,342.65
2026-04-29 02:30:00+00:00,53722.79999999915,-208.4
2026-04-29 02:45:00+00:00,53524.54999999915,-198.25
2026-04-29 03:00:00+00:00,53590.32999999915,65.78
2026-04-29 03:15:00+00:00,53651.36999999915,61.04
2026-04-29 03:45:00+00:00,53362.739999999154,-288.63
2026-04-29 04:00:00+00:00,53544.489999999154,181.75
2026-04-29 04:15:00+00:00,53726.239999999154,181.75
2026-04-29 04:45:00+00:00,53548.37999999915,-177.85999999999999
2026-04-29 05:00:00+00:00,53705.639999999155,157.26000000000005
2026-04-29 05:15:00+00:00,53853.14999999916,147.51
2026-04-29 05:30:00+00:00,53529.989999999154,-323.16
2026-04-29 06:00:00+00:00,53591.029999999155,61.04
2026-04-29 06:45:00+00:00,53352.32999999916,-238.7
2026-04-29 07:00:00+00:00,53278.10999999916,-74.22
2026-04-29 07:30:00+00:00,53339.14999999916,61.04
2026-04-29 08:15:00+00:00,53130.749999999156,-208.4
2026-04-29 08:45:00+00:00,52922.349999999155,-208.4
2026-04-29 09:15:00+00:00,53224.099999999155,301.75
2026-04-29 10:00:00+00:00,53041.12999999915,-182.97
2026-04-29 10:15:00+00:00,52787.37999999915,-253.75
2026-04-29 10:30:00+00:00,52533.62999999915,-253.75
2026-04-29 10:45:00+00:00,52730.15999999915,196.53
2026-04-29 12:30:00+00:00,52521.75999999915,-208.4
2026-04-29 12:45:00+00:00,52818.42999999915,296.67
2026-04-29 13:00:00+00:00,52615.09999999915,-203.33
2026-04-29 13:15:00+00:00,52690.38999999915,75.28999999999995
2026-04-29 13:45:00+00:00,52512.52999999915,-177.86
2026-04-29 14:00:00+00:00,52855.17999999915,342.65
2026-04-29 14:15:00+00:00,52682.43999999915,-172.74
2026-04-29 14:30:00+00:00,52953.809999999154,271.37
2026-04-29 14:45:00+00:00,52750.47999999915,-203.33
2026-04-29 15:00:00+00:00,52557.31999999915,-193.16
2026-04-29 15:15:00+00:00,52364.159999999145,-193.16
2026-04-29 15:30:00+00:00,52160.82999999914,-203.33
2026-04-29 15:45:00+00:00,51818.089999999145,-342.74
2026-04-29 16:00:00+00:00,51630.019999999146,-188.07000000000002
2026-04-29 16:15:00+00:00,51787.27999999915,157.26
2026-04-29 16:30:00+00:00,51718.31999999915,-68.96
2026-04-29 16:45:00+00:00,51994.73999999915,276.42
2026-04-29 17:00:00+00:00,51786.339999999145,-208.4
2026-04-29 17:15:00+00:00,51847.379999999146,61.04
2026-04-29 17:30:00+00:00,51638.979999999145,-208.4
2026-04-29 18:30:00+00:00,51390.23999999915,-248.74000000000004
2026-04-29 18:45:00+00:00,51707.269999999146,317.03
2026-04-29 19:00:00+00:00,51825.699999999146,118.43
2026-04-29 19:30:00+00:00,51617.299999999144,-208.4
2026-04-29 20:15:00+00:00,51735.729999999145,118.43
2026-04-29 21:00:00+00:00,52083.519999999146,347.79
2026-04-29 21:30:00+00:00,52144.55999999915,61.04
2026-04-29 22:00:00+00:00,52431.089999999145,286.53
2026-04-29 22:15:00+00:00,52117.75999999914,-313.33
2026-04-29 23:00:00+00:00,51909.35999999914,-208.4
2026-04-30 00:00:00+00:00,52086.19999999914,176.84
2026-04-30 00:15:00+00:00,52382.86999999914,296.67
2026-04-30 01:15:00+00:00,52535.249999999134,152.38000000000005
2026-04-30 02:15:00+00:00,52596.289999999135,61.04
2026-04-30 02:45:00+00:00,52548.41999999913,-47.87
2026-04-30 03:00:00+00:00,52809.719999999135,261.3
2026-04-30 03:15:00+00:00,52962.09999999913,152.38
2026-04-30 03:30:00+00:00,53263.84999999913,301.75
2026-04-30 03:45:00+00:00,53324.88999999913,61.04
2026-04-30 04:00:00+00:00,53501.72999999913,176.84
2026-04-30 04:30:00+00:00,53427.50999999913,-74.22
2026-04-30 05:00:00+00:00,53545.93999999913,118.43
2026-04-30 05:15:00+00:00,53649.92999999913,103.99
2026-04-30 05:45:00+00:00,53768.35999999913,118.43
2026-04-30 07:00:00+00:00,53911.00999999913,142.65
2026-04-30 08:00:00+00:00,53692.47999999913,-218.53000000000003
2026-04-30 08:15:00+00:00,53825.41999999913,132.94
2026-04-30 08:30:00+00:00,53968.069999999134,142.65
2026-04-30 09:30:00+00:00,54259.66999999913,291.6
2026-04-30 10:15:00+00:00,54325.44999999913,65.78
2026-04-30 11:00:00+00:00,54122.11999999913,-203.33
2026-04-30 11:45:00+00:00,54047.89999999913,-74.22
2026-04-30 12:00:00+00:00,54113.67999999913,65.78
2026-04-30 12:45:00+00:00,54471.779999999126,358.1
2026-04-30 13:45:00+00:00,54778.61999999912,306.84
2026-04-30 14:00:00+00:00,55090.54999999912,311.93
2026-04-30 14:15:00+00:00,55170.60999999912,80.06
2026-04-30 14:30:00+00:00,55106.90999999912,-63.7
2026-04-30 16:00:00+00:00,55167.949999999124,61.04
2026-04-30 16:15:00+00:00,55228.989999999125,61.04
2026-04-30 17:15:00+00:00,54881.36999999912,-347.62
2026-04-30 17:30:00+00:00,54822.93999999912,-58.43
2026-04-30 17:45:00+00:00,54980.199999999124,157.26
2026-04-30 18:30:00+00:00,55027.04999999912,46.85
2026-04-30 20:00:00+00:00,55159.989999999125,132.94
2026-04-30 20:15:00+00:00,55225.769999999124,65.78
2026-04-30 20:30:00+00:00,55324.959999999126,99.19
2026-04-30 20:45:00+00:00,55385.99999999913,61.04
2026-04-30 22:00:00+00:00,55317.03999999913,-68.96
2026-04-30 22:15:00+00:00,55469.419999999125,152.38
2026-04-30 23:15:00+00:00,55631.559999999125,162.14
2026-05-01 03:45:00+00:00,55867.809999999125,236.25
2026-05-01 04:00:00+00:00,56084.139999999126,216.33
2026-05-01 04:30:00+00:00,56370.669999999125,286.53
2026-05-01 04:45:00+00:00,56518.17999999913,147.50999999999993
2026-05-01 05:45:00+00:00,56665.68999999913,147.50999999999993
2026-05-01 06:00:00+00:00,56764.87999999913,99.19
2026-05-01 06:30:00+00:00,56821.179999999134,56.3
2026-05-01 07:00:00+00:00,56434.789999999135,-386.39
2026-05-01 07:15:00+00:00,56756.929999999134,322.14
2026-05-01 07:45:00+00:00,57038.399999999136,281.47
2026-05-01 08:45:00+00:00,57259.69999999914,221.3
2026-05-01 10:00:00+00:00,57185.47999999914,-74.22
2026-05-01 11:45:00+00:00,57313.579999999136,128.1
2026-05-01 12:30:00+00:00,57100.109999999135,-213.47000000000003
2026-05-01 12:45:00+00:00,56932.48999999913,-167.61999999999998
2026-05-01 13:00:00+00:00,57168.73999999913,236.25
2026-05-01 13:15:00+00:00,57021.679999999134,-147.06
2026-05-01 13:30:00+00:00,57323.429999999134,301.75
2026-05-01 13:45:00+00:00,57549.70999999913,226.28
2026-05-01 14:15:00+00:00,57271.009999999136,-278.7
2026-05-01 15:30:00+00:00,57327.30999999914,56.3
2026-05-01 16:45:00+00:00,57159.68999999914,-167.62
2026-05-01 17:00:00+00:00,56981.829999999136,-177.86
2026-05-01 17:15:00+00:00,57350.259999999136,368.43
2026-05-01 18:30:00+00:00,57459.05999999914,108.8
2026-05-01 20:30:00+00:00,57291.43999999914,-167.62
2026-05-01 20:45:00+00:00,57088.109999999135,-203.33
2026-05-01 21:00:00+00:00,56755.13999999913,-332.97
2026-05-01 21:15:00+00:00,56873.569999999134,118.43
2026-05-01 21:30:00+00:00,57144.93999999914,271.37
2026-05-01 22:30:00+00:00,56977.319999999134,-167.61999999999998
2026-05-02 01:00:00+00:00,56804.579999999136,-172.73999999999998
2026-05-02 01:30:00+00:00,56903.76999999914,99.19
2026-05-02 02:00:00+00:00,56969.54999999914,65.78
2026-05-02 02:15:00+00:00,57251.01999999914,281.47
2026-05-02 03:45:00+00:00,57359.81999999914,108.8
2026-05-02 04:45:00+00:00,57141.28999999914,-218.53000000000003
2026-05-02 05:15:00+00:00,57014.89999999914,-126.39000000000001
2026-05-02 05:30:00+00:00,56623.699999999146,-391.2
2026-05-02 07:30:00+00:00,56722.88999999915,99.19
2026-05-02 08:00:00+00:00,56504.35999999915,-218.53000000000003
2026-05-02 09:15:00+00:00,56326.49999999915,-177.86
2026-05-02 09:45:00+00:00,56411.32999999915,84.82999999999994
2026-05-02 10:00:00+00:00,56233.46999999915,-177.86
2026-05-02 10:30:00+00:00,56101.89999999915,-131.57
2026-05-02 11:30:00+00:00,56323.19999999915,221.3
2026-05-02 12:00:00+00:00,56165.849999999155,-157.35
2026-05-02 12:15:00+00:00,55993.10999999916,-172.74
2026-05-02 13:45:00+00:00,56274.57999999916,281.47
2026-05-02 14:15:00+00:00,56096.71999999916,-177.86
2026-05-02 14:30:00+00:00,56378.18999999916,281.47
2026-05-02 15:00:00+00:00,56458.249999999156,80.05999999999995
2026-05-02 15:15:00+00:00,56605.75999999916,147.50999999999993
2026-05-02 15:45:00+00:00,56832.03999999916,226.28
2026-05-02 16:30:00+00:00,57103.40999999916,271.37
2026-05-02 16:45:00+00:00,56982.20999999916,-121.2
2026-05-02 17:00:00+00:00,57095.81999999916,113.61
2026-05-02 18:00:00+00:00,56822.09999999916,-273.72
2026-05-02 18:15:00+00:00,56563.34999999916,-258.75
2026-05-02 18:30:00+00:00,56779.67999999916,216.33
2026-05-02 19:15:00+00:00,56927.189999999166,147.50999999999993
2026-05-02 19:30:00+00:00,56708.65999999917,-218.53000000000003
2026-05-02 20:30:00+00:00,56990.12999999917,281.47
2026-05-02 21:00:00+00:00,57358.55999999917,368.43
2026-05-02 21:30:00+00:00,57438.619999999166,80.05999999999995
2026-05-02 22:00:00+00:00,57709.98999999917,271.37
2026-05-02 22:15:00+00:00,57941.24999999917,231.26
2026-05-02 22:45:00+00:00,58054.85999999917,113.61
2026-05-02 23:00:00+00:00,58163.659999999174,108.8
2026-05-03 00:00:00+00:00,57904.909999999174,-258.75
2026-05-03 00:30:00+00:00,58141.159999999174,236.25
2026-05-03 00:45:00+00:00,58240.349999999176,99.19
2026-05-03 01:30:00+00:00,57931.949999999175,-308.4
2026-05-03 01:45:00+00:00,57743.879999999175,-188.07000000000002
2026-05-03 02:00:00+00:00,58010.20999999918,266.33
2026-05-03 02:15:00+00:00,57837.46999999918,-172.74
2026-05-03 02:30:00+00:00,57514.309999999175,-323.16
2026-05-03 02:45:00+00:00,57720.729999999174,206.41999999999993
2026-05-03 03:00:00+00:00,57951.989999999176,231.26
2026-05-03 03:15:00+00:00,57733.45999999918,-218.53000000000003
2026-05-03 03:30:00+00:00,57565.839999999174,-167.62
2026-05-03 03:45:00+00:00,57847.309999999175,281.47
2026-05-03 05:00:00+00:00,57628.77999999918,-218.53000000000003
2026-05-03 06:00:00+00:00,57855.059999999175,226.28
2026-05-03 06:30:00+00:00,57626.42999999918,-228.63
2026-05-03 06:45:00+00:00,57759.36999999918,132.94
2026-05-03 07:45:00+00:00,58030.73999999918,271.37
2026-05-03 08:00:00+00:00,57863.11999999918,-167.62
2026-05-03 10:30:00+00:00,57731.54999999918,-131.57
2026-05-03 10:45:00+00:00,57835.53999999918,103.99
2026-05-03 11:00:00+00:00,57745.599999999176,-89.94
2026-05-03 11:15:00+00:00,58103.699999999175,358.1
2026-05-03 12:00:00+00:00,58390.229999999174,286.53
2026-05-03 12:30:00+00:00,58460.75999999917,70.53
2026-05-03 12:45:00+00:00,58687.03999999917,226.28
2026-05-03 13:15:00+00:00,58339.41999999917,-347.62
2026-05-03 13:45:00+00:00,58016.259999999165,-323.16
2026-05-03 14:00:00+00:00,58247.51999999917,231.26
2026-05-03 14:15:00+00:00,58327.579999999165,80.05999999999995
2026-05-03 14:45:00+00:00,58441.189999999166,113.61
2026-05-03 15:00:00+00:00,58773.56999999916,332.38
2026-05-03 15:15:00+00:00,58877.55999999916,103.99
2026-05-03 15:30:00+00:00,59020.20999999916,142.64999999999995
2026-05-03 16:00:00+00:00,58746.48999999916,-273.72
2026-05-03 16:15:00+00:00,58403.74999999916,-342.74
2026-05-03 16:30:00+00:00,58644.99999999916,241.25
2026-05-03 16:45:00+00:00,58792.509999999165,147.50999999999993
2026-05-03 17:15:00+00:00,59207.799999999166,415.29
2026-05-03 17:30:00+00:00,59335.899999999165,128.1
2026-05-03 18:15:00+00:00,59062.17999999916,-273.72
2026-05-03 18:30:00+00:00,59415.119999999166,352.94
2026-05-03 19:15:00+00:00,59247.49999999916,-167.62
2026-05-03 19:30:00+00:00,58895.009999999165,-352.49000000000007
2026-05-03 20:15:00+00:00,58532.799999999166,-362.21000000000004
2026-05-03 20:30:00+00:00,58759.079999999165,226.28
2026-05-03 20:45:00+00:00,58545.609999999164,-213.47000000000003
2026-05-03 21:15:00+00:00,58673.70999999916,128.1
2026-05-03 22:00:00+00:00,58885.079999999165,211.37
2026-05-03 22:45:00+00:00,58984.26999999917,99.19
2026-05-03 23:00:00+00:00,59050.049999999166,65.78
2026-05-03 23:30:00+00:00,58872.189999999166,-177.86
2026-05-03 23:45:00+00:00,58544.119999999166,-328.07
2026-05-04 00:00:00+00:00,58402.219999999164,-141.9
2026-05-04 00:15:00+00:00,58286.20999999916,-116.01
2026-05-04 00:30:00+00:00,58067.67999999916,-218.53000000000003
2026-05-04 00:45:00+00:00,57884.70999999916,-182.97000000000003
2026-05-04 02:15:00+00:00,57615.969999999164,-268.74
2026-05-04 02:30:00+00:00,57857.219999999164,241.25
2026-05-04 03:00:00+00:00,57534.05999999916,-323.16
2026-05-04 03:15:00+00:00,57305.42999999916,-228.62999999999997
2026-05-04 03:30:00+00:00,57404.619999999166,99.19
2026-05-04 04:30:00+00:00,57752.40999999917,347.79
2026-05-04 04:45:00+00:00,58079.66999999917,327.26
2026-05-04 05:00:00+00:00,58305.94999999917,226.28
2026-05-04 06:45:00+00:00,58517.31999999917,211.37
2026-05-04 07:00:00+00:00,58645.41999999917,128.1
2026-05-04 08:00:00+00:00,58426.88999999917,-218.53000000000003
2026-05-04 08:15:00+00:00,58800.49999999917,373.61
2026-05-04 09:30:00+00:00,58852.06999999917,51.57
2026-05-04 10:00:00+00:00,58451.25999999917,-400.81
2026-05-04 10:30:00+00:00,58237.78999999917,-213.47000000000003
2026-05-04 10:45:00+00:00,58289.35999999917,51.57
2026-05-04 11:00:00+00:00,58446.61999999917,157.26
2026-05-04 11:15:00+00:00,58672.89999999917,226.28
2026-05-04 11:45:00+00:00,58541.32999999917,-131.57
2026-05-04 12:15:00+00:00,58654.93999999917,113.61
2026-05-04 12:45:00+00:00,58720.71999999917,65.78
2026-05-04 13:15:00+00:00,58815.11999999917,94.4
2026-05-04 13:30:00+00:00,58962.629999999175,147.50999999999993
2026-05-04 14:00:00+00:00,58789.88999999918,-172.74
2026-05-04 14:15:00+00:00,59127.39999999918,337.51
2026-05-04 14:30:00+00:00,59274.90999999918,147.50999999999993
2026-05-04 14:45:00+00:00,59011.15999999918,-263.75
2026-05-04 15:00:00+00:00,58879.58999999918,-131.57
2026-05-04 15:15:00+00:00,59140.889999999185,261.3
2026-05-04 15:45:00+00:00,59473.26999999918,332.38
2026-05-04 16:00:00+00:00,59606.209999999184,132.94
2026-05-04 16:45:00+00:00,59332.48999999918,-273.72
2026-05-04 17:30:00+00:00,59124.08999999918,-208.4
2026-05-04 20:15:00+00:00,59271.59999999918,147.50999999999993
2026-05-04 22:00:00+00:00,59370.789999999186,99.19
2026-05-04 22:45:00+00:00,59203.16999999918,-167.62
2026-05-04 23:30:00+00:00,59484.639999999185,281.47
2026-05-05 00:00:00+00:00,59710.91999999918,226.28
2026-05-05 01:15:00+00:00,59447.16999999918,-263.75
2026-05-05 01:30:00+00:00,59203.44999999918,-243.72
2026-05-05 01:45:00+00:00,58929.72999999918,-273.72
2026-05-05 02:15:00+00:00,58762.10999999918,-167.61999999999998
2026-05-05 02:30:00+00:00,58543.57999999918,-218.53000000000003
2026-05-05 02:45:00+00:00,58314.94999999918,-228.62999999999997
2026-05-05 03:00:00+00:00,58546.209999999184,231.26
2026-05-05 03:30:00+00:00,58272.48999999918,-273.72
2026-05-05 04:00:00+00:00,58338.26999999918,65.78
2026-05-05 04:30:00+00:00,58442.25999999918,103.99
2026-05-05 05:45:00+00:00,58503.29999999918,61.04
2026-05-05 06:45:00+00:00,58607.28999999918,103.99
2026-05-05 07:45:00+00:00,58211.27999999918,-396.01
2026-05-05 08:15:00+00:00,58344.21999999918,132.94
2026-05-05 09:00:00+00:00,58472.31999999918,128.1
2026-05-05 09:30:00+00:00,58198.599999999176,-273.72
2026-05-05 09:45:00+00:00,58020.739999999176,-177.86
2026-05-05 10:00:00+00:00,57853.11999999917,-167.62
2026-05-05 11:30:00+00:00,57644.71999999917,-208.4
2026-05-05 11:45:00+00:00,57375.979999999174,-268.74
2026-05-05 12:00:00+00:00,57602.25999999917,226.28
2026-05-05 12:15:00+00:00,57701.449999999175,99.19
2026-05-05 12:45:00+00:00,57753.019999999175,51.57
2026-05-05 13:00:00+00:00,57823.54999999917,70.53
2026-05-05 14:15:00+00:00,57471.059999999175,-352.49000000000007
2026-05-05 14:30:00+00:00,57788.089999999174,317.03
2026-05-05 15:00:00+00:00,58120.46999999917,332.38
2026-05-05 15:15:00+00:00,58253.409999999174,132.94
2026-05-05 15:30:00+00:00,58362.20999999918,108.8
2026-05-05 15:45:00+00:00,58514.589999999174,152.38
2026-05-05 16:15:00+00:00,58142.68999999917,-371.9
2026-05-05 16:45:00+00:00,58016.29999999917,-126.39000000000001
2026-05-05 17:00:00+00:00,58173.559999999175,157.26
2026-05-05 17:15:00+00:00,58455.02999999918,281.47
2026-05-05 17:30:00+00:00,58602.53999999918,147.50999999999993
2026-05-05 18:15:00+00:00,58701.72999999918,99.19
2026-05-05 18:45:00+00:00,58849.23999999918,147.50999999999993
2026-05-05 19:45:00+00:00,58977.33999999918,128.1
2026-05-05 20:15:00+00:00,59076.529999999184,99.19
2026-05-05 21:15:00+00:00,58690.139999999185,-386.39
2026-05-05 21:30:00+00:00,58522.51999999918,-167.62
2026-05-05 21:45:00+00:00,58354.89999999918,-167.62
2026-05-05 22:00:00+00:00,58576.19999999918,221.3
2026-05-05 22:15:00+00:00,58180.18999999918,-396.01
2026-05-05 22:30:00+00:00,58461.65999999918,281.47
2026-05-05 23:00:00+00:00,58712.91999999918,251.26
2026-05-05 23:15:00+00:00,59029.94999999918,317.03
2026-05-05 23:45:00+00:00,59271.19999999918,241.25
2026-05-06 00:45:00+00:00,59492.499999999185,221.3
2026-05-06 01:00:00+00:00,59548.79999999919,56.3
2026-05-06 01:15:00+00:00,59647.98999999919,99.19
2026-05-06 02:45:00+00:00,59985.49999999919,337.51
2026-05-06 03:00:00+00:00,60084.689999999195,99.19
2026-05-06 03:45:00+00:00,60310.96999999919,226.28
2026-05-06 04:45:00+00:00,60184.579999999194,-126.39000000000001
2026-05-06 05:15:00+00:00,60016.95999999919,-167.62
2026-05-06 05:45:00+00:00,59833.98999999919,-182.97000000000003
2026-05-06 06:00:00+00:00,59962.08999999919,128.1
2026-05-06 06:30:00+00:00,60013.65999999919,51.57
2026-05-06 09:15:00+00:00,60244.91999999919,231.26
2026-05-06 10:00:00+00:00,60358.52999999919,113.61
2026-05-06 10:15:00+00:00,60145.05999999919,-213.47000000000003
2026-05-06 10:30:00+00:00,59871.33999999919,-273.72
2026-05-06 10:45:00+00:00,59642.70999999919,-228.62999999999997
2026-05-06 11:15:00+00:00,59469.96999999919,-172.73999999999998
2026-05-06 11:30:00+00:00,59317.759999999194,-152.21000000000004
2026-05-06 11:45:00+00:00,59579.0599999992,261.3
2026-05-06 12:15:00+00:00,59860.5299999992,281.47
2026-05-06 12:30:00+00:00,59959.7199999992,99.19
2026-05-06 13:15:00+00:00,59807.5099999992,-152.21000000000004
2026-05-06 13:30:00+00:00,59538.769999999204,-268.74
2026-05-06 13:45:00+00:00,59181.419999999205,-357.3500000000001
2026-05-06 14:00:00+00:00,59029.209999999206,-152.21000000000004
2026-05-06 14:15:00+00:00,58861.5899999992,-167.62
2026-05-06 14:30:00+00:00,59082.889999999206,221.3
2026-05-06 14:45:00+00:00,59230.39999999921,147.50999999999993
2026-05-06 15:00:00+00:00,59062.779999999206,-167.62
2026-05-06 15:15:00+00:00,58710.28999999921,-352.49000000000007
2026-05-06 16:00:00+00:00,58809.47999999921,99.19
2026-05-06 16:15:00+00:00,58908.66999999921,99.19
2026-05-06 16:45:00+00:00,59235.929999999214,327.26
2026-05-06 17:45:00+00:00,59359.18999999922,123.26
2026-05-06 18:30:00+00:00,59458.37999999922,99.19
2026-05-06 18:45:00+00:00,59342.36999999922,-116.01
2026-05-06 19:00:00+00:00,59123.83999999922,-218.53000000000003
2026-05-06 19:15:00+00:00,58850.11999999922,-273.72
2026-05-06 19:30:00+00:00,59066.44999999922,216.33
2026-05-06 20:00:00+00:00,59136.97999999922,70.53
2026-05-06 21:00:00+00:00,59423.509999999216,286.53
2026-05-06 21:30:00+00:00,59551.609999999215,128.1
2026-05-06 22:30:00+00:00,59378.86999999922,-172.74
2026-05-06 22:45:00+00:00,59482.859999999215,103.99
2026-05-07 00:45:00+00:00,59372.04999999922,-110.81000000000002
2026-05-07 01:00:00+00:00,59048.88999999921,-323.16
2026-05-07 01:15:00+00:00,59315.219999999215,266.33
2026-05-07 01:45:00+00:00,59414.40999999922,99.19
2026-05-07 02:30:00+00:00,59081.43999999922,-332.97
2026-05-07 02:45:00+00:00,59292.80999999922,211.37
2026-05-07 03:00:00+00:00,59391.99999999922,99.19
2026-05-07 03:45:00+00:00,59765.60999999922,373.61
2026-05-07 04:15:00+00:00,59986.909999999225,221.3
2026-05-07 04:30:00+00:00,60090.89999999922,103.99
2026-05-07 07:15:00+00:00,59822.159999999225,-268.74
2026-05-07 07:30:00+00:00,60078.439999999224,256.28
2026-05-07 07:45:00+00:00,59804.71999999922,-273.72
2026-05-07 09:00:00+00:00,59621.74999999922,-182.97000000000003
2026-05-07 09:30:00+00:00,59490.17999999922,-131.57
2026-05-07 09:45:00+00:00,59312.31999999922,-177.86
2026-05-07 10:00:00+00:00,59548.56999999922,236.25
2026-05-07 10:15:00+00:00,59284.81999999922,-263.75
2026-05-07 10:30:00+00:00,59021.06999999922,-263.75
2026-05-07 10:45:00+00:00,59129.869999999224,108.8
2026-05-07 11:15:00+00:00,59229.05999999923,99.19
2026-05-07 11:30:00+00:00,58828.24999999923,-400.81
2026-05-07 11:45:00+00:00,58932.23999999923,103.99
2026-05-07 12:45:00+00:00,59045.84999999923,113.61
2026-05-07 13:30:00+00:00,59367.98999999923,322.14
2026-05-07 13:45:00+00:00,59283.27999999923,-84.71
2026-05-07 14:00:00+00:00,59198.56999999923,-84.71
2026-05-07 14:15:00+00:00,59414.89999999923,216.33
2026-05-07 14:45:00+00:00,59181.22999999923,-233.67
2026-05-07 15:00:00+00:00,58922.47999999923,-258.75
2026-05-07 15:15:00+00:00,59234.40999999923,311.93
2026-05-07 15:30:00+00:00,58911.24999999923,-323.16
2026-05-07 15:45:00+00:00,59078.27999999923,167.03
2026-05-07 16:00:00+00:00,58730.659999999225,-347.62
2026-05-07 16:15:00+00:00,58378.16999999923,-352.49000000000007
2026-05-07 16:30:00+00:00,58705.42999999923,327.26
2026-05-07 17:00:00+00:00,58348.07999999923,-357.3500000000001
2026-05-07 17:15:00+00:00,58574.35999999923,226.28
2026-05-07 17:30:00+00:00,58401.61999999923,-172.74
2026-05-07 17:45:00+00:00,58632.87999999923,231.26
2026-05-07 18:00:00+00:00,58760.97999999923,128.1
2026-05-07 18:15:00+00:00,58826.75999999923,65.78
2026-05-07 18:30:00+00:00,58430.74999999923,-396.01
2026-05-07 19:45:00+00:00,58583.129999999226,152.38
2026-05-07 20:15:00+00:00,58682.31999999923,99.19
2026-05-07 20:30:00+00:00,58733.88999999923,51.57
2026-05-07 21:00:00+00:00,58460.16999999923,-273.72
2026-05-07 21:15:00+00:00,58122.30999999923,-337.86
2026-05-07 21:30:00+00:00,58459.81999999923,337.51
2026-05-07 22:00:00+00:00,58181.11999999923,-278.7
2026-05-07 22:15:00+00:00,58580.72999999923,399.61
2026-05-07 22:30:00+00:00,58728.239999999234,147.50999999999993
2026-05-07 22:45:00+00:00,58617.429999999236,-110.81000000000002
2026-05-07 23:00:00+00:00,58853.679999999236,236.25
2026-05-07 23:15:00+00:00,58905.249999999236,51.57
2026-05-08 00:45:00+00:00,58794.43999999924,-110.81000000000002
2026-05-08 01:00:00+00:00,58591.10999999924,-203.33
2026-05-08 01:15:00+00:00,58190.29999999924,-400.81
2026-05-08 08:15:00+00:00,58342.679999999236,152.38
2026-05-08 08:30:00+00:00,58485.32999999924,142.64999999999995
2026-05-08 09:00:00+00:00,58623.11999999924,137.78999999999994
2026-05-08 10:00:00+00:00,58945.25999999924,322.14
2026-05-08 10:45:00+00:00,59073.35999999924,128.1
2026-05-08 11:00:00+00:00,58854.82999999924,-218.53000000000003
2026-05-08 12:00:00+00:00,58954.01999999924,99.19
2026-05-08 12:15:00+00:00,58519.79999999924,-434.22
2026-05-08 13:30:00+00:00,58206.46999999924,-313.33
2026-05-08 13:45:00+00:00,57917.83999999924,-288.63
2026-05-08 14:00:00+00:00,58194.25999999924,276.42
2026-05-08 14:15:00+00:00,58341.76999999924,147.50999999999993
2026-05-08 14:45:00+00:00,58445.75999999924,103.99
2026-05-08 15:30:00+00:00,58283.26999999924,-162.49
2026-05-08 15:45:00+00:00,58564.73999999924,281.47
2026-05-08 17:00:00+00:00,58697.67999999924,132.94
2026-05-08 18:00:00+00:00,58301.66999999924,-396.01
2026-05-08 19:00:00+00:00,57949.17999999924,-352.49000000000007
2026-05-08 20:30:00+00:00,58062.789999999244,113.61
2026-05-08 21:15:00+00:00,58190.88999999924,128.1
2026-05-08 21:45:00+00:00,58294.87999999924,103.99
2026-05-08 23:15:00+00:00,58127.25999999924,-167.62
2026-05-08 23:30:00+00:00,58053.03999999924,-74.22
2026-05-08 23:45:00+00:00,57900.82999999924,-152.21000000000004
2026-05-09 02:00:00+00:00,57733.209999999235,-167.62
2026-05-09 03:00:00+00:00,57832.39999999924,99.19
2026-05-09 03:30:00+00:00,57431.58999999924,-400.81
2026-05-09 05:15:00+00:00,57263.96999999924,-167.62
2026-05-09 05:45:00+00:00,57363.15999999924,99.19
2026-05-09 06:15:00+00:00,57589.43999999924,226.28
2026-05-09 06:45:00+00:00,57315.71999999924,-273.72
2026-05-09 07:00:00+00:00,57577.01999999924,261.3
2026-05-09 07:15:00+00:00,57313.26999999924,-263.75
2026-05-09 09:30:00+00:00,57186.87999999924,-126.39000000000001
2026-05-09 09:45:00+00:00,56824.66999999924,-362.21000000000004
2026-05-09 10:00:00+00:00,56545.969999999244,-278.7
2026-05-09 10:15:00+00:00,56435.15999999925,-110.81000000000002
2026-05-09 10:30:00+00:00,56767.539999999244,332.38
2026-05-09 12:15:00+00:00,56549.009999999245,-218.53000000000003
2026-05-09 12:30:00+00:00,56990.579999999245,441.57
2026-05-09 14:30:00+00:00,56822.95999999924,-167.62
2026-05-09 14:45:00+00:00,57044.259999999245,221.3
2026-05-09 15:45:00+00:00,57191.76999999925,147.50999999999993
2026-05-09 17:45:00+00:00,56968.189999999246,-223.57999999999998
2026-05-09 18:45:00+00:00,57199.44999999925,231.26
2026-05-09 19:45:00+00:00,57480.91999999925,281.47
2026-05-09 20:30:00+00:00,57308.17999999925,-172.74
2026-05-09 21:00:00+00:00,57130.31999999925,-177.86
2026-05-09 21:45:00+00:00,56998.74999999925,-131.57
2026-05-09 22:00:00+00:00,57234.99999999925,236.25
2026-05-09 22:15:00+00:00,57057.13999999925,-177.86
2026-05-09 22:30:00+00:00,57190.07999999925,132.94
2026-05-09 22:45:00+00:00,57631.64999999925,441.57
2026-05-09 23:15:00+00:00,57235.63999999925,-396.01
2026-05-09 23:30:00+00:00,57057.77999999925,-177.86
2026-05-09 23:45:00+00:00,56854.44999999925,-203.33
2026-05-10 00:00:00+00:00,56958.439999999246,103.99
2026-05-10 00:15:00+00:00,57275.469999999244,317.03
2026-05-10 01:15:00+00:00,57185.52999999924,-89.94
2026-05-10 01:30:00+00:00,56972.05999999924,-213.47000000000003
2026-05-10 01:45:00+00:00,57198.33999999924,226.28
2026-05-10 02:30:00+00:00,57326.43999999924,128.1
2026-05-10 03:00:00+00:00,57454.53999999924,128.1
2026-05-10 03:15:00+00:00,57515.57999999924,61.04
2026-05-10 04:15:00+00:00,57347.959999999235,-167.62
2026-05-10 04:30:00+00:00,57476.059999999234,128.1
2026-05-10 04:45:00+00:00,57080.04999999923,-396.01
2026-05-10 05:00:00+00:00,56912.42999999923,-167.62
2026-05-10 06:00:00+00:00,56822.48999999923,-89.94
2026-05-10 06:15:00+00:00,57053.74999999923,231.26
2026-05-10 06:30:00+00:00,56875.88999999923,-177.86
2026-05-10 06:45:00+00:00,57052.729999999225,176.84
2026-05-10 07:15:00+00:00,57180.82999999922,128.1
2026-05-10 07:30:00+00:00,57313.769999999226,132.94
2026-05-10 08:15:00+00:00,57682.199999999226,368.43
2026-05-10 09:15:00+00:00,57762.25999999922,80.05999999999995
2026-05-10 09:45:00+00:00,57677.549999999224,-84.71
2026-05-10 10:00:00+00:00,57776.73999999923,99.19
2026-05-10 11:15:00+00:00,57904.839999999225,128.1
2026-05-10 12:00:00+00:00,58032.939999999224,128.1
2026-05-10 12:15:00+00:00,58132.129999999226,99.19
2026-05-10 12:45:00+00:00,58236.119999999224,103.99
2026-05-10 14:15:00+00:00,57825.729999999225,-410.39
2026-05-10 14:30:00+00:00,57647.869999999224,-177.86
2026-05-10 14:45:00+00:00,57237.479999999225,-410.39
2026-05-10 15:00:00+00:00,57580.129999999226,342.65
2026-05-10 15:15:00+00:00,57679.31999999923,99.19
2026-05-10 15:45:00+00:00,57826.82999999923,147.50999999999993
2026-05-10 16:15:00+00:00,57598.19999999923,-228.62999999999997
2026-05-10 16:30:00+00:00,57663.97999999923,65.78
2026-05-10 16:45:00+00:00,57811.489999999234,147.50999999999993
2026-05-10 17:00:00+00:00,57939.58999999923,128.1
2026-05-10 17:30:00+00:00,58005.36999999923,65.78
2026-05-10 18:00:00+00:00,58104.559999999234,99.19
2026-05-10 19:00:00+00:00,58330.83999999923,226.28
2026-05-10 19:30:00+00:00,58430.029999999235,99.19
2026-05-10 20:00:00+00:00,58298.459999999235,-131.57
2026-05-10 20:30:00+00:00,58090.059999999234,-208.4
2026-05-10 20:45:00+00:00,57901.989999999234,-188.07000000000002
2026-05-10 21:00:00+00:00,57801.599999999235,-100.39
2026-05-10 21:15:00+00:00,57478.43999999923,-323.16
2026-05-10 21:30:00+00:00,57699.739999999234,221.3
2026-05-10 21:45:00+00:00,57876.57999999923,176.84
2026-05-10 23:00:00+00:00,57647.94999999923,-228.62999999999997
2026-05-10 23:30:00+00:00,57824.78999999923,176.84
2026-05-11 00:30:00+00:00,57724.39999999923,-100.39
2026-05-11 00:45:00+00:00,57328.38999999923,-396.01
2026-05-11 01:00:00+00:00,57150.52999999923,-177.86
2026-05-11 01:15:00+00:00,57488.03999999923,337.51
2026-05-11 02:30:00+00:00,57403.32999999923,-84.71
2026-05-11 02:45:00+00:00,57297.72999999923,-105.6
2026-05-11 03:00:00+00:00,57109.65999999923,-188.07000000000002
2026-05-11 03:15:00+00:00,56942.03999999923,-167.62
2026-05-11 03:30:00+00:00,56713.40999999923,-228.63
2026-05-11 03:45:00+00:00,56905.00999999923,191.6
2026-05-11 04:00:00+00:00,57121.33999999923,216.33
2026-05-11 04:15:00+00:00,56948.599999999235,-172.74
2026-05-11 04:30:00+00:00,57096.10999999924,147.50999999999993
2026-05-11 04:45:00+00:00,57224.209999999235,128.1
2026-05-11 05:00:00+00:00,57299.499999999236,75.28999999999995
2026-05-11 05:15:00+00:00,57427.599999999235,128.1
2026-05-11 05:30:00+00:00,57526.78999999924,99.19
2026-05-11 06:00:00+00:00,57818.389999999235,291.6
2026-05-11 07:00:00+00:00,58155.89999999924,337.51
2026-05-11 07:15:00+00:00,58029.50999999924,-126.39000000000001
2026-05-11 07:30:00+00:00,57628.69999999924,-400.81
2026-05-11 07:45:00+00:00,57466.20999999924,-162.49
2026-05-11 08:00:00+00:00,57565.399999999245,99.19
2026-05-11 08:45:00+00:00,57708.049999999246,142.64999999999995
2026-05-11 09:15:00+00:00,57812.039999999244,103.99
2026-05-11 09:30:00+00:00,57911.22999999925,99.19
2026-05-11 09:45:00+00:00,58279.65999999925,368.43
2026-05-11 10:00:00+00:00,58427.16999999925,147.50999999999993
2026-05-11 10:45:00+00:00,58663.41999999925,236.25
2026-05-11 11:15:00+00:00,58767.40999999925,103.99
2026-05-11 12:15:00+00:00,58599.789999999244,-167.62
2026-05-11 12:45:00+00:00,58871.15999999925,271.37
2026-05-11 13:15:00+00:00,58975.149999999245,103.99
2026-05-11 13:45:00+00:00,58756.619999999246,-218.53000000000003
2026-05-11 14:15:00+00:00,58855.80999999925,99.19
2026-05-11 14:45:00+00:00,59097.05999999925,241.25
2026-05-11 15:00:00+00:00,59388.65999999925,291.6
2026-05-11 15:15:00+00:00,59516.759999999245,128.1
2026-05-11 15:30:00+00:00,59885.189999999246,368.43
2026-05-11 16:30:00+00:00,60171.719999999244,286.53
2026-05-11 17:00:00+00:00,59775.70999999924,-396.01
2026-05-11 17:30:00+00:00,60001.98999999924,226.28
2026-05-11 18:00:00+00:00,60268.31999999924,266.33
2026-05-11 18:45:00+00:00,60559.91999999924,291.6
2026-05-11 19:00:00+00:00,60159.109999999244,-400.81
2026-05-11 19:15:00+00:00,60532.719999999244,373.61
2026-05-11 19:30:00+00:00,60084.289999999244,-448.43
2026-05-11 19:45:00+00:00,60183.47999999925,99.19
2026-05-11 20:45:00+00:00,60015.859999999244,-167.62
2026-05-11 21:00:00+00:00,59643.95999999924,-371.9
2026-05-11 21:45:00+00:00,59935.55999999924,291.6
2026-05-11 22:00:00+00:00,60303.98999999924,368.43
2026-05-11 22:15:00+00:00,60461.24999999924,157.26
2026-05-11 22:45:00+00:00,60687.52999999924,226.28
2026-05-12 00:30:00+00:00,60474.05999999924,-213.47000000000003
2026-05-12 00:45:00+00:00,60131.31999999924,-342.74
2026-05-12 01:00:00+00:00,60278.829999999245,147.50999999999993
2026-05-12 01:15:00+00:00,60173.22999999925,-105.6
2026-05-12 01:30:00+00:00,59924.48999999925,-248.74000000000004
2026-05-12 01:45:00+00:00,59721.15999999925,-203.33
2026-05-12 02:00:00+00:00,59863.80999999925,142.64999999999995
2026-05-12 02:15:00+00:00,60030.83999999925,167.03
2026-05-12 02:30:00+00:00,59904.44999999925,-126.39000000000001
2026-05-12 05:30:00+00:00,60003.63999999925,99.19
2026-05-12 06:15:00+00:00,60341.14999999925,337.51
2026-05-12 07:00:00+00:00,59969.24999999925,-371.9
2026-05-12 07:15:00+00:00,60281.17999999925,311.93
2026-05-12 07:30:00+00:00,60159.979999999254,-121.2
2026-05-12 07:45:00+00:00,59807.489999999256,-352.49000000000007
2026-05-12 08:00:00+00:00,59722.77999999926,-84.71
2026-05-12 08:15:00+00:00,59375.159999999254,-347.62
2026-05-12 08:30:00+00:00,59641.489999999256,266.33
2026-05-12 08:45:00+00:00,59788.99999999926,147.50999999999993
2026-05-12 09:00:00+00:00,59621.379999999255,-167.62
2026-05-12 09:15:00+00:00,59479.479999999254,-141.9
2026-05-12 09:30:00+00:00,59210.739999999256,-268.74
2026-05-12 10:15:00+00:00,59084.34999999926,-126.39000000000001
2026-05-12 10:30:00+00:00,58932.13999999926,-152.21000000000004
2026-05-12 10:45:00+00:00,58821.32999999926,-110.81000000000002
2026-05-12 11:00:00+00:00,58694.93999999926,-126.39000000000001
2026-05-12 11:15:00+00:00,58532.44999999926,-162.49
2026-05-12 11:30:00+00:00,58900.87999999926,368.43
2026-05-12 13:45:00+00:00,59028.97999999926,128.1
2026-05-12 14:15:00+00:00,59300.349999999264,271.37
2026-05-12 14:30:00+00:00,58928.44999999926,-371.9
2026-05-12 14:45:00+00:00,59255.709999999264,327.26
2026-05-12 15:15:00+00:00,59572.73999999926,317.03
2026-05-12 15:45:00+00:00,59744.66999999926,171.93
2026-05-12 16:00:00+00:00,59536.26999999926,-208.4
2026-05-12 16:15:00+00:00,59853.29999999926,317.03
2026-05-12 16:30:00+00:00,59690.80999999926,-162.49
2026-05-12 16:45:00+00:00,59472.279999999264,-218.53000000000003
2026-05-12 17:15:00+00:00,59658.94999999926,186.67
2026-05-12 19:30:00+00:00,59935.36999999926,276.42
2026-05-12 19:45:00+00:00,60048.97999999926,113.61
2026-05-12 21:00:00+00:00,59917.40999999926,-131.57
2026-05-12 21:15:00+00:00,60143.68999999926,226.28
2026-05-12 21:30:00+00:00,59976.06999999926,-167.62
2026-05-12 21:45:00+00:00,59702.34999999926,-273.72
2026-05-12 22:30:00+00:00,59787.17999999926,84.82999999999994
2026-05-12 22:45:00+00:00,59655.60999999926,-131.57
2026-05-12 23:00:00+00:00,59881.88999999926,226.28
2026-05-13 00:00:00+00:00,59765.879999999255,-116.01
2026-05-13 00:15:00+00:00,59598.25999999925,-167.62
2026-05-13 01:45:00+00:00,59324.53999999925,-273.72
2026-05-13 02:00:00+00:00,59606.00999999925,281.47
2026-05-13 02:15:00+00:00,59709.99999999925,103.99
2026-05-13 03:15:00+00:00,59367.25999999925,-342.74
2026-05-13 04:00:00+00:00,59495.35999999925,128.1
2026-05-13 04:45:00+00:00,59575.41999999925,80.05999999999995
2026-05-13 05:30:00+00:00,59464.60999999925,-110.81000000000002
2026-05-13 05:45:00+00:00,59333.03999999925,-131.57
2026-05-13 06:00:00+00:00,59064.29999999925,-268.74
2026-05-13 06:15:00+00:00,59206.949999999255,142.64999999999995
2026-05-13 07:15:00+00:00,59306.13999999926,99.19
2026-05-13 07:30:00+00:00,58934.239999999256,-371.9
2026-05-13 07:45:00+00:00,59205.60999999926,271.37
2026-05-13 10:30:00+00:00,58987.07999999926,-218.53000000000003
2026-05-13 10:45:00+00:00,58723.32999999926,-263.75
2026-05-13 11:00:00+00:00,58499.74999999926,-223.58
2026-05-13 11:15:00+00:00,58235.99999999926,-263.75
2026-05-13 11:30:00+00:00,58344.79999999926,108.8
2026-05-13 11:45:00+00:00,58566.099999999264,221.3
2026-05-13 12:15:00+00:00,58699.039999999266,132.94
2026-05-13 12:45:00+00:00,58588.22999999927,-110.81000000000002
2026-05-13 13:00:00+00:00,58716.32999999927,128.1
2026-05-13 13:15:00+00:00,58854.11999999927,137.78999999999994
2026-05-13 13:45:00+00:00,58712.219999999266,-141.9
2026-05-13 14:00:00+00:00,58601.40999999927,-110.81000000000002
2026-05-13 14:15:00+00:00,58969.83999999927,368.43
2026-05-13 14:30:00+00:00,59201.09999999927,231.26
2026-05-13 15:00:00+00:00,59569.52999999927,368.43
2026-05-13 15:30:00+00:00,59320.78999999927,-248.74000000000004
2026-05-13 15:45:00+00:00,59148.049999999275,-172.74
2026-05-13 16:00:00+00:00,59016.479999999276,-131.57
2026-05-13 16:15:00+00:00,59149.41999999928,132.94
2026-05-13 16:30:00+00:00,59370.71999999928,221.3
2026-05-13 17:00:00+00:00,58974.70999999928,-396.01
2026-05-13 18:45:00+00:00,59073.89999999928,99.19
2026-05-13 19:45:00+00:00,59125.46999999928,51.57
2026-05-13 20:15:00+00:00,59229.45999999928,103.99
2026-05-13 20:30:00+00:00,58857.55999999928,-371.9
2026-05-13 20:45:00+00:00,58956.74999999928,99.19
2026-05-13 21:30:00+00:00,58738.21999999928,-218.53000000000003
2026-05-13 21:45:00+00:00,58880.86999999928,142.64999999999995
2026-05-13 22:00:00+00:00,58713.24999999928,-167.62
2026-05-13 22:15:00+00:00,58944.50999999928,231.26
2026-05-13 22:30:00+00:00,58736.10999999928,-208.4
2026-05-13 22:45:00+00:00,59022.63999999928,286.53
2026-05-13 23:00:00+00:00,59160.42999999928,137.78999999999994
2026-05-13 23:30:00+00:00,58740.48999999928,-419.94000000000005
2026-05-13 23:45:00+00:00,58811.01999999928,70.53
2026-05-14 00:00:00+00:00,58963.399999999274,152.38
2026-05-14 00:15:00+00:00,59091.49999999927,128.1
2026-05-14 00:45:00+00:00,59195.48999999927,103.99
2026-05-14 01:15:00+00:00,59299.47999999927,103.99
2026-05-14 03:15:00+00:00,58908.27999999927,-391.2
2026-05-14 03:30:00+00:00,59179.649999999274,271.37
2026-05-14 03:45:00+00:00,58900.94999999928,-278.7
2026-05-14 04:00:00+00:00,58642.19999999928,-258.75
2026-05-14 04:15:00+00:00,58868.479999999276,226.28
2026-05-14 04:30:00+00:00,58967.66999999928,99.19
2026-05-14 04:45:00+00:00,59100.60999999928,132.94
2026-05-14 06:30:00+00:00,59166.38999999928,65.78
2026-05-14 07:30:00+00:00,59392.66999999928,226.28
2026-05-14 09:15:00+00:00,59491.85999999928,99.19
2026-05-14 09:45:00+00:00,59283.45999999928,-208.4
2026-05-14 10:00:00+00:00,59131.24999999928,-152.21000000000004
2026-05-14 10:15:00+00:00,58999.67999999928,-131.57
2026-05-14 11:00:00+00:00,59161.81999999928,162.14
2026-05-14 11:15:00+00:00,58999.32999999928,-162.49
2026-05-14 11:30:00+00:00,58811.25999999928,-188.07000000000002
2026-05-14 11:45:00+00:00,58522.629999999284,-288.63
2026-05-14 12:00:00+00:00,58324.379999999284,-198.25
2026-05-14 12:15:00+00:00,58641.40999999928,317.03
2026-05-14 12:30:00+00:00,59020.209999999286,378.8
2026-05-14 14:00:00+00:00,58633.81999999929,-386.39
2026-05-14 14:15:00+00:00,58737.809999999285,103.99
2026-05-14 15:00:00+00:00,58570.18999999928,-167.61999999999998
2026-05-14 15:15:00+00:00,58407.699999999284,-162.48999999999998
2026-05-14 15:30:00+00:00,58138.959999999286,-268.74
2026-05-14 15:45:00+00:00,57910.32999999929,-228.62999999999997
2026-05-14 16:00:00+00:00,57737.58999999929,-172.73999999999998
2026-05-14 16:15:00+00:00,57508.95999999929,-228.62999999999997
2026-05-14 16:30:00+00:00,57245.20999999929,-263.75
2026-05-14 16:45:00+00:00,57325.26999999929,80.06
2026-05-14 17:00:00+00:00,57381.569999999294,56.3
2026-05-14 17:45:00+00:00,57433.139999999294,51.57
2026-05-14 18:30:00+00:00,57219.66999999929,-213.47000000000003
2026-05-14 19:00:00+00:00,57271.23999999929,51.57
2026-05-14 19:30:00+00:00,56899.33999999929,-371.9
2026-05-14 19:45:00+00:00,57125.61999999929,226.28
2026-05-14 20:00:00+00:00,56947.75999999929,-177.86
2026-05-14 20:15:00+00:00,56508.79999999929,-438.96
2026-05-14 20:30:00+00:00,56330.93999999929,-177.86
2026-05-14 20:45:00+00:00,56225.33999999929,-105.6
2026-05-14 21:00:00+00:00,56372.84999999929,147.50999999999993
2026-05-14 23:30:00+00:00,56664.44999999929,291.6
2026-05-15 00:00:00+00:00,56496.82999999929,-167.62
2026-05-15 01:00:00+00:00,56629.76999999929,132.94
2026-05-15 01:15:00+00:00,56757.86999999929,128.1
2026-05-15 01:45:00+00:00,56673.15999999929,-84.71
2026-05-15 02:15:00+00:00,56424.41999999929,-248.74000000000004
2026-05-15 02:30:00+00:00,56106.16999999929,-318.25
2026-05-15 02:45:00+00:00,56382.58999999929,276.42
2026-05-15 03:00:00+00:00,56515.52999999929,132.94
2026-05-15 03:15:00+00:00,56347.90999999929,-167.62
2026-05-15 03:30:00+00:00,56495.41999999929,147.50999999999993
2026-05-15 04:00:00+00:00,56721.69999999929,226.28
2026-05-15 04:45:00+00:00,56947.97999999929,226.28
2026-05-15 05:00:00+00:00,56780.35999999929,-167.62
2026-05-15 05:15:00+00:00,57123.00999999929,342.65
2026-05-15 05:30:00+00:00,56770.51999999929,-352.49000000000007
2026-05-15 05:45:00+00:00,56597.77999999929,-172.74
2026-05-15 06:00:00+00:00,56394.44999999929,-203.33
2026-05-15 06:15:00+00:00,56620.72999999929,226.28
2026-05-15 06:30:00+00:00,56748.82999999929,128.1
2026-05-15 07:15:00+00:00,56852.81999999929,103.99
2026-05-15 08:45:00+00:00,57185.199999999284,332.38
2026-05-15 10:00:00+00:00,57255.72999999928,70.53
2026-05-15 12:30:00+00:00,57321.50999999928,65.78
2026-05-15 13:00:00+00:00,57148.769999999284,-172.74
2026-05-15 13:15:00+00:00,57090.33999999928,-58.43
2026-05-15 13:30:00+00:00,56841.599999999286,-248.74000000000004
2026-05-15 13:45:00+00:00,56751.65999999928,-89.94
2026-05-15 14:00:00+00:00,56553.40999999928,-198.25
2026-05-15 14:15:00+00:00,56839.93999999928,286.53
2026-05-15 14:30:00+00:00,56571.199999999284,-268.74
2026-05-15 14:45:00+00:00,56679.99999999929,108.8
2026-05-15 15:15:00+00:00,56783.989999999285,103.99
2026-05-15 16:00:00+00:00,56887.97999999928,103.99
2026-05-15 18:15:00+00:00,56953.75999999928,65.78
2026-05-15 18:45:00+00:00,57332.559999999285,378.8
2026-05-15 19:00:00+00:00,57664.93999999928,332.38
2026-05-15 19:15:00+00:00,57533.36999999928,-131.57
2026-05-15 19:30:00+00:00,57676.019999999284,142.64999999999995
2026-05-15 19:45:00+00:00,57397.31999999929,-278.7
2026-05-15 20:00:00+00:00,57544.82999999929,147.50999999999993
2026-05-15 21:00:00+00:00,57960.11999999929,415.29
2026-05-15 21:15:00+00:00,58088.21999999929,128.1
2026-05-15 21:45:00+00:00,57920.599999999286,-167.62
2026-05-15 22:00:00+00:00,57752.97999999928,-167.62
2026-05-15 22:15:00+00:00,57920.00999999928,167.03
2026-05-15 22:30:00+00:00,58252.38999999928,332.38
2026-05-15 22:45:00+00:00,58303.95999999928,51.57
2026-05-15 23:15:00+00:00,58565.25999999928,261.3
2026-05-15 23:30:00+00:00,58326.559999999285,-238.69999999999996
2026-05-15 23:45:00+00:00,58092.88999999929,-233.66999999999996
2026-05-16 00:00:00+00:00,58369.309999999285,276.42
2026-05-16 00:45:00+00:00,58635.63999999929,266.33
2026-05-16 03:30:00+00:00,58687.209999999286,51.57
2026-05-16 06:00:00+00:00,58948.50999999929,261.3
2026-05-16 06:15:00+00:00,59291.15999999929,342.65
2026-05-16 06:45:00+00:00,58866.44999999929,-424.71000000000004
2026-05-16 07:00:00+00:00,58663.11999999929,-203.33
2026-05-16 07:30:00+00:00,59078.40999999929,415.29
2026-05-16 07:45:00+00:00,59153.69999999929,75.28999999999995
2026-05-16 08:15:00+00:00,59355.16999999929,201.46999999999994
2026-05-16 09:15:00+00:00,59621.499999999294,266.33
2026-05-16 09:30:00+00:00,59453.87999999929,-167.62
2026-05-16 09:45:00+00:00,59705.139999999294,251.26
2026-05-16 10:00:00+00:00,59804.329999999296,99.19
2026-05-16 10:30:00+00:00,59510.749999999294,-293.58000000000004
2026-05-16 10:45:00+00:00,59557.59999999929,46.85
2026-05-16 13:00:00+00:00,59823.929999999295,266.33
2026-05-16 13:15:00+00:00,59739.219999999295,-84.71
2026-05-16 15:00:00+00:00,60092.1599999993,352.94
2026-05-16 16:00:00+00:00,60143.7299999993,51.57
2026-05-16 17:30:00+00:00,60219.0199999993,75.28999999999995
2026-05-16 21:15:00+00:00,60299.079999999296,80.05999999999995
2026-05-16 23:00:00+00:00,60157.179999999295,-141.9
2026-05-16 23:15:00+00:00,60368.5499999993,211.37
2026-05-16 23:45:00+00:00,60711.1999999993,342.65
2026-05-17 00:30:00+00:00,61002.7999999993,291.6
2026-05-17 01:15:00+00:00,61319.829999999296,317.03
2026-05-17 02:00:00+00:00,60923.819999999294,-396.01
2026-05-17 02:45:00+00:00,60771.609999999295,-152.21000000000004
2026-05-17 03:00:00+00:00,60846.899999999296,75.29
2026-05-17 04:00:00+00:00,60907.9399999993,61.04
2026-05-17 04:30:00+00:00,60755.7299999993,-152.21000000000004
2026-05-17 05:00:00+00:00,60996.9799999993,241.25
2026-05-17 05:15:00+00:00,60738.2299999993,-258.75
2026-05-17 05:30:00+00:00,61009.5999999993,271.37
2026-05-17 06:30:00+00:00,61260.8599999993,251.26
2026-05-17 07:15:00+00:00,61522.159999999305,261.3
2026-05-17 08:15:00+00:00,61583.199999999306,61.04
2026-05-17 09:00:00+00:00,61344.49999999931,-238.69999999999996
2026-05-17 09:15:00+00:00,61419.78999999931,75.28999999999995
2026-05-17 09:45:00+00:00,61499.84999999931,80.06
2026-05-17 10:15:00+00:00,61206.269999999306,-293.58000000000004
2026-05-17 10:30:00+00:00,60942.519999999306,-263.75
2026-05-17 10:45:00+00:00,61114.449999999306,171.93
2026-05-17 11:00:00+00:00,61380.77999999931,266.33
2026-05-17 11:15:00+00:00,61523.42999999931,142.65
2026-05-17 12:00:00+00:00,61866.07999999931,342.65
2026-05-17 12:15:00+00:00,61632.40999999931,-233.66999999999996
2026-05-17 12:30:00+00:00,61393.709999999315,-238.69999999999996
2026-05-17 13:00:00+00:00,61644.96999999932,251.26
2026-05-17 13:30:00+00:00,61997.90999999932,352.94
2026-05-17 14:15:00+00:00,61902.73999999932,-95.17000000000002
2026-05-17 14:30:00+00:00,61823.26999999932,-79.47000000000001
2026-05-17 16:00:00+00:00,61870.11999999932,46.85
2026-05-17 17:30:00+00:00,61974.10999999932,103.99
2026-05-17 17:45:00+00:00,62020.959999999315,46.85
2026-05-17 18:30:00+00:00,62149.059999999314,128.1
2026-05-17 18:45:00+00:00,62410.35999999932,261.3
2026-05-17 19:15:00+00:00,62217.19999999931,-193.16
2026-05-17 19:30:00+00:00,62570.139999999315,352.94
2026-05-17 20:00:00+00:00,62222.51999999931,-347.61999999999995
2026-05-17 20:15:00+00:00,62565.169999999314,342.65
2026-05-17 21:45:00+00:00,62356.76999999931,-208.4
2026-05-17 22:00:00+00:00,62623.099999999315,266.33
2026-05-17 22:30:00+00:00,62522.709999999315,-100.39
2026-05-17 22:45:00+00:00,62724.179999999316,201.46999999999994
2026-05-17 23:00:00+00:00,62520.849999999315,-203.33
2026-05-17 23:30:00+00:00,62644.10999999932,123.26
2026-05-18 00:00:00+00:00,62845.57999999932,201.46999999999994
2026-05-18 01:00:00+00:00,62606.87999999932,-238.69999999999996
2026-05-18 02:30:00+00:00,62691.70999999932,84.82999999999994
2026-05-18 03:00:00+00:00,62786.109999999324,94.4
2026-05-18 03:30:00+00:00,62547.40999999933,-238.69999999999996
2026-05-18 03:45:00+00:00,62194.91999999933,-352.49
2026-05-18 04:15:00+00:00,61961.24999999933,-233.66999999999996
2026-05-18 05:45:00+00:00,62108.75999999933,147.51
2026-05-18 06:00:00+00:00,62300.35999999933,191.6
2026-05-18 08:15:00+00:00,62447.86999999933,147.51
2026-05-18 08:30:00+00:00,62709.169999999336,261.3
2026-05-18 09:00:00+00:00,62460.42999999934,-248.74
2026-05-18 09:30:00+00:00,62221.72999999934,-238.69999999999996
2026-05-18 09:45:00+00:00,62393.65999999934,171.93
2026-05-18 10:00:00+00:00,62654.959999999344,261.3
2026-05-18 10:15:00+00:00,62916.25999999935,261.3
2026-05-18 10:30:00+00:00,63233.289999999346,317.03
2026-05-18 11:00:00+00:00,63581.07999999935,347.79
2026-05-18 12:00:00+00:00,63802.37999999935,221.3
2026-05-18 12:15:00+00:00,63604.12999999935,-198.25
2026-05-18 12:30:00+00:00,63825.42999999935,221.3
2026-05-18 13:00:00+00:00,64132.26999999935,306.84
2026-05-18 13:15:00+00:00,64309.109999999346,176.84
2026-05-18 13:45:00+00:00,64141.48999999934,-167.62
2026-05-18 14:00:00+00:00,63842.959999999344,-298.53000000000003
2026-05-18 15:15:00+00:00,63927.789999999346,84.82999999999994
2026-05-18 16:15:00+00:00,63679.04999999935,-248.74
2026-05-18 16:30:00+00:00,63773.44999999935,94.4
2026-05-18 17:00:00+00:00,63920.95999999935,147.51
2026-05-18 17:30:00+00:00,63712.55999999935,-208.4
2026-05-18 17:45:00+00:00,63404.15999999935,-308.4
2026-05-18 18:00:00+00:00,63155.41999999935,-248.74
2026-05-18 18:45:00+00:00,63298.06999999935,142.65
2026-05-18 19:30:00+00:00,62950.44999999935,-347.61999999999995
2026-05-18 19:45:00+00:00,62711.74999999935,-238.69999999999996
2026-05-18 20:00:00+00:00,62518.58999999935,-193.16
2026-05-18 20:15:00+00:00,62376.68999999935,-141.9
2026-05-18 20:30:00+00:00,62112.93999999935,-263.75
2026-05-18 20:45:00+00:00,62394.40999999935,281.47
2026-05-18 21:45:00+00:00,62752.50999999935,358.1
2026-05-18 22:00:00+00:00,62518.83999999935,-233.66999999999996
2026-05-18 22:15:00+00:00,62265.08999999935,-253.75
2026-05-18 22:30:00+00:00,61932.11999999935,-332.96999999999997
2026-05-18 22:45:00+00:00,62198.44999999935,266.33
2026-05-18 23:15:00+00:00,61969.81999999935,-228.62999999999997
2026-05-18 23:30:00+00:00,62049.87999999935,80.06
2026-05-18 23:45:00+00:00,61771.17999999935,-278.7
2026-05-19 00:15:00+00:00,61527.45999999935,-243.72
2026-05-19 00:30:00+00:00,61375.24999999935,-152.21000000000004
2026-05-19 00:45:00+00:00,61631.52999999935,256.28
2026-05-19 01:00:00+00:00,61892.829999999354,261.3
2026-05-19 02:15:00+00:00,62209.85999999935,317.03
2026-05-19 03:30:00+00:00,62289.91999999935,80.06
2026-05-19 03:45:00+00:00,62137.70999999935,-152.21000000000004
2026-05-19 04:45:00+00:00,61980.35999999935,-157.34999999999997
2026-05-19 05:15:00+00:00,62241.659999999356,261.3
2026-05-19 05:45:00+00:00,62002.95999999936,-238.69999999999996
2026-05-19 06:00:00+00:00,62145.60999999936,142.65
2026-05-19 06:15:00+00:00,61998.54999999936,-147.06
2026-05-19 06:30:00+00:00,61780.019999999364,-218.53000000000003
2026-05-19 06:45:00+00:00,61638.11999999936,-141.9
2026-05-19 07:00:00+00:00,61904.449999999364,266.33
2026-05-19 07:15:00+00:00,61757.38999999937,-147.06
2026-05-19 07:30:00+00:00,61605.17999999937,-152.21000000000004
2026-05-19 07:45:00+00:00,61417.10999999937,-188.07
2026-05-19 08:00:00+00:00,61653.35999999937,236.25
2026-05-19 08:30:00+00:00,62001.14999999937,347.79
2026-05-19 08:45:00+00:00,61762.44999999937,-238.69999999999996
2026-05-19 09:00:00+00:00,61842.50999999937,80.06
2026-05-19 09:15:00+00:00,61913.03999999937,70.53
2026-05-19 09:45:00+00:00,62240.29999999937,327.26
2026-05-19 10:15:00+00:00,62320.35999999937,80.06
2026-05-19 11:15:00+00:00,62586.68999999937,266.33
2026-05-19 11:30:00+00:00,62853.01999999937,266.33
2026-05-19 11:45:00+00:00,63114.319999999374,261.3
2026-05-19 12:30:00+00:00,62962.109999999375,-152.21000000000004
2026-05-19 12:45:00+00:00,62815.04999999938,-147.06
2026-05-19 13:00:00+00:00,62657.69999999938,-157.34999999999997
2026-05-19 13:45:00+00:00,62859.16999999938,201.46999999999994
2026-05-19 14:15:00+00:00,62939.22999999938,80.06
2026-05-19 14:45:00+00:00,63145.649999999376,206.41999999999993
2026-05-19 15:30:00+00:00,63493.43999999938,347.79
2026-05-19 16:45:00+00:00,63351.539999999375,-141.9
2026-05-19 17:00:00+00:00,63168.569999999374,-182.97
2026-05-19 17:15:00+00:00,62879.93999999938,-288.63
2026-05-19 17:30:00+00:00,63161.40999999938,281.47
2026-05-19 18:15:00+00:00,63009.19999999938,-152.21000000000004
2026-05-19 18:30:00+00:00,63270.49999999938,261.3
2026-05-19 19:00:00+00:00,63521.75999999938,251.26
2026-05-19 19:30:00+00:00,63753.019999999386,231.26
2026-05-19 20:30:00+00:00,63837.84999999939,84.82999999999994
2026-05-19 23:30:00+00:00,63695.949999999386,-141.9
2026-05-19 23:45:00+00:00,63467.31999999939,-228.62999999999997
2026-05-20 00:15:00+00:00,63728.61999999939,261.3
2026-05-20 00:30:00+00:00,63939.989999999394,211.37
2026-05-20 00:45:00+00:00,63731.58999999939,-208.4
2026-05-20 01:00:00+00:00,63502.959999999395,-228.62999999999997
2026-05-20 01:15:00+00:00,63174.889999999396,-328.07
2026-05-20 01:30:00+00:00,63317.5399999994,142.65
2026-05-20 01:45:00+00:00,63519.0099999994,201.46999999999994
2026-05-20 02:15:00+00:00,63770.2699999994,251.26
2026-05-20 02:45:00+00:00,63850.3299999994,80.06
2026-05-20 03:45:00+00:00,63930.389999999396,80.06
2026-05-20 04:15:00+00:00,63778.1799999994,-152.21000000000004
2026-05-20 04:30:00+00:00,64039.4799999994,261.3
2026-05-20 05:30:00+00:00,64201.6199999994,162.14000000000004
2026-05-20 05:45:00+00:00,64059.7199999994,-141.9
2026-05-20 06:00:00+00:00,63805.9699999994,-253.75
2026-05-20 06:15:00+00:00,63612.809999999394,-193.16
2026-05-20 06:30:00+00:00,63460.599999999395,-152.21000000000004
2026-05-20 06:45:00+00:00,63152.19999999939,-308.4
2026-05-20 07:00:00+00:00,62893.44999999939,-258.75
2026-05-20 07:15:00+00:00,63080.11999999939,186.67
2026-05-20 07:30:00+00:00,63164.94999999939,84.82999999999994
2026-05-20 07:45:00+00:00,63356.54999999939,191.6
2026-05-20 08:15:00+00:00,63122.87999999939,-233.66999999999996
2026-05-20 08:45:00+00:00,63022.489999999394,-100.38999999999997
2026-05-20 09:00:00+00:00,63194.419999999394,171.93
2026-05-20 09:15:00+00:00,63264.94999999939,70.53
2026-05-20 10:00:00+00:00,63349.779999999395,84.82999999999994
2026-05-20 10:30:00+00:00,63541.37999999939,191.6
2026-05-20 10:45:00+00:00,63797.65999999939,256.28
2026-05-20 11:00:00+00:00,64058.959999999395,261.3
2026-05-20 11:30:00+00:00,64153.3599999994,94.4
2026-05-20 12:30:00+00:00,63924.7299999994,-228.62999999999997
2026-05-20 12:45:00+00:00,63777.6699999994,-147.06
2026-05-20 13:15:00+00:00,64049.039999999404,271.37
2026-05-20 13:45:00+00:00,63780.299999999406,-268.74
2026-05-20 14:45:00+00:00,64071.899999999405,291.6
2026-05-20 15:00:00+00:00,63823.15999999941,-248.74
2026-05-20 15:15:00+00:00,64074.41999999941,251.26
2026-05-20 16:15:00+00:00,63835.71999999941,-238.69999999999996
2026-05-20 17:00:00+00:00,63978.36999999941,142.65
2026-05-20 17:45:00+00:00,63704.64999999941,-273.72
2026-05-20 18:00:00+00:00,64031.909999999414,327.26
2026-05-20 18:15:00+00:00,64298.239999999416,266.33
2026-05-20 18:30:00+00:00,64373.52999999942,75.28999999999995
2026-05-20 18:45:00+00:00,64624.78999999942,251.26
2026-05-20 19:30:00+00:00,64467.43999999942,-157.34999999999997
2026-05-20 19:45:00+00:00,64315.22999999942,-152.21000000000004
2026-05-20 20:00:00+00:00,64096.69999999942,-218.53000000000003
2026-05-20 20:15:00+00:00,63676.75999999942,-419.94
2026-05-20 20:45:00+00:00,63438.05999999942,-238.69999999999996
2026-05-20 22:30:00+00:00,63644.47999999942,206.41999999999993
2026-05-20 23:00:00+00:00,63405.779999999424,-238.69999999999996
2026-05-20 23:15:00+00:00,63490.609999999426,84.82999999999994
2026-05-20 23:30:00+00:00,63721.86999999943,231.26
2026-05-20 23:45:00+00:00,63443.16999999943,-278.7
2026-05-21 00:00:00+00:00,63337.56999999943,-105.59999999999997
2026-05-21 00:30:00+00:00,62985.079999999434,-352.49
2026-05-21 00:45:00+00:00,62731.329999999434,-253.75
2026-05-21 01:15:00+00:00,62502.69999999944,-228.62999999999997
2026-05-21 01:30:00+00:00,62855.63999999944,352.94
2026-05-21 02:00:00+00:00,62950.03999999944,94.4
2026-05-21 02:45:00+00:00,63292.68999999944,342.65
2026-05-21 03:00:00+00:00,63387.08999999944,94.4
2026-05-21 04:00:00+00:00,63229.739999999445,-157.34999999999997
2026-05-21 04:15:00+00:00,63516.269999999444,286.53
2026-05-21 05:15:00+00:00,63952.56999999945,436.3
2026-05-21 05:45:00+00:00,63658.989999999445,-293.58000000000004
2026-05-21 06:00:00+00:00,63558.599999999446,-100.39
2026-05-21 06:30:00+00:00,63633.88999999945,75.28999999999995
2026-05-21 07:00:00+00:00,63456.029999999446,-177.86
2026-05-21 07:30:00+00:00,63702.279999999446,246.25
2026-05-21 08:30:00+00:00,63968.60999999945,266.33
2026-05-21 08:45:00+00:00,64160.209999999446,191.6
2026-05-21 09:15:00+00:00,64269.00999999945,108.8
2026-05-21 09:30:00+00:00,64363.40999999945,94.4
2026-05-21 10:00:00+00:00,64216.34999999945,-147.06
2026-05-21 10:30:00+00:00,63922.76999999945,-293.58000000000004
2026-05-21 10:45:00+00:00,63750.02999999945,-172.74
2026-05-21 11:15:00+00:00,63956.44999999945,206.41999999999993
2026-05-21 11:30:00+00:00,64157.91999999945,201.46999999999994
2026-05-21 12:45:00+00:00,64359.389999999454,201.46999999999994
2026-05-21 13:45:00+00:00,64285.16999999945,-74.22
2026-05-21 14:00:00+00:00,64447.30999999945,162.14
2026-05-21 15:45:00+00:00,64541.70999999945,94.4
2026-05-21 17:00:00+00:00,64843.45999999945,301.75
2026-05-21 17:30:00+00:00,64743.069999999454,-100.38999999999997
2026-05-21 17:45:00+00:00,64969.34999999945,226.28
2026-05-21 19:15:00+00:00,65180.719999999455,211.37
2026-05-21 19:30:00+00:00,65382.18999999946,201.46999999999994
2026-05-21 20:30:00+00:00,65083.65999999946,-298.53000000000003
2026-05-21 22:00:00+00:00,64998.94999999946,-84.71
2026-05-22 00:45:00+00:00,65341.59999999946,342.65
2026-05-22 01:00:00+00:00,65043.06999999946,-298.53000000000003
2026-05-22 01:15:00+00:00,65370.32999999946,327.26
2026-05-22 01:30:00+00:00,65522.70999999946,152.38000000000005
2026-05-22 02:15:00+00:00,65411.89999999946,-110.80999999999999
2026-05-22 02:30:00+00:00,65759.68999999946,347.79
2026-05-22 02:45:00+00:00,65820.72999999946,61.04
2026-05-22 03:00:00+00:00,65582.02999999946,-238.69999999999996
2026-05-22 03:15:00+00:00,65424.67999999946,-157.34999999999997
2026-05-22 03:45:00+00:00,65145.979999999465,-278.7
2026-05-22 04:00:00+00:00,65488.629999999466,342.65
2026-05-22 04:30:00+00:00,65749.92999999947,261.3
2026-05-22 05:30:00+00:00,66011.22999999947,261.3
2026-05-22 07:00:00+00:00,66110.41999999947,99.19
2026-05-22 07:45:00+00:00,66185.70999999947,75.29
2026-05-22 11:15:00+00:00,66280.10999999946,94.4
2026-05-22 11:45:00+00:00,66046.43999999946,-233.66999999999996
2026-05-22 12:15:00+00:00,65797.69999999946,-248.74
2026-05-22 12:30:00+00:00,66074.11999999946,276.42
2026-05-22 12:45:00+00:00,65835.41999999946,-238.69999999999996
2026-05-22 14:00:00+00:00,66036.88999999946,201.46999999999994
2026-05-22 15:00:00+00:00,65743.30999999946,-293.58000000000004
2026-05-22 15:45:00+00:00,66091.09999999945,347.79
2026-05-22 16:00:00+00:00,66292.56999999945,201.46999999999994
2026-05-22 16:15:00+00:00,66053.86999999946,-238.69999999999996
2026-05-22 17:15:00+00:00,65896.51999999945,-157.34999999999997
2026-05-22 17:45:00+00:00,66029.45999999945,132.94
2026-05-22 18:30:00+00:00,66081.02999999946,51.57
2026-05-22 20:00:00+00:00,66282.49999999946,201.46999999999994
2026-05-22 21:00:00+00:00,66089.33999999946,-193.16
2026-05-22 21:15:00+00:00,65937.12999999945,-152.21000000000004
2026-05-22 21:30:00+00:00,65784.91999999945,-152.21000000000004
2026-05-22 22:15:00+00:00,65700.20999999944,-84.71
2026-05-23 00:30:00+00:00,65951.46999999943,251.26
2026-05-23 01:15:00+00:00,66007.76999999944,56.3
2026-05-23 01:45:00+00:00,66078.29999999944,70.53
2026-05-23 04:00:00+00:00,66344.62999999944,266.33
2026-05-23 05:00:00+00:00,66590.87999999944,246.25
2026-05-23 05:15:00+00:00,66656.65999999944,65.78
2026-05-23 06:30:00+00:00,66358.12999999944,-298.53000000000003
2026-05-23 07:30:00+00:00,66211.06999999944,-147.06
2026-05-23 07:45:00+00:00,66564.00999999944,352.94
2026-05-23 08:00:00+00:00,66381.03999999944,-182.97000000000003
2026-05-23 08:15:00+00:00,66612.29999999944,231.26
2026-05-23 08:30:00+00:00,66313.76999999944,-298.53000000000003
2026-05-23 08:45:00+00:00,66060.01999999944,-253.75
2026-05-23 09:00:00+00:00,66281.31999999944,221.3
2026-05-23 09:15:00+00:00,65982.78999999944,-298.53000000000003
2026-05-23 12:30:00+00:00,66310.04999999944,327.26
2026-05-23 13:30:00+00:00,66188.84999999944,-121.19999999999999
2026-05-23 13:45:00+00:00,66526.35999999943,337.51
2026-05-23 14:15:00+00:00,66213.02999999943,-313.33
2026-05-23 14:30:00+00:00,65904.62999999944,-308.4
2026-05-23 14:45:00+00:00,65747.27999999943,-157.34999999999997
2026-05-23 15:00:00+00:00,65533.80999999943,-213.47000000000003
2026-05-23 15:15:00+00:00,65205.73999999943,-328.07
2026-05-23 15:30:00+00:00,65333.83999999943,128.1
2026-05-23 15:45:00+00:00,65433.02999999943,99.19
2026-05-23 18:30:00+00:00,65327.42999999943,-105.59999999999997
2026-05-23 18:45:00+00:00,65134.26999999943,-193.16
2026-05-23 19:00:00+00:00,65355.56999999943,221.3
2026-05-23 19:15:00+00:00,65616.86999999943,261.3
2026-05-23 19:45:00+00:00,65883.19999999943,266.33
2026-05-23 20:15:00+00:00,65604.49999999943,-278.7
2026-05-23 20:30:00+00:00,65855.75999999943,251.26
2026-05-23 21:00:00+00:00,65642.28999999943,-213.47000000000003
2026-05-23 21:15:00+00:00,65990.07999999942,347.79
2026-05-23 21:30:00+00:00,66181.67999999943,191.6
2026-05-23 22:00:00+00:00,66388.09999999942,206.41999999999993
2026-05-24 00:00:00+00:00,66154.42999999943,-233.66999999999996
2026-05-24 00:15:00+00:00,66326.35999999942,171.93
2026-05-24 00:30:00+00:00,66663.86999999941,337.51
2026-05-24 00:45:00+00:00,66600.16999999942,-63.7
2026-05-24 01:00:00+00:00,66437.67999999941,-162.48999999999998
2026-05-24 01:15:00+00:00,66744.51999999941,306.84
2026-05-24 01:30:00+00:00,66505.81999999941,-238.69999999999996
2026-05-24 01:45:00+00:00,66653.3299999994,147.51
2026-05-24 02:00:00+00:00,66424.6999999994,-228.62999999999997
2026-05-24 02:15:00+00:00,66191.0299999994,-233.66999999999996
2026-05-24 02:30:00+00:00,66437.2799999994,246.25
2026-05-24 03:00:00+00:00,66285.0699999994,-152.21000000000004
2026-05-24 03:15:00+00:00,66051.3999999994,-233.66999999999996
2026-05-24 03:30:00+00:00,66155.3899999994,103.99
2026-05-24 03:45:00+00:00,66235.4499999994,80.06
2026-05-24 04:30:00+00:00,66506.8199999994,271.37
2026-05-24 04:45:00+00:00,66268.1199999994,-238.69999999999996
2026-05-24 05:00:00+00:00,66019.3799999994,-248.74
2026-05-24 05:45:00+00:00,66367.16999999939,347.79
2026-05-24 06:15:00+00:00,66235.59999999938,-131.57
2026-05-24 06:30:00+00:00,66432.12999999938,196.53
2026-05-24 06:45:00+00:00,66279.91999999937,-152.21000000000004
2026-05-24 07:15:00+00:00,66511.17999999937,231.26
2026-05-24 07:30:00+00:00,66777.50999999937,266.33
2026-05-24 07:45:00+00:00,66920.15999999936,142.65
2026-05-24 08:45:00+00:00,67000.21999999936,80.06
2026-05-24 09:00:00+00:00,66807.05999999936,-193.16
2026-05-24 09:15:00+00:00,66659.99999999936,-147.06
2026-05-24 09:30:00+00:00,66451.59999999937,-208.4
2026-05-24 09:45:00+00:00,66143.19999999937,-308.4
2026-05-24 10:00:00+00:00,65899.47999999937,-243.72
2026-05-24 10:15:00+00:00,65979.53999999937,80.06
2026-05-24 10:45:00+00:00,66141.67999999937,162.14000000000004
2026-05-24 11:00:00+00:00,66313.60999999936,171.93
2026-05-24 11:15:00+00:00,66125.53999999935,-188.07
2026-05-24 11:30:00+00:00,66331.95999999935,206.41999999999993
2026-05-24 11:45:00+00:00,66603.32999999935,271.37
2026-05-24 12:00:00+00:00,66369.65999999935,-233.66999999999996
2026-05-24 12:15:00+00:00,66625.93999999935,256.28
2026-05-24 13:00:00+00:00,66792.96999999935,167.03000000000006
2026-05-24 13:15:00+00:00,66940.47999999934,147.51
2026-05-24 13:45:00+00:00,67156.80999999934,216.33
2026-05-24 14:30:00+00:00,67082.58999999934,-74.22
2026-05-24 15:00:00+00:00,67181.77999999934,99.19
2026-05-24 16:30:00+00:00,67443.07999999935,261.3
2026-05-24 17:00:00+00:00,67290.86999999934,-152.21000000000004
2026-05-24 17:15:00+00:00,67582.46999999935,291.6
2026-05-24 17:45:00+00:00,67430.25999999934,-152.21000000000004
2026-05-24 18:00:00+00:00,67783.19999999934,352.94
2026-05-24 18:15:00+00:00,67534.45999999934,-248.74
2026-05-24 18:30:00+00:00,67790.73999999934,256.28
2026-05-24 19:15:00+00:00,68133.38999999933,342.65
2026-05-24 19:45:00+00:00,67894.68999999933,-238.69999999999996
2026-05-24 20:00:00+00:00,67655.98999999934,-238.69999999999996
2026-05-24 20:30:00+00:00,67745.59999999934,89.61
2026-05-24 21:45:00+00:00,67557.52999999933,-188.07000000000002
2026-05-24 22:00:00+00:00,67298.77999999933,-258.75
2026-05-24 22:30:00+00:00,67460.91999999933,162.14000000000004
2026-05-24 22:45:00+00:00,67762.66999999933,301.75
2026-05-24 23:15:00+00:00,67615.60999999933,-147.06
2026-05-24 23:30:00+00:00,67897.07999999933,281.47
2026-05-25 00:00:00+00:00,68083.74999999933,186.67
2026-05-25 00:30:00+00:00,67819.99999999933,-263.75
2026-05-25 00:45:00+00:00,68162.64999999932,342.65
2026-05-25 01:15:00+00:00,67757.04999999932,-405.6
2026-05-25 01:45:00+00:00,68018.34999999932,261.3
2026-05-25 02:45:00+00:00,68103.17999999932,84.82999999999994
2026-05-25 05:00:00+00:00,67889.70999999932,-213.47000000000003
2026-05-25 05:15:00+00:00,67537.21999999932,-352.49
2026-05-25 05:30:00+00:00,67768.47999999931,231.26
2026-05-25 05:45:00+00:00,67509.72999999931,-258.75
2026-05-25 08:30:00+00:00,67357.5199999993,-152.21000000000004
2026-05-25 09:15:00+00:00,67225.9499999993,-131.57
2026-05-25 09:45:00+00:00,66912.6199999993,-313.33
2026-05-25 10:00:00+00:00,66609.1499999993,-303.47
2026-05-25 10:15:00+00:00,66355.3999999993,-253.75
2026-05-25 10:30:00+00:00,66657.1499999993,301.75
2026-05-25 10:45:00+00:00,66746.7599999993,89.61
2026-05-25 12:00:00+00:00,67013.0899999993,266.33
2026-05-25 12:15:00+00:00,67059.9399999993,46.85
2026-05-25 12:30:00+00:00,66821.2399999993,-238.69999999999996
2026-05-25 13:30:00+00:00,67022.70999999931,201.46999999999994
2026-05-25 14:45:00+00:00,67170.2199999993,147.51
2026-05-25 15:00:00+00:00,66941.5899999993,-228.62999999999997
2026-05-25 15:15:00+00:00,66718.0099999993,-223.57999999999998
2026-05-25 15:30:00+00:00,66860.65999999929,142.65
2026-05-25 16:00:00+00:00,66940.71999999929,80.06
2026-05-25 16:45:00+00:00,66702.01999999929,-238.69999999999996
2026-05-25 18:30:00+00:00,66453.27999999929,-248.74
2026-05-25 19:00:00+00:00,66714.57999999929,261.3
2026-05-25 20:00:00+00:00,66920.99999999929,206.41999999999993
2026-05-25 20:30:00+00:00,67268.78999999928,347.79
2026-05-25 21:00:00+00:00,67480.15999999928,211.37
2026-05-25 21:30:00+00:00,67560.21999999927,80.06
2026-05-25 23:00:00+00:00,67271.58999999927,-288.63
2026-05-25 23:45:00+00:00,67129.68999999927,-141.9
2026-05-26 00:00:00+00:00,67350.98999999928,221.3
2026-05-26 00:15:00+00:00,67431.04999999928,80.06
2026-05-26 01:00:00+00:00,67167.29999999928,-263.75
2026-05-26 01:15:00+00:00,67489.43999999927,322.14
2026-05-26 02:15:00+00:00,67536.28999999928,46.85
2026-05-26 03:15:00+00:00,67630.68999999927,94.4
2026-05-26 03:30:00+00:00,67332.15999999928,-298.53000000000003
2026-05-26 04:00:00+00:00,67093.45999999928,-238.69999999999996
2026-05-26 04:45:00+00:00,67168.74999999927,75.28999999999995
2026-05-26 05:45:00+00:00,67021.68999999927,-147.06
2026-05-26 07:45:00+00:00,67106.51999999928,84.82999999999994
2026-05-26 08:45:00+00:00,67153.36999999928,46.85
2026-05-26 09:30:00+00:00,67200.21999999929,46.85
2026-05-26 10:00:00+00:00,67270.74999999929,70.53
2026-05-26 10:15:00+00:00,67686.03999999928,415.29
2026-05-26 10:45:00+00:00,67417.29999999928,-268.74
2026-05-26 11:00:00+00:00,67618.76999999928,201.46999999999994
2026-05-26 11:15:00+00:00,67885.09999999928,266.33
2026-05-26 11:30:00+00:00,67965.15999999928,80.06
2026-05-26 11:45:00+00:00,68088.41999999927,123.26
2026-05-26 13:00:00+00:00,67854.74999999927,-233.66999999999996
2026-05-26 13:30:00+00:00,67770.03999999927,-84.71
2026-05-26 14:45:00+00:00,67912.68999999926,142.65
2026-05-26 16:30:00+00:00,67959.53999999927,46.85
2026-05-26 17:15:00+00:00,68030.06999999926,70.53
2026-05-26 18:00:00+00:00,67731.53999999927,-298.53000000000003
2026-05-26 19:00:00+00:00,67433.00999999927,-298.53000000000003
2026-05-26 19:15:00+00:00,67484.57999999927,51.57
2026-05-26 21:00:00+00:00,67588.56999999928,103.99
2026-05-26 23:00:00+00:00,67514.34999999928,-74.22
2026-05-26 23:45:00+00:00,67265.60999999927,-248.74
2026-05-27 00:15:00+00:00,67016.86999999927,-248.74
2026-05-27 00:30:00+00:00,67101.69999999927,84.82999999999994
2026-05-27 00:45:00+00:00,66749.20999999926,-352.49
2026-05-27 01:15:00+00:00,66940.80999999927,191.6
2026-05-27 01:45:00+00:00,66987.65999999928,46.85
2026-05-27 02:30:00+00:00,67072.48999999928,84.82999999999994
2026-05-27 03:15:00+00:00,66838.81999999928,-233.66999999999996
2026-05-27 03:45:00+00:00,67105.14999999928,266.33
2026-05-27 05:30:00+00:00,66866.44999999928,-238.69999999999996
2026-05-27 05:45:00+00:00,67142.86999999928,276.42
2026-05-27 06:00:00+00:00,66990.65999999928,-152.21000000000004
2026-05-27 06:15:00+00:00,66741.91999999927,-248.74
2026-05-27 06:30:00+00:00,66503.21999999927,-238.69999999999996
2026-05-27 07:00:00+00:00,66279.63999999927,-223.57999999999998
2026-05-27 07:15:00+00:00,66627.42999999927,347.79
2026-05-27 08:00:00+00:00,66378.68999999926,-248.74
2026-05-27 08:15:00+00:00,66675.35999999926,296.67
2026-05-27 08:45:00+00:00,66779.34999999926,103.99
2026-05-27 09:00:00+00:00,67055.76999999926,276.42
2026-05-27 09:45:00+00:00,66807.02999999926,-248.74
2026-05-27 10:00:00+00:00,66901.42999999925,94.4
2026-05-27 10:15:00+00:00,66495.82999999925,-405.6
2026-05-27 10:45:00+00:00,66742.07999999925,246.25
2026-05-27 11:00:00+00:00,66595.01999999925,-147.06
2026-05-27 11:30:00+00:00,66866.38999999924,271.37
2026-05-27 12:45:00+00:00,67018.76999999925,152.38000000000005
2026-05-27 13:45:00+00:00,66720.23999999925,-298.53000000000003
2026-05-27 14:15:00+00:00,66887.26999999925,167.03000000000006
2026-05-27 15:00:00+00:00,67029.91999999924,142.65
2026-05-27 16:15:00+00:00,67109.97999999924,80.06
2026-05-27 16:45:00+00:00,66952.62999999923,-157.34999999999997
2026-05-27 17:00:00+00:00,66718.95999999924,-233.66999999999996
2026-05-27 17:15:00+00:00,66985.28999999924,266.33
2026-05-27 19:15:00+00:00,66746.58999999924,-238.69999999999996
2026-05-27 19:45:00+00:00,67099.52999999924,352.94
2026-05-27 20:15:00+00:00,66942.17999999924,-157.34999999999997
2026-05-27 20:30:00+00:00,67243.92999999924,301.75
2026-05-27 20:45:00+00:00,67391.43999999923,147.51
2026-05-27 21:00:00+00:00,67152.73999999923,-238.69999999999996
2026-05-27 22:00:00+00:00,67026.34999999923,-126.39000000000001
2026-05-27 22:15:00+00:00,67106.40999999923,80.06
2026-05-27 22:45:00+00:00,67162.70999999924,56.3
2026-05-27 23:00:00+00:00,67429.03999999924,266.33
2026-05-27 23:30:00+00:00,67771.68999999923,342.65
2026-05-27 23:45:00+00:00,67619.47999999922,-152.21000000000004
2026-05-28 00:30:00+00:00,67242.73999999922,-376.74
2026-05-28 01:00:00+00:00,66837.13999999921,-405.6
2026-05-28 01:15:00+00:00,67093.41999999921,256.28
2026-05-28 01:30:00+00:00,67178.24999999921,84.82999999999994
2026-05-28 02:45:00+00:00,67531.18999999922,352.94
2026-05-28 03:30:00+00:00,67430.79999999922,-100.39
2026-05-28 03:45:00+00:00,67222.39999999922,-208.4
2026-05-28 04:00:00+00:00,66923.86999999922,-298.53000000000003
2026-05-28 05:00:00+00:00,67003.92999999922,80.06
2026-05-28 05:30:00+00:00,67265.22999999922,261.3
2026-05-28 06:00:00+00:00,67486.52999999923,221.3
2026-05-28 06:15:00+00:00,67752.85999999923,266.33
2026-05-28 06:30:00+00:00,68019.18999999923,266.33
2026-05-28 06:45:00+00:00,68285.51999999923,266.33
2026-05-28 07:15:00+00:00,68056.88999999923,-228.62999999999997
2026-05-28 07:30:00+00:00,67951.28999999922,-105.59999999999997
2026-05-28 07:45:00+00:00,67856.11999999922,-95.16999999999997
2026-05-28 08:00:00+00:00,67513.37999999922,-342.73999999999995
2026-05-28 08:15:00+00:00,67583.90999999922,70.53
2026-05-28 09:15:00+00:00,67850.23999999922,266.33
2026-05-28 09:45:00+00:00,67708.33999999923,-141.9
2026-05-28 10:00:00+00:00,67525.36999999922,-182.97
2026-05-28 10:15:00+00:00,67276.62999999922,-248.74
2026-05-28 10:30:00+00:00,67483.04999999922,206.41999999999993
2026-05-28 10:45:00+00:00,67244.34999999922,-238.69999999999996
2026-05-28 11:00:00+00:00,67623.14999999922,378.8
2026-05-28 11:15:00+00:00,67731.94999999923,108.8
2026-05-28 11:45:00+00:00,67493.24999999923,-238.69999999999996
2026-05-28 12:00:00+00:00,67264.61999999922,-228.62999999999997
2026-05-28 12:15:00+00:00,67412.12999999922,147.51
2026-05-28 12:30:00+00:00,67564.50999999922,152.38000000000005
2026-05-28 13:45:00+00:00,67464.11999999922,-100.39
2026-05-28 14:00:00+00:00,67665.58999999923,201.46999999999994
2026-05-28 14:15:00+00:00,67308.23999999922,-357.35
2026-05-28 14:30:00+00:00,67397.84999999922,89.61
2026-05-28 15:15:00+00:00,67755.94999999923,358.1
2026-05-28 16:00:00+00:00,68007.20999999922,251.26
2026-05-28 16:30:00+00:00,67753.45999999922,-253.75
2026-05-28 16:45:00+00:00,67519.78999999922,-233.66999999999996
2026-05-28 17:00:00+00:00,67347.04999999922,-172.73999999999998
2026-05-28 17:15:00+00:00,67118.41999999921,-228.62999999999997
2026-05-28 17:30:00+00:00,67280.55999999921,162.14000000000004
2026-05-28 17:45:00+00:00,67092.4899999992,-188.07
2026-05-28 18:00:00+00:00,66992.0999999992,-100.38999999999997
2026-05-28 18:15:00+00:00,66713.39999999921,-278.7
2026-05-28 18:30:00+00:00,66969.6799999992,256.28
2026-05-28 18:45:00+00:00,66736.00999999921,-233.66999999999996
2026-05-28 19:00:00+00:00,66625.19999999921,-110.80999999999999
2026-05-28 19:15:00+00:00,66705.25999999921,80.06
2026-05-28 19:30:00+00:00,66471.58999999921,-233.66999999999996
2026-05-28 19:45:00+00:00,66737.91999999921,266.33
2026-05-28 20:45:00+00:00,66489.1799999992,-248.74
2026-05-28 21:15:00+00:00,66250.47999999921,-238.69999999999996
2026-05-28 21:30:00+00:00,66093.1299999992,-157.34999999999997
2026-05-28 22:00:00+00:00,66245.50999999921,152.38000000000005
2026-05-28 22:15:00+00:00,66603.60999999921,358.1
2026-05-28 23:30:00+00:00,66390.13999999921,-213.47000000000003
2026-05-28 23:45:00+00:00,66470.19999999921,80.06
2026-05-29 00:00:00+00:00,66050.25999999921,-419.94
2026-05-29 00:15:00+00:00,65908.35999999921,-141.9
2026-05-29 00:30:00+00:00,65575.38999999921,-332.96999999999997
2026-05-29 00:45:00+00:00,65351.80999999921,-223.57999999999998
2026-05-29 01:00:00+00:00,65499.319999999214,147.51
2026-05-29 02:45:00+00:00,65205.73999999921,-293.58000000000004
2026-05-29 05:15:00+00:00,64962.01999999921,-243.72
2026-05-29 05:30:00+00:00,65238.43999999921,276.42
2026-05-29 06:15:00+00:00,64969.69999999921,-268.74
2026-05-29 06:30:00+00:00,64822.63999999921,-147.06
2026-05-29 07:15:00+00:00,64665.289999999215,-157.34999999999997
2026-05-29 07:30:00+00:00,64916.54999999922,251.26
2026-05-29 09:30:00+00:00,64759.19999999922,-157.34999999999997
2026-05-29 09:45:00+00:00,64980.49999999922,221.3
2026-05-29 11:30:00+00:00,65241.799999999224,261.3
2026-05-29 12:45:00+00:00,65069.05999999923,-172.74
2026-05-29 13:30:00+00:00,64775.479999999225,-293.58000000000004
2026-05-29 15:15:00+00:00,64536.77999999923,-238.69999999999996
2026-05-29 15:30:00+00:00,64803.10999999923,266.33
2026-05-29 15:45:00+00:00,64640.61999999923,-162.48999999999998
2026-05-29 16:00:00+00:00,64411.989999999234,-228.62999999999997
2026-05-29 16:15:00+00:00,64173.28999999924,-238.69999999999996
2026-05-29 16:30:00+00:00,64369.819999999236,196.53
2026-05-29 17:00:00+00:00,64091.11999999924,-278.7
2026-05-29 17:15:00+00:00,63877.64999999924,-213.47000000000003
2026-05-29 17:30:00+00:00,64034.90999999924,157.26000000000005
2026-05-29 17:45:00+00:00,64306.27999999924,271.37
2026-05-29 20:00:00+00:00,64613.11999999924,306.84
2026-05-29 20:15:00+00:00,64460.90999999924,-152.21000000000004
2026-05-29 21:45:00+00:00,64757.57999999924,296.67
2026-05-29 23:30:00+00:00,64856.76999999924,99.19
2026-05-30 00:00:00+00:00,64618.06999999924,-238.69999999999996
2026-05-30 00:15:00+00:00,64384.399999999245,-233.66999999999996
2026-05-30 00:30:00+00:00,64541.65999999925,157.26000000000005
2026-05-30 00:45:00+00:00,64233.259999999245,-308.4
2026-05-30 01:00:00+00:00,63989.539999999244,-243.72
2026-05-30 01:30:00+00:00,63842.47999999925,-147.06
2026-05-30 01:45:00+00:00,64098.759999999245,256.28
2026-05-30 02:00:00+00:00,63987.94999999925,-110.80999999999999
2026-05-30 02:15:00+00:00,63830.59999999925,-157.34999999999997
2026-05-30 02:30:00+00:00,64127.26999999925,296.67
2026-05-30 03:00:00+00:00,63908.73999999925,-218.53000000000003
2026-05-30 03:15:00+00:00,64180.10999999925,271.37
2026-05-30 05:00:00+00:00,64391.479999999254,211.37
2026-05-30 05:45:00+00:00,64157.809999999256,-233.66999999999996
2026-05-30 06:00:00+00:00,63939.27999999926,-218.53000000000003
2026-05-30 06:15:00+00:00,64200.57999999926,261.3
2026-05-30 06:45:00+00:00,64247.42999999926,46.85
2026-05-30 07:45:00+00:00,64508.72999999926,261.3
2026-05-30 08:15:00+00:00,64098.33999999926,-410.39
2026-05-30 08:30:00+00:00,64364.66999999926,266.33
2026-05-30 09:00:00+00:00,64707.319999999265,342.65
2026-05-30 09:30:00+00:00,64555.109999999266,-152.21000000000004
2026-05-30 09:45:00+00:00,64826.47999999927,271.37
2026-05-30 10:00:00+00:00,64587.77999999927,-238.69999999999996
2026-05-30 10:30:00+00:00,64430.42999999927,-157.34999999999997
2026-05-30 11:00:00+00:00,64691.729999999276,261.3
2026-05-30 11:15:00+00:00,64844.10999999927,152.38000000000005
2026-05-30 11:30:00+00:00,64924.16999999927,80.06
2026-05-30 12:15:00+00:00,64675.42999999927,-248.74
2026-05-30 12:30:00+00:00,64467.02999999927,-208.4
2026-05-30 12:45:00+00:00,64403.329999999274,-63.7
2026-05-30 13:00:00+00:00,64045.979999999276,-357.35
2026-05-30 13:15:00+00:00,63797.23999999928,-248.74
2026-05-30 13:30:00+00:00,63518.53999999928,-278.7
2026-05-30 14:00:00+00:00,63366.32999999928,-152.21000000000004
2026-05-30 14:15:00+00:00,63183.35999999928,-182.97
2026-05-30 14:30:00+00:00,62763.41999999928,-419.94
2026-05-30 14:45:00+00:00,62989.69999999928,226.28
2026-05-30 15:00:00+00:00,63266.119999999275,276.42
2026-05-30 15:30:00+00:00,63578.049999999275,311.93
2026-05-30 16:00:00+00:00,63425.839999999276,-152.21000000000004
2026-05-30 16:45:00+00:00,63187.13999999928,-238.69999999999996
2026-05-30 17:00:00+00:00,63267.19999999928,80.06
2026-05-30 17:30:00+00:00,63028.49999999928,-238.69999999999996
2026-05-30 18:00:00+00:00,62876.28999999928,-152.21000000000004
2026-05-30 18:30:00+00:00,62956.34999999928,80.06
2026-05-30 19:15:00+00:00,63036.409999999276,80.06
2026-05-30 19:30:00+00:00,63106.939999999275,70.53
2026-05-30 23:00:00+00:00,63259.31999999927,152.38
2026-05-30 23:45:00+00:00,63076.34999999927,-182.97000000000003
2026-05-31 00:45:00+00:00,63460.33999999927,383.99
2026-05-31 01:30:00+00:00,63813.27999999927,352.94
2026-05-31 01:45:00+00:00,63926.88999999927,113.61
2026-05-31 02:00:00+00:00,64079.26999999927,152.38000000000005
2026-05-31 02:30:00+00:00,64226.77999999927,147.51
2026-05-31 02:45:00+00:00,63988.079999999274,-238.7
2026-05-31 03:45:00+00:00,64164.91999999927,176.84
2026-05-31 04:45:00+00:00,63783.34999999927,-381.57
2026-05-31 05:00:00+00:00,63344.38999999927,-438.96
2026-05-31 07:30:00+00:00,63146.13999999927,-198.25
2026-05-31 07:45:00+00:00,62897.399999999274,-248.74000000000004
2026-05-31 08:00:00+00:00,63025.49999999927,128.1
2026-05-31 08:15:00+00:00,63148.759999999274,123.26
2026-05-31 10:15:00+00:00,63450.509999999274,301.75
2026-05-31 11:15:00+00:00,63257.34999999927,-193.16
2026-05-31 13:30:00+00:00,63304.19999999927,46.85
2026-05-31 14:30:00+00:00,63080.61999999927,-223.58
2026-05-31 14:45:00+00:00,63282.08999999927,201.46999999999994
2026-05-31 15:00:00+00:00,63429.59999999927,147.51
2026-05-31 15:15:00+00:00,63675.84999999927,246.25
2026-05-31 16:30:00+00:00,63437.149999999274,-238.7
2026-05-31 16:45:00+00:00,63198.44999999928,-238.7
2026-05-31 17:00:00+00:00,63525.70999999928,327.26
2026-05-31 18:00:00+00:00,63847.84999999928,322.14
2026-05-31 18:30:00+00:00,63995.35999999928,147.51
2026-05-31 18:45:00+00:00,64075.41999999928,80.06
2026-05-31 19:45:00+00:00,64407.799999999275,332.38
2026-05-31 20:00:00+00:00,64709.549999999275,301.75
2026-05-31 22:15:00+00:00,64572.80999999928,-136.74
2026-06-01 01:45:00+00:00,64379.649999999274,-193.16
2026-06-01 02:00:00+00:00,64140.94999999928,-238.7
2026-06-01 02:15:00+00:00,64422.41999999928,281.47
2026-06-01 02:30:00+00:00,64569.92999999928,147.51
2026-06-01 03:15:00+00:00,64371.67999999928,-198.25
2026-06-01 04:30:00+00:00,64183.60999999928,-188.07000000000002
2026-06-01 04:45:00+00:00,64429.85999999928,246.25
2026-06-01 05:45:00+00:00,64553.11999999928,123.26
2026-06-01 06:30:00+00:00,64299.36999999928,-253.75
2026-06-01 07:00:00+00:00,64606.20999999928,306.84
2026-06-01 08:15:00+00:00,64867.50999999928,261.3
2026-06-01 08:45:00+00:00,65230.769999999284,363.26
2026-06-01 12:15:00+00:00,65063.14999999928,-167.62
2026-06-01 12:30:00+00:00,65220.40999999928,157.26
2026-06-01 12:45:00+00:00,65486.739999999285,266.33
2026-06-01 13:30:00+00:00,65237.99999999929,-248.74000000000004
2026-06-01 13:45:00+00:00,64984.24999999929,-253.75
2026-06-01 14:00:00+00:00,65185.71999999929,201.46999999999994
2026-06-01 14:15:00+00:00,64957.08999999929,-228.63
2026-06-01 14:30:00+00:00,64774.11999999929,-182.97000000000003
2026-06-01 14:45:00+00:00,64540.44999999929,-233.67
2026-06-01 16:30:00+00:00,64596.749999999294,56.3
2026-06-01 17:15:00+00:00,64283.41999999929,-313.33
2026-06-01 17:30:00+00:00,64024.66999999929,-258.75
2026-06-01 18:00:00+00:00,64265.91999999929,241.25
2026-06-01 20:15:00+00:00,63947.66999999929,-318.25
2026-06-01 20:30:00+00:00,63800.609999999295,-147.06
2026-06-01 21:15:00+00:00,63617.639999999294,-182.97000000000003
2026-06-01 21:30:00+00:00,63424.47999999929,-193.16
2026-06-01 21:45:00+00:00,63190.80999999929,-233.67
2026-06-01 22:00:00+00:00,63412.109999999295,221.3
2026-06-01 22:15:00+00:00,63280.539999999295,-131.57
2026-06-01 22:30:00+00:00,63482.009999999296,201.46999999999994
2026-06-01 23:30:00+00:00,63629.5199999993,147.51
2026-06-02 00:00:00+00:00,63821.1199999993,191.6
2026-06-02 00:15:00+00:00,63968.6299999993,147.51
2026-06-02 02:15:00+00:00,63770.3799999993,-198.25
2026-06-02 02:30:00+00:00,63991.6799999993,221.3
2026-06-02 03:00:00+00:00,64114.939999999304,123.26
2026-06-02 03:45:00+00:00,63856.189999999304,-258.75
2026-06-02 04:00:00+00:00,64097.439999999304,241.25
2026-06-02 04:45:00+00:00,63744.949999999306,-352.49
2026-06-02 07:00:00+00:00,63608.20999999931,-136.74
2026-06-02 08:30:00+00:00,63693.03999999931,84.82999999999994
2026-06-02 13:15:00+00:00,63454.33999999931,-238.7
2026-06-02 13:30:00+00:00,63720.669999999314,266.33
2026-06-02 14:15:00+00:00,63532.599999999315,-188.07000000000002
2026-06-02 14:30:00+00:00,63344.529999999315,-188.07000000000002
2026-06-02 15:45:00+00:00,63254.58999999931,-89.94
2026-06-02 16:30:00+00:00,63436.33999999931,181.75
2026-06-02 16:45:00+00:00,63687.599999999315,251.26
2026-06-02 17:00:00+00:00,63839.97999999931,152.38000000000005
2026-06-02 20:15:00+00:00,63516.81999999931,-323.16
2026-06-02 21:15:00+00:00,63763.06999999931,246.25
2026-06-02 21:45:00+00:00,64074.99999999931,311.93
2026-06-02 23:00:00+00:00,64032.41999999931,-42.58
2026-06-02 23:15:00+00:00,64288.699999999306,256.28
2026-06-03 00:15:00+00:00,64080.299999999304,-208.4
2026-06-03 00:30:00+00:00,64198.729999999305,118.43
2026-06-03 02:00:00+00:00,64410.09999999931,211.37
2026-06-03 02:15:00+00:00,64176.42999999931,-233.67
2026-06-03 02:30:00+00:00,63922.67999999931,-253.75
2026-06-03 02:45:00+00:00,64189.00999999931,266.33
2026-06-03 03:45:00+00:00,64057.43999999931,-131.57
2026-06-03 05:30:00+00:00,64323.76999999931,266.33
2026-06-03 05:45:00+00:00,64437.37999999931,113.61
2026-06-03 06:00:00+00:00,64188.639999999315,-248.74
2026-06-03 06:15:00+00:00,64385.169999999314,196.53
2026-06-03 07:45:00+00:00,64238.10999999932,-147.06
2026-06-03 09:30:00+00:00,63999.40999999932,-238.7
2026-06-03 09:45:00+00:00,63765.73999999932,-233.67
2026-06-03 10:00:00+00:00,64027.039999999324,261.3
2026-06-03 10:30:00+00:00,64203.87999999932,176.84
2026-06-03 10:45:00+00:00,64385.62999999932,181.75
2026-06-03 11:15:00+00:00,64269.61999999932,-116.00999999999999
2026-06-03 14:00:00+00:00,64571.36999999932,301.75
2026-06-03 15:30:00+00:00,64934.62999999932,363.26
2026-06-03 20:45:00+00:00,64797.88999999932,-136.74
2026-06-03 21:00:00+00:00,64630.26999999932,-167.62
2026-06-03 21:45:00+00:00,64743.87999999932,113.61
2026-06-03 22:45:00+00:00,64495.13999999932,-248.74000000000004
2026-06-04 02:15:00+00:00,64952.55999999932,457.42
2026-06-04 02:30:00+00:00,65198.80999999932,246.25
2026-06-04 03:45:00+00:00,65015.83999999932,-182.97
2026-06-04 04:00:00+00:00,65212.36999999932,196.53
2026-06-04 04:30:00+00:00,65364.749999999316,152.38000000000005
2026-06-04 05:30:00+00:00,65483.179999999316,118.43
2026-06-04 06:45:00+00:00,65606.43999999932,123.26
2026-06-04 08:30:00+00:00,65908.18999999932,301.75
2026-06-04 08:45:00+00:00,65669.48999999932,-238.7
2026-06-04 10:00:00+00:00,65792.74999999932,123.26
2026-06-04 10:30:00+00:00,65554.04999999932,-238.7
2026-06-04 11:00:00+00:00,65474.57999999932,-79.47000000000001
2026-06-04 13:00:00+00:00,65166.179999999316,-308.4
2026-06-04 13:15:00+00:00,65347.929999999316,181.75
2026-06-04 14:00:00+00:00,65159.85999999932,-188.07
2026-06-04 14:15:00+00:00,64916.139999999315,-243.72
2026-06-04 14:30:00+00:00,65127.50999999932,211.37
2026-06-04 19:00:00+00:00,65485.60999999932,358.1
2026-06-04 21:45:00+00:00,65287.35999999932,-198.25
2026-06-04 22:15:00+00:00,65048.65999999932,-238.7
2026-06-04 22:30:00+00:00,65171.91999999932,123.26
2026-06-04 22:45:00+00:00,65438.24999999932,266.33
2026-06-04 23:15:00+00:00,65694.52999999933,256.28
2026-06-04 23:30:00+00:00,65851.78999999932,157.26000000000005
2026-06-04 23:45:00+00:00,65588.03999999932,-263.75
2026-06-05 00:00:00+00:00,65274.70999999932,-313.33
2026-06-05 00:15:00+00:00,65393.13999999932,118.43
2026-06-05 01:15:00+00:00,65159.469999999325,-233.67
2026-06-05 01:30:00+00:00,65420.76999999933,261.3
2026-06-05 01:45:00+00:00,65477.06999999933,56.3
2026-06-05 02:00:00+00:00,65624.57999999933,147.51
2026-06-05 02:45:00+00:00,65931.41999999933,306.84
2026-06-05 03:15:00+00:00,65692.71999999933,-238.7
2026-06-05 03:45:00+00:00,65815.97999999933,123.26
2026-06-05 04:30:00+00:00,66077.27999999933,261.3
2026-06-05 05:00:00+00:00,66200.53999999932,123.26
2026-06-05 05:15:00+00:00,66377.37999999932,176.84
2026-06-05 05:30:00+00:00,66068.97999999933,-308.4
2026-06-05 05:45:00+00:00,66310.22999999933,241.25
2026-06-05 06:45:00+00:00,66536.50999999933,226.28
2026-06-05 07:45:00+00:00,66338.25999999933,-198.25
2026-06-05 08:00:00+00:00,66079.50999999933,-258.75
2026-06-05 08:15:00+00:00,66320.75999999933,241.25
2026-06-05 08:30:00+00:00,65973.13999999933,-347.61999999999995
2026-06-05 09:30:00+00:00,65719.38999999933,-253.75
2026-06-05 09:45:00+00:00,65896.22999999933,176.84
2026-06-05 10:45:00+00:00,65573.06999999932,-323.16
2026-06-05 11:45:00+00:00,65436.329999999325,-136.74
2026-06-05 12:00:00+00:00,65299.58999999933,-136.74
2026-06-05 12:15:00+00:00,65741.15999999933,441.57
2026-06-05 13:00:00+00:00,65502.45999999934,-238.7
2026-06-05 14:00:00+00:00,65278.879999999335,-223.58
2026-06-05 14:15:00+00:00,65595.90999999933,317.03
2026-06-05 15:15:00+00:00,65342.159999999334,-253.75
2026-06-05 16:30:00+00:00,65398.45999999934,56.3
2026-06-05 16:45:00+00:00,65639.70999999934,241.25
2026-06-05 17:15:00+00:00,65743.69999999934,103.99
2026-06-05 19:15:00+00:00,65866.95999999934,123.26
2026-06-05 20:15:00+00:00,65673.79999999933,-193.16
2026-06-05 20:45:00+00:00,65495.93999999933,-177.85999999999999
2026-06-05 21:00:00+00:00,65232.18999999933,-263.75
2026-06-05 21:15:00+00:00,64928.71999999933,-303.47
2026-06-05 21:30:00+00:00,65261.09999999933,332.38
2026-06-05 21:45:00+00:00,65052.69999999933,-208.4
2026-06-05 22:00:00+00:00,65200.20999999933,147.51
2026-06-06 00:30:00+00:00,65491.80999999933,291.6
2026-06-06 00:45:00+00:00,65793.55999999933,301.75
2026-06-06 04:00:00+00:00,66039.80999999933,246.25
2026-06-06 05:45:00+00:00,65766.08999999933,-273.72
2026-06-06 06:00:00+00:00,65567.83999999933,-198.25
2026-06-06 06:15:00+00:00,65369.58999999933,-198.25
2026-06-06 06:30:00+00:00,65551.33999999933,181.75
2026-06-06 06:45:00+00:00,65703.71999999933,152.38000000000005
2026-06-06 08:00:00+00:00,65769.49999999933,65.78
2026-06-06 08:30:00+00:00,65417.00999999933,-352.49
2026-06-06 08:45:00+00:00,65588.93999999933,171.93
2026-06-06 09:00:00+00:00,65775.60999999933,186.67
2026-06-06 09:15:00+00:00,65932.86999999933,157.26000000000005
2026-06-06 09:30:00+00:00,65684.12999999932,-248.74
2026-06-06 10:45:00+00:00,65641.54999999932,-42.58
2026-06-06 11:00:00+00:00,65907.87999999932,266.33
2026-06-06 11:15:00+00:00,66169.17999999932,261.3
2026-06-06 11:45:00+00:00,65846.01999999932,-323.16
2026-06-06 12:30:00+00:00,66147.76999999932,301.75
2026-06-06 13:15:00+00:00,66324.60999999932,176.84
2026-06-06 13:45:00+00:00,66219.00999999931,-105.6
2026-06-06 15:30:00+00:00,66405.67999999931,186.67
2026-06-06 17:45:00+00:00,66024.1099999993,-381.57
2026-06-06 18:30:00+00:00,66325.8599999993,301.75
2026-06-06 21:30:00+00:00,66158.2399999993,-167.61999999999998
2026-06-06 21:45:00+00:00,66480.3799999993,322.14
2026-06-06 22:45:00+00:00,66681.84999999931,201.46999999999994
2026-06-06 23:00:00+00:00,66738.14999999931,56.3
2026-06-06 23:30:00+00:00,66949.5199999993,211.37
2026-06-06 23:45:00+00:00,66771.6599999993,-177.85999999999999
2026-06-07 00:00:00+00:00,66390.0899999993,-381.57
2026-06-07 00:15:00+00:00,66641.3499999993,251.26
2026-06-07 00:30:00+00:00,66958.37999999929,317.03
2026-06-07 00:45:00+00:00,67405.2299999993,446.85
2026-06-07 01:00:00+00:00,67582.0699999993,176.84
2026-06-07 01:30:00+00:00,67308.3499999993,-273.72
2026-06-07 01:45:00+00:00,67519.71999999929,211.37
2026-06-07 02:00:00+00:00,67231.08999999928,-288.63
2026-06-07 02:15:00+00:00,67412.83999999928,181.75
2026-06-07 02:30:00+00:00,67594.58999999928,181.75
2026-06-07 03:00:00+00:00,67546.71999999929,-47.86999999999998
2026-06-07 03:15:00+00:00,67223.55999999928,-323.16
2026-06-07 03:30:00+00:00,67020.22999999928,-203.33
2026-06-07 03:45:00+00:00,67211.82999999929,191.6
2026-06-07 04:00:00+00:00,66893.57999999929,-318.25
2026-06-07 04:30:00+00:00,66502.37999999929,-391.2
2026-06-07 04:45:00+00:00,66293.9799999993,-208.4
2026-06-07 05:00:00+00:00,65985.5799999993,-308.4
2026-06-07 05:15:00+00:00,65608.8399999993,-376.74
2026-06-07 05:30:00+00:00,65717.6399999993,108.8
2026-06-07 05:45:00+00:00,65463.8899999993,-253.75
2026-06-07 06:00:00+00:00,65675.2599999993,211.37
2026-06-07 06:15:00+00:00,65822.76999999929,147.51
2026-06-07 06:45:00+00:00,65629.60999999929,-193.16
2026-06-07 07:00:00+00:00,65875.85999999929,246.25
2026-06-07 07:15:00+00:00,65552.69999999928,-323.16
2026-06-07 07:45:00+00:00,65349.36999999928,-203.33
2026-06-07 08:00:00+00:00,65095.61999999928,-253.75
2026-06-07 08:15:00+00:00,65366.989999999285,271.37
2026-06-07 08:30:00+00:00,65043.82999999928,-323.16
2026-06-07 08:45:00+00:00,64800.10999999928,-243.72
2026-06-07 09:15:00+00:00,65041.35999999928,241.25
2026-06-07 09:30:00+00:00,65218.19999999928,176.84
2026-06-07 09:45:00+00:00,65370.579999999274,152.38000000000005
2026-06-07 11:45:00+00:00,65106.829999999274,-263.75
2026-06-07 12:00:00+00:00,65348.079999999274,241.25
2026-06-07 12:30:00+00:00,65211.339999999276,-136.74
2026-06-07 12:45:00+00:00,65023.26999999928,-188.07000000000002
2026-06-07 14:45:00+00:00,65417.66999999928,394.4
2026-06-07 15:30:00+00:00,65473.96999999928,56.3
2026-06-07 16:00:00+00:00,65577.95999999928,103.99
2026-06-07 16:45:00+00:00,65961.94999999928,383.99
2026-06-07 17:30:00+00:00,66203.19999999928,241.25
2026-06-07 17:45:00+00:00,65994.79999999929,-208.4
2026-06-07 19:45:00+00:00,65756.0999999993,-238.7
2026-06-07 20:45:00+00:00,65492.34999999929,-263.75
2026-06-07 21:00:00+00:00,65294.09999999929,-198.25
2026-06-07 21:30:00+00:00,65441.609999999295,147.51
2026-06-07 22:30:00+00:00,65804.8699999993,363.26
2026-06-07 22:45:00+00:00,65471.899999999296,-332.96999999999997
2026-06-07 23:00:00+00:00,65723.15999999929,251.26
2026-06-07 23:15:00+00:00,65540.18999999929,-182.97
2026-06-07 23:30:00+00:00,65197.44999999929,-342.73999999999995
2026-06-07 23:45:00+00:00,64994.11999999929,-203.33
2026-06-08 00:00:00+00:00,64715.41999999929,-278.7
2026-06-08 00:15:00+00:00,64892.25999999929,176.84
2026-06-08 00:30:00+00:00,64598.67999999929,-293.58000000000004
2026-06-08 00:45:00+00:00,64359.97999999929,-238.69999999999996
2026-06-08 01:00:00+00:00,64512.35999999929,152.38000000000005
2026-06-08 01:15:00+00:00,64674.49999999929,162.14000000000004
2026-06-08 01:30:00+00:00,64836.63999999929,162.14000000000004
2026-06-08 01:45:00+00:00,64543.059999999285,-293.58000000000004
2026-06-08 02:00:00+00:00,64507.36999999928,-35.68999999999997
2026-06-08 02:15:00+00:00,64625.79999999928,118.43
2026-06-08 02:30:00+00:00,64437.72999999928,-188.07
2026-06-08 02:45:00+00:00,64556.15999999928,118.43
2026-06-08 03:15:00+00:00,64164.959999999286,-391.2
2026-06-08 03:30:00+00:00,63997.33999999928,-167.62
2026-06-08 03:45:00+00:00,64238.58999999928,241.25
2026-06-08 04:00:00+00:00,64076.099999999286,-162.49
2026-06-08 04:15:00+00:00,64160.92999999929,84.82999999999994
2026-06-08 04:30:00+00:00,64141.709999999286,-19.22
2026-06-08 05:00:00+00:00,64274.64999999929,132.94
2026-06-08 05:15:00+00:00,64020.89999999929,-253.75
2026-06-08 05:30:00+00:00,64144.15999999929,123.26
2026-06-08 06:30:00+00:00,63801.41999999929,-342.73999999999995
2026-06-08 06:45:00+00:00,64037.66999999929,236.25
2026-06-08 07:15:00+00:00,63694.929999999295,-342.73999999999995
2026-06-08 07:30:00+00:00,63441.179999999295,-253.75
2026-06-08 08:15:00+00:00,63593.55999999929,152.38000000000005
2026-06-08 08:30:00+00:00,63541.98999999929,-51.57
2026-06-08 08:45:00+00:00,63431.179999999295,-110.80999999999999
2026-06-08 09:30:00+00:00,63399.19999999929,-31.98000000000003
2026-06-08 09:45:00+00:00,63309.25999999929,-89.94
2026-06-08 10:00:00+00:00,63229.78999999929,-79.47000000000001
2026-06-08 10:45:00+00:00,63171.35999999929,-58.42999999999999
2026-06-08 11:00:00+00:00,63065.75999999929,-105.6
2026-06-08 11:15:00+00:00,62703.54999999929,-362.21
2026-06-08 11:30:00+00:00,62577.15999999929,-126.39
2026-06-08 11:45:00+00:00,62253.99999999929,-323.16
2026-06-08 12:30:00+00:00,62515.29999999929,261.3
2026-06-08 12:45:00+00:00,62399.28999999929,-116.00999999999999
2026-06-08 13:00:00+00:00,62076.129999999284,-323.16
2026-06-08 13:15:00+00:00,61738.269999999284,-337.85999999999996
2026-06-08 13:30:00+00:00,61939.739999999285,201.46999999999994
2026-06-08 13:45:00+00:00,61926.919999999285,-12.82
2026-06-08 14:15:00+00:00,62198.28999999929,271.37
2026-06-08 14:30:00+00:00,62316.71999999929,118.43
2026-06-08 14:45:00+00:00,62067.97999999929,-248.74
2026-06-08 15:00:00+00:00,62324.25999999929,256.28
2026-06-08 15:15:00+00:00,62040.58999999929,-283.67
2026-06-08 15:30:00+00:00,61903.84999999929,-136.74
2026-06-08 16:00:00+00:00,61460.149999999296,-443.7
2026-06-08 16:15:00+00:00,61408.0499999993,-52.09999999999999
2026-06-08 16:30:00+00:00,61260.9899999993,-147.06
2026-06-08 17:15:00+00:00,61413.3699999993,152.38000000000005
2026-06-08 18:15:00+00:00,61363.3799999993,-49.98999999999999
2026-06-08 18:30:00+00:00,61665.1299999993,301.75
2026-06-08 19:00:00+00:00,61426.4299999993,-238.7
2026-06-08 19:15:00+00:00,61779.369999999304,352.94
2026-06-08 19:30:00+00:00,61520.619999999304,-258.75
2026-06-08 19:45:00+00:00,61727.0399999993,206.41999999999993
2026-06-08 20:00:00+00:00,61831.0299999993,103.99
2026-06-08 20:15:00+00:00,62077.2799999993,246.25
2026-06-08 20:30:00+00:00,61925.0699999993,-152.21
2026-06-08 20:45:00+00:00,62116.6699999993,191.6
2026-06-08 21:00:00+00:00,62318.1399999993,201.47
2026-06-08 21:15:00+00:00,62383.9199999993,65.78
2026-06-08 21:30:00+00:00,62200.9499999993,-182.97
2026-06-08 21:45:00+00:00,61853.329999999296,-347.61999999999995
2026-06-08 22:00:00+00:00,61991.1199999993,137.79
2026-06-08 22:15:00+00:00,62037.4899999993,46.37
2026-06-08 22:30:00+00:00,62229.0899999993,191.6
2026-06-08 22:45:00+00:00,61975.3399999993,-253.75
2026-06-08 23:00:00+00:00,62246.7099999993,271.37
2026-06-08 23:15:00+00:00,61938.3099999993,-308.4
2026-06-08 23:45:00+00:00,61832.7099999993,-105.6
2026-06-09 00:00:00+00:00,61774.2799999993,-58.43
2026-06-09 00:15:00+00:00,62010.5299999993,236.25
2026-06-09 00:30:00+00:00,62358.3199999993,347.79
2026-06-09 00:45:00+00:00,62109.5799999993,-248.74
2026-06-09 01:00:00+00:00,62066.4699999993,-43.11
2026-06-09 01:15:00+00:00,62015.4299999993,-51.039999999999985
2026-06-09 01:30:00+00:00,62276.729999999305,261.3
2026-06-09 01:45:00+00:00,62218.299999999304,-58.43
2026-06-09 02:15:00+00:00,61979.59999999931,-238.7
2026-06-09 02:30:00+00:00,62394.88999999931,415.29
2026-06-09 02:45:00+00:00,62631.13999999931,236.25
2026-06-09 03:00:00+00:00,62551.66999999931,-79.47000000000001
2026-06-09 03:15:00+00:00,62660.46999999931,108.8
2026-06-09 03:45:00+00:00,62586.24999999931,-74.22
2026-06-09 04:00:00+00:00,62238.629999999306,-347.61999999999995
2026-06-09 04:15:00+00:00,61915.4699999993,-323.16
2026-06-09 04:45:00+00:00,61607.0699999993,-308.4
2026-06-09 05:00:00+00:00,61465.1699999993,-141.9
2026-06-09 05:15:00+00:00,61896.2099999993,431.04
2026-06-09 05:30:00+00:00,61790.6099999993,-105.59999999999997
2026-06-09 05:45:00+00:00,61516.8899999993,-273.72
2026-06-09 06:00:00+00:00,61758.1399999993,241.25
2026-06-09 06:15:00+00:00,61430.0699999993,-328.07
2026-06-09 06:45:00+00:00,61671.3199999993,241.25
2026-06-09 07:00:00+00:00,61467.9899999993,-203.33
2026-06-09 07:15:00+00:00,61576.7899999993,108.8
2026-06-09 07:30:00+00:00,61773.3199999993,196.52999999999994
2026-06-09 07:45:00+00:00,61678.1499999993,-95.17000000000003
2026-06-09 08:00:00+00:00,61914.3999999993,236.25
2026-06-09 08:15:00+00:00,62066.7799999993,152.38000000000005
2026-06-09 08:30:00+00:00,61833.1099999993,-233.67
2026-06-09 08:45:00+00:00,61961.2099999993,128.1
2026-06-09 09:15:00+00:00,61732.5799999993,-228.63
2026-06-09 09:30:00+00:00,61894.7199999993,162.14
2026-06-09 10:00:00+00:00,62101.1399999993,206.42
2026-06-09 10:15:00+00:00,62229.2399999993,128.1
2026-06-09 10:30:00+00:00,62490.5399999993,261.3
2026-06-09 10:45:00+00:00,62672.2899999993,181.75
2026-06-09 11:30:00+00:00,62938.619999999304,266.33
2026-06-09 11:45:00+00:00,62730.2199999993,-208.4
2026-06-09 12:00:00+00:00,62976.4699999993,246.25
2026-06-09 12:15:00+00:00,63153.3099999993,176.84
2026-06-09 12:30:00+00:00,63389.5599999993,236.25
2026-06-09 12:45:00+00:00,63625.8099999993,236.25
2026-06-09 13:00:00+00:00,63577.9399999993,-47.86999999999998
2026-06-09 13:15:00+00:00,63829.1999999993,251.26
2026-06-09 13:45:00+00:00,64085.4799999993,256.28
2026-06-09 14:00:00+00:00,63851.8099999993,-233.67
2026-06-09 14:15:00+00:00,63553.2799999993,-298.53
2026-06-09 14:30:00+00:00,63390.7899999993,-162.49
2026-06-09 15:00:00+00:00,63637.0399999993,246.25
2026-06-09 15:15:00+00:00,63562.8199999993,-74.22
2026-06-09 15:30:00+00:00,63329.1499999993,-233.67
2026-06-09 15:45:00+00:00,63045.479999999305,-283.67
2026-06-09 16:15:00+00:00,62776.73999999931,-268.74
2026-06-09 16:30:00+00:00,62988.10999999931,211.37
2026-06-09 16:45:00+00:00,63044.40999999931,56.3
2026-06-09 17:00:00+00:00,62912.83999999931,-131.57
2026-06-09 17:15:00+00:00,62734.97999999931,-177.85999999999999
2026-06-09 17:30:00+00:00,62618.96999999931,-116.00999999999999
2026-06-09 17:45:00+00:00,62920.71999999931,301.75
2026-06-09 18:00:00+00:00,63117.24999999931,196.52999999999994
2026-06-09 18:15:00+00:00,63226.04999999931,108.8
2026-06-09 18:30:00+00:00,63487.349999999315,261.3
2026-06-09 18:45:00+00:00,63258.71999999932,-228.63
2026-06-09 19:00:00+00:00,63504.96999999932,246.25
2026-06-09 19:15:00+00:00,63266.26999999932,-238.7
2026-06-09 19:30:00+00:00,62943.10999999932,-323.16
2026-06-09 19:45:00+00:00,63042.29999999932,99.19
2026-06-09 20:00:00+00:00,62665.55999999932,-376.74
2026-06-09 20:15:00+00:00,62406.80999999932,-258.75
2026-06-09 20:30:00+00:00,62648.05999999932,241.25
2026-06-09 20:45:00+00:00,62266.48999999932,-381.57
2026-06-09 21:00:00+00:00,61948.23999999932,-318.25
2026-06-09 21:15:00+00:00,62042.63999999932,94.4
2026-06-09 21:30:00+00:00,62185.289999999324,142.65
2026-06-09 21:45:00+00:00,62313.38999999932,128.1
2026-06-09 22:00:00+00:00,62084.759999999325,-228.63
2026-06-09 22:15:00+00:00,62346.05999999933,261.3
2026-06-09 22:30:00+00:00,61974.15999999933,-371.9
2026-06-09 22:45:00+00:00,62073.34999999933,99.19
2026-06-09 23:15:00+00:00,61880.189999999326,-193.16
2026-06-09 23:30:00+00:00,61547.219999999325,-332.97
2026-06-09 23:45:00+00:00,61738.81999999932,191.6
2026-06-10 00:00:00+00:00,62005.149999999325,266.33
2026-06-10 00:15:00+00:00,62142.939999999326,137.79
2026-06-10 00:30:00+00:00,61849.359999999324,-293.58000000000004
2026-06-10 00:45:00+00:00,61996.869999999326,147.51
2026-06-10 01:00:00+00:00,62043.719999999325,46.85
2026-06-10 01:15:00+00:00,62235.31999999932,191.6
2026-06-10 01:30:00+00:00,62042.15999999932,-193.16
2026-06-10 02:15:00+00:00,61670.25999999932,-371.9
2026-06-10 02:30:00+00:00,61755.08999999932,84.82999999999994
2026-06-10 02:45:00+00:00,61587.46999999932,-167.62
2026-06-10 03:00:00+00:00,61435.25999999932,-152.21
2026-06-10 03:15:00+00:00,61602.28999999932,167.03
2026-06-10 04:00:00+00:00,61313.65999999932,-288.63
2026-06-10 04:15:00+00:00,61461.16999999932,147.51
2026-06-10 04:30:00+00:00,61182.469999999325,-278.7
2026-06-10 04:45:00+00:00,61272.079999999325,89.61
2026-06-10 05:00:00+00:00,61380.87999999933,108.8
2026-06-10 05:15:00+00:00,61043.01999999933,-337.86
2026-06-10 05:30:00+00:00,61304.31999999933,261.3
2026-06-10 05:45:00+00:00,61461.57999999933,157.26
2026-06-10 06:00:00+00:00,61663.04999999933,201.47
2026-06-10 06:15:00+00:00,61339.88999999933,-323.16
2026-06-10 06:30:00+00:00,61046.30999999933,-293.58
2026-06-10 06:45:00+00:00,60626.369999999326,-419.94
2026-06-10 07:00:00+00:00,60783.62999999933,157.26
2026-06-10 07:15:00+00:00,60921.41999999933,137.79
2026-06-10 07:30:00+00:00,61132.78999999933,211.37
2026-06-10 07:45:00+00:00,60809.62999999933,-323.16
2026-06-10 08:00:00+00:00,60986.469999999325,176.84
2026-06-10 08:15:00+00:00,61178.06999999932,191.6
2026-06-10 09:00:00+00:00,61505.329999999325,327.26
2026-06-10 09:15:00+00:00,61652.83999999933,147.51
2026-06-10 09:30:00+00:00,61914.13999999933,261.3
2026-06-10 10:00:00+00:00,62251.64999999933,337.51
2026-06-10 10:15:00+00:00,62294.24999999933,42.6
2026-06-10 10:30:00+00:00,62616.38999999933,322.14
2026-06-10 11:00:00+00:00,62407.98999999933,-208.4
2026-06-10 11:15:00+00:00,62339.02999999933,-68.96
2026-06-10 11:30:00+00:00,62661.16999999933,322.14
2026-06-10 11:45:00+00:00,62937.58999999933,276.42
2026-06-10 12:00:00+00:00,63193.869999999326,256.28
2026-06-10 12:15:00+00:00,62925.12999999933,-268.74
2026-06-10 12:30:00+00:00,63121.65999999933,196.52999999999994
2026-06-10 13:00:00+00:00,63357.90999999933,236.25
2026-06-10 13:15:00+00:00,63609.16999999933,251.26
2026-06-10 13:30:00+00:00,63286.009999999325,-323.16
2026-06-10 13:45:00+00:00,63399.619999999326,113.61
2026-06-10 14:00:00+00:00,63615.94999999933,216.33
2026-06-10 14:15:00+00:00,63984.37999999933,368.43
2026-06-10 14:30:00+00:00,63745.67999999933,-238.7
2026-06-10 15:00:00+00:00,63996.93999999933,251.26
2026-06-10 15:30:00+00:00,64248.199999999335,251.26
2026-06-10 15:45:00+00:00,64549.949999999335,301.75
2026-06-10 16:00:00+00:00,64887.45999999934,337.51
2026-06-10 16:45:00+00:00,65123.70999999934,236.25
2026-06-10 17:00:00+00:00,65175.27999999934,51.57
2026-06-10 17:15:00+00:00,64876.74999999934,-298.53
2026-06-10 17:30:00+00:00,65112.99999999934,236.25
2026-06-10 17:45:00+00:00,65250.78999999934,137.79
2026-06-10 18:00:00+00:00,65093.43999999934,-157.35000000000002
2026-06-10 18:15:00+00:00,65072.61999999934,-20.82
2026-06-10 18:30:00+00:00,65568.86999999934,496.25
2026-06-10 18:45:00+00:00,65835.19999999934,266.33
2026-06-10 19:00:00+00:00,66036.66999999934,201.47
2026-06-10 19:30:00+00:00,66313.08999999934,276.42
2026-06-10 19:45:00+00:00,66455.73999999934,142.65
2026-06-10 20:00:00+00:00,66603.24999999933,147.51
2026-06-10 20:15:00+00:00,66760.50999999933,157.26000000000005
2026-06-10 20:30:00+00:00,66496.75999999933,-263.75
2026-06-10 20:45:00+00:00,66243.00999999933,-253.75
2026-06-10 21:00:00+00:00,66424.75999999933,181.75
2026-06-10 21:15:00+00:00,66495.28999999932,70.53
2026-06-10 21:30:00+00:00,66633.07999999932,137.79
2026-06-10 21:45:00+00:00,66795.21999999932,162.14
2026-06-10 22:00:00+00:00,66754.22999999931,-40.99
2026-06-10 22:15:00+00:00,66535.69999999931,-218.53
2026-06-10 22:30:00+00:00,66737.16999999931,201.47
2026-06-10 22:45:00+00:00,66691.93999999932,-45.22999999999998
2026-06-10 23:00:00+00:00,66839.44999999931,147.51
2026-06-10 23:15:00+00:00,66991.82999999932,152.38000000000005
2026-06-10 23:45:00+00:00,66673.57999999932,-318.25
2026-06-11 00:00:00+00:00,66821.08999999931,147.51
2026-06-11 00:15:00+00:00,66939.5199999993,118.43
2026-06-11 00:30:00+00:00,67062.7799999993,123.26
2026-06-11 00:45:00+00:00,67274.1499999993,211.37
2026-06-11 01:00:00+00:00,67325.7199999993,51.57
2026-06-11 01:15:00+00:00,67537.0899999993,211.37
2026-06-11 01:30:00+00:00,67338.8399999993,-198.25
2026-06-11 01:45:00+00:00,67025.5099999993,-313.33
2026-06-11 02:00:00+00:00,67226.9799999993,201.46999999999994
2026-06-11 02:15:00+00:00,67379.3599999993,152.38000000000005
2026-06-11 02:30:00+00:00,67046.3899999993,-332.97
2026-06-11 02:45:00+00:00,67353.2299999993,306.84
2026-06-11 03:00:00+00:00,67000.73999999929,-352.49
2026-06-11 03:15:00+00:00,67095.13999999929,94.4
2026-06-11 03:30:00+00:00,67083.37999999929,-11.76000000000001
2026-06-11 03:45:00+00:00,67139.6799999993,56.3
2026-06-11 04:00:00+00:00,66931.2799999993,-208.4
2026-06-11 04:15:00+00:00,67088.5399999993,157.26000000000005
2026-06-11 04:30:00+00:00,67299.90999999929,211.37
2026-06-11 04:45:00+00:00,67036.15999999929,-263.75
2026-06-11 05:00:00+00:00,67092.4599999993,56.3
2026-06-11 05:15:00+00:00,67172.51999999929,80.06
2026-06-11 05:30:00+00:00,66989.54999999929,-182.97
2026-06-11 05:45:00+00:00,66771.01999999929,-218.53000000000003
2026-06-11 06:00:00+00:00,66947.85999999929,176.84
2026-06-11 06:15:00+00:00,66684.10999999929,-263.75
2026-06-11 06:30:00+00:00,66506.24999999929,-177.85999999999999
2026-06-11 06:45:00+00:00,66313.08999999928,-193.16
2026-06-11 07:00:00+00:00,66504.68999999929,191.6
2026-06-11 07:15:00+00:00,66745.93999999929,241.25
2026-06-11 07:30:00+00:00,66692.7899999993,-53.149999999999984
2026-06-11 07:45:00+00:00,66994.5399999993,301.75
2026-06-11 08:00:00+00:00,66811.5699999993,-182.97
2026-06-11 08:30:00+00:00,66488.40999999929,-323.16
2026-06-11 08:45:00+00:00,66699.77999999929,211.37
2026-06-11 09:00:00+00:00,66646.62999999929,-53.149999999999984
2026-06-11 09:15:00+00:00,66862.9599999993,216.33
2026-06-11 09:30:00+00:00,67015.3399999993,152.38000000000005
2026-06-11 10:00:00+00:00,66806.9399999993,-208.4
2026-06-11 10:15:00+00:00,67048.1899999993,241.25
2026-06-11 10:30:00+00:00,67284.4399999993,236.25
2026-06-11 11:00:00+00:00,67451.4699999993,167.03
2026-06-11 11:15:00+00:00,67197.7199999993,-253.75
2026-06-11 11:30:00+00:00,67489.31999999931,291.6
2026-06-11 11:45:00+00:00,67801.2499999993,311.93
2026-06-11 12:00:00+00:00,67978.0899999993,176.84
2026-06-11 12:15:00+00:00,67630.4699999993,-347.61999999999995
2026-06-11 12:30:00+00:00,67916.9999999993,286.53
2026-06-11 12:45:00+00:00,68188.3699999993,271.37
2026-06-11 13:00:00+00:00,68072.3599999993,-116.00999999999999
2026-06-11 13:15:00+00:00,68224.7399999993,152.38000000000005
2026-06-11 13:30:00+00:00,68211.3799999993,-13.36
2026-06-11 13:45:00+00:00,67858.8899999993,-352.49
2026-06-11 14:00:00+00:00,67986.9899999993,128.1
2026-06-11 14:45:00+00:00,67966.1699999993,-20.82
2026-06-11 15:00:00+00:00,67876.2299999993,-89.94
2026-06-11 15:15:00+00:00,67632.5099999993,-243.72
2026-06-11 15:30:00+00:00,67985.4499999993,352.94
2026-06-11 15:45:00+00:00,67528.5199999993,-456.93
2026-06-11 16:15:00+00:00,67459.5599999993,-68.96
2026-06-11 16:30:00+00:00,67205.8099999993,-253.75
2026-06-11 16:45:00+00:00,67363.0699999993,157.26
2026-06-11 17:00:00+00:00,67486.32999999929,123.26
2026-06-11 17:15:00+00:00,67232.57999999929,-253.75
2026-06-11 17:30:00+00:00,67434.04999999929,201.47
2026-06-11 17:45:00+00:00,67349.33999999928,-84.71000000000001
2026-06-11 18:00:00+00:00,67186.84999999928,-162.49000000000004
2026-06-11 18:15:00+00:00,67498.77999999927,311.93
2026-06-11 18:30:00+00:00,67862.03999999927,363.26
2026-06-11 19:00:00+00:00,68093.29999999926,231.26
2026-06-11 19:15:00+00:00,67844.55999999926,-248.74
2026-06-11 19:30:00+00:00,67953.35999999926,108.8
2026-06-11 19:45:00+00:00,67902.31999999926,-51.039999999999985
2026-06-11 20:00:00+00:00,68113.68999999926,211.37
2026-06-11 20:45:00+00:00,68275.82999999926,162.14000000000004
2026-06-11 21:15:00+00:00,68032.10999999926,-243.72
2026-06-11 21:30:00+00:00,68150.53999999925,118.43
2026-06-11 21:45:00+00:00,67911.83999999925,-238.69999999999996
2026-06-11 22:00:00+00:00,67896.87999999925,-14.96
2026-06-11 22:15:00+00:00,67957.91999999924,61.04
2026-06-11 22:45:00+00:00,67759.66999999924,-198.25
2026-06-11 23:15:00+00:00,67873.27999999924,113.61
2026-06-11 23:30:00+00:00,67741.70999999924,-131.57
2026-06-11 23:45:00+00:00,67691.71999999923,-49.98999999999999
2026-06-12 00:00:00+00:00,67932.96999999923,241.25
2026-06-12 00:15:00+00:00,67659.24999999923,-273.72
2026-06-12 00:45:00+00:00,67564.07999999923,-95.17000000000003
2026-06-12 01:00:00+00:00,67865.82999999923,301.75
2026-06-12 01:15:00+00:00,67936.35999999923,70.53
2026-06-12 01:45:00+00:00,67851.64999999922,-84.71000000000001
2026-06-12 02:00:00+00:00,68053.11999999922,201.47
2026-06-12 02:30:00+00:00,67947.51999999922,-105.6
2026-06-12 02:45:00+00:00,67604.77999999921,-342.73999999999995
2026-06-12 03:00:00+00:00,67816.14999999921,211.37
2026-06-12 03:15:00+00:00,68022.5699999992,206.41999999999993
2026-06-12 03:30:00+00:00,68199.4099999992,176.84
2026-06-12 03:45:00+00:00,68016.4399999992,-182.97
2026-06-12 04:00:00+00:00,67762.6899999992,-253.75
2026-06-12 04:15:00+00:00,67915.0699999992,152.38000000000005
2026-06-12 04:30:00+00:00,67961.91999999921,46.85
2026-06-12 04:45:00+00:00,68198.16999999921,236.25
2026-06-12 05:00:00+00:00,68489.76999999922,291.6
2026-06-12 05:15:00+00:00,68579.37999999922,89.61
2026-06-12 05:30:00+00:00,68452.98999999922,-126.39
2026-06-12 05:45:00+00:00,68610.24999999921,157.26000000000005
2026-06-12 06:00:00+00:00,68541.28999999921,-68.96
2026-06-12 06:15:00+00:00,68802.58999999921,261.3
2026-06-12 06:30:00+00:00,68896.9899999992,94.4
2026-06-12 06:45:00+00:00,69078.7399999992,181.75
2026-06-12 07:15:00+00:00,69221.3899999992,142.65
2026-06-12 07:30:00+00:00,69523.1399999992,301.75
2026-06-12 07:45:00+00:00,69789.4699999992,266.33
2026-06-12 08:30:00+00:00,69898.2699999992,108.8
2026-06-12 08:45:00+00:00,70050.64999999921,152.38000000000005
2026-06-12 09:00:00+00:00,69919.0799999992,-131.57
2026-06-12 09:30:00+00:00,69756.5899999992,-162.49000000000004
2026-06-12 09:45:00+00:00,69558.3399999992,-198.25
2026-06-12 10:00:00+00:00,69749.9399999992,191.6
2026-06-12 10:15:00+00:00,69834.7699999992,84.82999999999994
2026-06-12 10:30:00+00:00,70056.0699999992,221.3
2026-06-12 11:00:00+00:00,69914.16999999921,-141.9
2026-06-12 11:15:00+00:00,70022.96999999922,108.8
2026-06-12 11:30:00+00:00,70002.14999999921,-20.820000000000018
2026-06-12 11:45:00+00:00,70154.52999999921,152.38000000000005
2026-06-12 12:00:00+00:00,70456.27999999921,301.75
2026-06-12 12:15:00+00:00,70574.7099999992,118.43
2026-06-12 12:45:00+00:00,70241.7399999992,-332.97
2026-06-12 13:00:00+00:00,69977.9899999992,-263.75
2026-06-12 13:30:00+00:00,69958.2399999992,-19.75
2026-06-12 13:45:00+00:00,70086.33999999921,128.1
2026-06-12 14:00:00+00:00,70287.80999999921,201.47
2026-06-12 15:15:00+00:00,70140.74999999921,-147.06
2026-06-12 15:30:00+00:00,70317.58999999921,176.84
2026-06-12 15:45:00+00:00,70378.6299999992,61.04
2026-06-12 16:00:00+00:00,70273.0299999992,-105.6
2026-06-12 16:15:00+00:00,70230.4499999992,-42.57999999999998
2026-06-12 16:30:00+00:00,70578.23999999919,347.79
2026-06-12 16:45:00+00:00,70759.98999999919,181.75
2026-06-12 17:15:00+00:00,71006.23999999919,246.25
2026-06-12 17:30:00+00:00,71217.60999999919,211.37
2026-06-12 17:45:00+00:00,71428.97999999918,211.37
2026-06-12 18:00:00+00:00,71528.16999999918,99.19
2026-06-12 18:15:00+00:00,71200.09999999918,-328.07
2026-06-12 18:30:00+00:00,71280.15999999917,80.06
2026-06-12 18:45:00+00:00,71486.57999999917,206.42
2026-06-12 19:00:00+00:00,71638.95999999918,152.38000000000005
2026-06-12 19:15:00+00:00,71767.05999999918,128.1
2026-06-12 19:30:00+00:00,72018.31999999918,251.26
2026-06-12 19:45:00+00:00,72127.11999999918,108.8
2026-06-12 20:00:00+00:00,71933.95999999918,-193.16
2026-06-12 20:15:00+00:00,71645.32999999917,-288.63
2026-06-12 20:30:00+00:00,71544.93999999917,-100.39
2026-06-12 20:45:00+00:00,71771.21999999917,226.28
2026-06-12 21:15:00+00:00,71972.68999999917,201.47
2026-06-12 21:30:00+00:00,71664.28999999918,-308.4
2026-06-12 21:45:00+00:00,71826.42999999918,162.14
2026-06-12 22:00:00+00:00,71954.52999999918,128.1
2026-06-12 22:15:00+00:00,72126.45999999918,171.93
2026-06-12 22:30:00+00:00,71872.70999999918,-253.75
2026-06-12 23:00:00+00:00,72164.30999999918,291.6
2026-06-12 23:15:00+00:00,72292.40999999919,128.1
2026-06-12 23:30:00+00:00,72439.91999999918,147.51
2026-06-12 23:45:00+00:00,72241.66999999918,-198.25
2026-06-13 00:00:00+00:00,72043.41999999918,-198.25
2026-06-13 00:15:00+00:00,71794.67999999918,-248.74
2026-06-13 00:30:00+00:00,71947.05999999918,152.38000000000005
2026-06-13 01:00:00+00:00,71904.47999999918,-42.57999999999998
2026-06-13 01:15:00+00:00,72175.84999999918,271.37
2026-06-13 01:30:00+00:00,71867.44999999918,-308.4
2026-06-13 02:00:00+00:00,71669.19999999918,-198.25
2026-06-13 02:15:00+00:00,71870.66999999918,201.46999999999994
2026-06-13 02:45:00+00:00,71621.92999999918,-248.74
2026-06-13 03:00:00+00:00,71288.95999999918,-332.97
2026-06-13 03:15:00+00:00,71407.38999999917,118.43
2026-06-13 03:45:00+00:00,71653.63999999917,246.25
2026-06-13 04:00:00+00:00,71925.00999999917,271.37
2026-06-13 04:15:00+00:00,71814.19999999917,-110.81
2026-06-13 04:30:00+00:00,71762.62999999916,-51.569999999999986
2026-06-13 04:45:00+00:00,71861.81999999916,99.19
2026-06-13 05:00:00+00:00,71519.07999999916,-342.74
2026-06-13 05:15:00+00:00,71240.37999999916,-278.7
2026-06-13 05:30:00+00:00,70897.63999999916,-342.73999999999995
2026-06-13 05:45:00+00:00,70584.30999999915,-313.33
2026-06-13 06:00:00+00:00,70416.68999999916,-167.62
2026-06-13 06:15:00+00:00,70162.93999999916,-253.75
2026-06-13 06:30:00+00:00,69815.31999999916,-347.61999999999995
2026-06-13 06:45:00+00:00,70091.73999999916,276.42
2026-06-13 07:15:00+00:00,70248.99999999916,157.26000000000005
2026-06-13 07:30:00+00:00,69862.60999999916,-386.39
2026-06-13 07:45:00+00:00,69554.20999999916,-308.4
2026-06-13 08:00:00+00:00,69740.87999999916,186.67
2026-06-13 08:15:00+00:00,69987.12999999916,246.25
2026-06-13 08:30:00+00:00,70233.37999999916,246.25
2026-06-13 08:45:00+00:00,69974.62999999916,-258.75
2026-06-13 09:00:00+00:00,70215.87999999916,241.25
2026-06-13 09:15:00+00:00,70472.15999999916,256.28
2026-06-13 09:30:00+00:00,70228.43999999916,-243.72
2026-06-13 09:45:00+00:00,70395.46999999916,167.03
2026-06-13 10:00:00+00:00,70626.72999999915,231.26
2026-06-13 10:15:00+00:00,70353.00999999915,-273.72
2026-06-13 10:30:00+00:00,70529.84999999915,176.84
2026-06-13 10:45:00+00:00,70600.37999999915,70.53
2026-06-13 11:15:00+00:00,70549.33999999915,-51.039999999999985
2026-06-13 11:30:00+00:00,70351.08999999915,-198.25
2026-06-13 11:45:00+00:00,70245.48999999915,-105.6
2026-06-13 12:00:00+00:00,70412.51999999915,167.03
2026-06-13 12:15:00+00:00,70173.81999999915,-238.7
2026-06-13 12:30:00+00:00,69860.48999999915,-313.33
2026-06-13 12:45:00+00:00,70116.76999999915,256.28
2026-06-13 13:00:00+00:00,70192.05999999914,75.29
2026-06-13 13:15:00+00:00,69873.80999999914,-318.25
2026-06-13 13:30:00+00:00,69726.74999999914,-147.06
2026-06-13 13:45:00+00:00,69845.17999999913,118.43
2026-06-13 14:00:00+00:00,70002.43999999913,157.26000000000005
2026-06-13 14:30:00+00:00,69917.72999999912,-84.71
2026-06-13 15:00:00+00:00,70158.97999999912,241.25
2026-06-13 15:15:00+00:00,69850.57999999913,-308.4
2026-06-13 15:30:00+00:00,70091.82999999913,241.25
2026-06-13 15:45:00+00:00,70343.08999999912,251.26
2026-06-13 16:30:00+00:00,70554.45999999912,211.37
2026-06-13 16:45:00+00:00,70356.20999999912,-198.25
2026-06-13 17:00:00+00:00,70719.46999999911,363.26
2026-06-13 17:15:00+00:00,70551.84999999912,-167.62
2026-06-13 17:30:00+00:00,70498.69999999912,-53.149999999999984
2026-06-13 17:45:00+00:00,70234.94999999912,-263.75
2026-06-13 18:15:00+00:00,70431.47999999912,196.53
2026-06-13 18:30:00+00:00,70564.41999999913,132.94
2026-06-13 18:45:00+00:00,70241.25999999912,-323.16
2026-06-13 19:00:00+00:00,70477.50999999912,236.25
2026-06-13 19:15:00+00:00,70366.69999999912,-110.80999999999999
2026-06-13 19:30:00+00:00,70622.97999999912,256.28
2026-06-13 19:45:00+00:00,70404.44999999912,-218.53000000000003
2026-06-13 20:00:00+00:00,70140.69999999912,-263.75
2026-06-13 20:15:00+00:00,70045.52999999913,-95.17
2026-06-13 20:30:00+00:00,70286.77999999913,241.25
2026-06-13 20:45:00+00:00,69988.24999999913,-298.53
2026-06-13 21:00:00+00:00,70130.89999999912,142.65
2026-06-13 21:15:00+00:00,70392.19999999912,261.3
2026-06-13 21:30:00+00:00,70128.44999999912,-263.75
2026-06-13 21:45:00+00:00,70246.87999999912,118.43
2026-06-13 22:00:00+00:00,70399.25999999912,152.38000000000005
2026-06-13 22:15:00+00:00,70585.92999999912,186.67
2026-06-13 22:30:00+00:00,70322.17999999912,-263.75
2026-06-13 22:45:00+00:00,70058.42999999912,-263.75
2026-06-13 23:00:00+00:00,70360.17999999912,301.75
2026-06-13 23:15:00+00:00,70566.59999999912,206.41999999999993
2026-06-13 23:30:00+00:00,70561.24999999911,-5.350000000000004
2026-06-13 23:45:00+00:00,70873.1799999991,311.93
2026-06-14 00:00:00+00:00,71020.6899999991,147.51
2026-06-14 00:15:00+00:00,71212.2899999991,191.6
2026-06-14 00:30:00+00:00,70874.4299999991,-337.85999999999996
2026-06-14 01:00:00+00:00,70570.9599999991,-303.4700000000001
2026-06-14 01:15:00+00:00,70257.6299999991,-313.33
2026-06-14 01:30:00+00:00,70049.22999999911,-208.4
2026-06-14 01:45:00+00:00,70201.60999999911,152.38000000000005
2026-06-14 02:00:00+00:00,69917.93999999911,-283.67
2026-06-14 02:15:00+00:00,70159.18999999911,241.25
2026-06-14 02:45:00+00:00,69855.71999999911,-303.47
2026-06-14 03:00:00+00:00,70003.22999999911,147.51
2026-06-14 03:15:00+00:00,70224.52999999911,221.3
2026-06-14 03:30:00+00:00,70155.5699999991,-68.96
2026-06-14 03:45:00+00:00,70327.4999999991,171.93
2026-06-14 04:00:00+00:00,70078.75999999909,-248.74
2026-06-14 04:15:00+00:00,69830.01999999909,-248.74
2026-06-14 04:30:00+00:00,69506.85999999908,-323.16
2026-06-14 04:45:00+00:00,69743.10999999908,236.25
2026-06-14 05:00:00+00:00,69895.48999999909,152.38000000000005
2026-06-14 05:15:00+00:00,70096.95999999909,201.47
2026-06-14 05:30:00+00:00,70419.09999999909,322.14
2026-06-14 05:45:00+00:00,70640.39999999909,221.3
2026-06-14 06:00:00+00:00,70442.14999999909,-198.25
2026-06-14 06:15:00+00:00,70536.54999999909,94.4
2026-06-14 06:30:00+00:00,70772.79999999909,236.25
2026-06-14 06:45:00+00:00,71004.05999999908,231.26
2026-06-14 07:15:00+00:00,71245.30999999908,241.25
2026-06-14 07:30:00+00:00,71311.08999999908,65.78
2026-06-14 08:15:00+00:00,70929.51999999907,-381.57
2026-06-14 08:30:00+00:00,70877.41999999907,-52.09999999999999
2026-06-14 08:45:00+00:00,71024.92999999906,147.51
2026-06-14 09:00:00+00:00,70781.20999999906,-243.72
2026-06-14 09:15:00+00:00,70537.48999999906,-243.72
2026-06-14 09:30:00+00:00,70684.99999999905,147.51
2026-06-14 09:45:00+00:00,70481.66999999905,-203.33
2026-06-14 10:00:00+00:00,70288.50999999905,-193.16
2026-06-14 10:30:00+00:00,70146.60999999905,-141.9
2026-06-14 10:45:00+00:00,70004.70999999906,-141.9
2026-06-14 11:30:00+00:00,70311.54999999906,306.84
2026-06-14 11:45:00+00:00,70263.67999999906,-47.86999999999998
2026-06-14 12:00:00+00:00,69999.92999999906,-263.75
2026-06-14 12:30:00+00:00,69701.39999999906,-298.53
2026-06-14 12:45:00+00:00,69767.17999999906,65.78
2026-06-14 13:15:00+00:00,69717.71999999906,-49.45999999999999
2026-06-14 13:30:00+00:00,69404.38999999905,-313.33
2026-06-14 13:45:00+00:00,69630.66999999905,226.28
2026-06-14 14:00:00+00:00,69610.38999999905,-20.28
2026-06-14 14:15:00+00:00,69782.31999999905,171.93
2026-06-14 14:30:00+00:00,69713.35999999904,-68.96
2026-06-14 14:45:00+00:00,69826.96999999904,113.61
2026-06-14 15:00:00+00:00,70128.71999999904,301.75
2026-06-14 15:15:00+00:00,70189.75999999903,61.04
2026-06-14 15:30:00+00:00,70105.04999999903,-84.71
2026-06-14 15:45:00+00:00,70566.17999999903,461.13
2026-06-14 16:00:00+00:00,70929.43999999903,363.26
2026-06-14 16:15:00+00:00,71043.04999999903,113.61
2026-06-14 16:45:00+00:00,71171.14999999903,128.1
2026-06-14 17:00:00+00:00,71328.40999999903,157.26000000000005
2026-06-14 17:15:00+00:00,71630.15999999903,301.75
2026-06-14 17:45:00+00:00,71341.52999999902,-288.63
2026-06-14 18:00:00+00:00,71215.13999999902,-126.39
2026-06-14 18:15:00+00:00,71146.17999999902,-68.96
2026-06-14 18:30:00+00:00,71337.77999999902,191.6
2026-06-14 19:00:00+00:00,71480.42999999902,142.65
2026-06-14 19:15:00+00:00,71446.85999999901,-33.57
2026-06-14 19:30:00+00:00,71079.79999999901,-367.06
2026-06-14 19:45:00+00:00,70712.73999999902,-367.06
2026-06-14 20:15:00+00:00,70869.99999999901,157.26
2026-06-14 20:30:00+00:00,71037.02999999901,167.03
2026-06-14 21:00:00+00:00,71263.30999999901,226.28
2026-06-14 21:30:00+00:00,71237.16999999901,-26.140000000000022
2026-06-14 21:45:00+00:00,71018.63999999901,-218.53000000000003
2026-06-14 22:00:00+00:00,70825.479999999,-193.16
2026-06-14 22:15:00+00:00,70789.259999999,-36.22
2026-06-14 22:30:00+00:00,70485.789999999,-303.4700000000001
2026-06-14 22:45:00+00:00,70277.38999999901,-208.4
2026-06-14 23:00:00+00:00,70454.229999999,176.84
2026-06-14 23:15:00+00:00,70160.649999999,-293.58000000000004
2026-06-14 23:30:00+00:00,69977.679999999,-182.97
2026-06-14 23:45:00+00:00,70208.939999999,231.26
2026-06-15 00:00:00+00:00,69970.239999999,-238.69999999999996
2026-06-15 00:15:00+00:00,69701.499999999,-268.74
2026-06-15 00:30:00+00:00,69868.529999999,167.03
2026-06-15 00:45:00+00:00,70124.809999999,256.28
2026-06-15 01:00:00+00:00,69881.08999999899,-243.72
2026-06-15 01:15:00+00:00,70023.73999999899,142.65
2026-06-15 01:30:00+00:00,70295.10999999898,271.37
2026-06-15 01:45:00+00:00,70413.53999999897,118.43
2026-06-15 02:15:00+00:00,70100.20999999897,-313.33
2026-06-15 02:30:00+00:00,69685.03999999897,-415.17
2026-06-15 02:45:00+00:00,69765.09999999897,80.06
2026-06-15 03:15:00+00:00,69566.84999999897,-198.25
2026-06-15 03:30:00+00:00,69328.14999999898,-238.69999999999996
2026-06-15 03:45:00+00:00,69029.61999999898,-298.53000000000003
2026-06-15 04:00:00+00:00,68841.54999999897,-188.07
2026-06-15 04:15:00+00:00,69057.87999999897,216.33
2026-06-15 04:30:00+00:00,69447.06999999897,389.19
2026-06-15 04:45:00+00:00,69673.34999999897,226.28
2026-06-15 05:00:00+00:00,69975.09999999897,301.75
2026-06-15 05:15:00+00:00,69666.69999999898,-308.4
2026-06-15 05:30:00+00:00,69473.53999999897,-193.16
2026-06-15 05:45:00+00:00,69373.14999999898,-100.39
2026-06-15 06:00:00+00:00,69298.92999999897,-74.22
2026-06-15 06:15:00+00:00,68956.18999999897,-342.73999999999995
2026-06-15 06:30:00+00:00,68657.65999999897,-298.53000000000003
2026-06-15 06:45:00+00:00,68898.90999999897,241.25
2026-06-15 07:00:00+00:00,68829.94999999896,-68.96
2026-06-15 07:15:00+00:00,68395.72999999896,-434.22
2026-06-15 07:30:00+00:00,68480.55999999896,84.83
2026-06-15 07:45:00+00:00,68546.33999999896,65.78
2026-06-15 08:00:00+00:00,68787.58999999896,241.25
2026-06-15 08:15:00+00:00,68867.64999999896,80.06
2026-06-15 08:30:00+00:00,69174.48999999896,306.84
2026-06-15 08:45:00+00:00,69235.52999999895,61.04
2026-06-15 09:00:00+00:00,69417.27999999895,181.75
2026-06-15 09:15:00+00:00,69648.53999999895,231.26
2026-06-15 09:30:00+00:00,69305.79999999894,-342.74
2026-06-15 09:45:00+00:00,69376.32999999894,70.53
2026-06-15 10:00:00+00:00,69082.74999999894,-293.58000000000004
2026-06-15 10:15:00+00:00,69162.80999999894,80.06
2026-06-15 10:30:00+00:00,69281.23999999893,118.43
2026-06-15 10:45:00+00:00,69448.26999999893,167.03
2026-06-15 11:00:00+00:00,69204.54999999893,-243.72
2026-06-15 11:15:00+00:00,68906.01999999893,-298.53000000000003
2026-06-15 11:45:00+00:00,69192.54999999893,286.53
2026-06-15 12:00:00+00:00,68953.84999999893,-238.69999999999996
2026-06-15 12:15:00+00:00,68625.77999999892,-328.07
2026-06-15 12:30:00+00:00,68887.07999999892,261.3
2026-06-15 12:45:00+00:00,68628.32999999892,-258.75
2026-06-15 13:00:00+00:00,68319.92999999893,-308.4
2026-06-15 13:15:00+00:00,68051.18999999893,-268.74
2026-06-15 13:30:00+00:00,68184.12999999893,132.94
2026-06-15 13:45:00+00:00,68326.77999999892,142.65
2026-06-15 14:00:00+00:00,68553.05999999892,226.28
2026-06-15 14:15:00+00:00,68661.85999999892,108.8
2026-06-15 14:30:00+00:00,68438.27999999892,-223.58000000000004
2026-06-15 14:45:00+00:00,68689.53999999892,251.26
2026-06-15 15:00:00+00:00,68783.93999999891,94.4
2026-06-15 15:15:00+00:00,68667.92999999892,-116.00999999999999
2026-06-15 15:30:00+00:00,68374.34999999891,-293.58000000000004
2026-06-15 15:45:00+00:00,68095.64999999892,-278.7
2026-06-15 16:00:00+00:00,68000.47999999892,-95.17000000000003
2026-06-15 16:15:00+00:00,67657.73999999891,-342.73999999999995
2026-06-15 16:30:00+00:00,67573.02999999891,-84.71
2026-06-15 16:45:00+00:00,67920.8199999989,347.79
2026-06-15 17:00:00+00:00,67622.2899999989,-298.53000000000003
2026-06-15 17:15:00+00:00,67716.6899999989,94.4
2026-06-15 17:30:00+00:00,68018.4399999989,301.75
2026-06-15 17:45:00+00:00,67866.22999999889,-152.21000000000004
2026-06-15 18:00:00+00:00,67724.3299999989,-141.9
2026-06-15 18:15:00+00:00,67515.9299999989,-208.4
2026-06-15 18:30:00+00:00,67287.2999999989,-228.62999999999997
2026-06-15 18:45:00+00:00,67454.3299999989,167.03
2026-06-15 19:00:00+00:00,67077.58999999889,-376.74
2026-06-15 19:15:00+00:00,67176.7799999989,99.19
2026-06-15 19:30:00+00:00,66883.19999999889,-293.58
2026-06-15 19:45:00+00:00,66674.7999999989,-208.4
2026-06-15 20:15:00+00:00,66886.16999999889,211.37
2026-06-15 20:30:00+00:00,66602.4999999989,-283.67
2026-06-15 20:45:00+00:00,66716.1099999989,113.61
2026-06-15 21:00:00+00:00,66615.7199999989,-100.39
2026-06-15 21:15:00+00:00,66846.97999999889,231.26
2026-06-15 21:30:00+00:00,67169.11999999889,322.14
2026-06-15 21:45:00+00:00,66895.39999999889,-273.72
2026-06-15 22:00:00+00:00,67101.81999999889,206.41999999999993
2026-06-15 22:15:00+00:00,67303.28999999889,201.47
2026-06-15 22:30:00+00:00,66999.81999999889,-303.47
2026-06-15 22:45:00+00:00,67246.06999999889,246.25
2026-06-15 23:00:00+00:00,67022.48999999888,-223.58
2026-06-15 23:15:00+00:00,66927.31999999889,-95.17000000000003
2026-06-15 23:30:00+00:00,66816.50999999889,-110.81
2026-06-15 23:45:00+00:00,66527.87999999888,-288.63
2026-06-16 00:00:00+00:00,66724.40999999888,196.53
2026-06-16 00:15:00+00:00,66347.66999999888,-376.74
2026-06-16 00:30:00+00:00,66578.92999999887,231.26
2026-06-16 00:45:00+00:00,66692.53999999887,113.61
2026-06-16 01:00:00+00:00,66884.13999999888,191.6
2026-06-16 01:15:00+00:00,66997.74999999888,113.61
2026-06-16 01:30:00+00:00,67145.25999999887,147.51
2026-06-16 01:45:00+00:00,67447.00999999887,301.75
2026-06-16 02:00:00+00:00,67075.10999999888,-371.9
2026-06-16 02:15:00+00:00,67188.71999999888,113.61
2026-06-16 02:30:00+00:00,67026.22999999888,-162.49
2026-06-16 02:45:00+00:00,67217.82999999888,191.6
2026-06-16 03:00:00+00:00,66939.12999999888,-278.7
2026-06-16 03:15:00+00:00,67220.59999999889,281.47
2026-06-16 03:30:00+00:00,67573.53999999889,352.94
2026-06-16 04:00:00+00:00,67395.67999999889,-177.85999999999999
2026-06-16 04:15:00+00:00,67014.10999999888,-381.57
2026-06-16 04:30:00+00:00,67070.40999999888,56.3
2026-06-16 04:45:00+00:00,67140.93999999888,70.53
2026-06-16 05:00:00+00:00,67372.19999999888,231.26
2026-06-16 05:15:00+00:00,67618.44999999888,246.25
2026-06-16 05:30:00+00:00,67560.01999999888,-58.42999999999999
2026-06-16 05:45:00+00:00,67217.27999999888,-342.73999999999995
2026-06-16 06:15:00+00:00,67340.53999999887,123.26
2026-06-16 06:30:00+00:00,67046.95999999887,-293.58000000000004
2026-06-16 06:45:00+00:00,66793.20999999887,-253.75
2026-06-16 07:00:00+00:00,66771.32999999887,-21.880000000000017
2026-06-16 07:15:00+00:00,66997.60999999887,226.28
2026-06-16 07:30:00+00:00,66577.66999999886,-419.94
2026-06-16 07:45:00+00:00,66879.41999999886,301.75
2026-06-16 08:00:00+00:00,66600.71999999887,-278.7
2026-06-16 08:15:00+00:00,66719.14999999886,118.43
2026-06-16 08:30:00+00:00,66823.13999999886,103.99
2026-06-16 08:45:00+00:00,66604.60999999887,-218.53000000000003
2026-06-16 09:00:00+00:00,66315.97999999886,-288.63
2026-06-16 09:15:00+00:00,66468.35999999887,152.38000000000005
2026-06-16 09:45:00+00:00,66383.64999999886,-84.71000000000001
2026-06-16 10:00:00+00:00,66283.25999999886,-100.39
2026-06-16 10:15:00+00:00,66250.74999999886,-32.510000000000026
2026-06-16 10:30:00+00:00,66326.03999999886,75.29
2026-06-16 11:00:00+00:00,66552.31999999886,226.28
2026-06-16 11:15:00+00:00,66632.37999999886,80.06
2026-06-16 11:30:00+00:00,66624.35999999885,-8.02
2026-06-16 12:00:00+00:00,66830.77999999885,206.42
2026-06-16 12:15:00+00:00,66517.44999999885,-313.33
2026-06-16 12:30:00+00:00,66621.43999999885,103.99
2026-06-16 12:45:00+00:00,66235.04999999885,-386.39
2026-06-16 13:30:00+00:00,66077.69999999885,-157.35
2026-06-16 13:45:00+00:00,66239.83999999885,162.14
2026-06-16 14:00:00+00:00,66144.66999999885,-95.17
2026-06-16 14:15:00+00:00,65719.95999999884,-424.71
2026-06-16 14:30:00+00:00,65833.56999999884,113.61
2026-06-16 14:45:00+00:00,66069.81999999884,236.25
2026-06-16 15:00:00+00:00,65722.19999999885,-347.62
2026-06-16 15:15:00+00:00,65850.29999999885,128.1
2026-06-16 15:45:00+00:00,65992.94999999885,142.65
2026-06-16 16:00:00+00:00,66392.55999999885,399.61
2026-06-16 16:15:00+00:00,66108.88999999885,-283.67
2026-06-16 16:30:00+00:00,65840.14999999884,-268.74
2026-06-16 17:15:00+00:00,65820.92999999884,-19.220000000000013
2026-06-16 17:30:00+00:00,65478.189999998845,-342.74
2026-06-16 17:45:00+00:00,65393.479999998846,-84.71
2026-06-16 18:00:00+00:00,65449.77999999885,56.3
2026-06-16 18:15:00+00:00,65539.38999999885,89.61
2026-06-16 18:30:00+00:00,65755.71999999885,216.33
2026-06-16 18:45:00+00:00,65821.49999999885,65.78
2026-06-16 19:00:00+00:00,65435.10999999885,-386.39
2026-06-16 19:30:00+00:00,65216.57999999885,-218.53000000000003
2026-06-16 19:45:00+00:00,65064.36999999885,-152.21
2026-06-16 20:00:00+00:00,65469.199999998855,404.83
2026-06-16 20:15:00+00:00,65690.49999999885,221.3
2026-06-16 21:00:00+00:00,65553.75999999885,-136.74
2026-06-16 21:15:00+00:00,65629.04999999884,75.29
2026-06-16 21:45:00+00:00,65375.29999999884,-253.75
2026-06-16 22:00:00+00:00,65591.62999999884,216.33
2026-06-16 22:15:00+00:00,65210.05999999884,-381.57
2026-06-16 22:30:00+00:00,65416.47999999884,206.41999999999993
2026-06-16 22:45:00+00:00,65305.66999999884,-110.81
2026-06-16 23:00:00+00:00,64977.59999999884,-328.07
2026-06-16 23:15:00+00:00,65213.84999999884,236.25
2026-06-16 23:30:00+00:00,65420.26999999884,206.41999999999993
2026-06-16 23:45:00+00:00,65856.56999999884,436.3
2026-06-17 00:00:00+00:00,66062.98999999884,206.41999999999993
2026-06-17 00:15:00+00:00,66215.36999999885,152.38
2026-06-17 00:30:00+00:00,66367.74999999885,152.38000000000005
2026-06-17 00:45:00+00:00,66054.41999999885,-313.33
2026-06-17 01:00:00+00:00,66260.83999999885,206.41999999999993
2026-06-17 01:15:00+00:00,66477.16999999885,216.33
2026-06-17 02:15:00+00:00,66634.42999999884,157.26000000000005
2026-06-17 02:30:00+00:00,66811.26999999884,176.84
2026-06-17 02:45:00+00:00,67057.51999999884,246.25
2026-06-17 03:00:00+00:00,66849.11999999885,-208.4
2026-06-17 03:15:00+00:00,67060.48999999884,211.37
2026-06-17 03:30:00+00:00,67169.28999999884,108.8
2026-06-17 03:45:00+00:00,67074.11999999885,-95.17000000000003
2026-06-17 04:00:00+00:00,67290.44999999885,216.33
2026-06-17 04:15:00+00:00,67190.05999999885,-100.38999999999997
2026-06-17 04:45:00+00:00,66916.33999999885,-273.72
2026-06-17 05:00:00+00:00,67352.63999999885,436.3
2026-06-17 05:30:00+00:00,67078.91999999885,-273.72
2026-06-17 05:45:00+00:00,66750.84999999884,-328.07
2026-06-17 06:00:00+00:00,66854.83999999885,103.99
2026-06-17 06:15:00+00:00,66556.30999999885,-298.53000000000003
2026-06-17 06:30:00+00:00,66752.83999999885,196.52999999999994
2026-06-17 06:45:00+00:00,66410.09999999884,-342.74
2026-06-17 07:00:00+00:00,66116.51999999884,-293.58
2026-06-17 07:15:00+00:00,65822.93999999884,-293.58000000000004
2026-06-17 07:30:00+00:00,65936.54999999884,113.61
2026-06-17 07:45:00+00:00,66138.01999999884,201.46999999999994
2026-06-17 08:00:00+00:00,66203.79999999884,65.78
2026-06-17 08:30:00+00:00,66269.57999999884,65.78
2026-06-17 08:45:00+00:00,66340.10999999884,70.53
2026-06-17 09:00:00+00:00,66041.57999999884,-298.53
2026-06-17 09:15:00+00:00,66223.32999999884,181.75
2026-06-17 09:30:00+00:00,65939.65999999884,-283.67
2026-06-17 09:45:00+00:00,66121.40999999884,181.75
2026-06-17 10:00:00+00:00,65778.66999999883,-342.74
2026-06-17 10:15:00+00:00,65980.13999999884,201.46999999999994
2026-06-17 10:30:00+00:00,66060.19999999883,80.06
2026-06-17 10:45:00+00:00,66266.61999999883,206.41999999999993
2026-06-17 11:00:00+00:00,65958.21999999884,-308.4
2026-06-17 11:15:00+00:00,66149.81999999884,191.6
2026-06-17 11:30:00+00:00,66376.09999999884,226.28
2026-06-17 11:45:00+00:00,66533.35999999884,157.26
2026-06-17 12:00:00+00:00,66514.13999999884,-19.220000000000013
2026-06-17 12:15:00+00:00,66210.66999999883,-303.4700000000001
2026-06-17 12:30:00+00:00,66367.92999999883,157.26000000000005
2026-06-17 12:45:00+00:00,66452.75999999883,84.83
2026-06-17 13:00:00+00:00,66528.04999999882,75.29
2026-06-17 13:15:00+00:00,66254.32999999882,-273.72
2026-06-17 13:30:00+00:00,66460.74999999882,206.41999999999993
2026-06-17 13:45:00+00:00,66687.02999999882,226.28
2026-06-17 14:00:00+00:00,66498.95999999881,-188.07
2026-06-17 14:15:00+00:00,66225.23999999881,-273.72
2026-06-17 14:30:00+00:00,66130.06999999881,-95.17
2026-06-17 14:45:00+00:00,66346.39999999882,216.33
2026-06-17 15:00:00+00:00,66694.18999999881,347.79
2026-06-17 15:30:00+00:00,66465.5599999988,-228.62999999999997
2026-06-17 15:45:00+00:00,66167.0299999988,-298.53000000000003
2026-06-17 16:00:00+00:00,65973.8699999988,-193.16
2026-06-17 16:15:00+00:00,65770.5399999988,-203.33
2026-06-17 16:30:00+00:00,65521.7999999988,-248.74
2026-06-17 16:45:00+00:00,65611.4099999988,89.61
2026-06-17 17:00:00+00:00,65559.83999999879,-51.57
2026-06-17 17:15:00+00:00,65351.43999999879,-208.4
2026-06-17 17:30:00+00:00,65533.18999999879,181.75
2026-06-17 18:15:00+00:00,65483.72999999879,-49.46
2026-06-17 18:30:00+00:00,65362.52999999879,-121.19999999999999
2026-06-17 18:45:00+00:00,65215.46999999879,-147.06
2026-06-17 19:00:00+00:00,65441.74999999879,226.28
2026-06-17 19:15:00+00:00,65163.049999998795,-278.7
2026-06-17 19:45:00+00:00,65414.3099999988,251.26
2026-06-17 20:00:00+00:00,65615.77999999879,201.47
2026-06-17 20:15:00+00:00,66046.81999999878,431.04
2026-06-17 20:45:00+00:00,66368.95999999878,322.14
2026-06-17 21:30:00+00:00,66595.23999999878,226.28
2026-06-17 21:45:00+00:00,66937.88999999878,342.65
2026-06-17 22:00:00+00:00,66639.35999999878,-298.53000000000003
2026-06-17 22:15:00+00:00,66538.96999999878,-100.39
2026-06-17 22:30:00+00:00,66412.57999999878,-126.39
2026-06-17 22:45:00+00:00,66734.71999999878,322.14
2026-06-17 23:00:00+00:00,66506.08999999877,-228.62999999999997
2026-06-17 23:15:00+00:00,66081.37999999877,-424.71
2026-06-17 23:30:00+00:00,65908.63999999876,-172.73999999999998
2026-06-17 23:45:00+00:00,66095.30999999876,186.67
2026-06-18 00:00:00+00:00,65816.60999999876,-278.7
2026-06-18 00:30:00+00:00,66077.90999999877,261.3
2026-06-18 00:45:00+00:00,66264.57999999876,186.67
2026-06-18 01:00:00+00:00,66358.97999999876,94.4
2026-06-18 01:15:00+00:00,66511.35999999876,152.38
2026-06-18 01:30:00+00:00,66683.28999999876,171.93
2026-06-18 01:45:00+00:00,66985.03999999876,301.75
2026-06-18 02:00:00+00:00,67055.56999999876,70.53
2026-06-18 02:15:00+00:00,66611.86999999876,-443.7
2026-06-18 02:30:00+00:00,66348.11999999876,-263.75
2026-06-18 03:15:00+00:00,66399.68999999877,51.57
2026-06-18 03:45:00+00:00,66013.29999999877,-386.39
2026-06-18 04:00:00+00:00,66315.04999999877,301.75
2026-06-18 04:15:00+00:00,66443.14999999877,128.1
2026-06-18 04:30:00+00:00,66144.61999999877,-298.53
2026-06-18 04:45:00+00:00,65931.14999999877,-213.47
2026-06-18 05:15:00+00:00,65554.40999999877,-376.74
2026-06-18 05:45:00+00:00,65648.80999999876,94.4
2026-06-18 06:15:00+00:00,65714.58999999876,65.78
2026-06-18 06:30:00+00:00,65799.41999999876,84.82999999999994
2026-06-18 07:00:00+00:00,65525.69999999876,-273.72
2026-06-18 07:45:00+00:00,65139.30999999876,-386.39
2026-06-18 08:00:00+00:00,64865.58999999876,-273.72
2026-06-18 08:15:00+00:00,64479.19999999876,-386.39
2026-06-18 08:30:00+00:00,64280.94999999876,-198.25
2026-06-18 08:45:00+00:00,64517.19999999876,236.25
2026-06-18 09:00:00+00:00,64728.56999999876,211.37
2026-06-18 09:15:00+00:00,64818.17999999876,89.61
2026-06-18 09:30:00+00:00,64407.789999998764,-410.39
2026-06-18 09:45:00+00:00,64296.979999998766,-110.80999999999999
2026-06-18 10:15:00+00:00,64372.26999999877,75.29
2026-06-18 10:30:00+00:00,64039.299999998766,-332.97
2026-06-18 10:45:00+00:00,64235.829999998765,196.53
2026-06-18 11:15:00+00:00,64183.729999998766,-52.1
2026-06-18 11:30:00+00:00,64552.15999999877,368.43
2026-06-18 11:45:00+00:00,64456.98999999877,-95.17
2026-06-18 12:00:00+00:00,64228.35999999877,-228.62999999999997
2026-06-18 12:15:00+00:00,64356.45999999877,128.1
2026-06-18 12:30:00+00:00,64087.71999999877,-268.74
2026-06-18 12:45:00+00:00,63843.99999999877,-243.72
2026-06-18 13:00:00+00:00,64020.83999999877,176.84
2026-06-18 13:15:00+00:00,63752.09999999877,-268.74
2026-06-18 13:30:00+00:00,63953.56999999877,201.46999999999994
2026-06-18 13:45:00+00:00,64052.75999999877,99.19
2026-06-18 14:00:00+00:00,64269.089999998774,216.33
2026-06-18 14:30:00+00:00,64349.14999999877,80.06
2026-06-18 14:45:00+00:00,64309.21999999877,-39.92999999999998
2026-06-18 15:00:00+00:00,64198.409999998774,-110.81
2026-06-18 15:15:00+00:00,64273.699999998775,75.29
2026-06-18 15:30:00+00:00,64034.99999999878,-238.7
2026-06-18 16:00:00+00:00,63692.25999999878,-342.74
2026-06-18 16:15:00+00:00,63767.54999999878,75.29
2026-06-18 16:30:00+00:00,64161.94999999878,394.4
2026-06-18 16:45:00+00:00,63893.209999998784,-268.74
2026-06-18 17:00:00+00:00,63879.319999998785,-13.89
2026-06-18 17:15:00+00:00,63930.889999998784,51.57
2026-06-18 17:45:00+00:00,64054.14999999879,123.26
2026-06-18 18:00:00+00:00,63943.33999999879,-110.81
2026-06-18 18:15:00+00:00,64056.94999999879,113.61
2026-06-18 18:30:00+00:00,63723.97999999879,-332.97
2026-06-18 18:45:00+00:00,63866.62999999879,142.65
2026-06-18 19:00:00+00:00,63781.91999999879,-84.71
2026-06-18 19:15:00+00:00,63765.899999998794,-16.02
2026-06-18 19:30:00+00:00,63822.1999999988,56.3
2026-06-18 20:00:00+00:00,64103.6699999988,281.47
2026-06-18 20:15:00+00:00,64174.1999999988,70.53
2026-06-18 20:30:00+00:00,64380.619999998795,206.41999999999993
2026-06-18 20:45:00+00:00,64111.8799999988,-268.74
2026-06-18 21:00:00+00:00,64348.1299999988,236.25
2026-06-18 21:15:00+00:00,64619.4999999988,271.37
2026-06-18 21:30:00+00:00,64895.9199999988,276.42
2026-06-18 21:45:00+00:00,64966.4499999988,70.53
2026-06-18 22:00:00+00:00,65041.7399999988,75.29
2026-06-18 22:15:00+00:00,65258.0699999988,216.33
2026-06-18 22:30:00+00:00,65309.6399999988,51.57
2026-06-18 22:45:00+00:00,65404.0399999988,94.4
2026-06-18 23:00:00+00:00,65110.4599999988,-293.58000000000004
2026-06-18 23:15:00+00:00,65311.9299999988,201.46999999999994
2026-06-18 23:45:00+00:00,65401.5399999988,89.61
2026-06-19 00:00:00+00:00,65053.9199999988,-347.61999999999995
2026-06-19 00:15:00+00:00,65162.7199999988,108.8
2026-06-19 00:30:00+00:00,64934.0899999988,-228.62999999999997
2026-06-19 00:45:00+00:00,64895.2199999988,-38.869999999999976
2026-06-19 01:00:00+00:00,65116.5199999988,221.3
2026-06-19 01:15:00+00:00,65382.849999998805,266.33
2026-06-19 01:30:00+00:00,65772.0399999988,389.19
2026-06-19 01:45:00+00:00,65880.8399999988,108.8
2026-06-19 02:00:00+00:00,65672.43999999881,-208.4
2026-06-19 02:15:00+00:00,65368.96999999881,-303.47
2026-06-19 02:30:00+00:00,65463.36999999881,94.4
2026-06-19 02:45:00+00:00,65347.35999999881,-116.01
2026-06-19 03:00:00+00:00,65210.61999999881,-136.74
2026-06-19 03:15:00+00:00,65431.91999999881,221.3
2026-06-19 03:30:00+00:00,65723.51999999881,291.6
2026-06-19 03:45:00+00:00,65607.50999999882,-116.01
2026-06-19 04:00:00+00:00,65595.21999999882,-12.29000000000001
2026-06-19 04:15:00+00:00,65160.99999999882,-434.22
2026-06-19 04:30:00+00:00,65397.24999999882,236.25
2026-06-19 05:00:00+00:00,65623.52999999882,226.28
2026-06-19 05:15:00+00:00,65713.13999999882,89.61
2026-06-19 05:30:00+00:00,65788.42999999881,75.29
2026-06-19 05:45:00+00:00,65514.70999999881,-273.72
2026-06-19 06:00:00+00:00,65599.53999999881,84.83
2026-06-19 06:15:00+00:00,65722.79999999881,123.26
2026-06-19 06:30:00+00:00,65889.82999999881,167.03
2026-06-19 06:45:00+00:00,66096.2499999988,206.41999999999993
2026-06-19 07:00:00+00:00,65743.7599999988,-352.49
2026-06-19 07:15:00+00:00,65970.0399999988,226.28
2026-06-19 07:30:00+00:00,65761.6399999988,-208.4
2026-06-19 07:45:00+00:00,65992.8999999988,231.26
2026-06-19 08:00:00+00:00,65769.3199999988,-223.58000000000004
2026-06-19 08:15:00+00:00,65495.5999999988,-273.72
2026-06-19 08:30:00+00:00,65187.1999999988,-308.4
2026-06-19 08:45:00+00:00,65423.4499999988,236.25
2026-06-19 09:00:00+00:00,65704.91999999879,281.47
2026-06-19 09:15:00+00:00,66001.58999999879,296.67
2026-06-19 09:30:00+00:00,65727.86999999879,-273.72
2026-06-19 09:45:00+00:00,65914.53999999879,186.67
2026-06-19 10:00:00+00:00,65863.49999999879,-51.04
2026-06-19 10:30:00+00:00,66074.86999999879,211.37
2026-06-19 10:45:00+00:00,66232.12999999878,157.26000000000005
2026-06-19 11:00:00+00:00,66360.22999999879,128.1
2026-06-19 11:30:00+00:00,66167.06999999878,-193.16
2026-06-19 11:45:00+00:00,66061.46999999878,-105.59999999999997
2026-06-19 12:00:00+00:00,66267.88999999878,206.41999999999993
2026-06-19 12:15:00+00:00,65900.82999999878,-367.06
2026-06-19 12:45:00+00:00,66053.20999999878,152.38000000000005
2026-06-19 13:00:00+00:00,65618.98999999878,-434.22
2026-06-19 13:15:00+00:00,65860.23999999878,241.25
2026-06-19 13:30:00+00:00,65969.03999999879,108.8
2026-06-19 13:45:00+00:00,66068.22999999879,99.19
2026-06-19 14:00:00+00:00,66172.2199999988,103.99
2026-06-19 14:15:00+00:00,66329.47999999879,157.26000000000005
2026-06-19 14:30:00+00:00,66739.53999999879,410.06
2026-06-19 14:45:00+00:00,66556.56999999878,-182.97
2026-06-19 15:00:00+00:00,66782.84999999878,226.28
2026-06-19 15:15:00+00:00,66489.26999999878,-293.58
2026-06-19 15:30:00+00:00,66695.68999999878,206.41999999999993
2026-06-19 15:45:00+00:00,66818.94999999877,123.26
2026-06-19 16:30:00+00:00,66723.77999999878,-95.17
2026-06-19 16:45:00+00:00,66660.07999999878,-63.7
2026-06-19 17:00:00+00:00,66730.60999999878,70.53
2026-06-19 17:15:00+00:00,66604.21999999878,-126.39
2026-06-19 17:30:00+00:00,66184.27999999878,-419.94
2026-06-19 17:45:00+00:00,66302.70999999877,118.43
2026-06-19 18:00:00+00:00,66387.53999999877,84.83
2026-06-19 18:15:00+00:00,66486.72999999877,99.19
2026-06-19 18:30:00+00:00,66703.05999999878,216.33
2026-06-19 18:45:00+00:00,66894.65999999878,191.6
2026-06-19 19:00:00+00:00,66691.32999999878,-203.33
2026-06-19 19:15:00+00:00,66761.85999999878,70.53
2026-06-19 19:45:00+00:00,67125.11999999877,363.26
2026-06-19 20:00:00+00:00,66856.37999999877,-268.74
2026-06-19 20:30:00+00:00,66513.63999999876,-342.73999999999995
2026-06-19 20:45:00+00:00,66918.46999999876,404.83
2026-06-19 21:00:00+00:00,67105.13999999876,186.67
2026-06-19 21:15:00+00:00,66762.39999999876,-342.73999999999995
2026-06-19 21:30:00+00:00,66963.86999999876,201.46999999999994
2026-06-19 22:00:00+00:00,67205.11999999876,241.25
2026-06-19 22:15:00+00:00,67367.25999999876,162.14
2026-06-19 22:30:00+00:00,67433.03999999876,65.78
2026-06-19 22:45:00+00:00,67119.70999999875,-313.33
2026-06-19 23:00:00+00:00,67316.23999999875,196.53
2026-06-19 23:15:00+00:00,67517.70999999875,201.46999999999994
2026-06-19 23:30:00+00:00,67299.17999999876,-218.53000000000003
2026-06-19 23:45:00+00:00,67060.47999999876,-238.69999999999996
2026-06-20 00:00:00+00:00,66766.89999999876,-293.58000000000004
2026-06-20 00:15:00+00:00,67053.42999999876,286.53
2026-06-20 00:30:00+00:00,67421.85999999875,368.43
2026-06-20 00:45:00+00:00,67583.99999999875,162.14000000000004
2026-06-20 01:00:00+00:00,67452.42999999874,-131.57
2026-06-20 01:30:00+00:00,67183.68999999874,-268.74
2026-06-20 01:45:00+00:00,67321.47999999873,137.79
2026-06-20 02:00:00+00:00,67032.84999999873,-288.63
2026-06-20 02:15:00+00:00,67239.26999999872,206.41999999999993
2026-06-20 02:30:00+00:00,67425.93999999872,186.67
2026-06-20 02:45:00+00:00,67092.96999999872,-332.97
2026-06-20 03:00:00+00:00,67425.34999999873,332.38
2026-06-20 03:15:00+00:00,67788.60999999872,363.26
2026-06-20 03:30:00+00:00,67916.70999999873,128.1
2026-06-20 03:45:00+00:00,67623.12999999872,-293.58000000000004
2026-06-20 04:00:00+00:00,67844.42999999873,221.3
2026-06-20 04:15:00+00:00,68055.79999999872,211.37
2026-06-20 04:30:00+00:00,67787.05999999872,-268.74
2026-06-20 04:45:00+00:00,67400.66999999872,-386.39
2026-06-20 05:00:00+00:00,67607.08999999872,206.41999999999993
2026-06-20 05:30:00+00:00,67735.18999999872,128.1
2026-06-20 05:45:00+00:00,67629.58999999872,-105.59999999999997
2026-06-20 06:00:00+00:00,67431.33999999872,-198.25
2026-06-20 06:15:00+00:00,67682.59999999871,251.26
2026-06-20 06:30:00+00:00,67384.06999999871,-298.53000000000003
2026-06-20 06:45:00+00:00,67650.39999999871,266.33
2026-06-20 07:00:00+00:00,67851.86999999871,201.46999999999994
2026-06-20 07:15:00+00:00,68053.33999999872,201.46999999999994
2026-06-20 07:30:00+00:00,67829.75999999871,-223.58000000000004
2026-06-20 07:45:00+00:00,68146.78999999871,317.03
2026-06-20 08:00:00+00:00,68358.15999999871,211.37
2026-06-20 08:15:00+00:00,68539.90999999871,181.75
2026-06-20 08:30:00+00:00,68867.1699999987,327.26
2026-06-20 08:45:00+00:00,68668.9199999987,-198.25
2026-06-20 09:00:00+00:00,68584.2099999987,-84.71
2026-06-20 09:15:00+00:00,68707.46999999869,123.26
2026-06-20 09:30:00+00:00,68504.13999999869,-203.33
2026-06-20 09:45:00+00:00,68270.46999999869,-233.66999999999996
2026-06-20 10:00:00+00:00,67957.13999999869,-313.33
2026-06-20 10:15:00+00:00,68158.60999999869,201.46999999999994
2026-06-20 10:30:00+00:00,68148.9899999987,-9.62
2026-06-20 11:00:00+00:00,68340.5899999987,191.6
2026-06-20 11:15:00+00:00,68051.9599999987,-288.63
2026-06-20 11:30:00+00:00,67823.32999999869,-228.62999999999997
2026-06-20 11:45:00+00:00,67549.60999999869,-273.72
2026-06-20 12:00:00+00:00,67741.2099999987,191.6
2026-06-20 12:15:00+00:00,67821.2699999987,80.06
2026-06-20 12:30:00+00:00,67772.3399999987,-48.93
2026-06-20 12:45:00+00:00,67988.6699999987,216.33
2026-06-20 13:00:00+00:00,67695.0899999987,-293.58000000000004
2026-06-20 13:15:00+00:00,67867.0199999987,171.93
2026-06-20 13:30:00+00:00,67563.5499999987,-303.47
2026-06-20 13:45:00+00:00,67681.97999999869,118.43
2026-06-20 14:00:00+00:00,67378.50999999869,-303.47
2026-06-20 14:30:00+00:00,67492.11999999869,113.61
2026-06-20 14:45:00+00:00,67553.15999999868,61.04
2026-06-20 15:15:00+00:00,67269.48999999868,-283.67
2026-06-20 15:30:00+00:00,67335.26999999868,65.78
2026-06-20 15:45:00+00:00,67240.09999999868,-95.17
2026-06-20 16:00:00+00:00,67129.28999999868,-110.80999999999999
2026-06-20 16:15:00+00:00,67204.57999999868,75.29
2026-06-20 16:30:00+00:00,67026.71999999868,-177.85999999999999
2026-06-20 16:45:00+00:00,66793.04999999868,-233.66999999999996
2026-06-20 17:00:00+00:00,66519.32999999868,-273.72
2026-06-20 17:15:00+00:00,66671.70999999868,152.38000000000005
2026-06-20 17:30:00+00:00,66275.69999999869,-396.01
2026-06-20 17:45:00+00:00,66577.44999999869,301.75
2026-06-20 18:00:00+00:00,66788.81999999868,211.37
2026-06-20 18:15:00+00:00,66412.07999999868,-376.74
2026-06-20 18:30:00+00:00,66218.91999999867,-193.16
2026-06-20 18:45:00+00:00,66430.28999999867,211.37
2026-06-20 19:00:00+00:00,66681.54999999866,251.26
2026-06-20 19:15:00+00:00,66863.29999999866,181.75
2026-06-20 19:30:00+00:00,67025.43999999866,162.14000000000004
2026-06-20 19:45:00+00:00,66766.68999999866,-258.75
2026-06-20 20:00:00+00:00,66978.05999999866,211.37
2026-06-20 20:15:00+00:00,67154.89999999866,176.84
2026-06-20 20:30:00+00:00,67361.31999999865,206.41999999999993
2026-06-20 20:45:00+00:00,67592.57999999865,231.26
2026-06-20 21:00:00+00:00,67744.95999999865,152.38
2026-06-20 21:15:00+00:00,67877.89999999866,132.94
2026-06-20 21:30:00+00:00,68001.15999999865,123.26
2026-06-20 22:00:00+00:00,68187.82999999865,186.67
2026-06-20 22:15:00+00:00,67815.92999999865,-371.9
2026-06-20 22:30:00+00:00,67448.86999999866,-367.06
2026-06-20 22:45:00+00:00,67690.11999999866,241.25
2026-06-20 23:00:00+00:00,67436.36999999866,-253.75
2026-06-20 23:15:00+00:00,67279.01999999865,-157.35
2026-06-20 23:30:00+00:00,67520.26999999865,241.25
2026-06-20 23:45:00+00:00,67633.87999999865,113.61
2026-06-21 00:00:00+00:00,67905.24999999865,271.37
2026-06-21 00:15:00+00:00,67717.17999999864,-188.07
2026-06-21 00:30:00+00:00,67443.45999999864,-273.72
2026-06-21 00:45:00+00:00,67144.92999999864,-298.53000000000003
2026-06-21 01:00:00+00:00,67302.18999999863,157.26000000000005
2026-06-21 01:15:00+00:00,67503.65999999864,201.46999999999994
2026-06-21 01:30:00+00:00,67734.91999999863,231.26
2026-06-21 01:45:00+00:00,67496.21999999863,-238.69999999999996
2026-06-21 02:00:00+00:00,67333.72999999863,-162.49000000000004
2026-06-21 02:15:00+00:00,67650.75999999863,317.03
2026-06-21 02:30:00+00:00,67857.17999999863,206.41999999999993
2026-06-21 02:45:00+00:00,68024.20999999862,167.03
2026-06-21 03:00:00+00:00,68250.48999999862,226.28
2026-06-21 03:15:00+00:00,68537.01999999862,286.53
2026-06-21 03:30:00+00:00,68218.76999999862,-318.25
2026-06-21 03:45:00+00:00,67935.09999999862,-283.67
2026-06-21 04:00:00+00:00,67798.35999999862,-136.74
2026-06-21 04:15:00+00:00,67682.34999999862,-116.01
2026-06-21 04:30:00+00:00,67463.81999999862,-218.53000000000003
2026-06-21 04:45:00+00:00,67660.34999999862,196.52999999999994
2026-06-21 05:15:00+00:00,67866.76999999862,206.41999999999993
2026-06-21 05:30:00+00:00,68143.18999999862,276.42
2026-06-21 05:45:00+00:00,67950.02999999862,-193.16
2026-06-21 06:00:00+00:00,68107.28999999861,157.26000000000005
2026-06-21 06:15:00+00:00,68348.53999999861,241.25
2026-06-21 06:30:00+00:00,68476.63999999862,128.1
2026-06-21 06:45:00+00:00,68133.89999999861,-342.73999999999995
2026-06-21 07:00:00+00:00,68420.42999999861,286.53
2026-06-21 07:15:00+00:00,68717.09999999861,296.67
2026-06-21 07:30:00+00:00,68943.37999999861,226.28
2026-06-21 07:45:00+00:00,68822.17999999861,-121.19999999999999
2026-06-21 08:00:00+00:00,69169.9699999986,347.79
2026-06-21 08:15:00+00:00,68861.56999999861,-308.4
2026-06-21 08:30:00+00:00,68782.09999999861,-79.47
2026-06-21 08:45:00+00:00,68468.7699999986,-313.33
2026-06-21 09:00:00+00:00,68745.1899999986,276.42
2026-06-21 09:15:00+00:00,68644.7999999986,-100.39
2026-06-21 09:30:00+00:00,68916.1699999986,271.37
2026-06-21 09:45:00+00:00,68743.4299999986,-172.73999999999998
2026-06-21 10:00:00+00:00,68540.0999999986,-203.33
2026-06-21 10:15:00+00:00,68266.3799999986,-273.72
2026-06-21 10:30:00+00:00,67997.63999999859,-268.74
2026-06-21 10:45:00+00:00,67738.88999999859,-258.75
2026-06-21 11:00:00+00:00,67975.13999999859,236.25
2026-06-21 11:15:00+00:00,68055.19999999859,80.06
2026-06-21 11:30:00+00:00,68102.04999999859,46.85
2026-06-21 12:00:00+00:00,68393.6499999986,291.6
2026-06-21 12:15:00+00:00,68756.90999999859,363.26
2026-06-21 12:45:00+00:00,69135.7099999986,378.8
2026-06-21 13:00:00+00:00,68902.0399999986,-233.66999999999996
2026-06-21 13:15:00+00:00,69103.5099999986,201.46999999999994
2026-06-21 13:30:00+00:00,69246.15999999859,142.65
2026-06-21 13:45:00+00:00,69354.9599999986,108.8
2026-06-21 14:15:00+00:00,69536.7099999986,181.75
2026-06-21 14:30:00+00:00,69313.1299999986,-223.58
2026-06-21 14:45:00+00:00,69014.5999999986,-298.53000000000003
2026-06-21 15:00:00+00:00,69230.9299999986,216.33
2026-06-21 15:15:00+00:00,69125.32999999859,-105.59999999999997
2026-06-21 15:30:00+00:00,68916.9299999986,-208.4
2026-06-21 15:45:00+00:00,68492.21999999859,-424.71
2026-06-21 16:00:00+00:00,68708.54999999859,216.33
2026-06-21 16:15:00+00:00,68613.3799999986,-95.17
2026-06-21 16:45:00+00:00,68814.8499999986,201.46999999999994
2026-06-21 17:00:00+00:00,68704.0399999986,-110.80999999999999
2026-06-21 17:15:00+00:00,68629.8199999986,-74.22
2026-06-21 17:45:00+00:00,69029.4299999986,399.61
2026-06-21 18:30:00+00:00,68955.2099999986,-74.22
2026-06-21 19:00:00+00:00,68721.5399999986,-233.66999999999996
2026-06-21 19:15:00+00:00,68600.3399999986,-121.19999999999999
2026-06-21 19:30:00+00:00,68897.0099999986,296.67
2026-06-21 19:45:00+00:00,69275.8099999986,378.8
2026-06-21 20:00:00+00:00,69057.2799999986,-218.53
2026-06-21 20:15:00+00:00,68833.6999999986,-223.58
2026-06-21 20:30:00+00:00,69130.3699999986,296.67
2026-06-21 20:45:00+00:00,69462.7499999986,332.38
2026-06-21 21:15:00+00:00,69698.9999999986,236.25
2026-06-21 21:30:00+00:00,69980.4699999986,281.47
2026-06-21 21:45:00+00:00,70137.7299999986,157.26
2026-06-21 22:00:00+00:00,70037.3399999986,-100.39
2026-06-21 22:15:00+00:00,69823.8699999986,-213.47
2026-06-21 22:30:00+00:00,69804.1199999986,-19.750000000000018
2026-06-21 22:45:00+00:00,69708.9499999986,-95.17
2026-06-21 23:15:00+00:00,69765.2499999986,56.3
2026-06-21 23:30:00+00:00,69986.5499999986,221.3
2026-06-21 23:45:00+00:00,70052.3299999986,65.78
2026-06-22 00:00:00+00:00,70348.9999999986,296.67
2026-06-22 00:15:00+00:00,70196.7899999986,-152.21000000000004
2026-06-22 00:30:00+00:00,70310.3999999986,113.61
2026-06-22 00:45:00+00:00,70081.76999999859,-228.62999999999997
2026-06-22 01:00:00+00:00,70288.18999999859,206.41999999999993
2026-06-22 01:15:00+00:00,70084.85999999859,-203.33
2026-06-22 01:30:00+00:00,70141.15999999859,56.3
2026-06-22 01:45:00+00:00,70447.99999999859,306.84
2026-06-22 02:00:00+00:00,70337.18999999859,-110.80999999999999
2026-06-22 02:15:00+00:00,70548.55999999859,211.37
2026-06-22 02:30:00+00:00,70932.54999999859,383.99
2026-06-22 02:45:00+00:00,70811.3499999986,-121.2
2026-06-22 03:00:00+00:00,70934.60999999859,123.26
2026-06-22 03:15:00+00:00,70834.21999999859,-100.39
2026-06-22 03:45:00+00:00,70713.01999999859,-121.2
2026-06-22 04:15:00+00:00,71065.9599999986,352.94
2026-06-22 04:30:00+00:00,70949.9499999986,-116.01
2026-06-22 04:45:00+00:00,70818.3799999986,-131.57
2026-06-22 05:00:00+00:00,70615.04999999859,-203.33
2026-06-22 05:15:00+00:00,70326.41999999859,-288.63
2026-06-22 05:30:00+00:00,70473.92999999858,147.51
2026-06-22 05:45:00+00:00,70700.20999999858,226.28
2026-06-22 06:00:00+00:00,70862.34999999858,162.14000000000004
2026-06-22 06:15:00+00:00,71093.60999999857,231.26
2026-06-22 06:30:00+00:00,71250.86999999857,157.26000000000005
2026-06-22 07:00:00+00:00,71192.43999999858,-58.43
2026-06-22 07:15:00+00:00,71509.46999999858,317.03
2026-06-22 07:30:00+00:00,71357.25999999857,-152.21000000000004
2026-06-22 07:45:00+00:00,71798.82999999858,441.57
2026-06-22 08:00:00+00:00,72060.12999999858,261.3
2026-06-22 08:15:00+00:00,71630.65999999858,-429.47
2026-06-22 08:30:00+00:00,71963.03999999858,332.38
2026-06-22 08:45:00+00:00,71764.78999999858,-198.25
2026-06-22 09:00:00+00:00,71830.56999999858,65.78
2026-06-22 09:15:00+00:00,71637.40999999858,-193.16
2026-06-22 09:30:00+00:00,71858.70999999858,221.3
2026-06-22 09:45:00+00:00,72125.03999999858,266.33
2026-06-22 10:00:00+00:00,72248.29999999858,123.26
2026-06-22 10:15:00+00:00,71979.55999999857,-268.74
2026-06-22 10:30:00+00:00,72069.16999999857,89.61
2026-06-22 10:45:00+00:00,72250.91999999857,181.75
2026-06-22 11:00:00+00:00,72369.34999999857,118.43
2026-06-22 11:15:00+00:00,72080.71999999856,-288.63
2026-06-22 11:30:00+00:00,72527.56999999857,446.85
2026-06-22 11:45:00+00:00,72375.35999999856,-152.21000000000004
2026-06-22 12:00:00+00:00,72101.63999999856,-273.72
2026-06-22 12:15:00+00:00,71788.30999999856,-313.33
2026-06-22 12:30:00+00:00,71519.56999999855,-268.74
2026-06-22 12:45:00+00:00,71211.16999999856,-308.4
2026-06-22 13:00:00+00:00,70977.49999999856,-233.66999999999996
2026-06-22 13:15:00+00:00,71100.75999999855,123.26
2026-06-22 13:30:00+00:00,71282.50999999855,181.75
2026-06-22 13:45:00+00:00,71400.93999999855,118.43
2026-06-22 14:00:00+00:00,71602.40999999855,201.47
2026-06-22 14:15:00+00:00,71803.87999999855,201.46999999999994
2026-06-22 14:30:00+00:00,71903.06999999855,99.19
2026-06-22 15:00:00+00:00,71792.25999999855,-110.80999999999999
2026-06-22 15:15:00+00:00,71886.65999999855,94.4
2026-06-22 15:30:00+00:00,71957.18999999855,70.53
2026-06-22 15:45:00+00:00,71713.46999999855,-243.72
2026-06-22 16:15:00+00:00,71779.24999999854,65.78
2026-06-22 16:30:00+00:00,71771.75999999854,-7.49
2026-06-22 17:15:00+00:00,71629.85999999855,-141.9
2026-06-22 17:45:00+00:00,71724.25999999854,94.4
2026-06-22 18:00:00+00:00,71623.86999999854,-100.38999999999997
2026-06-22 18:15:00+00:00,71549.64999999854,-74.22
2026-06-22 18:45:00+00:00,71470.17999999854,-79.47
2026-06-22 19:00:00+00:00,71328.27999999854,-141.9
2026-06-22 19:15:00+00:00,71686.37999999855,358.1
2026-06-22 19:30:00+00:00,71467.84999999855,-218.53
2026-06-22 19:45:00+00:00,71357.03999999855,-110.80999999999999
2026-06-22 20:15:00+00:00,71432.32999999855,75.29
2026-06-22 20:30:00+00:00,71347.61999999854,-84.71
2026-06-22 20:45:00+00:00,71236.80999999854,-110.80999999999999
2026-06-22 21:30:00+00:00,71136.41999999854,-100.39
2026-06-22 22:00:00+00:00,71072.71999999855,-63.7
2026-06-22 22:15:00+00:00,70849.13999999854,-223.58000000000004
2026-06-22 22:30:00+00:00,70748.74999999854,-100.39
2026-06-22 22:45:00+00:00,70950.21999999855,201.46999999999994
2026-06-22 23:15:00+00:00,71221.58999999854,271.37
2026-06-22 23:30:00+00:00,71574.52999999854,352.94
2026-06-23 00:00:00+00:00,71310.77999999854,-263.75
2026-06-23 00:30:00+00:00,71552.02999999854,241.25
2026-06-23 00:45:00+00:00,71627.31999999854,75.29
2026-06-23 01:15:00+00:00,71697.84999999854,70.53
2026-06-23 01:30:00+00:00,71914.17999999854,216.33
2026-06-23 01:45:00+00:00,72210.84999999854,296.67
2026-06-23 02:00:00+00:00,72548.35999999853,337.51
2026-06-23 02:15:00+00:00,72495.20999999854,-53.15
2026-06-23 02:30:00+00:00,72394.81999999854,-100.38999999999997
2026-06-23 02:45:00+00:00,72451.11999999854,56.3
2026-06-23 03:00:00+00:00,72212.41999999854,-238.7
2026-06-23 03:15:00+00:00,72263.98999999855,51.57
2026-06-23 03:30:00+00:00,72116.92999999855,-147.06
2026-06-23 03:45:00+00:00,72269.30999999856,152.38000000000005
2026-06-23 04:00:00+00:00,72081.23999999855,-188.07
2026-06-23 04:15:00+00:00,72398.26999999855,317.03
2026-06-23 04:30:00+00:00,72584.93999999855,186.67
2026-06-23 05:15:00+00:00,72326.18999999855,-258.75
2026-06-23 05:45:00+00:00,71983.44999999854,-342.74
2026-06-23 06:00:00+00:00,71734.70999999854,-248.74
2026-06-23 06:15:00+00:00,71800.48999999854,65.78
2026-06-23 06:30:00+00:00,71894.88999999853,94.4
2026-06-23 06:45:00+00:00,71970.17999999852,75.29
2026-06-23 07:00:00+00:00,72251.64999999852,281.47
2026-06-23 07:15:00+00:00,72374.90999999852,123.26
2026-06-23 07:30:00+00:00,72601.18999999852,226.28
2026-06-23 07:45:00+00:00,72676.47999999851,75.29
2026-06-23 08:15:00+00:00,72968.07999999852,291.6
2026-06-23 08:30:00+00:00,73169.54999999852,201.46999999999994
2026-06-23 08:45:00+00:00,73336.57999999852,167.03
2026-06-23 09:00:00+00:00,73194.67999999852,-141.9
2026-06-23 09:30:00+00:00,73120.45999999852,-74.22
2026-06-23 09:45:00+00:00,73282.59999999852,162.14000000000004
2026-06-23 10:15:00+00:00,73479.12999999852,196.53
2026-06-23 10:45:00+00:00,73332.06999999852,-147.06
2026-06-23 11:00:00+00:00,73528.59999999852,196.53
2026-06-23 11:15:00+00:00,73259.85999999852,-268.74
2026-06-23 11:45:00+00:00,73061.60999999852,-198.25
2026-06-23 12:15:00+00:00,73358.27999999851,296.67
2026-06-23 12:30:00+00:00,73584.55999999851,226.28
2026-06-23 12:45:00+00:00,73202.9899999985,-381.57
2026-06-23 13:00:00+00:00,73102.5999999985,-100.39
2026-06-23 13:15:00+00:00,72818.92999999851,-283.67
2026-06-23 13:30:00+00:00,72687.3599999985,-131.57
2026-06-23 13:45:00+00:00,72791.3499999985,103.99
2026-06-23 14:00:00+00:00,73164.95999999851,373.61
2026-06-23 14:15:00+00:00,72961.6299999985,-203.33
2026-06-23 14:30:00+00:00,73304.2799999985,342.65
2026-06-23 14:45:00+00:00,73652.0699999985,347.79
2026-06-23 15:00:00+00:00,73443.6699999985,-208.4
2026-06-23 15:45:00+00:00,73504.7099999985,61.04
2026-06-23 16:00:00+00:00,73786.1799999985,281.47
2026-06-23 16:15:00+00:00,73472.84999999849,-313.33
2026-06-23 16:30:00+00:00,73659.51999999849,186.67
2026-06-23 16:45:00+00:00,73435.93999999849,-223.58000000000004
2026-06-23 17:15:00+00:00,73366.97999999848,-68.96
2026-06-23 17:45:00+00:00,73437.50999999848,70.53
2026-06-23 18:00:00+00:00,73337.11999999848,-100.39
2026-06-23 18:15:00+00:00,73455.54999999847,118.43
2026-06-23 18:30:00+00:00,73308.48999999848,-147.06
2026-06-23 18:45:00+00:00,73208.09999999848,-100.39
2026-06-23 19:00:00+00:00,73409.56999999848,201.47
2026-06-23 19:30:00+00:00,73809.17999999848,399.61
2026-06-23 19:45:00+00:00,73560.43999999847,-248.74
2026-06-23 20:00:00+00:00,73918.53999999848,358.1
2026-06-23 20:15:00+00:00,74017.72999999848,99.19
2026-06-23 20:30:00+00:00,74219.19999999848,201.47
2026-06-23 20:45:00+00:00,74005.72999999848,-213.47
2026-06-23 21:00:00+00:00,74124.15999999848,118.43
2026-06-23 21:15:00+00:00,74180.45999999848,56.3
2026-06-23 21:30:00+00:00,74122.02999999849,-58.42999999999999
2026-06-23 21:45:00+00:00,73908.55999999848,-213.47000000000003
2026-06-23 22:00:00+00:00,74190.02999999849,281.47
2026-06-23 22:15:00+00:00,74279.63999999849,89.61
2026-06-23 22:30:00+00:00,74495.96999999849,216.33
2026-06-23 22:45:00+00:00,74272.38999999849,-223.58
2026-06-23 23:00:00+00:00,74260.09999999849,-12.29000000000001
2026-06-23 23:15:00+00:00,74222.8199999985,-37.28
2026-06-23 23:30:00+00:00,74127.6499999985,-95.17000000000003
2026-06-23 23:45:00+00:00,74339.01999999849,211.37
2026-06-24 00:15:00+00:00,74202.27999999849,-136.74
2026-06-24 00:30:00+00:00,74509.11999999848,306.84
2026-06-24 00:45:00+00:00,74593.94999999848,84.83
2026-06-24 01:00:00+00:00,74256.08999999848,-337.85999999999996
2026-06-24 01:15:00+00:00,74482.36999999848,226.28
2026-06-24 01:30:00+00:00,74439.78999999848,-42.58
2026-06-24 01:45:00+00:00,74328.97999999848,-110.80999999999999
2026-06-24 02:00:00+00:00,74625.64999999848,296.67
2026-06-24 02:15:00+00:00,74832.06999999848,206.41999999999993
2026-06-24 02:30:00+00:00,75038.48999999848,206.41999999999993
2026-06-24 02:45:00+00:00,74681.13999999847,-357.35
2026-06-24 03:00:00+00:00,74493.06999999846,-188.07
2026-06-24 03:15:00+00:00,74825.44999999847,332.38
2026-06-24 03:30:00+00:00,74395.97999999847,-429.47
2026-06-24 03:45:00+00:00,74480.80999999847,84.83
2026-06-24 04:00:00+00:00,74717.05999999847,236.25
2026-06-24 04:15:00+00:00,74787.58999999847,70.53
2026-06-24 04:30:00+00:00,74949.72999999847,162.14000000000004
2026-06-24 04:45:00+00:00,75025.01999999846,75.29
2026-06-24 05:15:00+00:00,75143.44999999845,118.43
2026-06-24 05:30:00+00:00,75228.27999999846,84.83
2026-06-24 06:00:00+00:00,75133.10999999846,-95.17
2026-06-24 06:15:00+00:00,75227.50999999845,94.4
2026-06-24 06:30:00+00:00,75014.03999999845,-213.47000000000003
2026-06-24 06:45:00+00:00,74790.45999999845,-223.58
2026-06-24 07:00:00+00:00,74947.71999999844,157.26000000000005
2026-06-24 07:15:00+00:00,74634.38999999844,-313.33
2026-06-24 07:30:00+00:00,74728.78999999844,94.4
2026-06-24 07:45:00+00:00,74890.92999999844,162.14000000000004
2026-06-24 08:00:00+00:00,74672.39999999844,-218.53
2026-06-24 08:15:00+00:00,74834.53999999844,162.14
2026-06-24 08:30:00+00:00,74972.32999999843,137.79
2026-06-24 08:45:00+00:00,74713.57999999843,-258.75
2026-06-24 09:00:00+00:00,74419.99999999843,-293.58000000000004
2026-06-24 09:15:00+00:00,74519.18999999843,99.19
2026-06-24 09:45:00+00:00,74516.50999999844,-2.68
2026-06-24 10:00:00+00:00,74416.11999999844,-100.38999999999997
2026-06-24 10:15:00+00:00,74477.15999999843,61.04
2026-06-24 10:30:00+00:00,74397.68999999843,-79.47
2026-06-24 11:30:00+00:00,74643.93999999843,246.25
2026-06-24 12:00:00+00:00,74460.96999999843,-182.97
2026-06-24 12:15:00+00:00,74632.89999999842,171.93
2026-06-24 12:30:00+00:00,74542.95999999842,-89.94
2026-06-24 12:45:00+00:00,74259.28999999842,-283.67
2026-06-24 13:00:00+00:00,74353.68999999842,94.4
2026-06-24 13:30:00+00:00,74316.93999999842,-36.75
2026-06-24 13:45:00+00:00,73993.77999999841,-323.16
2026-06-24 14:00:00+00:00,73612.2099999984,-381.57
2026-06-24 14:15:00+00:00,73338.4899999984,-273.72
2026-06-24 14:30:00+00:00,73280.05999999841,-58.42999999999999
2026-06-24 14:45:00+00:00,72898.4899999984,-381.57
2026-06-24 15:00:00+00:00,72590.08999999841,-308.4
2026-06-24 15:15:00+00:00,72826.33999999841,236.25
2026-06-24 15:30:00+00:00,72527.80999999841,-298.53
2026-06-24 16:00:00+00:00,72588.8499999984,61.04
2026-06-24 16:15:00+00:00,72790.3199999984,201.47
2026-06-24 16:30:00+00:00,73076.8499999984,286.53
2026-06-24 17:00:00+00:00,73147.3799999984,70.53
2026-06-24 17:15:00+00:00,72848.8499999984,-298.53
2026-06-24 17:30:00+00:00,72670.9899999984,-177.86
2026-06-24 17:45:00+00:00,72437.3199999984,-233.67
2026-06-24 18:00:00+00:00,72363.0999999984,-74.22
2026-06-24 18:15:00+00:00,72569.5199999984,206.42
2026-06-24 18:30:00+00:00,72625.8199999984,56.3
2026-06-24 18:45:00+00:00,72842.14999999841,216.33
2026-06-24 19:00:00+00:00,72603.44999999841,-238.69999999999996
2026-06-24 19:15:00+00:00,72405.19999999841,-198.25
2026-06-24 19:30:00+00:00,72461.49999999841,56.3
2026-06-24 19:45:00+00:00,72667.91999999841,206.41999999999993
2026-06-24 20:30:00+00:00,72330.05999999841,-337.85999999999996
2026-06-24 20:45:00+00:00,72061.3199999984,-268.74
2026-06-24 21:00:00+00:00,71888.5799999984,-172.73999999999998
2026-06-24 21:30:00+00:00,71788.1899999984,-100.38999999999997
2026-06-24 21:45:00+00:00,71713.9699999984,-74.22
2026-06-24 22:00:00+00:00,71990.3899999984,276.42
2026-06-24 22:15:00+00:00,72266.8099999984,276.42
2026-06-24 22:30:00+00:00,72365.9999999984,99.19
2026-06-24 22:45:00+00:00,72523.2599999984,157.26
2026-06-24 23:00:00+00:00,72705.0099999984,181.75
2026-06-24 23:15:00+00:00,72436.26999999839,-268.74
2026-06-24 23:30:00+00:00,72243.10999999839,-193.16
2026-06-24 23:45:00+00:00,72132.29999999839,-110.80999999999999
2026-06-25 00:00:00+00:00,71954.43999999839,-177.85999999999999
2026-06-25 00:15:00+00:00,71670.76999999839,-283.67
2026-06-25 00:30:00+00:00,71862.3699999984,191.6
2026-06-25 00:45:00+00:00,72093.62999999839,231.26
2026-06-25 01:15:00+00:00,72375.09999999839,281.47
2026-06-25 01:30:00+00:00,72532.35999999839,157.26
2026-06-25 01:45:00+00:00,72803.72999999838,271.37
2026-06-25 02:00:00+00:00,72534.98999999838,-268.74
2026-06-25 02:15:00+00:00,72751.31999999838,216.33
2026-06-25 02:30:00+00:00,72947.84999999838,196.53
2026-06-25 03:00:00+00:00,73295.63999999837,347.79
2026-06-25 03:15:00+00:00,72952.89999999836,-342.74
2026-06-25 03:45:00+00:00,72862.95999999836,-89.94
2026-06-25 04:00:00+00:00,73054.55999999837,191.6
2026-06-25 04:15:00+00:00,73016.21999999837,-38.34
2026-06-25 04:30:00+00:00,72772.49999999837,-243.72
2026-06-25 04:45:00+00:00,72366.89999999836,-405.6
2026-06-25 05:00:00+00:00,72189.03999999836,-177.85999999999999
2026-06-25 05:15:00+00:00,71841.41999999837,-347.61999999999995
2026-06-25 05:30:00+00:00,71998.67999999836,157.26000000000005
2026-06-25 05:45:00+00:00,72265.00999999836,266.33
2026-06-25 06:00:00+00:00,71922.26999999836,-342.73999999999995
2026-06-25 06:15:00+00:00,71739.29999999836,-182.97
2026-06-25 06:30:00+00:00,71990.55999999835,251.26
2026-06-25 07:00:00+00:00,72282.15999999836,291.6
2026-06-25 07:15:00+00:00,72053.52999999835,-228.62999999999997
2026-06-25 07:30:00+00:00,71824.89999999835,-228.62999999999997
2026-06-25 07:45:00+00:00,71750.67999999835,-74.22
2026-06-25 08:00:00+00:00,71932.42999999835,181.75
2026-06-25 08:15:00+00:00,72183.68999999834,251.26
2026-06-25 08:30:00+00:00,72249.46999999834,65.78
2026-06-25 08:45:00+00:00,72319.99999999834,70.53
2026-06-25 09:15:00+00:00,72209.18999999834,-110.80999999999999
2026-06-25 09:45:00+00:00,72077.61999999834,-131.57
2026-06-25 10:00:00+00:00,72323.86999999834,246.25
2026-06-25 10:45:00+00:00,72181.96999999834,-141.9
2026-06-25 11:00:00+00:00,72247.74999999834,65.78
2026-06-25 11:15:00+00:00,71875.84999999835,-371.9
2026-06-25 11:30:00+00:00,72244.27999999834,368.43
2026-06-25 12:00:00+00:00,72227.71999999834,-16.56
2026-06-25 12:15:00+00:00,72419.31999999835,191.6
2026-06-25 12:45:00+00:00,72350.35999999834,-68.96
2026-06-25 13:00:00+00:00,72652.10999999834,301.75
2026-06-25 13:15:00+00:00,72848.63999999834,196.53
2026-06-25 13:45:00+00:00,73020.56999999833,171.93
2026-06-25 14:15:00+00:00,72951.60999999833,-68.96
2026-06-25 14:30:00+00:00,72856.43999999833,-95.17000000000003
2026-06-25 14:45:00+00:00,72719.69999999832,-136.74
2026-06-25 15:00:00+00:00,72650.73999999832,-68.96
2026-06-25 15:15:00+00:00,72550.34999999832,-100.39
2026-06-25 15:30:00+00:00,72413.60999999831,-136.74
2026-06-25 15:45:00+00:00,72756.2599999983,342.65
2026-06-25 16:15:00+00:00,72467.6299999983,-288.63
2026-06-25 16:30:00+00:00,72688.9299999983,221.3
2026-06-25 17:00:00+00:00,72583.3299999983,-105.59999999999997
2026-06-25 17:15:00+00:00,72364.7999999983,-218.53000000000003
2026-06-25 17:30:00+00:00,72136.1699999983,-228.62999999999997
2026-06-25 17:45:00+00:00,72392.4499999983,256.28
2026-06-25 18:00:00+00:00,72588.9799999983,196.53
2026-06-25 18:15:00+00:00,72251.1199999983,-337.86
2026-06-25 19:00:00+00:00,72250.04999999829,-1.070000000000001
2026-06-25 19:30:00+00:00,72531.51999999829,281.47
2026-06-25 19:45:00+00:00,72920.70999999829,389.19
2026-06-25 20:00:00+00:00,72519.89999999829,-400.81
2026-06-25 20:15:00+00:00,72599.95999999829,80.06
2026-06-25 20:30:00+00:00,72468.38999999828,-131.57
2026-06-25 20:45:00+00:00,72352.37999999829,-116.01
2026-06-25 21:00:00+00:00,72225.98999999829,-126.39
2026-06-25 21:15:00+00:00,72310.81999999829,84.83
2026-06-25 22:00:00+00:00,72117.65999999829,-193.16
2026-06-25 22:15:00+00:00,72270.03999999829,152.38000000000005
2026-06-25 22:30:00+00:00,72169.64999999829,-100.39
2026-06-25 22:45:00+00:00,72496.90999999829,327.26
2026-06-25 23:00:00+00:00,72223.18999999829,-273.72
2026-06-25 23:15:00+00:00,71994.55999999828,-228.62999999999997
2026-06-25 23:30:00+00:00,72050.85999999828,56.3
2026-06-25 23:45:00+00:00,72342.45999999829,291.6
2026-06-26 00:00:00+00:00,72412.98999999829,70.53
2026-06-26 00:15:00+00:00,72134.28999999829,-278.7
2026-06-26 00:45:00+00:00,71865.54999999829,-268.74
2026-06-26 01:00:00+00:00,72101.79999999829,236.25
2026-06-26 01:15:00+00:00,72027.57999999828,-74.22
2026-06-26 01:30:00+00:00,71977.06999999829,-50.51
2026-06-26 02:00:00+00:00,72198.3699999983,221.3
2026-06-26 02:15:00+00:00,72469.73999999829,271.37
2026-06-26 02:30:00+00:00,72671.20999999829,201.47
2026-06-26 02:45:00+00:00,72333.34999999829,-337.86
2026-06-26 03:15:00+00:00,72500.37999999829,167.03
2026-06-26 04:00:00+00:00,72585.20999999829,84.83
2026-06-26 04:15:00+00:00,72781.73999999829,196.52999999999994
2026-06-26 04:30:00+00:00,72660.53999999829,-121.19999999999999
2026-06-26 04:45:00+00:00,72891.79999999829,231.26
2026-06-26 05:00:00+00:00,73148.07999999828,256.28
2026-06-26 05:15:00+00:00,72854.49999999828,-293.58000000000004
2026-06-26 05:30:00+00:00,72615.79999999829,-238.69999999999996
2026-06-26 05:45:00+00:00,72857.04999999829,241.25
2026-06-26 06:00:00+00:00,72470.65999999829,-386.39
2026-06-26 06:15:00+00:00,72560.26999999829,89.61
2026-06-26 06:30:00+00:00,72776.59999999829,216.33
2026-06-26 06:45:00+00:00,72487.96999999828,-288.63
2026-06-26 07:00:00+00:00,72694.38999999828,206.41999999999993
2026-06-26 07:15:00+00:00,72410.71999999828,-283.67
2026-06-26 07:30:00+00:00,72299.90999999829,-110.80999999999999
2026-06-26 07:45:00+00:00,72086.43999999829,-213.47000000000003
2026-06-26 08:00:00+00:00,72195.23999999829,108.8
2026-06-26 08:15:00+00:00,72299.2299999983,103.99
2026-06-26 08:30:00+00:00,71946.73999999829,-352.49
2026-06-26 08:45:00+00:00,72036.34999999829,89.61
2026-06-26 09:00:00+00:00,71899.60999999828,-136.74
2026-06-26 09:15:00+00:00,71970.13999999828,70.53
2026-06-26 09:30:00+00:00,71782.06999999828,-188.07
2026-06-26 09:45:00+00:00,71890.86999999828,108.8
2026-06-26 10:00:00+00:00,71795.69999999828,-95.17
2026-06-26 10:15:00+00:00,72031.94999999828,236.25
2026-06-26 10:30:00+00:00,71733.41999999828,-298.53
2026-06-26 10:45:00+00:00,71499.74999999828,-233.67
2026-06-26 11:00:00+00:00,71368.17999999828,-131.57
2026-06-26 11:15:00+00:00,71634.50999999828,266.33
2026-06-26 11:30:00+00:00,71539.33999999828,-95.17
2026-06-26 11:45:00+00:00,71366.59999999827,-172.73999999999998
2026-06-26 12:30:00+00:00,71499.53999999828,132.94
2026-06-26 12:45:00+00:00,71740.78999999828,241.25
2026-06-26 13:00:00+00:00,71839.97999999828,99.19
2026-06-26 13:15:00+00:00,71586.22999999828,-253.75
2026-06-26 13:30:00+00:00,71398.15999999827,-188.07
2026-06-26 13:45:00+00:00,71594.68999999827,196.53
2026-06-26 14:15:00+00:00,71830.93999999827,236.25
2026-06-26 14:30:00+00:00,71502.86999999826,-328.07
2026-06-26 14:45:00+00:00,71568.64999999826,65.78
2026-06-26 15:00:00+00:00,71629.68999999826,61.04
2026-06-26 15:15:00+00:00,71821.28999999826,191.6
2026-06-26 16:00:00+00:00,72007.95999999826,186.67
2026-06-26 16:15:00+00:00,72309.70999999826,301.75
2026-06-26 16:30:00+00:00,72302.21999999825,-7.49
2026-06-26 16:45:00+00:00,72454.59999999826,152.38
2026-06-26 17:00:00+00:00,72236.06999999826,-218.53
2026-06-26 17:15:00+00:00,72316.12999999826,80.06
2026-06-26 17:45:00+00:00,72542.40999999826,226.28
2026-06-26 18:00:00+00:00,72514.67999999826,-27.73
2026-06-26 18:15:00+00:00,72609.07999999826,94.4
2026-06-26 18:30:00+00:00,72513.90999999826,-95.17
2026-06-26 18:45:00+00:00,72290.32999999826,-223.58
2026-06-26 19:30:00+00:00,72132.97999999825,-157.35
2026-06-26 19:45:00+00:00,72548.26999999824,415.29
2026-06-26 20:00:00+00:00,72314.59999999825,-233.67
2026-06-26 20:15:00+00:00,72016.06999999825,-298.53
2026-06-26 20:45:00+00:00,72086.59999999825,70.53
2026-06-26 21:00:00+00:00,72048.25999999825,-38.339999999999975
2026-06-26 21:15:00+00:00,72309.55999999825,261.3
2026-06-26 21:30:00+00:00,72394.38999999825,84.83
2026-06-26 21:45:00+00:00,72546.76999999826,152.38
2026-06-26 22:00:00+00:00,72641.16999999825,94.4
2026-06-26 22:15:00+00:00,72572.20999999825,-68.96
2026-06-26 22:30:00+00:00,72559.38999999824,-12.820000000000011
2026-06-26 22:45:00+00:00,72265.80999999824,-293.58000000000004
2026-06-26 23:00:00+00:00,71927.94999999824,-337.85999999999996
2026-06-26 23:15:00+00:00,71679.20999999823,-248.74
2026-06-26 23:30:00+00:00,71915.45999999823,236.25
2026-06-27 00:00:00+00:00,71646.71999999823,-268.74
2026-06-27 00:15:00+00:00,71333.38999999822,-313.33
2026-06-27 00:30:00+00:00,71476.03999999822,142.65
2026-06-27 00:45:00+00:00,71546.56999999822,70.53
2026-06-27 01:00:00+00:00,71312.89999999822,-233.66999999999996
2026-06-27 01:15:00+00:00,71574.19999999822,261.3
2026-06-27 01:30:00+00:00,71855.66999999822,281.47
2026-06-27 01:45:00+00:00,72027.59999999822,171.93
2026-06-27 02:00:00+00:00,71778.85999999821,-248.74
2026-06-27 02:15:00+00:00,71902.1199999982,123.26
2026-06-27 02:45:00+00:00,72133.3799999982,231.26
2026-06-27 03:15:00+00:00,72424.9799999982,291.6
2026-06-27 03:30:00+00:00,72252.2399999982,-172.73999999999998
2026-06-27 03:45:00+00:00,72553.9899999982,301.75
2026-06-27 04:00:00+00:00,72458.8199999982,-95.17
2026-06-27 04:30:00+00:00,72620.9599999982,162.14000000000004
2026-06-27 04:45:00+00:00,72847.2399999982,226.28
2026-06-27 05:00:00+00:00,72922.5299999982,75.29
2026-06-27 05:15:00+00:00,72709.0599999982,-213.47000000000003
2026-06-27 05:30:00+00:00,72871.19999999819,162.14000000000004
2026-06-27 05:45:00+00:00,72667.86999999819,-203.33
2026-06-27 06:00:00+00:00,72449.33999999819,-218.53000000000003
2026-06-27 06:15:00+00:00,72354.1699999982,-95.17
2026-06-27 06:30:00+00:00,72472.59999999819,118.43
2026-06-27 06:45:00+00:00,72562.20999999819,89.61
2026-06-27 07:00:00+00:00,72288.48999999819,-273.72
2026-06-27 07:15:00+00:00,72156.91999999818,-131.57
2026-06-27 07:45:00+00:00,72499.56999999817,342.65
2026-06-27 08:00:00+00:00,72710.93999999817,211.37
2026-06-27 08:15:00+00:00,72610.54999999817,-100.39
2026-06-27 08:30:00+00:00,72907.21999999817,296.67
2026-06-27 08:45:00+00:00,73178.58999999816,271.37
2026-06-27 09:15:00+00:00,72885.00999999816,-293.58
2026-06-27 09:30:00+00:00,73289.83999999816,404.83
2026-06-27 09:45:00+00:00,73066.25999999816,-223.58000000000004
2026-06-27 10:00:00+00:00,73248.00999999816,181.75
2026-06-27 10:15:00+00:00,73494.25999999816,246.25
2026-06-27 10:30:00+00:00,73661.28999999816,167.03
2026-06-27 10:45:00+00:00,73857.81999999816,196.52999999999994
2026-06-27 11:00:00+00:00,74129.18999999815,271.37
2026-06-27 11:15:00+00:00,74365.43999999815,236.25
2026-06-27 11:45:00+00:00,74581.76999999816,216.33
2026-06-27 12:00:00+00:00,74502.29999999815,-79.47000000000001
2026-06-27 12:15:00+00:00,74708.71999999815,206.41999999999993
2026-06-27 12:30:00+00:00,74603.11999999815,-105.59999999999997
2026-06-27 12:45:00+00:00,74702.30999999815,99.19
2026-06-27 13:00:00+00:00,74787.13999999815,84.83
2026-06-27 13:15:00+00:00,74568.60999999815,-218.53000000000003
2026-06-27 13:30:00+00:00,74235.63999999815,-332.97
2026-06-27 13:45:00+00:00,73961.91999999815,-273.72
2026-06-27 14:15:00+00:00,74320.01999999816,358.1
2026-06-27 14:30:00+00:00,74299.73999999816,-20.28
2026-06-27 14:45:00+00:00,74071.10999999815,-228.62999999999997
2026-06-27 15:00:00+00:00,74012.67999999816,-58.43
2026-06-27 15:30:00+00:00,74083.20999999816,70.53
2026-06-27 15:45:00+00:00,74314.46999999815,231.26
2026-06-27 16:00:00+00:00,74040.74999999815,-273.72
2026-06-27 16:15:00+00:00,74212.67999999814,171.93
2026-06-27 16:30:00+00:00,74204.65999999814,-8.02
2026-06-27 16:45:00+00:00,73861.91999999814,-342.73999999999995
2026-06-27 17:00:00+00:00,73568.33999999813,-293.58000000000004
2026-06-27 17:30:00+00:00,73436.76999999813,-131.57
2026-06-27 17:45:00+00:00,73336.37999999813,-100.38999999999997
2026-06-27 18:00:00+00:00,73663.63999999812,327.26
2026-06-27 18:15:00+00:00,73738.92999999812,75.29
2026-06-27 18:30:00+00:00,73675.22999999812,-63.7
2026-06-27 18:45:00+00:00,73731.52999999812,56.3
2026-06-27 19:00:00+00:00,73987.80999999812,256.28
2026-06-27 19:15:00+00:00,73809.94999999812,-177.85999999999999
2026-06-27 19:30:00+00:00,74001.54999999813,191.6
2026-06-27 19:45:00+00:00,74067.32999999812,65.78
2026-06-27 20:00:00+00:00,73961.72999999812,-105.6
2026-06-27 20:30:00+00:00,74158.25999999812,196.53
2026-06-27 20:45:00+00:00,74394.50999999812,236.25
2026-06-27 21:00:00+00:00,74484.11999999812,89.61
2026-06-27 21:15:00+00:00,74564.17999999812,80.06
2026-06-27 21:30:00+00:00,74275.54999999811,-288.63
2026-06-27 21:45:00+00:00,74597.68999999811,322.14
2026-06-27 22:00:00+00:00,74314.01999999811,-283.67
2026-06-27 22:15:00+00:00,74394.07999999811,80.06
2026-06-27 22:30:00+00:00,74793.68999999811,399.61
2026-06-27 22:45:00+00:00,74748.45999999811,-45.22999999999998
2026-06-27 23:00:00+00:00,74611.71999999811,-136.74
2026-06-27 23:15:00+00:00,74187.0099999981,-424.71
2026-06-28 00:00:00+00:00,73903.3399999981,-283.67
2026-06-28 00:15:00+00:00,73700.0099999981,-203.33
2026-06-28 00:45:00+00:00,73589.1999999981,-110.81
2026-06-28 01:00:00+00:00,73370.6699999981,-218.53000000000003
2026-06-28 01:15:00+00:00,73152.13999999811,-218.53
2026-06-28 01:30:00+00:00,72943.73999999811,-208.4
2026-06-28 01:45:00+00:00,72853.79999999811,-89.94000000000001
2026-06-28 02:00:00+00:00,73065.1699999981,211.37
2026-06-28 02:15:00+00:00,73145.2299999981,80.06
2026-06-28 02:30:00+00:00,73371.5099999981,226.28
2026-06-28 02:45:00+00:00,73271.1199999981,-100.38999999999997
2026-06-28 03:00:00+00:00,73093.2599999981,-177.85999999999999
2026-06-28 03:15:00+00:00,73289.7899999981,196.53
2026-06-28 03:30:00+00:00,73576.3199999981,286.53
2026-06-28 03:45:00+00:00,73802.5999999981,226.28
2026-06-28 04:00:00+00:00,74212.6599999981,410.06
2026-06-28 04:15:00+00:00,74428.9899999981,216.33
2026-06-28 04:30:00+00:00,74715.5199999981,286.53
2026-06-28 04:45:00+00:00,74858.16999999809,142.65
2026-06-28 05:00:00+00:00,75079.4699999981,221.3
2026-06-28 05:15:00+00:00,75193.0799999981,113.61
2026-06-28 05:30:00+00:00,74904.44999999809,-288.63
2026-06-28 06:00:00+00:00,74865.0499999981,-39.39999999999998
2026-06-28 06:15:00+00:00,75197.4299999981,332.38
2026-06-28 06:30:00+00:00,74928.6899999981,-268.74
2026-06-28 06:45:00+00:00,75008.7499999981,80.06
2026-06-28 07:00:00+00:00,74882.3599999981,-126.39
2026-06-28 07:15:00+00:00,74938.6599999981,56.3
2026-06-28 07:30:00+00:00,75174.9099999981,236.25
2026-06-28 07:45:00+00:00,74997.0499999981,-177.85999999999999
2026-06-28 08:00:00+00:00,75298.7999999981,301.75
2026-06-28 08:15:00+00:00,75545.0499999981,246.25
2026-06-28 08:30:00+00:00,75251.4699999981,-293.58000000000004
2026-06-28 08:45:00+00:00,75022.83999999809,-228.62999999999997
2026-06-28 09:00:00+00:00,75319.50999999809,296.67
2026-06-28 09:15:00+00:00,75245.28999999809,-74.22
2026-06-28 09:30:00+00:00,75057.21999999808,-188.07
2026-06-28 10:15:00+00:00,74724.24999999808,-332.97
2026-06-28 10:45:00+00:00,75010.77999999808,286.53
2026-06-28 11:15:00+00:00,75420.83999999808,410.06
2026-06-28 11:45:00+00:00,75652.09999999807,231.26
2026-06-28 12:00:00+00:00,75338.76999999807,-313.33
2026-06-28 12:15:00+00:00,75565.04999999807,226.28
2026-06-28 12:30:00+00:00,75135.57999999807,-429.47
2026-06-28 12:45:00+00:00,74720.40999999807,-415.17
2026-06-28 13:30:00+00:00,74625.23999999807,-95.17000000000003
2026-06-28 13:45:00+00:00,74777.61999999807,152.38
2026-06-28 14:00:00+00:00,74661.60999999808,-116.01
2026-06-28 14:30:00+00:00,74897.85999999808,236.25
2026-06-28 14:45:00+00:00,74992.25999999807,94.4
2026-06-28 15:00:00+00:00,75198.67999999807,206.41999999999993
2026-06-28 15:15:00+00:00,75355.93999999807,157.26
2026-06-28 15:30:00+00:00,75662.77999999806,306.84
2026-06-28 15:45:00+00:00,75295.71999999807,-367.06
2026-06-28 16:30:00+00:00,75521.99999999806,226.28
2026-06-28 16:45:00+00:00,75679.25999999806,157.26000000000005
2026-06-28 17:00:00+00:00,75846.28999999806,167.03
2026-06-28 17:15:00+00:00,75407.32999999805,-438.96
2026-06-28 17:30:00+00:00,75317.38999999805,-89.94
2026-06-28 18:00:00+00:00,75603.91999999805,286.53
2026-06-28 18:15:00+00:00,75717.52999999805,113.61
2026-06-28 18:30:00+00:00,75379.66999999805,-337.86
2026-06-28 18:45:00+00:00,75595.99999999805,216.33
2026-06-28 19:00:00+00:00,75176.05999999805,-419.94
2026-06-28 19:15:00+00:00,75232.35999999805,56.3
2026-06-28 19:30:00+00:00,75453.65999999805,221.3
2026-06-28 19:45:00+00:00,75033.71999999805,-419.94
2026-06-28 20:00:00+00:00,75386.65999999805,352.94
2026-06-28 20:30:00+00:00,75578.25999999806,191.6
2026-06-28 20:45:00+00:00,75691.86999999806,113.61
2026-06-28 21:00:00+00:00,75641.35999999807,-50.51
2026-06-28 21:15:00+00:00,75702.39999999806,61.04
2026-06-28 21:30:00+00:00,75389.06999999806,-313.33
2026-06-28 21:45:00+00:00,75625.31999999806,236.25
2026-06-28 22:00:00+00:00,75851.59999999806,226.28
2026-06-28 22:45:00+00:00,75633.06999999806,-218.53
2026-06-28 23:00:00+00:00,75394.36999999806,-238.7
2026-06-28 23:15:00+00:00,75595.83999999806,201.47
2026-06-29 00:00:00+00:00,75812.16999999806,216.33
2026-06-29 00:15:00+00:00,75396.99999999806,-415.1700000000001
2026-06-29 00:45:00+00:00,75780.98999999807,383.99
2026-06-29 01:00:00+00:00,76062.45999999807,281.47
2026-06-29 01:15:00+00:00,76132.98999999807,70.53
2026-06-29 01:30:00+00:00,76198.76999999807,65.78
2026-06-29 01:45:00+00:00,76124.54999999807,-74.22
2026-06-29 02:00:00+00:00,76008.53999999807,-116.01
2026-06-29 02:15:00+00:00,76279.90999999807,271.37
2026-06-29 02:45:00+00:00,76355.19999999806,75.29
2026-06-29 03:00:00+00:00,76601.44999999806,246.25
2026-06-29 03:15:00+00:00,76686.27999999806,84.83
2026-06-29 03:30:00+00:00,76412.55999999806,-273.72
2026-06-29 03:45:00+00:00,76487.84999999806,75.29
2026-06-29 04:15:00+00:00,76674.51999999805,186.67
2026-06-29 04:30:00+00:00,76749.80999999805,75.29
2026-06-29 04:45:00+00:00,76815.58999999805,65.78
2026-06-29 05:00:00+00:00,76576.88999999805,-238.69999999999996
2026-06-29 05:30:00+00:00,76445.31999999804,-131.57
2026-06-29 05:45:00+00:00,76151.73999999804,-293.58000000000004
2026-06-29 06:00:00+00:00,76299.24999999804,147.51
2026-06-29 06:15:00+00:00,76131.62999999804,-167.61999999999998
2026-06-29 06:30:00+00:00,75818.29999999804,-313.33
2026-06-29 06:45:00+00:00,75702.28999999804,-116.01
2026-06-29 07:00:00+00:00,75612.34999999804,-89.94000000000001
2026-06-29 07:15:00+00:00,75682.87999999804,70.53
2026-06-29 07:30:00+00:00,75777.27999999803,94.4
2026-06-29 07:45:00+00:00,75599.41999999803,-177.86
2026-06-29 08:00:00+00:00,75830.67999999803,231.26
2026-06-29 08:15:00+00:00,76037.09999999803,206.41999999999993
2026-06-29 08:30:00+00:00,76395.19999999803,358.1
2026-06-29 08:45:00+00:00,76263.62999999803,-131.57
2026-06-29 09:00:00+00:00,76590.88999999802,327.26
2026-06-29 09:15:00+00:00,76857.21999999802,266.33
2026-06-29 09:30:00+00:00,76970.82999999802,113.61
2026-06-29 10:00:00+00:00,76823.76999999803,-147.06
2026-06-29 10:15:00+00:00,76894.29999999802,70.53
2026-06-29 10:30:00+00:00,76773.09999999803,-121.2
2026-06-29 10:45:00+00:00,76886.70999999803,113.61
2026-06-29 11:00:00+00:00,77073.37999999803,186.67
2026-06-29 11:15:00+00:00,77334.67999999803,261.3
2026-06-29 11:30:00+00:00,76914.73999999803,-419.94
2026-06-29 11:45:00+00:00,77141.01999999803,226.28
2026-06-29 12:00:00+00:00,76922.48999999803,-218.53000000000003
2026-06-29 12:30:00+00:00,77114.08999999803,191.6
2026-06-29 12:45:00+00:00,77355.33999999803,241.25
2026-06-29 13:00:00+00:00,77162.17999999803,-193.16
2026-06-29 13:30:00+00:00,76918.45999999803,-243.72
2026-06-29 13:45:00+00:00,76585.48999999803,-332.97
2026-06-29 14:00:00+00:00,76782.01999999803,196.53
2026-06-29 14:45:00+00:00,76634.95999999803,-147.06
2026-06-29 15:00:00+00:00,76326.55999999803,-308.4
2026-06-29 15:15:00+00:00,76226.16999999803,-100.39
2026-06-29 15:30:00+00:00,76306.22999999803,80.06
2026-06-29 15:45:00+00:00,76429.48999999803,123.26
2026-06-29 16:00:00+00:00,76504.77999999802,75.29
2026-06-29 16:15:00+00:00,76716.14999999802,211.37
2026-06-29 17:00:00+00:00,76452.39999999802,-263.75
2026-06-29 17:30:00+00:00,76614.53999999801,162.14
2026-06-29 17:45:00+00:00,76477.79999999801,-136.74
2026-06-29 18:00:00+00:00,76789.729999998,311.93
2026-06-29 18:45:00+00:00,76506.059999998,-283.67
2026-06-29 19:00:00+00:00,76890.04999999801,383.99
2026-06-29 19:15:00+00:00,76974.87999999801,84.82999999999994
2026-06-29 19:45:00+00:00,77040.65999999801,65.78
2026-06-29 20:00:00+00:00,77222.40999999801,181.75
2026-06-29 20:15:00+00:00,77514.00999999802,291.6
2026-06-29 20:30:00+00:00,77685.93999999801,171.93
2026-06-29 20:45:00+00:00,77746.979999998,61.04
2026-06-29 21:00:00+00:00,77798.54999999801,51.57
2026-06-29 21:15:00+00:00,77931.48999999801,132.94
2026-06-29 21:30:00+00:00,78002.01999999801,70.53
2026-06-29 21:45:00+00:00,78086.84999999801,84.83
2026-06-29 22:00:00+00:00,77996.90999999801,-89.94000000000001
2026-06-29 22:15:00+00:00,78223.18999999801,226.28
2026-06-29 22:30:00+00:00,78524.93999999801,301.75
2026-06-29 23:00:00+00:00,78796.309999998,271.37
2026-06-29 23:15:00+00:00,79007.679999998,211.37
2026-06-29 23:30:00+00:00,79228.979999998,221.3
2026-06-29 23:45:00+00:00,79400.909999998,171.93
2026-06-30 00:15:00+00:00,79627.189999998,226.28
2026-06-30 00:30:00+00:00,79745.61999999799,118.43
2026-06-30 00:45:00+00:00,79640.01999999798,-105.6
2026-06-30 01:00:00+00:00,79715.30999999797,75.29
2026-06-30 01:15:00+00:00,79426.67999999797,-288.63
2026-06-30 01:30:00+00:00,79540.28999999797,113.61
2026-06-30 01:45:00+00:00,79445.11999999797,-95.17
2026-06-30 02:00:00+00:00,79365.64999999797,-79.47000000000001
2026-06-30 02:30:00+00:00,79642.06999999797,276.42
2026-06-30 02:45:00+00:00,79984.71999999796,342.65
2026-06-30 03:00:00+00:00,79706.01999999797,-278.7
2026-06-30 03:15:00+00:00,79462.29999999797,-243.72
2026-06-30 03:30:00+00:00,79678.62999999797,216.33
2026-06-30 03:45:00+00:00,79521.27999999796,-157.35
2026-06-30 04:00:00+00:00,79490.88999999796,-30.39
2026-06-30 04:30:00+00:00,79880.07999999796,389.19
2026-06-30 04:45:00+00:00,79656.49999999796,-223.58000000000004
2026-06-30 05:00:00+00:00,79872.82999999796,216.33
2026-06-30 05:15:00+00:00,79549.66999999796,-323.16
2026-06-30 05:30:00+00:00,79756.08999999796,206.41999999999993
2026-06-30 05:45:00+00:00,79845.69999999796,89.61
2026-06-30 06:00:00+00:00,79557.06999999796,-288.63
2026-06-30 06:15:00+00:00,79656.25999999796,99.19
2026-06-30 07:00:00+00:00,79362.67999999796,-293.58
2026-06-30 07:30:00+00:00,79583.97999999796,221.3
2026-06-30 07:45:00+00:00,79370.50999999796,-213.47000000000003
2026-06-30 08:00:00+00:00,79111.75999999796,-258.75
2026-06-30 08:15:00+00:00,79373.05999999796,261.3
2026-06-30 08:45:00+00:00,79443.58999999796,70.53
2026-06-30 09:00:00+00:00,79720.00999999796,276.42
2026-06-30 09:15:00+00:00,79857.79999999795,137.79
2026-06-30 09:30:00+00:00,79808.33999999794,-49.46
2026-06-30 09:45:00+00:00,80156.12999999794,347.79
2026-06-30 10:00:00+00:00,80264.92999999794,108.8
2026-06-30 10:15:00+00:00,79981.25999999794,-283.67
2026-06-30 10:30:00+00:00,79712.51999999794,-268.74
2026-06-30 10:45:00+00:00,79869.77999999793,157.26000000000005
2026-06-30 11:00:00+00:00,79576.19999999793,-293.58000000000004
2026-06-30 11:15:00+00:00,79802.47999999793,226.28
2026-06-30 11:45:00+00:00,79425.73999999792,-376.74
2026-06-30 12:00:00+00:00,79102.57999999792,-323.16
2026-06-30 12:15:00+00:00,79196.97999999792,94.4
2026-06-30 12:30:00+00:00,78903.39999999791,-293.58
2026-06-30 12:45:00+00:00,78883.64999999791,-19.75
2026-06-30 13:00:00+00:00,78930.01999999791,46.37
2026-06-30 13:15:00+00:00,79141.3899999979,211.37
2026-06-30 13:30:00+00:00,79020.1899999979,-121.19999999999999
2026-06-30 13:45:00+00:00,79114.5899999979,94.4
2026-06-30 14:00:00+00:00,79194.6499999979,80.06
2026-06-30 15:00:00+00:00,79094.2599999979,-100.39
2026-06-30 15:15:00+00:00,78845.5199999979,-248.74
2026-06-30 15:30:00+00:00,78693.30999999789,-152.21
2026-06-30 15:45:00+00:00,78424.56999999788,-268.74
2026-06-30 16:00:00+00:00,78839.85999999788,415.29
2026-06-30 16:15:00+00:00,78718.65999999788,-121.19999999999999
2026-06-30 16:30:00+00:00,78454.90999999788,-263.75
2026-06-30 16:45:00+00:00,78563.70999999788,108.8
2026-06-30 17:15:00+00:00,78865.45999999788,301.75
2026-06-30 17:30:00+00:00,79126.75999999788,261.3
2026-06-30 17:45:00+00:00,79083.11999999789,-43.64
2026-06-30 18:15:00+00:00,78814.37999999788,-268.74
2026-06-30 18:30:00+00:00,78961.88999999787,147.51
2026-06-30 18:45:00+00:00,78809.67999999787,-152.21
2026-06-30 19:00:00+00:00,78894.50999999787,84.83
2026-06-30 19:15:00+00:00,79120.78999999787,226.28
2026-06-30 19:30:00+00:00,79432.71999999786,311.93
2026-06-30 19:45:00+00:00,79517.54999999786,84.83
2026-06-30 20:00:00+00:00,79694.38999999786,176.84
2026-06-30 20:15:00+00:00,79817.64999999786,123.26
2026-06-30 20:30:00+00:00,80043.92999999785,226.28
2026-06-30 20:45:00+00:00,80143.11999999786,99.19
2026-06-30 21:00:00+00:00,80223.17999999785,80.06
2026-06-30 21:15:00+00:00,80107.16999999786,-116.01
2026-06-30 21:30:00+00:00,80288.91999999786,181.75
2026-06-30 21:45:00+00:00,80388.10999999786,99.19
2026-06-30 22:00:00+00:00,80114.38999999786,-273.72
2026-06-30 22:15:00+00:00,80237.64999999786,123.26
2026-06-30 22:30:00+00:00,79953.97999999786,-283.67
2026-06-30 23:00:00+00:00,80291.48999999785,337.51
2026-06-30 23:15:00+00:00,80547.76999999785,256.28
2026-06-30 23:30:00+00:00,80651.75999999786,103.99
2026-06-30 23:45:00+00:00,80868.08999999786,216.33
2026-07-01 00:00:00+00:00,80599.34999999785,-268.74
2026-07-01 00:15:00+00:00,80771.27999999785,171.93
2026-07-01 00:30:00+00:00,80977.69999999784,206.41999999999993
2026-07-01 00:45:00+00:00,80861.68999999785,-116.00999999999999
2026-07-01 01:00:00+00:00,80638.10999999785,-223.58000000000004
2026-07-01 01:15:00+00:00,80859.40999999785,221.3
2026-07-01 01:30:00+00:00,80779.93999999785,-79.47000000000001
2026-07-01 02:00:00+00:00,81011.19999999784,231.26
2026-07-01 02:15:00+00:00,81452.76999999785,441.57
2026-07-01 02:30:00+00:00,81414.95999999785,-37.80999999999998
2026-07-01 02:45:00+00:00,81211.62999999785,-203.33
2026-07-01 03:00:00+00:00,81383.55999999784,171.93
2026-07-01 03:45:00+00:00,81154.92999999784,-228.62999999999997
2026-07-01 04:15:00+00:00,81225.45999999784,70.53
2026-07-01 04:45:00+00:00,80956.71999999783,-268.74
2026-07-01 05:00:00+00:00,81212.99999999783,256.28
2026-07-01 05:15:00+00:00,81389.83999999783,176.84
2026-07-01 05:30:00+00:00,81284.23999999782,-105.6
2026-07-01 05:45:00+00:00,81020.48999999782,-263.75
2026-07-01 06:00:00+00:00,81286.81999999782,266.33
2026-07-01 06:15:00+00:00,81395.61999999783,108.8
2026-07-01 07:00:00+00:00,81636.86999999783,241.25
2026-07-01 07:15:00+00:00,81868.12999999782,231.26
2026-07-01 07:30:00+00:00,82104.37999999782,236.25
2026-07-01 07:45:00+00:00,81983.17999999782,-121.2
2026-07-01 08:00:00+00:00,81744.47999999783,-238.69999999999996
2026-07-01 08:15:00+00:00,81960.80999999783,216.33
2026-07-01 08:30:00+00:00,82187.08999999783,226.28
2026-07-01 08:45:00+00:00,82519.46999999783,332.38
2026-07-01 09:15:00+00:00,82666.97999999783,147.51
2026-07-01 09:45:00+00:00,82295.07999999783,-371.9
2026-07-01 10:00:00+00:00,82021.35999999783,-273.72
2026-07-01 10:15:00+00:00,82144.61999999783,123.26
2026-07-01 10:30:00+00:00,82385.86999999783,241.25
2026-07-01 10:45:00+00:00,82233.65999999782,-152.21
2026-07-01 11:00:00+00:00,82410.49999999782,176.84
2026-07-01 11:15:00+00:00,82092.24999999782,-318.25
2026-07-01 11:30:00+00:00,82328.49999999782,236.25
2026-07-01 11:45:00+00:00,82044.82999999782,-283.67
2026-07-01 12:00:00+00:00,82306.12999999782,261.3
2026-07-01 12:15:00+00:00,82405.31999999782,99.19
2026-07-01 12:30:00+00:00,82514.11999999783,108.8
2026-07-01 13:15:00+00:00,82642.21999999783,128.1
2026-07-01 13:30:00+00:00,82878.46999999783,236.25
2026-07-01 13:45:00+00:00,82604.74999999783,-273.72
2026-07-01 14:15:00+00:00,82311.16999999783,-293.58000000000004
2026-07-01 14:30:00+00:00,82507.69999999783,196.52999999999994
2026-07-01 14:45:00+00:00,82650.34999999782,142.65
2026-07-01 15:00:00+00:00,82957.18999999782,306.84
2026-07-01 15:15:00+00:00,82718.48999999782,-238.69999999999996
2026-07-01 15:30:00+00:00,82429.85999999782,-288.63
2026-07-01 15:45:00+00:00,82409.57999999782,-20.28
2026-07-01 16:00:00+00:00,82670.87999999782,261.3
2026-07-01 16:15:00+00:00,82523.81999999782,-147.06
2026-07-01 17:00:00+00:00,82735.18999999782,211.37
2026-07-01 17:15:00+00:00,82941.60999999782,206.41999999999993
2026-07-01 18:00:00+00:00,82723.07999999782,-218.53000000000003
2026-07-01 18:15:00+00:00,82939.40999999782,216.33
2026-07-01 18:30:00+00:00,83082.05999999781,142.65
2026-07-01 18:45:00+00:00,82788.47999999781,-293.58000000000004
2026-07-01 19:00:00+00:00,83024.72999999781,236.25
2026-07-01 19:30:00+00:00,83255.98999999781,231.26
2026-07-01 19:45:00+00:00,83160.81999999781,-95.17000000000003
2026-07-01 20:15:00+00:00,83034.42999999781,-126.39
2026-07-01 20:30:00+00:00,82866.80999999781,-167.62
2026-07-01 21:00:00+00:00,83103.05999999781,236.25
2026-07-01 21:45:00+00:00,82920.08999999781,-182.97
2026-07-01 22:00:00+00:00,83131.45999999781,211.37
2026-07-01 22:15:00+00:00,83347.78999999781,216.33
2026-07-01 22:30:00+00:00,83559.1599999978,211.37
2026-07-01 22:45:00+00:00,83469.2199999978,-89.94
2026-07-01 23:00:00+00:00,83368.8299999978,-100.39
2026-07-01 23:15:00+00:00,83439.3599999978,70.53
2026-07-01 23:30:00+00:00,83812.9699999978,373.61
2026-07-01 23:45:00+00:00,84119.8099999978,306.84
2026-07-02 00:00:00+00:00,83988.2399999978,-131.57
2026-07-02 00:15:00+00:00,84179.8399999978,191.6
2026-07-02 01:00:00+00:00,84279.0299999978,99.19
2026-07-02 01:30:00+00:00,84045.3599999978,-233.66999999999996
2026-07-02 02:00:00+00:00,84450.1899999978,404.83
2026-07-02 02:15:00+00:00,84721.5599999978,271.37
2026-07-02 03:00:00+00:00,84427.9799999978,-293.58000000000004
2026-07-02 03:15:00+00:00,84134.3999999978,-293.58000000000004
2026-07-02 03:30:00+00:00,83875.6499999978,-258.75
2026-07-02 03:45:00+00:00,83582.0699999978,-293.58000000000004
2026-07-02 04:00:00+00:00,83308.3499999978,-273.72
2026-07-02 04:15:00+00:00,83436.4499999978,128.1
2026-07-02 04:30:00+00:00,83608.3799999978,171.93
2026-07-02 04:45:00+00:00,83834.65999999779,226.28
2026-07-02 05:00:00+00:00,83606.02999999779,-228.62999999999997
2026-07-02 05:15:00+00:00,83176.55999999779,-429.47
2026-07-02 05:30:00+00:00,83427.81999999778,251.26
2026-07-02 05:45:00+00:00,83659.07999999778,231.26
2026-07-02 06:00:00+00:00,83710.64999999778,51.57
2026-07-02 06:15:00+00:00,83917.06999999778,206.41999999999993
2026-07-02 06:30:00+00:00,84133.39999999778,216.33
2026-07-02 06:45:00+00:00,84251.82999999778,118.43
2026-07-02 08:45:00+00:00,83958.24999999777,-293.58000000000004
2026-07-02 09:15:00+00:00,84174.57999999778,216.33
2026-07-02 09:45:00+00:00,84264.18999999778,89.61
2026-07-02 10:00:00+00:00,83829.96999999777,-434.22
2026-07-02 10:15:00+00:00,83496.99999999777,-332.97
2026-07-02 10:30:00+00:00,83768.36999999777,271.37
2026-07-02 10:45:00+00:00,83590.50999999777,-177.85999999999999
2026-07-02 11:00:00+00:00,83326.75999999777,-263.75
2026-07-02 11:15:00+00:00,83088.05999999777,-238.69999999999996
2026-07-02 11:30:00+00:00,82824.30999999777,-263.75
2026-07-02 11:45:00+00:00,82545.60999999777,-278.7
2026-07-02 12:00:00+00:00,82217.53999999777,-328.07
2026-07-02 12:15:00+00:00,81953.78999999777,-263.75
2026-07-02 12:30:00+00:00,82170.11999999777,216.33
2026-07-02 12:45:00+00:00,82269.30999999777,99.19
2026-07-02 13:00:00+00:00,82035.63999999777,-233.66999999999996
2026-07-02 13:15:00+00:00,81751.96999999777,-283.67
2026-07-02 13:30:00+00:00,82063.89999999777,311.93
2026-07-02 13:45:00+00:00,81775.26999999776,-288.63
2026-07-02 14:00:00+00:00,81957.01999999776,181.75
2026-07-02 14:15:00+00:00,81673.34999999776,-283.67
2026-07-02 14:30:00+00:00,81894.64999999777,221.3
2026-07-02 14:45:00+00:00,81566.57999999776,-328.07
2026-07-02 15:00:00+00:00,81738.50999999775,171.93
2026-07-02 15:15:00+00:00,81444.92999999775,-293.58
2026-07-02 15:45:00+00:00,81360.21999999775,-84.71
2026-07-02 16:30:00+00:00,81425.99999999774,65.78
2026-07-02 16:45:00+00:00,81309.98999999775,-116.00999999999999
2026-07-02 17:15:00+00:00,81404.38999999774,94.4
2026-07-02 17:30:00+00:00,81503.57999999775,99.19
2026-07-02 18:15:00+00:00,81617.18999999775,113.61
2026-07-02 18:30:00+00:00,81279.32999999775,-337.85999999999996
2026-07-02 18:45:00+00:00,81555.74999999774,276.42
2026-07-02 19:00:00+00:00,81154.93999999775,-400.81
2026-07-02 19:45:00+00:00,81361.35999999775,206.41999999999993
2026-07-02 20:00:00+00:00,81077.68999999775,-283.67
2026-07-02 20:15:00+00:00,81284.10999999775,206.41999999999993
2026-07-02 20:30:00+00:00,81126.75999999774,-157.35
2026-07-02 21:00:00+00:00,81298.68999999773,171.93
2026-07-02 21:15:00+00:00,81510.05999999773,211.37
2026-07-02 21:30:00+00:00,81404.45999999772,-105.59999999999997
2026-07-02 21:45:00+00:00,81185.92999999772,-218.53
2026-07-02 22:00:00+00:00,80907.22999999773,-278.7
2026-07-02 22:15:00+00:00,80977.75999999772,70.53
2026-07-02 22:30:00+00:00,80576.94999999773,-400.81
2026-07-02 22:45:00+00:00,80253.78999999772,-323.16
2026-07-02 23:00:00+00:00,80460.20999999772,206.41999999999993
2026-07-02 23:15:00+00:00,80525.98999999772,65.78
2026-07-02 23:30:00+00:00,80707.73999999772,181.75
2026-07-03 00:15:00+00:00,80919.10999999772,211.37
2026-07-03 00:45:00+00:00,80813.50999999771,-105.59999999999997
2026-07-03 01:00:00+00:00,80393.56999999771,-419.94
2026-07-03 01:15:00+00:00,80478.39999999771,84.83
2026-07-03 01:30:00+00:00,80544.17999999771,65.78
2026-07-03 01:45:00+00:00,80255.5499999977,-288.63
2026-07-03 02:00:00+00:00,80422.5799999977,167.03
2026-07-03 02:15:00+00:00,80719.2499999977,296.67
2026-07-03 02:30:00+00:00,81098.0499999977,378.8
2026-07-03 02:45:00+00:00,81202.03999999771,103.99
2026-07-03 03:15:00+00:00,81373.9699999977,171.93
2026-07-03 04:00:00+00:00,81726.9099999977,352.94
2026-07-03 04:15:00+00:00,82003.3299999977,276.42
2026-07-03 04:30:00+00:00,81616.9399999977,-386.39
2026-07-03 04:45:00+00:00,81343.2199999977,-273.72
2026-07-03 05:00:00+00:00,81529.8899999977,186.67
2026-07-03 05:15:00+00:00,81301.2599999977,-228.62999999999997
2026-07-03 05:30:00+00:00,81386.0899999977,84.83
2026-07-03 05:45:00+00:00,81102.4199999977,-283.67
2026-07-03 06:00:00+00:00,80818.7499999977,-283.67
2026-07-03 06:15:00+00:00,80559.9999999977,-258.75
2026-07-03 06:30:00+00:00,80786.2799999977,226.28
2026-07-03 06:45:00+00:00,80399.8899999977,-386.39
2026-07-03 07:00:00+00:00,80606.3099999977,206.42
2026-07-03 07:15:00+00:00,80827.6099999977,221.3
2026-07-03 07:30:00+00:00,80926.7999999977,99.19
2026-07-03 07:45:00+00:00,80708.2699999977,-218.53000000000003
2026-07-03 08:15:00+00:00,80914.6899999977,206.41999999999993
2026-07-03 08:30:00+00:00,81081.7199999977,167.03
2026-07-03 08:45:00+00:00,80704.9799999977,-376.74
2026-07-03 09:00:00+00:00,80881.8199999977,176.84
2026-07-03 09:15:00+00:00,81063.5699999977,181.75
2026-07-03 09:30:00+00:00,81250.23999999769,186.67
2026-07-03 09:45:00+00:00,81476.51999999769,226.28
2026-07-03 10:00:00+00:00,81575.70999999769,99.19
2026-07-03 10:15:00+00:00,81787.07999999769,211.37
2026-07-03 10:30:00+00:00,81424.86999999768,-362.21
2026-07-03 10:45:00+00:00,81481.16999999768,56.3
2026-07-03 11:00:00+00:00,81323.81999999768,-157.35
2026-07-03 11:15:00+00:00,80995.74999999767,-328.07
2026-07-03 11:30:00+00:00,81202.16999999767,206.41999999999993
2026-07-03 11:45:00+00:00,81143.73999999768,-58.43
2026-07-03 12:00:00+00:00,81219.02999999767,75.29
2026-07-03 12:15:00+00:00,81313.42999999766,94.4
2026-07-03 12:30:00+00:00,81374.46999999766,61.04
2026-07-03 12:45:00+00:00,81150.88999999766,-223.58
2026-07-03 13:15:00+00:00,80927.30999999765,-223.58000000000004
2026-07-03 13:30:00+00:00,80569.95999999765,-357.35
2026-07-03 13:45:00+00:00,80241.88999999764,-328.07
2026-07-03 14:00:00+00:00,80448.30999999764,206.41999999999993
2026-07-03 14:15:00+00:00,80518.83999999764,70.53
2026-07-03 14:30:00+00:00,80408.02999999764,-110.80999999999999
2026-07-03 15:00:00+00:00,80579.95999999763,171.93
2026-07-03 16:00:00+00:00,80766.62999999763,186.67
2026-07-03 16:15:00+00:00,80697.66999999763,-68.96
2026-07-03 16:45:00+00:00,80777.72999999762,80.06
2026-07-03 17:00:00+00:00,81023.97999999762,246.25
2026-07-03 17:15:00+00:00,81205.72999999762,181.75
2026-07-03 17:30:00+00:00,80987.19999999763,-218.53
2026-07-03 18:00:00+00:00,81052.97999999762,65.78
2026-07-03 18:15:00+00:00,81284.23999999762,231.26
2026-07-03 18:30:00+00:00,81010.51999999762,-273.72
2026-07-03 18:45:00+00:00,80812.26999999762,-198.25
2026-07-03 19:00:00+00:00,81038.54999999762,226.28
2026-07-03 19:15:00+00:00,81254.87999999762,216.33
2026-07-03 19:30:00+00:00,81354.06999999762,99.19
2026-07-03 19:45:00+00:00,81065.43999999762,-288.63
2026-07-03 20:00:00+00:00,81296.69999999761,231.26
2026-07-03 20:15:00+00:00,81527.9599999976,231.26
2026-07-03 20:30:00+00:00,81259.2199999976,-268.74
2026-07-03 20:45:00+00:00,80985.4999999976,-273.72
2026-07-03 21:00:00+00:00,80848.7599999976,-136.74
2026-07-03 21:30:00+00:00,81065.0899999976,216.33
2026-07-03 21:45:00+00:00,81296.34999999759,231.26
2026-07-03 22:00:00+00:00,81400.3399999976,103.99
2026-07-03 22:15:00+00:00,81616.6699999976,216.33
2026-07-03 22:30:00+00:00,81393.0899999976,-223.58000000000004
2026-07-03 22:45:00+00:00,81497.0799999976,103.99
2026-07-03 23:00:00+00:00,81703.4999999976,206.41999999999993
2026-07-03 23:15:00+00:00,81919.8299999976,216.33
2026-07-03 23:30:00+00:00,81999.8899999976,80.06
2026-07-03 23:45:00+00:00,81837.3999999976,-162.49000000000004
2026-07-04 00:00:00+00:00,82009.32999999759,171.93
2026-07-04 00:15:00+00:00,82285.74999999758,276.42
2026-07-04 00:30:00+00:00,82227.31999999759,-58.43
2026-07-04 00:45:00+00:00,82534.15999999759,306.84
2026-07-04 01:00:00+00:00,82614.21999999759,80.06
2026-07-04 01:30:00+00:00,82513.82999999759,-100.39
2026-07-04 01:45:00+00:00,82200.49999999758,-313.33
2026-07-04 02:00:00+00:00,82153.68999999759,-46.80999999999999
2026-07-04 02:45:00+00:00,81825.61999999758,-328.07
2026-07-04 03:00:00+00:00,81556.87999999757,-268.74
2026-07-04 03:15:00+00:00,81920.13999999757,363.26
2026-07-04 03:30:00+00:00,82131.50999999756,211.37
2026-07-04 03:45:00+00:00,81872.75999999756,-258.75
2026-07-04 04:00:00+00:00,82099.03999999756,226.28
2026-07-04 04:15:00+00:00,81766.06999999756,-332.97
2026-07-04 04:45:00+00:00,81477.43999999756,-288.63
2026-07-04 05:00:00+00:00,81809.81999999756,332.38
2026-07-04 05:15:00+00:00,81967.07999999756,157.26000000000005
2026-07-04 05:30:00+00:00,82173.49999999756,206.41999999999993
2026-07-04 05:45:00+00:00,81889.82999999756,-283.67
2026-07-04 06:00:00+00:00,81561.75999999755,-328.07
2026-07-04 06:15:00+00:00,82013.88999999755,452.13
2026-07-04 06:30:00+00:00,81770.16999999755,-243.72
2026-07-04 06:45:00+00:00,81854.99999999756,84.83
2026-07-04 07:00:00+00:00,82031.83999999755,176.84
2026-07-04 07:15:00+00:00,81602.36999999755,-429.47
2026-07-04 07:30:00+00:00,81323.66999999755,-278.7
2026-07-04 07:45:00+00:00,81398.95999999755,75.29
2026-07-04 08:00:00+00:00,81479.01999999754,80.06
2026-07-04 08:15:00+00:00,81602.27999999754,123.26
2026-07-04 08:30:00+00:00,81313.64999999753,-288.63
2026-07-04 08:45:00+00:00,81427.25999999754,113.61
2026-07-04 09:00:00+00:00,81497.78999999753,70.53
2026-07-04 09:15:00+00:00,81587.39999999753,89.61
2026-07-04 09:30:00+00:00,81435.18999999753,-152.21
2026-07-04 09:45:00+00:00,81612.02999999753,176.84
2026-07-04 10:00:00+00:00,81687.31999999752,75.29
2026-07-04 10:15:00+00:00,81923.56999999752,236.25
2026-07-04 10:30:00+00:00,81595.49999999751,-328.07
2026-07-04 10:45:00+00:00,81826.7599999975,231.26
2026-07-04 11:00:00+00:00,81588.05999999751,-238.69999999999996
2026-07-04 11:15:00+00:00,81696.85999999751,108.8
2026-07-04 11:30:00+00:00,81305.65999999752,-391.2
2026-07-04 11:45:00+00:00,81371.43999999751,65.78
2026-07-04 12:00:00+00:00,81577.85999999751,206.41999999999993
2026-07-04 12:15:00+00:00,81686.65999999752,108.8
2026-07-04 12:30:00+00:00,81417.91999999751,-268.74
2026-07-04 12:45:00+00:00,81139.21999999751,-278.7
2026-07-04 13:00:00+00:00,80925.74999999751,-213.47000000000003
2026-07-04 13:15:00+00:00,81044.1799999975,118.43
2026-07-04 13:30:00+00:00,80886.8299999975,-157.35000000000002
2026-07-04 13:45:00+00:00,80823.1299999975,-63.7
2026-07-04 14:00:00+00:00,80985.2699999975,162.14000000000004
2026-07-04 14:15:00+00:00,81098.8799999975,113.61
2026-07-04 14:30:00+00:00,81405.7199999975,306.84
2026-07-04 14:45:00+00:00,81136.9799999975,-268.74
2026-07-04 15:00:00+00:00,81328.5799999975,191.6
2026-07-04 15:15:00+00:00,81520.1799999975,191.6
2026-07-04 15:30:00+00:00,81321.9299999975,-198.25
2026-07-04 15:45:00+00:00,81003.6799999975,-318.25
2026-07-04 16:00:00+00:00,80795.27999999751,-208.4
2026-07-04 16:30:00+00:00,81031.52999999751,236.25
2026-07-04 16:45:00+00:00,81154.7899999975,123.26
2026-07-04 17:00:00+00:00,81249.1899999975,94.4
2026-07-04 17:15:00+00:00,81314.9699999975,65.78
2026-07-04 17:30:00+00:00,81414.1599999975,99.19
2026-07-04 17:45:00+00:00,81498.9899999975,84.83
2026-07-04 18:00:00+00:00,81321.1299999975,-177.85999999999999
2026-07-04 18:15:00+00:00,80973.5099999975,-347.61999999999995
2026-07-04 18:30:00+00:00,81204.7699999975,231.26
2026-07-04 18:45:00+00:00,81446.0199999975,241.25
2026-07-04 19:00:00+00:00,81652.4399999975,206.42
2026-07-04 19:15:00+00:00,81742.0499999975,89.61
2026-07-04 19:30:00+00:00,81860.4799999975,118.43
2026-07-04 19:45:00+00:00,81522.61999999749,-337.85999999999996
2026-07-04 20:00:00+00:00,81670.12999999749,147.51
2026-07-04 20:15:00+00:00,81759.73999999749,89.61
2026-07-04 20:30:00+00:00,81811.3099999975,51.57
2026-07-04 21:00:00+00:00,82179.73999999749,368.43
2026-07-04 21:15:00+00:00,81901.03999999749,-278.7
2026-07-04 21:30:00+00:00,81677.45999999749,-223.58000000000004
2026-07-04 21:45:00+00:00,81948.82999999748,271.37
2026-07-04 22:00:00+00:00,82420.03999999749,471.21
2026-07-04 22:15:00+00:00,82485.81999999749,65.78
2026-07-04 22:30:00+00:00,82369.8099999975,-116.01
2026-07-04 22:45:00+00:00,82671.5599999975,301.75
2026-07-04 23:00:00+00:00,82453.0299999975,-218.53
2026-07-04 23:15:00+00:00,82664.39999999749,211.37
2026-07-04 23:30:00+00:00,82925.6999999975,261.3
2026-07-04 23:45:00+00:00,83068.34999999749,142.65
2026-07-05 00:00:00+00:00,83329.64999999749,261.3
2026-07-05 00:15:00+00:00,83400.17999999749,70.53
2026-07-05 00:30:00+00:00,83626.45999999749,226.28
2026-07-05 01:00:00+00:00,83711.28999999749,84.82999999999994
2026-07-05 01:15:00+00:00,83888.12999999749,176.84
2026-07-05 01:30:00+00:00,83787.73999999749,-100.39
2026-07-05 01:45:00+00:00,83656.16999999748,-131.57
2026-07-05 02:00:00+00:00,83392.41999999748,-263.75
2026-07-05 02:15:00+00:00,83098.83999999748,-293.58
2026-07-05 02:30:00+00:00,82810.20999999747,-288.63
2026-07-05 02:45:00+00:00,83081.57999999747,271.37
2026-07-05 03:00:00+00:00,83307.85999999747,226.28
2026-07-05 03:15:00+00:00,83387.91999999747,80.06
2026-07-05 03:30:00+00:00,83604.24999999747,216.33
2026-07-05 04:00:00+00:00,83722.67999999746,118.43
2026-07-05 04:15:00+00:00,83331.47999999746,-391.2
2026-07-05 04:30:00+00:00,83092.77999999747,-238.69999999999996
2026-07-05 04:45:00+00:00,82859.10999999747,-233.66999999999996
2026-07-05 05:00:00+00:00,83090.36999999746,231.26
2026-07-05 05:15:00+00:00,83156.14999999746,65.78
2026-07-05 05:30:00+00:00,83332.98999999746,176.84
2026-07-05 05:45:00+00:00,82941.78999999746,-391.2
2026-07-05 06:15:00+00:00,83007.56999999746,65.78
2026-07-05 06:30:00+00:00,82743.81999999746,-263.75
2026-07-05 06:45:00+00:00,82343.00999999746,-400.81
2026-07-05 07:00:00+00:00,82054.37999999746,-288.63
2026-07-05 07:15:00+00:00,81726.30999999745,-328.07
2026-07-05 07:30:00+00:00,81883.56999999745,157.26000000000005
2026-07-05 07:45:00+00:00,81982.75999999745,99.19
2026-07-05 08:00:00+00:00,81709.03999999745,-273.72
2026-07-05 08:15:00+00:00,82020.96999999744,311.93
2026-07-05 08:30:00+00:00,82262.21999999744,241.25
2026-07-05 08:45:00+00:00,82028.54999999744,-233.66999999999996
2026-07-05 09:00:00+00:00,81700.47999999743,-328.07
2026-07-05 09:30:00+00:00,81481.94999999744,-218.53
2026-07-05 09:45:00+00:00,81228.19999999744,-253.75
2026-07-05 10:00:00+00:00,81327.38999999744,99.19
2026-07-05 10:30:00+00:00,81659.76999999744,332.38
2026-07-05 10:45:00+00:00,81507.55999999744,-152.21
2026-07-05 11:00:00+00:00,81233.83999999744,-273.72
2026-07-05 11:15:00+00:00,81430.36999999743,196.52999999999994
2026-07-05 11:45:00+00:00,81515.19999999744,84.83
2026-07-05 12:00:00+00:00,81216.66999999744,-298.53
2026-07-05 12:15:00+00:00,81059.31999999743,-157.35
2026-07-05 12:45:00+00:00,81265.73999999743,206.41999999999993
2026-07-05 13:00:00+00:00,81006.98999999743,-258.75
2026-07-05 13:15:00+00:00,81120.59999999743,113.61
2026-07-05 13:30:00+00:00,80866.84999999743,-253.75
2026-07-05 13:45:00+00:00,81038.77999999742,171.93
2026-07-05 14:00:00+00:00,81133.17999999742,94.4
2026-07-05 14:15:00+00:00,81213.23999999741,80.06
2026-07-05 14:30:00+00:00,81195.61999999742,-17.62
2026-07-05 14:45:00+00:00,80862.64999999742,-332.97
2026-07-05 15:15:00+00:00,80578.97999999742,-283.67
2026-07-05 15:45:00+00:00,80978.58999999742,399.61
2026-07-05 16:15:00+00:00,80675.11999999742,-303.47
2026-07-05 16:30:00+00:00,80548.72999999742,-126.39
2026-07-05 16:45:00+00:00,80299.98999999741,-248.74
2026-07-05 17:00:00+00:00,80011.35999999741,-288.63
2026-07-05 17:15:00+00:00,80202.95999999742,191.6
2026-07-05 17:30:00+00:00,80489.48999999741,286.53
2026-07-05 17:45:00+00:00,80276.01999999741,-213.47
2026-07-05 18:00:00+00:00,80532.29999999741,256.28
2026-07-05 18:15:00+00:00,80612.35999999741,80.06
2026-07-05 18:45:00+00:00,80873.65999999741,261.3
2026-07-05 19:00:00+00:00,80535.79999999741,-337.85999999999996
2026-07-05 19:15:00+00:00,80267.05999999741,-268.74
2026-07-05 19:30:00+00:00,79953.7299999974,-313.33
2026-07-05 19:45:00+00:00,79760.5699999974,-193.16
2026-07-05 20:00:00+00:00,80042.0399999974,281.47
2026-07-05 20:15:00+00:00,80278.2899999974,236.25
2026-07-05 20:45:00+00:00,80484.7099999974,206.42
2026-07-05 21:00:00+00:00,80706.0099999974,221.3
2026-07-05 21:15:00+00:00,80281.2999999974,-424.71
2026-07-05 21:45:00+00:00,80062.7699999974,-218.53000000000003
2026-07-05 22:00:00+00:00,79824.0699999974,-238.69999999999996
2026-07-05 22:15:00+00:00,79491.0999999974,-332.97
2026-07-05 22:30:00+00:00,79222.3599999974,-268.74
2026-07-05 22:45:00+00:00,79570.14999999739,347.79
2026-07-05 23:00:00+00:00,79346.56999999739,-223.58000000000004
2026-07-05 23:30:00+00:00,79617.93999999738,271.37
2026-07-05 23:45:00+00:00,80022.76999999738,404.83
2026-07-06 00:00:00+00:00,80175.14999999739,152.38000000000005
2026-07-06 00:15:00+00:00,80361.81999999739,186.67
2026-07-06 00:30:00+00:00,80694.19999999739,332.38
2026-07-06 00:45:00+00:00,80440.44999999739,-253.75
2026-07-06 01:00:00+00:00,80211.81999999739,-228.62999999999997
2026-07-06 01:15:00+00:00,79938.09999999739,-273.72
2026-07-06 01:30:00+00:00,80169.35999999738,231.26
2026-07-06 01:45:00+00:00,80159.73999999739,-9.620000000000006
2026-07-06 02:15:00+00:00,79744.56999999739,-415.17
2026-07-06 02:45:00+00:00,79965.86999999739,221.3
2026-07-06 03:00:00+00:00,79914.8299999974,-51.039999999999985
2026-07-06 03:15:00+00:00,79651.0799999974,-263.75
2026-07-06 03:45:00+00:00,80029.8799999974,378.8
2026-07-06 04:00:00+00:00,80196.9099999974,167.03
2026-07-06 04:15:00+00:00,80433.1599999974,236.25
2026-07-06 04:45:00+00:00,80649.4899999974,216.33
2026-07-06 05:00:00+00:00,80390.7399999974,-258.75
2026-07-06 05:15:00+00:00,80523.6799999974,132.94
2026-07-06 05:30:00+00:00,80230.0999999974,-293.58
2026-07-06 05:45:00+00:00,80441.4699999974,211.37
2026-07-06 06:00:00+00:00,80253.39999999739,-188.07
2026-07-06 06:15:00+00:00,80459.81999999739,206.41999999999993
2026-07-06 06:30:00+00:00,80520.85999999738,61.04
2026-07-06 06:45:00+00:00,80247.13999999738,-273.72
2026-07-06 07:00:00+00:00,80463.46999999738,216.33
2026-07-06 07:15:00+00:00,80533.99999999738,70.53
2026-07-06 07:45:00+00:00,80780.24999999738,246.25
2026-07-06 08:00:00+00:00,80996.57999999738,216.33
2026-07-06 08:15:00+00:00,80600.56999999739,-396.01
2026-07-06 08:30:00+00:00,80806.98999999739,206.42
2026-07-06 09:00:00+00:00,80603.65999999738,-203.33
2026-07-06 09:15:00+00:00,80829.93999999738,226.28
2026-07-06 09:30:00+00:00,80541.30999999738,-288.63
2026-07-06 09:45:00+00:00,80611.83999999738,70.53
2026-07-06 10:15:00+00:00,80730.26999999737,118.43
2026-07-06 10:30:00+00:00,80461.52999999736,-268.74
2026-07-06 10:45:00+00:00,80187.80999999736,-273.72
2026-07-06 11:00:00+00:00,79929.05999999736,-258.75
2026-07-06 11:15:00+00:00,79528.24999999737,-400.81
2026-07-06 11:30:00+00:00,79239.61999999736,-288.63
2026-07-06 11:45:00+00:00,79300.65999999736,61.04
2026-07-06 12:00:00+00:00,79577.07999999735,276.42
2026-07-06 12:30:00+00:00,79353.49999999735,-223.58000000000004
2026-07-06 13:00:00+00:00,79196.14999999735,-157.35
2026-07-06 13:15:00+00:00,79304.94999999735,108.8
2026-07-06 13:30:00+00:00,79152.73999999734,-152.21
2026-07-06 13:45:00+00:00,79275.99999999734,123.26
2026-07-06 14:15:00+00:00,79452.83999999733,176.84
2026-07-06 14:30:00+00:00,79199.08999999733,-253.75
2026-07-06 14:45:00+00:00,79440.33999999733,241.25
2026-07-06 15:30:00+00:00,79661.63999999734,221.3
2026-07-06 16:00:00+00:00,79387.91999999734,-273.72
2026-07-06 16:15:00+00:00,79059.84999999733,-328.07
2026-07-06 17:00:00+00:00,78786.12999999733,-273.72
2026-07-06 17:15:00+00:00,78598.05999999732,-188.07
2026-07-06 17:30:00+00:00,78369.42999999732,-228.62999999999997
2026-07-06 17:45:00+00:00,78600.68999999731,231.26
2026-07-06 18:15:00+00:00,78675.9799999973,75.29
2026-07-06 18:30:00+00:00,78382.3999999973,-293.58000000000004
2026-07-06 18:45:00+00:00,78118.6499999973,-263.75
2026-07-06 19:00:00+00:00,78359.8999999973,241.25
2026-07-06 19:15:00+00:00,78086.1799999973,-273.72
2026-07-06 19:30:00+00:00,78258.1099999973,171.93
2026-07-06 19:45:00+00:00,78376.53999999729,118.43
2026-07-06 20:00:00+00:00,78112.78999999729,-263.75
2026-07-06 20:15:00+00:00,78309.31999999729,196.52999999999994
2026-07-06 20:30:00+00:00,78550.56999999729,241.25
2026-07-06 21:00:00+00:00,78261.93999999728,-288.63
2026-07-06 21:15:00+00:00,77998.18999999728,-263.75
2026-07-06 21:30:00+00:00,78264.51999999728,266.33
2026-07-06 21:45:00+00:00,78525.81999999729,261.3
2026-07-06 22:00:00+00:00,78277.07999999728,-248.74
2026-07-06 22:15:00+00:00,78518.32999999728,241.25
2026-07-06 22:30:00+00:00,78739.62999999728,221.3
2026-07-06 22:45:00+00:00,78577.13999999728,-162.49
2026-07-06 23:00:00+00:00,78288.50999999727,-288.63
2026-07-06 23:15:00+00:00,78004.83999999728,-283.67
2026-07-06 23:30:00+00:00,78241.08999999728,236.25
2026-07-06 23:45:00+00:00,78140.69999999728,-100.39
2026-07-07 00:00:00+00:00,77817.53999999727,-323.16
2026-07-07 00:15:00+00:00,77984.56999999727,167.03
2026-07-07 00:30:00+00:00,77760.98999999727,-223.58000000000004
2026-07-07 00:45:00+00:00,77942.73999999727,181.75
2026-07-07 01:00:00+00:00,78061.16999999726,118.43
2026-07-07 01:30:00+00:00,77782.46999999727,-278.7
2026-07-07 01:45:00+00:00,78013.72999999726,231.26
2026-07-07 02:00:00+00:00,78392.52999999726,378.8
2026-07-07 02:15:00+00:00,78510.95999999726,118.43
2026-07-07 02:45:00+00:00,78119.75999999726,-391.2
2026-07-07 03:15:00+00:00,78291.68999999725,171.93
2026-07-07 03:30:00+00:00,78088.35999999725,-203.33
2026-07-07 03:45:00+00:00,77740.73999999725,-347.62
2026-07-07 04:00:00+00:00,77522.20999999726,-218.53
2026-07-07 04:15:00+00:00,77679.46999999725,157.26
2026-07-07 04:30:00+00:00,77890.83999999725,211.37
2026-07-07 04:45:00+00:00,78102.20999999724,211.37
2026-07-07 05:00:00+00:00,78215.81999999724,113.61
2026-07-07 05:15:00+00:00,78422.23999999724,206.41999999999993
2026-07-07 05:45:00+00:00,78511.84999999724,89.61
2026-07-07 06:00:00+00:00,78738.12999999724,226.28
2026-07-07 06:15:00+00:00,78356.55999999723,-381.57
2026-07-07 06:30:00+00:00,78450.95999999723,94.4
2026-07-07 06:45:00+00:00,78569.38999999722,118.43
2026-07-07 07:00:00+00:00,78280.75999999722,-288.63
2026-07-07 07:15:00+00:00,78159.55999999722,-121.19999999999999
2026-07-07 07:30:00+00:00,78395.80999999722,236.25
2026-07-07 08:00:00+00:00,78182.33999999722,-213.47
2026-07-07 08:15:00+00:00,78364.08999999722,181.75
2026-07-07 08:30:00+00:00,78248.07999999722,-116.01
2026-07-07 08:45:00+00:00,78434.74999999722,186.67
2026-07-07 09:00:00+00:00,78170.99999999722,-263.75
2026-07-07 09:15:00+00:00,77794.25999999722,-376.74
2026-07-07 09:30:00+00:00,78000.67999999721,206.41999999999993
2026-07-07 09:45:00+00:00,77707.09999999721,-293.58000000000004
2026-07-07 10:00:00+00:00,77968.39999999721,261.3
2026-07-07 10:30:00+00:00,78234.72999999722,266.33
2026-07-07 10:45:00+00:00,78305.25999999722,70.53
2026-07-07 11:00:00+00:00,78521.58999999722,216.33
2026-07-07 11:30:00+00:00,78247.86999999722,-273.72
2026-07-07 11:45:00+00:00,77919.79999999721,-328.07
2026-07-07 12:00:00+00:00,77870.3399999972,-49.45999999999999
2026-07-07 12:30:00+00:00,78052.0899999972,181.75
2026-07-07 12:45:00+00:00,78136.9199999972,84.82999999999994
2026-07-07 13:30:00+00:00,78182.3499999972,45.43
2026-07-07 13:45:00+00:00,78329.85999999719,147.51
2026-07-07 14:00:00+00:00,77895.63999999719,-434.22
2026-07-07 14:15:00+00:00,77577.38999999719,-318.25
2026-07-07 14:30:00+00:00,77298.6899999972,-278.7
2026-07-07 14:45:00+00:00,77240.2599999972,-58.43
2026-07-07 15:15:00+00:00,77446.6799999972,206.41999999999993
2026-07-07 15:45:00+00:00,77163.0099999972,-283.67
2026-07-07 16:00:00+00:00,77247.8399999972,84.83
2026-07-07 16:15:00+00:00,77479.0999999972,231.26
2026-07-07 16:30:00+00:00,77250.46999999719,-228.62999999999997
2026-07-07 16:45:00+00:00,77422.39999999719,171.93
2026-07-07 17:00:00+00:00,76988.17999999718,-434.22
2026-07-07 17:15:00+00:00,76724.42999999718,-263.75
2026-07-07 17:30:00+00:00,76333.22999999719,-391.2
2026-07-07 17:45:00+00:00,76432.41999999719,99.19
2026-07-07 18:00:00+00:00,76579.92999999718,147.51
2026-07-07 18:30:00+00:00,76301.22999999719,-278.7
2026-07-07 18:45:00+00:00,76012.59999999718,-288.63
2026-07-07 19:00:00+00:00,76083.12999999718,70.53
2026-07-07 19:15:00+00:00,75799.45999999718,-283.67
2026-07-07 19:30:00+00:00,76131.83999999719,332.38
2026-07-07 19:45:00+00:00,76250.26999999718,118.43
2026-07-07 20:15:00+00:00,75873.52999999718,-376.74
2026-07-07 20:30:00+00:00,76099.80999999717,226.28
2026-07-07 20:45:00+00:00,75973.41999999718,-126.39
2026-07-07 21:00:00+00:00,75684.78999999717,-288.63
2026-07-07 21:15:00+00:00,75783.97999999717,99.19
2026-07-07 21:45:00+00:00,75990.39999999717,206.41999999999993
2026-07-07 22:00:00+00:00,76104.00999999717,113.61
2026-07-07 22:15:00+00:00,76325.30999999717,221.3
2026-07-07 22:30:00+00:00,76198.91999999718,-126.39
2026-07-07 22:45:00+00:00,75905.33999999717,-293.58000000000004
2026-07-07 23:00:00+00:00,75778.94999999717,-126.39
2026-07-07 23:15:00+00:00,75878.13999999718,99.19
2026-07-07 23:30:00+00:00,75982.12999999718,103.99
2026-07-07 23:45:00+00:00,76248.45999999718,266.33
2026-07-08 00:15:00+00:00,75984.70999999718,-263.75
2026-07-08 00:30:00+00:00,75691.12999999718,-293.58000000000004
2026-07-08 00:45:00+00:00,75858.15999999718,167.03
2026-07-08 01:00:00+00:00,75942.98999999718,84.82999999999994
2026-07-08 01:30:00+00:00,75999.28999999719,56.3
2026-07-08 02:00:00+00:00,75681.03999999719,-318.25
2026-07-08 02:30:00+00:00,75932.29999999718,251.26
2026-07-08 02:45:00+00:00,76358.07999999718,425.78
2026-07-08 03:00:00+00:00,76544.74999999718,186.67
2026-07-08 03:15:00+00:00,76620.03999999717,75.29
2026-07-08 03:30:00+00:00,76738.46999999716,118.43
2026-07-08 03:45:00+00:00,76808.99999999716,70.53
2026-07-08 04:15:00+00:00,76980.92999999716,171.93
2026-07-08 04:30:00+00:00,77157.76999999715,176.84
2026-07-08 04:45:00+00:00,77310.14999999716,152.38000000000005
2026-07-08 05:00:00+00:00,77642.52999999716,332.38
2026-07-08 05:15:00+00:00,77373.78999999716,-268.74
2026-07-08 05:30:00+00:00,77031.04999999715,-342.74
2026-07-08 05:45:00+00:00,77307.46999999715,276.42
2026-07-08 06:00:00+00:00,77013.88999999715,-293.58000000000004
2026-07-08 06:15:00+00:00,77235.18999999715,221.3
2026-07-08 06:30:00+00:00,77476.43999999715,241.25
2026-07-08 06:45:00+00:00,77628.81999999715,152.38000000000005
2026-07-08 07:15:00+00:00,77199.34999999715,-429.47
2026-07-08 07:45:00+00:00,77536.85999999715,337.51
2026-07-08 08:00:00+00:00,77308.22999999714,-228.62999999999997
2026-07-08 08:15:00+00:00,76994.89999999714,-313.33
2026-07-08 08:30:00+00:00,77226.15999999714,231.26
2026-07-08 09:00:00+00:00,76810.98999999714,-415.17
2026-07-08 09:15:00+00:00,76482.91999999713,-328.07
2026-07-08 09:30:00+00:00,76048.69999999713,-434.22
2026-07-08 09:45:00+00:00,76133.52999999713,84.83
2026-07-08 10:00:00+00:00,76369.77999999713,236.25
2026-07-08 10:15:00+00:00,76478.57999999714,108.8
2026-07-08 10:30:00+00:00,76719.82999999714,241.25
2026-07-08 10:45:00+00:00,76436.15999999714,-283.67
2026-07-08 11:00:00+00:00,76207.52999999713,-228.62999999999997
2026-07-08 11:15:00+00:00,76458.78999999713,251.26
2026-07-08 11:30:00+00:00,76760.53999999713,301.75
2026-07-08 11:45:00+00:00,76898.32999999712,137.79
2026-07-08 12:00:00+00:00,77080.07999999712,181.75
2026-07-08 12:15:00+00:00,76801.37999999712,-278.7
2026-07-08 12:30:00+00:00,77067.70999999713,266.33
2026-07-08 12:45:00+00:00,77279.07999999712,211.37
2026-07-08 13:00:00+00:00,77525.32999999712,246.25
2026-07-08 13:15:00+00:00,77424.93999999712,-100.39
2026-07-08 13:45:00+00:00,77528.92999999713,103.99
2026-07-08 14:00:00+00:00,77580.49999999713,51.57
2026-07-08 14:15:00+00:00,77698.92999999713,118.43
2026-07-08 14:30:00+00:00,77410.29999999712,-288.63
2026-07-08 15:00:00+00:00,77309.90999999712,-100.39
2026-07-08 15:15:00+00:00,77214.73999999712,-95.17
2026-07-08 15:30:00+00:00,77491.15999999712,276.42
2026-07-08 15:45:00+00:00,77277.68999999712,-213.47
2026-07-08 16:00:00+00:00,77400.94999999712,123.26
2026-07-08 16:15:00+00:00,77572.87999999711,171.93
2026-07-08 16:45:00+00:00,77294.17999999711,-278.7
2026-07-08 17:00:00+00:00,77000.59999999711,-293.58000000000004
2026-07-08 17:15:00+00:00,77216.92999999711,216.33
2026-07-08 17:30:00+00:00,76943.20999999711,-273.72
2026-07-08 17:45:00+00:00,77204.50999999711,261.3
2026-07-08 18:15:00+00:00,77260.80999999712,56.3
2026-07-08 18:30:00+00:00,77527.13999999712,266.33
2026-07-08 18:45:00+00:00,77635.93999999712,108.8
2026-07-08 19:00:00+00:00,77720.76999999712,84.83
2026-07-08 19:15:00+00:00,77397.60999999712,-323.16
2026-07-08 19:30:00+00:00,77108.97999999711,-288.63
2026-07-08 19:45:00+00:00,77290.72999999711,181.75
2026-07-08 20:00:00+00:00,77472.47999999711,181.75
2026-07-08 20:15:00+00:00,77095.73999999711,-376.74
2026-07-08 20:30:00+00:00,77372.15999999711,276.42
2026-07-08 20:45:00+00:00,77578.5799999971,206.41999999999993
2026-07-08 21:30:00+00:00,77804.8599999971,226.28
2026-07-08 21:45:00+00:00,78071.1899999971,266.33
2026-07-08 22:00:00+00:00,78233.3299999971,162.14
2026-07-08 22:15:00+00:00,78410.1699999971,176.84
2026-07-08 22:30:00+00:00,78742.5499999971,332.38
2026-07-08 22:45:00+00:00,78448.9699999971,-293.58000000000004
2026-07-08 23:15:00+00:00,78620.8999999971,171.93
2026-07-08 23:30:00+00:00,78837.2299999971,216.33
2026-07-08 23:45:00+00:00,78494.4899999971,-342.73999999999995
2026-07-09 00:00:00+00:00,78740.7399999971,246.25
2026-07-09 00:15:00+00:00,78952.10999999709,211.37
2026-07-09 00:30:00+00:00,79094.75999999708,142.65
2026-07-09 00:45:00+00:00,79252.01999999708,157.26
2026-07-09 01:00:00+00:00,79558.85999999708,306.84
2026-07-09 01:30:00+00:00,79370.78999999707,-188.07
2026-07-09 01:45:00+00:00,79280.84999999707,-89.94
2026-07-09 02:00:00+00:00,79123.49999999706,-157.35
2026-07-09 02:15:00+00:00,79364.74999999706,241.25
2026-07-09 02:30:00+00:00,79591.02999999706,226.28
2026-07-09 03:00:00+00:00,79347.30999999706,-243.72
2026-07-09 03:15:00+00:00,79053.72999999706,-293.58000000000004
2026-07-09 03:30:00+00:00,79235.47999999706,181.75
2026-07-09 03:45:00+00:00,79344.27999999706,108.8
2026-07-09 04:00:00+00:00,79065.57999999706,-278.7
2026-07-09 04:15:00+00:00,79271.99999999706,206.42
2026-07-09 04:30:00+00:00,79483.36999999706,211.37
2026-07-09 04:45:00+00:00,79596.97999999706,113.61
2026-07-09 05:00:00+00:00,79358.27999999706,-238.69999999999996
2026-07-09 05:15:00+00:00,79064.69999999706,-293.58000000000004
2026-07-09 05:30:00+00:00,79315.95999999705,251.26
2026-07-09 05:45:00+00:00,79057.20999999705,-258.75
2026-07-09 06:00:00+00:00,79156.39999999705,99.19
2026-07-09 06:15:00+00:00,78784.49999999706,-371.9
2026-07-09 06:30:00+00:00,78545.79999999706,-238.69999999999996
2026-07-09 06:45:00+00:00,78242.32999999706,-303.4700000000001
2026-07-09 07:00:00+00:00,78003.62999999707,-238.69999999999996
2026-07-09 07:15:00+00:00,77734.88999999706,-268.74
2026-07-09 07:30:00+00:00,77946.25999999706,211.37
2026-07-09 07:45:00+00:00,77564.68999999705,-381.57
2026-07-09 08:00:00+00:00,77168.67999999705,-396.01
2026-07-09 08:15:00+00:00,77375.09999999705,206.41999999999993
2026-07-09 08:45:00+00:00,77591.42999999705,216.33
2026-07-09 09:15:00+00:00,77743.80999999706,152.38000000000005
2026-07-09 09:30:00+00:00,77465.10999999706,-278.7
2026-07-09 09:45:00+00:00,77671.52999999706,206.41999999999993
2026-07-09 10:00:00+00:00,77770.71999999706,99.19
2026-07-09 10:15:00+00:00,77467.24999999706,-303.4700000000001
2026-07-09 10:30:00+00:00,77688.54999999706,221.3
2026-07-09 10:45:00+00:00,77419.80999999706,-268.74
2026-07-09 11:00:00+00:00,77631.17999999705,211.37
2026-07-09 11:15:00+00:00,77842.54999999705,211.37
2026-07-09 11:30:00+00:00,77927.37999999705,84.82999999999994
2026-07-09 11:45:00+00:00,77858.41999999704,-68.96
2026-07-09 12:15:00+00:00,77564.83999999704,-293.58000000000004
2026-07-09 12:30:00+00:00,77644.89999999704,80.06
2026-07-09 12:45:00+00:00,77201.19999999704,-443.7
2026-07-09 13:00:00+00:00,77538.70999999704,337.51
2026-07-09 13:15:00+00:00,77642.69999999704,103.99
2026-07-09 13:30:00+00:00,77737.09999999704,94.4
2026-07-09 13:45:00+00:00,77379.74999999703,-357.35
2026-07-09 14:00:00+00:00,77498.17999999702,118.43
2026-07-09 14:15:00+00:00,77170.10999999702,-328.07
2026-07-09 14:45:00+00:00,76817.61999999701,-352.49
2026-07-09 15:00:00+00:00,76619.36999999701,-198.25
2026-07-09 15:30:00+00:00,76728.16999999702,108.8
2026-07-09 15:45:00+00:00,76560.54999999702,-167.62
2026-07-09 16:15:00+00:00,76169.34999999702,-391.2
2026-07-09 16:30:00+00:00,76278.14999999703,108.8
2026-07-09 17:00:00+00:00,76401.40999999702,123.26
2026-07-09 17:15:00+00:00,76024.66999999702,-376.74
2026-07-09 17:30:00+00:00,76099.95999999701,75.29
2026-07-09 17:45:00+00:00,75728.05999999701,-371.9
2026-07-09 18:15:00+00:00,75899.98999999701,171.93
2026-07-09 18:30:00+00:00,76136.23999999701,236.25
2026-07-09 18:45:00+00:00,76352.56999999701,216.33
2026-07-09 19:00:00+00:00,76654.31999999701,301.75
2026-07-09 19:15:00+00:00,76729.609999997,75.29
2026-07-09 19:30:00+00:00,76490.909999997,-238.69999999999996
2026-07-09 19:45:00+00:00,76138.419999997,-352.49
2026-07-09 20:00:00+00:00,76043.249999997,-95.17
2026-07-09 20:15:00+00:00,76200.509999997,157.26000000000005
2026-07-09 20:30:00+00:00,76387.179999997,186.67
2026-07-09 21:00:00+00:00,76603.509999997,216.33
2026-07-09 21:15:00+00:00,76751.01999999699,147.51
2026-07-09 21:30:00+00:00,76967.349999997,216.33
2026-07-09 21:45:00+00:00,76639.27999999699,-328.07
2026-07-09 22:00:00+00:00,76830.87999999699,191.6
2026-07-09 22:15:00+00:00,76507.71999999699,-323.16
2026-07-09 22:30:00+00:00,76583.00999999698,75.29
2026-07-09 22:45:00+00:00,76177.40999999698,-405.6
2026-07-09 23:15:00+00:00,76403.68999999698,226.28
2026-07-09 23:30:00+00:00,75998.08999999697,-405.6
2026-07-10 00:00:00+00:00,76194.61999999697,196.52999999999994
2026-07-10 00:15:00+00:00,76420.89999999697,226.28
2026-07-10 00:30:00+00:00,76697.31999999697,276.42
2026-07-10 00:45:00+00:00,76978.78999999697,281.47
2026-07-10 01:00:00+00:00,77255.20999999697,276.42
2026-07-10 01:15:00+00:00,77330.49999999696,75.29
2026-07-10 01:30:00+00:00,77405.78999999695,75.29
2026-07-10 01:45:00+00:00,77294.97999999695,-110.80999999999999
2026-07-10 02:00:00+00:00,77531.22999999695,236.25
2026-07-10 02:15:00+00:00,77322.82999999696,-208.4
2026-07-10 02:30:00+00:00,77564.07999999696,241.25
2026-07-10 02:45:00+00:00,77325.37999999696,-238.69999999999996
2026-07-10 03:00:00+00:00,77061.62999999696,-263.75
2026-07-10 03:15:00+00:00,77268.04999999696,206.41999999999993
2026-07-10 03:30:00+00:00,77484.37999999696,216.33
2026-07-10 03:45:00+00:00,77651.40999999696,167.03
2026-07-10 04:00:00+00:00,77745.80999999696,94.4
2026-07-10 04:15:00+00:00,77854.60999999696,108.8
2026-07-10 04:30:00+00:00,77536.35999999696,-318.25
2026-07-10 04:45:00+00:00,77649.96999999696,113.61
2026-07-10 05:00:00+00:00,77861.33999999696,211.37
2026-07-10 05:15:00+00:00,77970.13999999696,108.8
2026-07-10 05:30:00+00:00,78181.50999999695,211.37
2026-07-10 05:45:00+00:00,77947.83999999696,-233.66999999999996
2026-07-10 06:00:00+00:00,78119.76999999695,171.93
2026-07-10 06:15:00+00:00,78326.18999999695,206.41999999999993
2026-07-10 06:30:00+00:00,78552.46999999695,226.28
2026-07-10 06:45:00+00:00,78204.84999999695,-347.62
2026-07-10 07:00:00+00:00,77906.31999999695,-298.53
2026-07-10 07:15:00+00:00,77602.84999999695,-303.4700000000001
2026-07-10 07:30:00+00:00,77789.51999999695,186.67
2026-07-10 07:45:00+00:00,77956.54999999695,167.03
2026-07-10 08:00:00+00:00,77623.57999999695,-332.97
2026-07-10 08:15:00+00:00,77761.36999999694,137.79
2026-07-10 08:30:00+00:00,77846.19999999694,84.83
2026-07-10 08:45:00+00:00,78082.44999999694,236.25
2026-07-10 09:00:00+00:00,77769.11999999694,-313.33
2026-07-10 09:15:00+00:00,77834.89999999694,65.78
2026-07-10 09:30:00+00:00,77962.99999999694,128.1
2026-07-10 09:45:00+00:00,78134.92999999694,171.93
2026-07-10 10:00:00+00:00,78441.76999999693,306.84
2026-07-10 10:15:00+00:00,78633.36999999694,191.6
2026-07-10 10:30:00+00:00,78824.96999999695,191.6
2026-07-10 10:45:00+00:00,79036.33999999694,211.37
2026-07-10 11:00:00+00:00,78812.75999999694,-223.58
2026-07-10 11:15:00+00:00,79074.05999999694,261.3
2026-07-10 11:30:00+00:00,79221.56999999694,147.51
2026-07-10 11:45:00+00:00,79403.31999999694,181.75
2026-07-10 12:00:00+00:00,79594.91999999694,191.6
2026-07-10 12:15:00+00:00,79811.24999999694,216.33
2026-07-10 12:30:00+00:00,79905.64999999694,94.4
2026-07-10 12:45:00+00:00,80126.94999999694,221.3
2026-07-10 13:00:00+00:00,80333.36999999694,206.41999999999993
2026-07-10 13:15:00+00:00,80000.39999999694,-332.97
2026-07-10 13:30:00+00:00,79741.64999999694,-258.75
2026-07-10 13:45:00+00:00,79933.24999999694,191.6
2026-07-10 14:00:00+00:00,79864.28999999694,-68.96
2026-07-10 14:15:00+00:00,80080.61999999694,216.33
2026-07-10 14:45:00+00:00,79821.86999999694,-258.75
2026-07-10 15:00:00+00:00,79598.28999999694,-223.58
2026-07-10 15:15:00+00:00,79775.12999999693,176.84
2026-07-10 15:45:00+00:00,79991.45999999694,216.33
2026-07-10 16:15:00+00:00,79798.29999999693,-193.16
2026-07-10 16:30:00+00:00,79480.04999999693,-318.25
2026-07-10 16:45:00+00:00,79701.34999999694,221.3
2026-07-10 17:00:00+00:00,79407.76999999693,-293.58000000000004
2026-07-10 17:15:00+00:00,79614.18999999693,206.41999999999993
2026-07-10 17:30:00+00:00,79987.79999999693,373.61
2026-07-10 17:45:00+00:00,80111.05999999693,123.26
2026-07-10 18:00:00+00:00,80282.98999999692,171.93
2026-07-10 18:30:00+00:00,80391.78999999692,108.8
2026-07-10 18:45:00+00:00,80598.20999999692,206.41999999999993
2026-07-10 19:15:00+00:00,80775.04999999692,176.84
2026-07-10 19:30:00+00:00,80456.79999999692,-318.25
2026-07-10 19:45:00+00:00,80628.72999999691,171.93
2026-07-10 20:00:00+00:00,80855.00999999691,226.28
2026-07-10 20:15:00+00:00,81017.14999999691,162.14000000000004
2026-07-10 20:30:00+00:00,80630.75999999691,-386.39
2026-07-10 20:45:00+00:00,80802.6899999969,171.93
2026-07-10 21:15:00+00:00,80887.5199999969,84.83
2026-07-10 21:30:00+00:00,80653.8499999969,-233.66999999999996
2026-07-10 21:45:00+00:00,80330.6899999969,-323.16
2026-07-10 22:00:00+00:00,80483.06999999691,152.38000000000005
2026-07-10 22:15:00+00:00,80264.53999999691,-218.53000000000003
2026-07-10 22:30:00+00:00,79931.56999999691,-332.97
2026-07-10 22:45:00+00:00,80202.9399999969,271.37
2026-07-10 23:00:00+00:00,80444.1899999969,241.25
2026-07-10 23:15:00+00:00,80665.4899999969,221.3
2026-07-10 23:30:00+00:00,80779.0999999969,113.61
2026-07-10 23:45:00+00:00,80990.4699999969,211.37
2026-07-11 00:00:00+00:00,81261.8399999969,271.37
2026-07-11 00:15:00+00:00,81538.2599999969,276.42
2026-07-11 00:30:00+00:00,81254.5899999969,-283.67
2026-07-11 00:45:00+00:00,81031.0099999969,-223.58000000000004
2026-07-11 01:00:00+00:00,81193.1499999969,162.14000000000004
2026-07-11 01:15:00+00:00,80860.1799999969,-332.97
2026-07-11 01:30:00+00:00,80993.1199999969,132.94
2026-07-11 02:00:00+00:00,80709.4499999969,-283.67
2026-07-11 02:15:00+00:00,80935.7299999969,226.28
2026-07-11 02:30:00+00:00,81122.3999999969,186.67
2026-07-11 02:45:00+00:00,81265.04999999689,142.65
2026-07-11 03:00:00+00:00,81031.37999999689,-233.66999999999996
2026-07-11 03:15:00+00:00,80669.16999999688,-362.21
2026-07-11 03:30:00+00:00,80365.69999999688,-303.47
2026-07-11 03:45:00+00:00,80172.53999999688,-193.16
2026-07-11 04:00:00+00:00,80403.79999999687,231.26
2026-07-11 04:15:00+00:00,80531.89999999688,128.1
2026-07-11 04:30:00+00:00,80155.15999999687,-376.74
2026-07-11 04:45:00+00:00,80288.09999999688,132.94
2026-07-11 05:00:00+00:00,80514.37999999688,226.28
2026-07-11 05:15:00+00:00,80220.79999999687,-293.58000000000004
2026-07-11 05:30:00+00:00,79868.30999999687,-352.49
2026-07-11 05:45:00+00:00,80035.33999999687,167.03
2026-07-11 06:00:00+00:00,80241.75999999687,206.41999999999993
2026-07-11 06:15:00+00:00,79923.50999999687,-318.25
2026-07-11 06:30:00+00:00,80174.76999999686,251.26
2026-07-11 06:45:00+00:00,79881.18999999686,-293.58
2026-07-11 07:00:00+00:00,80053.11999999685,171.93
2026-07-11 07:15:00+00:00,80118.89999999685,65.78
2026-07-11 07:30:00+00:00,79790.82999999684,-328.07
2026-07-11 07:45:00+00:00,80012.12999999685,221.3
2026-07-11 08:00:00+00:00,80218.54999999685,206.41999999999993
2026-07-11 08:15:00+00:00,79915.07999999684,-303.4700000000001
2026-07-11 08:30:00+00:00,79626.44999999684,-288.63
2026-07-11 08:45:00+00:00,79803.28999999684,176.84
2026-07-11 09:00:00+00:00,79744.85999999684,-58.43
2026-07-11 09:15:00+00:00,79461.18999999684,-283.67
2026-07-11 09:30:00+00:00,79589.28999999685,128.1
2026-07-11 09:45:00+00:00,79188.47999999685,-400.81
2026-07-11 10:00:00+00:00,79263.76999999685,75.29
2026-07-11 10:15:00+00:00,79000.01999999685,-263.75
2026-07-11 10:30:00+00:00,79162.15999999685,162.14000000000004
2026-07-11 10:45:00+00:00,79448.68999999684,286.53
2026-07-11 11:00:00+00:00,79725.10999999684,276.42
2026-07-11 11:15:00+00:00,79456.36999999684,-268.74
2026-07-11 11:30:00+00:00,79677.66999999684,221.3
2026-07-11 11:45:00+00:00,79389.03999999684,-288.63
2026-07-11 12:00:00+00:00,79635.28999999684,246.25
2026-07-11 12:15:00+00:00,79356.58999999684,-278.7
2026-07-11 12:30:00+00:00,79558.05999999684,201.46999999999994
2026-07-11 12:45:00+00:00,79705.56999999683,147.51
2026-07-11 13:00:00+00:00,79892.23999999683,186.67
2026-07-11 13:15:00+00:00,80153.53999999684,261.3
2026-07-11 13:30:00+00:00,79815.67999999684,-337.85999999999996
2026-07-11 13:45:00+00:00,80066.93999999683,251.26
2026-07-11 14:00:00+00:00,79950.92999999684,-116.00999999999999
2026-07-11 14:15:00+00:00,80167.25999999684,216.33
2026-07-11 14:30:00+00:00,80373.67999999684,206.42
2026-07-11 14:45:00+00:00,80262.86999999684,-110.80999999999999
2026-07-11 15:00:00+00:00,80167.69999999684,-95.17
2026-07-11 15:15:00+00:00,80339.62999999683,171.93
2026-07-11 15:30:00+00:00,80244.45999999683,-95.17
2026-07-11 15:45:00+00:00,79980.70999999683,-263.75
2026-07-11 16:00:00+00:00,80375.10999999683,394.4
2026-07-11 16:15:00+00:00,80825.11999999682,450.01
2026-07-11 16:30:00+00:00,80729.94999999682,-95.17000000000003
2026-07-11 16:45:00+00:00,80941.31999999682,211.37
2026-07-11 17:00:00+00:00,80618.15999999682,-323.16
2026-07-11 17:30:00+00:00,80775.41999999681,157.26
2026-07-11 17:45:00+00:00,80898.6799999968,123.26
2026-07-11 18:15:00+00:00,81100.14999999681,201.46999999999994
2026-07-11 18:30:00+00:00,81331.4099999968,231.26
2026-07-11 18:45:00+00:00,81092.7099999968,-238.69999999999996
2026-07-11 19:00:00+00:00,81240.2199999968,147.51
2026-07-11 19:15:00+00:00,81387.7299999968,147.51
2026-07-11 19:30:00+00:00,81659.09999999679,271.37
2026-07-11 19:45:00+00:00,81767.8999999968,108.8
2026-07-11 20:00:00+00:00,81499.15999999679,-268.74
2026-07-11 20:15:00+00:00,81612.76999999679,113.61
2026-07-11 20:30:00+00:00,81834.06999999679,221.3
2026-07-11 20:45:00+00:00,82015.81999999679,181.75
2026-07-11 21:00:00+00:00,82192.65999999679,176.84
2026-07-11 21:15:00+00:00,81820.7599999968,-371.9
2026-07-11 21:30:00+00:00,81958.54999999679,137.79
2026-07-11 21:45:00+00:00,82155.07999999679,196.52999999999994
2026-07-11 22:00:00+00:00,82331.91999999678,176.84
2026-07-11 22:15:00+00:00,82048.24999999678,-283.67
2026-07-11 22:30:00+00:00,81890.89999999678,-157.35
2026-07-11 22:45:00+00:00,81612.19999999678,-278.7
2026-07-11 23:00:00+00:00,81358.44999999678,-253.75
2026-07-11 23:15:00+00:00,81619.74999999678,261.3
2026-07-11 23:30:00+00:00,81296.58999999678,-323.16
2026-07-11 23:45:00+00:00,81738.15999999679,441.57
2026-07-12 00:00:00+00:00,81944.57999999679,206.41999999999993
2026-07-12 00:15:00+00:00,82038.97999999678,94.4
2026-07-12 00:30:00+00:00,82285.22999999678,246.25
2026-07-12 00:45:00+00:00,82394.02999999678,108.8
2026-07-12 01:00:00+00:00,82580.69999999678,186.67
2026-07-12 01:15:00+00:00,82718.48999999677,137.79
2026-07-12 01:30:00+00:00,82817.67999999678,99.19
2026-07-12 01:45:00+00:00,82984.70999999678,167.03
2026-07-12 02:00:00+00:00,83206.00999999678,221.3
2026-07-12 02:15:00+00:00,83412.42999999678,206.41999999999993
2026-07-12 02:30:00+00:00,83589.26999999677,176.84
2026-07-12 02:45:00+00:00,83800.63999999677,211.37
2026-07-12 03:00:00+00:00,83972.56999999676,171.93
2026-07-12 03:15:00+00:00,83678.98999999676,-293.58000000000004
2026-07-12 03:30:00+00:00,83895.31999999676,216.33
2026-07-12 03:45:00+00:00,84106.68999999676,211.37
2026-07-12 04:00:00+00:00,84278.61999999675,171.93
2026-07-12 04:15:00+00:00,84524.86999999675,246.25
2026-07-12 04:30:00+00:00,84152.96999999676,-371.9
2026-07-12 04:45:00+00:00,84237.79999999676,84.82999999999994
2026-07-12 05:00:00+00:00,84464.07999999676,226.28
2026-07-12 05:15:00+00:00,84765.82999999676,301.75
2026-07-12 05:30:00+00:00,84923.08999999675,157.26000000000005
2026-07-12 05:45:00+00:00,85129.50999999675,206.42
2026-07-12 06:00:00+00:00,85355.78999999675,226.28
2026-07-12 06:15:00+00:00,85498.43999999674,142.65
2026-07-12 06:45:00+00:00,85739.68999999674,241.25
2026-07-12 07:00:00+00:00,85985.93999999674,246.25
2026-07-12 07:15:00+00:00,86128.58999999674,142.65
2026-07-12 07:30:00+00:00,85859.84999999673,-268.74
2026-07-12 07:45:00+00:00,85987.94999999674,128.1
2026-07-12 08:00:00+00:00,85709.24999999674,-278.7
2026-07-12 08:15:00+00:00,85425.57999999674,-283.67
2026-07-12 08:30:00+00:00,85691.90999999674,266.33
2026-07-12 08:45:00+00:00,85968.32999999674,276.42
2026-07-12 09:00:00+00:00,85816.11999999674,-152.21
2026-07-12 09:15:00+00:00,86027.48999999673,211.37
2026-07-12 10:00:00+00:00,85803.90999999673,-223.58
2026-07-12 10:30:00+00:00,86090.43999999673,286.53
2026-07-12 10:45:00+00:00,85846.71999999673,-243.72
2026-07-12 11:00:00+00:00,85582.96999999673,-263.75
2026-07-12 11:15:00+00:00,85349.29999999673,-233.67
2026-07-12 11:30:00+00:00,85248.90999999673,-100.38999999999997
2026-07-12 12:00:00+00:00,85190.47999999674,-58.42999999999999
2026-07-12 12:15:00+00:00,84872.22999999674,-318.25
2026-07-12 12:30:00+00:00,85049.06999999673,176.84
2026-07-12 12:45:00+00:00,85211.20999999673,162.14000000000004
2026-07-12 13:00:00+00:00,84834.46999999673,-376.74
2026-07-12 13:15:00+00:00,85045.83999999672,211.37
2026-07-12 13:30:00+00:00,84683.62999999672,-362.21
2026-07-12 13:45:00+00:00,84350.65999999671,-332.97
2026-07-12 14:00:00+00:00,84213.91999999671,-136.74
2026-07-12 14:15:00+00:00,84490.33999999671,276.42
2026-07-12 14:30:00+00:00,84196.7599999967,-293.58000000000004
2026-07-12 14:45:00+00:00,84286.3699999967,89.61
2026-07-12 15:00:00+00:00,84191.19999999671,-95.17000000000003
2026-07-12 15:15:00+00:00,83942.4599999967,-248.74
2026-07-12 15:30:00+00:00,83648.8799999967,-293.58000000000004
2026-07-12 15:45:00+00:00,83890.1299999967,241.25
2026-07-12 16:00:00+00:00,83651.4299999967,-238.69999999999996
2026-07-12 16:15:00+00:00,83823.3599999967,171.93
2026-07-12 16:45:00+00:00,83975.7399999967,152.38000000000005
2026-07-12 17:00:00+00:00,83692.0699999967,-283.67
2026-07-12 17:15:00+00:00,83839.5799999967,147.51
2026-07-12 17:30:00+00:00,84121.0499999967,281.47
2026-07-12 17:45:00+00:00,84327.4699999967,206.42
2026-07-12 18:00:00+00:00,84523.9999999967,196.52999999999994
2026-07-12 18:15:00+00:00,84200.8399999967,-323.16
2026-07-12 18:30:00+00:00,84422.1399999967,221.3
2026-07-12 18:45:00+00:00,84663.3899999967,241.25
2026-07-12 19:00:00+00:00,84909.6399999967,246.25
2026-07-12 19:15:00+00:00,85135.9199999967,226.28
2026-07-12 19:30:00+00:00,85372.1699999967,236.25
2026-07-12 19:45:00+00:00,85490.59999999669,118.43
2026-07-12 20:00:00+00:00,85657.62999999669,167.03
2026-07-12 20:15:00+00:00,85934.04999999669,276.42
2026-07-12 20:30:00+00:00,86125.64999999669,191.6
2026-07-12 20:45:00+00:00,85797.57999999668,-328.07
2026-07-12 21:00:00+00:00,86003.99999999668,206.41999999999993
2026-07-12 21:15:00+00:00,85770.32999999668,-233.66999999999996
2026-07-12 21:30:00+00:00,85864.72999999668,94.4
2026-07-12 21:45:00+00:00,86031.75999999668,167.03
2026-07-12 22:00:00+00:00,86135.74999999668,103.99
2026-07-12 22:15:00+00:00,86254.17999999668,118.43
2026-07-12 22:30:00+00:00,86431.01999999667,176.84
2026-07-12 22:45:00+00:00,86107.85999999667,-323.16
2026-07-12 23:00:00+00:00,86455.64999999666,347.79
2026-07-12 23:30:00+00:00,86221.97999999666,-233.66999999999996
2026-07-12 23:45:00+00:00,86389.00999999666,167.03
2026-07-13 00:00:00+00:00,86610.30999999667,221.3
2026-07-13 00:15:00+00:00,86252.95999999666,-357.35
2026-07-13 00:30:00+00:00,86459.37999999666,206.41999999999993
2026-07-13 00:45:00+00:00,86534.66999999665,75.29
2026-07-13 01:30:00+00:00,86397.92999999665,-136.74
2026-07-13 01:45:00+00:00,86240.57999999664,-157.35
2026-07-13 02:00:00+00:00,86213.90999999664,-26.67
2026-07-13 02:15:00+00:00,86425.27999999664,211.37
2026-07-13 02:30:00+00:00,86666.52999999664,241.25
2026-07-13 02:45:00+00:00,86407.77999999664,-258.75
2026-07-13 03:00:00+00:00,86384.82999999664,-22.95
2026-07-13 03:30:00+00:00,86556.75999999663,171.93
2026-07-13 03:45:00+00:00,86627.28999999663,70.53
2026-07-13 04:00:00+00:00,86853.56999999663,226.28
2026-07-13 04:15:00+00:00,86589.81999999663,-263.75
2026-07-13 04:30:00+00:00,86669.87999999663,80.06
2026-07-13 04:45:00+00:00,86769.06999999663,99.19
2026-07-13 05:00:00+00:00,87189.59999999663,420.53
2026-07-13 05:15:00+00:00,86856.62999999663,-332.97
2026-07-13 05:30:00+00:00,87023.65999999663,167.03
2026-07-13 06:00:00+00:00,87230.07999999663,206.41999999999993
2026-07-13 06:15:00+00:00,86838.87999999663,-391.2
2026-07-13 06:30:00+00:00,87015.71999999663,176.84
2026-07-13 06:45:00+00:00,86702.38999999662,-313.33
2026-07-13 07:00:00+00:00,86815.99999999662,113.61
2026-07-13 07:15:00+00:00,86537.29999999663,-278.7
2026-07-13 07:30:00+00:00,86788.55999999662,251.26
2026-07-13 07:45:00+00:00,86455.58999999662,-332.97
2026-07-13 08:00:00+00:00,86191.83999999662,-263.75
2026-07-13 08:15:00+00:00,85903.20999999662,-288.63
2026-07-13 08:30:00+00:00,85550.71999999661,-352.49
2026-07-13 08:45:00+00:00,85272.01999999661,-278.7
2026-07-13 09:00:00+00:00,85448.85999999661,176.84
2026-07-13 09:15:00+00:00,85630.60999999661,181.75
2026-07-13 09:30:00+00:00,85807.4499999966,176.84
2026-07-13 09:45:00+00:00,86033.7299999966,226.28
2026-07-13 10:00:00+00:00,86250.0599999966,216.33
2026-07-13 10:15:00+00:00,86476.3399999966,226.28
2026-07-13 10:30:00+00:00,86697.63999999661,221.3
2026-07-13 10:45:00+00:00,86325.73999999661,-371.9
2026-07-13 11:00:00+00:00,86066.98999999661,-258.75
2026-07-13 11:15:00+00:00,86156.59999999662,89.61
2026-07-13 11:30:00+00:00,86363.01999999661,206.41999999999993
2026-07-13 11:45:00+00:00,86339.53999999662,-23.48
2026-07-13 12:00:00+00:00,86239.14999999662,-100.39
2026-07-13 12:15:00+00:00,85911.07999999661,-328.07
2026-07-13 12:30:00+00:00,85622.4499999966,-288.63
2026-07-13 12:45:00+00:00,85833.8199999966,211.37
2026-07-13 13:00:00+00:00,86075.0699999966,241.25
2026-07-13 13:15:00+00:00,85771.5999999966,-303.47
2026-07-13 13:30:00+00:00,86017.8499999966,246.25
2026-07-13 13:45:00+00:00,85679.9899999966,-337.86
2026-07-13 14:00:00+00:00,85376.5199999966,-303.47
2026-07-13 14:15:00+00:00,85582.9399999966,206.42
2026-07-13 14:45:00+00:00,85314.19999999659,-268.74
2026-07-13 15:15:00+00:00,85481.22999999659,167.03
2026-07-13 15:30:00+00:00,85580.4199999966,99.19
2026-07-13 15:45:00+00:00,85641.45999999659,61.04
2026-07-13 16:00:00+00:00,85847.87999999658,206.41999999999993
2026-07-13 16:15:00+00:00,86000.25999999659,152.38000000000005
2026-07-13 16:30:00+00:00,86162.39999999659,162.14000000000004
2026-07-13 17:00:00+00:00,85834.32999999658,-328.07
2026-07-13 17:15:00+00:00,85555.62999999658,-278.7
2026-07-13 17:30:00+00:00,85621.40999999658,65.78
2026-07-13 17:45:00+00:00,85827.82999999658,206.41999999999993
2026-07-13 18:00:00+00:00,85564.07999999658,-263.75
2026-07-13 18:15:00+00:00,85740.91999999658,176.84
2026-07-13 18:30:00+00:00,85477.16999999658,-263.75
2026-07-13 18:45:00+00:00,85427.70999999657,-49.45999999999999
2026-07-13 19:00:00+00:00,85134.12999999657,-293.58000000000004
2026-07-13 19:15:00+00:00,85375.37999999657,241.25
2026-07-13 19:30:00+00:00,85445.90999999657,70.53
2026-07-13 19:45:00+00:00,85545.09999999657,99.19
2026-07-13 20:00:00+00:00,85629.92999999657,84.83
2026-07-13 20:15:00+00:00,85841.29999999657,211.37
2026-07-13 20:30:00+00:00,85993.67999999657,152.38000000000005
2026-07-13 20:45:00+00:00,85602.47999999658,-391.2
2026-07-13 21:00:00+00:00,85725.73999999657,123.26
2026-07-13 21:15:00+00:00,85568.38999999657,-157.35
2026-07-13 21:30:00+00:00,85274.80999999656,-293.58
2026-07-13 21:45:00+00:00,84956.55999999656,-318.25
2026-07-13 22:00:00+00:00,85138.30999999656,181.75
2026-07-13 22:15:00+00:00,85295.56999999656,157.26
2026-07-13 22:30:00+00:00,84967.49999999655,-328.07
2026-07-13 22:45:00+00:00,85038.02999999655,70.53
2026-07-13 23:15:00+00:00,85269.28999999654,231.26
2026-07-13 23:30:00+00:00,85055.81999999654,-213.47000000000003
2026-07-13 23:45:00+00:00,85203.32999999654,147.51
2026-07-14 00:00:00+00:00,85312.12999999654,108.8
2026-07-14 00:15:00+00:00,85023.49999999654,-288.63
2026-07-14 00:30:00+00:00,85127.48999999654,103.99
2026-07-14 00:45:00+00:00,84799.41999999653,-328.07
2026-07-14 01:15:00+00:00,84714.70999999653,-84.71
2026-07-14 01:30:00+00:00,84536.84999999653,-177.85999999999999
2026-07-14 01:45:00+00:00,84379.49999999652,-157.35
2026-07-14 02:00:00+00:00,84095.82999999652,-283.67
2026-07-14 02:15:00+00:00,84219.08999999652,123.26
2026-07-14 02:30:00+00:00,84440.38999999652,221.3
2026-07-14 02:45:00+00:00,84510.91999999652,70.53
2026-07-14 03:00:00+00:00,84497.02999999652,-13.89
2026-07-14 03:15:00+00:00,84718.32999999652,221.3
2026-07-14 03:30:00+00:00,84659.89999999653,-58.42999999999999
2026-07-14 03:45:00+00:00,84431.26999999653,-228.62999999999997
2026-07-14 04:00:00+00:00,84569.05999999652,137.79
2026-07-14 04:15:00+00:00,84260.65999999653,-308.4
2026-07-14 04:30:00+00:00,84506.90999999653,246.25
2026-07-14 04:45:00+00:00,84644.69999999652,137.79
2026-07-14 05:00:00+00:00,84361.02999999652,-283.67
2026-07-14 05:15:00+00:00,84003.67999999652,-357.35
2026-07-14 05:30:00+00:00,83656.05999999652,-347.61999999999995
2026-07-14 05:45:00+00:00,83327.98999999651,-328.07
2026-07-14 06:00:00+00:00,83446.4199999965,118.43
2026-07-14 06:15:00+00:00,83722.8399999965,276.42
2026-07-14 06:30:00+00:00,84019.5099999965,296.67
2026-07-14 06:45:00+00:00,84128.3099999965,108.8
2026-07-14 07:00:00+00:00,84222.7099999965,94.4
2026-07-14 07:15:00+00:00,84453.9699999965,231.26
2026-07-14 07:30:00+00:00,84635.7199999965,181.75
2026-07-14 07:45:00+00:00,84857.0199999965,221.3
2026-07-14 08:00:00+00:00,85083.2999999965,226.28
2026-07-14 08:15:00+00:00,85279.8299999965,196.52999999999994
2026-07-14 08:30:00+00:00,85374.22999999649,94.4
2026-07-14 08:45:00+00:00,85046.15999999648,-328.07
2026-07-14 09:00:00+00:00,85242.68999999648,196.52999999999994
2026-07-14 09:15:00+00:00,85444.15999999648,201.46999999999994
2026-07-14 09:30:00+00:00,85125.90999999648,-318.25
2026-07-14 10:00:00+00:00,85342.23999999648,216.33
2026-07-14 10:15:00+00:00,85455.84999999648,113.61
2026-07-14 10:30:00+00:00,85722.17999999649,266.33
2026-07-14 11:00:00+00:00,85488.50999999649,-233.66999999999996
2026-07-14 11:15:00+00:00,85602.11999999649,113.61
2026-07-14 11:30:00+00:00,85378.53999999649,-223.58000000000004
2026-07-14 11:45:00+00:00,85089.90999999648,-288.63
2026-07-14 12:00:00+00:00,85331.15999999648,241.25
2026-07-14 12:15:00+00:00,85547.48999999648,216.33
2026-07-14 12:30:00+00:00,85744.01999999648,196.53
2026-07-14 12:45:00+00:00,85706.73999999648,-37.27999999999998
2026-07-14 13:00:00+00:00,85575.16999999648,-131.57
2026-07-14 13:15:00+00:00,85732.42999999647,157.26000000000005
2026-07-14 13:30:00+00:00,85539.26999999647,-193.16
2026-07-14 13:45:00+00:00,85760.56999999647,221.3
2026-07-14 14:00:00+00:00,85531.93999999647,-228.62999999999997
2026-07-14 14:15:00+00:00,85238.35999999646,-293.58000000000004
2026-07-14 14:30:00+00:00,84984.60999999646,-253.75
2026-07-14 14:45:00+00:00,84720.85999999646,-263.75
2026-07-14 15:00:00+00:00,84467.10999999646,-253.75
2026-07-14 15:15:00+00:00,84794.36999999646,327.26
2026-07-14 15:30:00+00:00,84560.69999999646,-233.66999999999996
2026-07-14 15:45:00+00:00,84621.73999999645,61.04
2026-07-14 16:00:00+00:00,84893.10999999645,271.37
2026-07-14 16:15:00+00:00,85124.36999999644,231.26
2026-07-14 16:30:00+00:00,84830.78999999644,-293.58000000000004
2026-07-14 16:45:00+00:00,85062.04999999644,231.26
2026-07-14 17:00:00+00:00,84798.29999999644,-263.75
2026-07-14 17:15:00+00:00,84960.43999999644,162.14000000000004
2026-07-14 17:30:00+00:00,84803.08999999643,-157.35
2026-07-14 17:45:00+00:00,84734.12999999642,-68.96
2026-07-14 18:00:00+00:00,84535.87999999642,-198.25
2026-07-14 18:15:00+00:00,84683.38999999642,147.51
2026-07-14 18:30:00+00:00,84449.71999999642,-233.66999999999996
2026-07-14 18:45:00+00:00,84444.89999999641,-4.820000000000004
2026-07-14 19:00:00+00:00,84656.26999999641,211.37
2026-07-14 19:15:00+00:00,84417.56999999641,-238.69999999999996
2026-07-14 19:30:00+00:00,84526.36999999642,108.8
2026-07-14 19:45:00+00:00,84669.01999999641,142.65
2026-07-14 20:00:00+00:00,84749.07999999641,80.06
2026-07-14 20:15:00+00:00,84921.0099999964,171.93
2026-07-14 20:30:00+00:00,84602.7599999964,-318.25
2026-07-14 20:45:00+00:00,84839.0099999964,236.25
2026-07-14 21:00:00+00:00,84919.0699999964,80.06
2026-07-14 21:15:00+00:00,84532.6799999964,-386.39
2026-07-14 21:30:00+00:00,84401.10999999639,-131.57
2026-07-14 21:45:00+00:00,84162.4099999964,-238.69999999999996
2026-07-14 22:00:00+00:00,84110.30999999639,-52.1
2026-07-14 22:45:00+00:00,83942.6899999964,-167.62
2026-07-14 23:00:00+00:00,84178.9399999964,236.25
2026-07-14 23:15:00+00:00,84568.1299999964,389.19
2026-07-14 23:30:00+00:00,84431.38999999639,-136.74
2026-07-14 23:45:00+00:00,84222.9899999964,-208.4
2026-07-15 00:00:00+00:00,83954.24999999639,-268.74
2026-07-15 00:15:00+00:00,84230.66999999639,276.42
2026-07-15 00:45:00+00:00,84358.7699999964,128.1
2026-07-15 01:00:00+00:00,84501.41999999639,142.65
2026-07-15 01:15:00+00:00,84615.02999999639,113.61
2026-07-15 01:30:00+00:00,84228.63999999639,-386.39
2026-07-15 01:45:00+00:00,84381.0199999964,152.38000000000005
2026-07-15 02:00:00+00:00,84642.3199999964,261.3
2026-07-15 02:15:00+00:00,84722.3799999964,80.06
2026-07-15 02:45:00+00:00,84904.1299999964,181.75
2026-07-15 03:00:00+00:00,84635.38999999639,-268.74
2026-07-15 03:15:00+00:00,84705.91999999639,70.53
2026-07-15 03:30:00+00:00,84932.19999999639,226.28
2026-07-15 03:45:00+00:00,85007.48999999638,75.29
2026-07-15 04:00:00+00:00,84956.97999999639,-50.509999999999984
2026-07-15 04:15:00+00:00,85315.0799999964,358.1
2026-07-15 04:30:00+00:00,85601.60999999639,286.53
2026-07-15 04:45:00+00:00,85990.7999999964,389.19
2026-07-15 05:00:00+00:00,85575.6299999964,-415.17
2026-07-15 05:15:00+00:00,85913.13999999639,337.51
2026-07-15 05:30:00+00:00,86031.56999999638,118.43
2026-07-15 05:45:00+00:00,86302.93999999638,271.37
2026-07-15 06:00:00+00:00,86119.96999999638,-182.97
2026-07-15 06:15:00+00:00,85866.21999999638,-253.75
2026-07-15 06:30:00+00:00,86047.96999999638,181.75
2026-07-15 06:45:00+00:00,85880.34999999638,-167.61999999999998
2026-07-15 07:00:00+00:00,86151.71999999638,271.37
2026-07-15 07:15:00+00:00,85963.64999999637,-188.07
2026-07-15 07:30:00+00:00,86082.07999999636,118.43
2026-07-15 07:45:00+00:00,86249.10999999636,167.03
2026-07-15 08:00:00+00:00,86576.36999999636,327.26
2026-07-15 08:15:00+00:00,86665.97999999636,89.61
2026-07-15 08:30:00+00:00,86651.01999999635,-14.960000000000012
2026-07-15 08:45:00+00:00,86731.07999999635,80.06
2026-07-15 09:00:00+00:00,86859.17999999636,128.1
2026-07-15 09:15:00+00:00,87001.82999999635,142.65
2026-07-15 09:30:00+00:00,87218.15999999635,216.33
2026-07-15 09:45:00+00:00,87293.44999999634,75.29
2026-07-15 10:00:00+00:00,86985.04999999635,-308.4
2026-07-15 10:15:00+00:00,87108.30999999635,123.26
2026-07-15 10:45:00+00:00,87294.97999999634,186.67
2026-07-15 11:00:00+00:00,87117.11999999634,-177.86
2026-07-15 11:30:00+00:00,87187.64999999634,70.53
2026-07-15 12:00:00+00:00,86999.57999999633,-188.07
2026-07-15 12:15:00+00:00,86969.18999999634,-30.39
2026-07-15 12:30:00+00:00,87316.97999999633,347.79
2026-07-15 12:45:00+00:00,87382.75999999633,65.78
2026-07-15 13:00:00+00:00,87114.01999999632,-268.74
2026-07-15 13:15:00+00:00,86830.34999999632,-283.67
2026-07-15 13:30:00+00:00,87111.81999999633,281.47
2026-07-15 13:45:00+00:00,87343.07999999632,231.26
2026-07-15 14:15:00+00:00,87064.37999999632,-278.7
2026-07-15 14:30:00+00:00,87517.56999999633,453.19
2026-07-15 14:45:00+00:00,87616.75999999633,99.19
2026-07-15 15:00:00+00:00,87464.54999999632,-152.21000000000004
2026-07-15 15:15:00+00:00,87343.34999999632,-121.19999999999999
2026-07-15 15:30:00+00:00,87763.87999999632,420.53
2026-07-15 16:00:00+00:00,87960.40999999632,196.52999999999994
2026-07-15 16:30:00+00:00,88088.50999999633,128.1
2026-07-15 17:00:00+00:00,88182.90999999632,94.4
2026-07-15 17:15:00+00:00,87914.16999999632,-268.74
2026-07-15 17:30:00+00:00,88175.46999999632,261.3
2026-07-15 17:45:00+00:00,88406.72999999631,231.26
2026-07-15 18:00:00+00:00,88133.00999999631,-273.72
2026-07-15 18:30:00+00:00,88261.10999999632,128.1
2026-07-15 18:45:00+00:00,88598.61999999631,337.51
2026-07-15 19:00:00+00:00,88441.26999999631,-157.35
2026-07-15 19:30:00+00:00,88516.5599999963,75.29
2026-07-15 20:00:00+00:00,88625.3599999963,108.8
2026-07-15 20:15:00+00:00,88807.1099999963,181.75
2026-07-15 20:30:00+00:00,88930.3699999963,123.26
2026-07-15 20:45:00+00:00,88515.1999999963,-415.17
2026-07-15 21:00:00+00:00,88337.3399999963,-177.86
2026-07-15 21:15:00+00:00,87950.9499999963,-386.39
2026-07-15 21:30:00+00:00,88232.4199999963,281.47
2026-07-15 21:45:00+00:00,88360.51999999631,128.1
2026-07-15 22:00:00+00:00,88591.7799999963,231.26
2026-07-15 22:15:00+00:00,88778.4499999963,186.67
2026-07-15 22:30:00+00:00,89009.7099999963,231.26
2026-07-15 22:45:00+00:00,88657.21999999629,-352.49
2026-07-15 23:00:00+00:00,88280.47999999629,-376.74
2026-07-15 23:15:00+00:00,88374.87999999628,94.4
2026-07-15 23:30:00+00:00,88631.15999999628,256.28
2026-07-16 00:00:00+00:00,88817.82999999628,186.67
2026-07-16 00:15:00+00:00,88945.92999999628,128.1
2026-07-16 00:30:00+00:00,89137.52999999629,191.6
2026-07-16 00:45:00+00:00,88929.1299999963,-208.4
2026-07-16 01:00:00+00:00,89180.38999999629,251.26
2026-07-16 01:30:00+00:00,89128.81999999628,-51.57
2026-07-16 01:45:00+00:00,88971.46999999628,-157.35000000000002
2026-07-16 02:00:00+00:00,89041.99999999627,70.53
2026-07-16 02:15:00+00:00,88920.79999999628,-121.2
2026-07-16 02:30:00+00:00,89242.93999999628,322.14
2026-07-16 03:15:00+00:00,89642.54999999628,399.61
2026-07-16 03:30:00+00:00,89698.84999999628,56.3
2026-07-16 03:45:00+00:00,89940.09999999628,241.25
2026-07-16 04:00:00+00:00,90048.89999999628,108.8
2026-07-16 04:30:00+00:00,90119.42999999628,70.53
2026-07-16 04:45:00+00:00,89742.68999999628,-376.74
2026-07-16 05:00:00+00:00,89498.96999999628,-243.72
2026-07-16 05:15:00+00:00,89250.22999999627,-248.74
2026-07-16 05:30:00+00:00,89359.02999999627,108.8
2026-07-16 05:45:00+00:00,89550.62999999628,191.6
2026-07-16 06:00:00+00:00,89266.95999999628,-283.67
2026-07-16 06:15:00+00:00,89543.37999999628,276.42
2026-07-16 06:30:00+00:00,89448.20999999628,-95.17
2026-07-16 06:45:00+00:00,89566.63999999627,118.43
2026-07-16 07:30:00+00:00,89435.06999999627,-131.57
2026-07-16 07:45:00+00:00,89308.67999999627,-126.39000000000001
2026-07-16 08:00:00+00:00,89539.93999999626,231.26
2026-07-16 08:15:00+00:00,89398.03999999627,-141.9
2026-07-16 08:30:00+00:00,89720.17999999627,322.14
2026-07-16 08:45:00+00:00,89848.27999999627,128.1
2026-07-16 09:15:00+00:00,89831.71999999628,-16.560000000000013
2026-07-16 09:30:00+00:00,89567.96999999628,-263.75
2026-07-16 09:45:00+00:00,89734.99999999627,167.03
2026-07-16 10:00:00+00:00,89655.52999999627,-79.47
2026-07-16 10:15:00+00:00,89376.82999999628,-278.7
2026-07-16 10:30:00+00:00,89456.88999999627,80.06
2026-07-16 10:45:00+00:00,89041.71999999628,-415.17
2026-07-16 11:00:00+00:00,89308.04999999628,266.33
2026-07-16 11:45:00+00:00,89635.30999999627,327.26
2026-07-16 12:00:00+00:00,89571.60999999628,-63.7
2026-07-16 12:30:00+00:00,89792.90999999628,221.3
2026-07-16 12:45:00+00:00,90024.16999999627,231.26
2026-07-16 13:00:00+00:00,90315.76999999628,291.6
2026-07-16 13:15:00+00:00,90424.56999999628,108.8
2026-07-16 13:30:00+00:00,90518.96999999628,94.4
2026-07-16 13:45:00+00:00,90147.06999999628,-371.9
2026-07-16 14:00:00+00:00,89848.53999999628,-298.53000000000003
2026-07-16 14:30:00+00:00,89574.81999999628,-273.72
2026-07-16 14:45:00+00:00,89851.23999999628,276.42
2026-07-16 15:00:00+00:00,90082.49999999627,231.26
2026-07-16 15:45:00+00:00,89945.75999999627,-136.74
2026-07-16 16:00:00+00:00,90192.00999999627,246.25
2026-07-16 16:30:00+00:00,90591.61999999627,399.61
2026-07-16 16:45:00+00:00,90923.99999999627,332.38
2026-07-16 17:00:00+00:00,91155.25999999627,231.26
2026-07-16 17:15:00+00:00,91206.82999999628,51.57
2026-07-16 17:30:00+00:00,91443.07999999628,236.25
2026-07-16 17:45:00+00:00,91504.11999999627,61.04
2026-07-16 19:15:00+00:00,91195.71999999628,-308.4
2026-07-16 19:30:00+00:00,91632.01999999628,436.3
2026-07-16 19:45:00+00:00,91531.62999999628,-100.39
2026-07-16 20:00:00+00:00,91635.61999999628,103.99
2026-07-16 20:15:00+00:00,91493.71999999629,-141.9
2026-07-16 20:30:00+00:00,91700.13999999629,206.42
2026-07-16 20:45:00+00:00,91951.39999999628,251.26
2026-07-16 21:00:00+00:00,91687.64999999628,-263.75
2026-07-16 21:15:00+00:00,91933.89999999628,246.25
2026-07-16 21:30:00+00:00,91566.83999999629,-367.06
2026-07-16 21:45:00+00:00,91283.16999999629,-283.67
2026-07-16 22:00:00+00:00,91494.53999999628,211.37
2026-07-16 22:15:00+00:00,91598.52999999629,103.99
2026-07-16 22:30:00+00:00,91814.85999999629,216.33
2026-07-16 22:45:00+00:00,91899.68999999629,84.83
2026-07-16 23:00:00+00:00,91696.35999999629,-203.33
2026-07-16 23:30:00+00:00,91892.88999999629,196.52999999999994
2026-07-16 23:45:00+00:00,91463.41999999629,-429.47
2026-07-17 00:00:00+00:00,91625.55999999629,162.14
2026-07-17 00:15:00+00:00,91361.80999999629,-263.75
2026-07-17 00:30:00+00:00,91245.79999999629,-116.00999999999999
2026-07-17 00:45:00+00:00,91134.9899999963,-110.81
2026-07-17 01:00:00+00:00,91253.41999999629,118.43
2026-07-17 01:15:00+00:00,91376.67999999628,123.26
2026-07-17 01:30:00+00:00,91461.50999999628,84.82999999999994
2026-07-17 01:45:00+00:00,91551.11999999628,89.61
2026-07-17 02:30:00+00:00,91455.94999999629,-95.17
2026-07-17 02:45:00+00:00,91252.61999999628,-203.33
2026-07-17 03:00:00+00:00,91652.22999999629,399.61
2026-07-17 03:15:00+00:00,91770.65999999628,118.43
2026-07-17 03:30:00+00:00,91903.59999999628,132.94
2026-07-17 03:45:00+00:00,91619.92999999628,-283.67
2026-07-17 04:00:00+00:00,91699.98999999628,80.06
2026-07-17 04:15:00+00:00,91794.38999999627,94.4
2026-07-17 04:45:00+00:00,92025.64999999627,231.26
2026-07-17 05:00:00+00:00,92134.44999999627,108.8
2026-07-17 05:15:00+00:00,92106.71999999628,-27.73
2026-07-17 05:45:00+00:00,91975.14999999627,-131.57
2026-07-17 06:00:00+00:00,91838.40999999626,-136.74
2026-07-17 06:15:00+00:00,91495.66999999626,-342.74
2026-07-17 06:45:00+00:00,91226.92999999625,-268.74
2026-07-17 07:00:00+00:00,91335.72999999626,108.8
2026-07-17 07:15:00+00:00,91488.10999999626,152.38000000000005
2026-07-17 07:30:00+00:00,91068.16999999626,-419.94
2026-07-17 07:45:00+00:00,91210.81999999625,142.65
2026-07-17 08:00:00+00:00,91048.32999999625,-162.49
2026-07-17 08:15:00+00:00,90734.99999999625,-313.33
2026-07-17 08:30:00+00:00,90800.77999999624,65.78
2026-07-17 08:45:00+00:00,90876.06999999624,75.29
2026-07-17 09:15:00+00:00,90597.36999999624,-278.7
2026-07-17 09:30:00+00:00,90667.89999999624,70.53
2026-07-17 09:45:00+00:00,90752.72999999624,84.83
2026-07-17 10:00:00+00:00,90974.02999999624,221.3
2026-07-17 10:15:00+00:00,91054.08999999624,80.06
2026-07-17 10:30:00+00:00,91196.73999999624,142.65
2026-07-17 10:45:00+00:00,90968.10999999623,-228.62999999999997
2026-07-17 11:00:00+00:00,91194.38999999623,226.28
2026-07-17 11:15:00+00:00,90832.17999999622,-362.21
2026-07-17 11:30:00+00:00,91058.45999999622,226.28
2026-07-17 11:45:00+00:00,91220.59999999622,162.14
2026-07-17 12:00:00+00:00,91032.52999999622,-188.07
2026-07-17 12:15:00+00:00,91258.80999999621,226.28
2026-07-17 12:30:00+00:00,91440.55999999621,181.75
2026-07-17 13:00:00+00:00,91122.30999999621,-318.25
2026-07-17 13:15:00+00:00,91202.36999999621,80.06
2026-07-17 13:30:00+00:00,91393.96999999622,191.6
2026-07-17 13:45:00+00:00,91056.10999999622,-337.86
2026-07-17 14:00:00+00:00,91145.71999999622,89.61
2026-07-17 14:15:00+00:00,90962.74999999622,-182.97
2026-07-17 14:30:00+00:00,91274.67999999621,311.93
2026-07-17 14:45:00+00:00,91122.4699999962,-152.21000000000004
2026-07-17 15:00:00+00:00,91011.6599999962,-110.81
2026-07-17 15:15:00+00:00,90911.2699999962,-100.39
2026-07-17 15:45:00+00:00,91132.56999999621,221.3
2026-07-17 16:30:00+00:00,90995.8299999962,-136.74
2026-07-17 17:00:00+00:00,90807.7599999962,-188.07
2026-07-17 17:30:00+00:00,90539.01999999619,-268.74
2026-07-17 18:00:00+00:00,90345.85999999619,-193.16
2026-07-17 18:15:00+00:00,90067.15999999619,-278.7
2026-07-17 18:30:00+00:00,90137.68999999619,70.53
2026-07-17 18:45:00+00:00,90358.98999999619,221.3
2026-07-17 19:00:00+00:00,90217.0899999962,-141.9
2026-07-17 19:30:00+00:00,90287.6199999962,70.53
2026-07-17 19:45:00+00:00,90339.1899999962,51.57
2026-07-17 20:00:00+00:00,90535.7199999962,196.52999999999994
2026-07-17 20:15:00+00:00,90611.0099999962,75.29
2026-07-17 20:30:00+00:00,90773.1499999962,162.14
2026-07-17 20:45:00+00:00,91079.98999999619,306.84
2026-07-17 21:00:00+00:00,90801.2899999962,-278.7
2026-07-17 21:15:00+00:00,90934.2299999962,132.94
2026-07-17 21:30:00+00:00,90509.51999999619,-424.71
2026-07-17 21:45:00+00:00,90570.55999999619,61.04
2026-07-17 22:00:00+00:00,90816.80999999619,246.25
2026-07-17 22:15:00+00:00,90435.23999999618,-381.57
2026-07-17 22:30:00+00:00,90563.33999999618,128.1
2026-07-17 22:45:00+00:00,90299.58999999618,-263.75
2026-07-17 23:00:00+00:00,90481.33999999618,181.75
2026-07-17 23:15:00+00:00,90590.13999999619,108.8
2026-07-17 23:30:00+00:00,90866.55999999619,276.42
2026-07-17 23:45:00+00:00,91097.81999999618,231.26
2026-07-18 00:00:00+00:00,90834.06999999618,-263.75
2026-07-18 00:15:00+00:00,91025.66999999619,191.6
2026-07-18 00:30:00+00:00,91158.60999999619,132.94
2026-07-18 00:45:00+00:00,91210.1799999962,51.57
2026-07-18 01:00:00+00:00,91501.7799999962,291.6
2026-07-18 01:15:00+00:00,91253.0399999962,-248.74
2026-07-18 01:30:00+00:00,91434.7899999962,181.75
2026-07-18 02:00:00+00:00,91191.0699999962,-243.72
2026-07-18 02:15:00+00:00,91452.3699999962,261.3
2026-07-18 02:30:00+00:00,91629.2099999962,176.84
2026-07-18 02:45:00+00:00,91247.63999999619,-381.57
2026-07-18 03:00:00+00:00,91116.06999999618,-131.57
2026-07-18 03:15:00+00:00,91220.05999999619,103.99
2026-07-18 03:30:00+00:00,91526.89999999618,306.84
2026-07-18 03:45:00+00:00,91748.19999999618,221.3
2026-07-18 04:00:00+00:00,91524.61999999618,-223.58000000000004
2026-07-18 04:15:00+00:00,91696.54999999618,171.93
2026-07-18 04:30:00+00:00,91848.92999999618,152.38000000000005
2026-07-18 04:45:00+00:00,91957.72999999618,108.8
2026-07-18 05:00:00+00:00,91734.14999999618,-223.58000000000004
2026-07-18 05:15:00+00:00,91990.42999999618,256.28
2026-07-18 05:30:00+00:00,92060.95999999618,70.53
2026-07-18 05:45:00+00:00,91742.70999999618,-318.25
2026-07-18 06:00:00+00:00,91332.31999999618,-410.39
2026-07-18 06:15:00+00:00,91093.61999999618,-238.69999999999996
2026-07-18 06:30:00+00:00,91168.90999999618,75.29
2026-07-18 06:45:00+00:00,91239.43999999618,70.53
2026-07-18 07:00:00+00:00,91000.73999999618,-238.69999999999996
2026-07-18 07:15:00+00:00,91085.56999999618,84.83
2026-07-18 07:30:00+00:00,90806.86999999618,-278.7
2026-07-18 07:45:00+00:00,91003.39999999618,196.52999999999994
2026-07-18 08:00:00+00:00,91264.69999999618,261.3
2026-07-18 08:15:00+00:00,91127.95999999618,-136.74
2026-07-18 08:30:00+00:00,90919.55999999619,-208.4
2026-07-18 08:45:00+00:00,91241.69999999618,322.14
2026-07-18 09:00:00+00:00,91316.98999999618,75.29
2026-07-18 09:15:00+00:00,91690.59999999618,373.61
2026-07-18 09:30:00+00:00,91972.06999999618,281.47
2026-07-18 09:45:00+00:00,92238.39999999618,266.33
2026-07-18 10:00:00+00:00,92009.76999999618,-228.62999999999997
2026-07-18 10:15:00+00:00,92301.36999999618,291.6
2026-07-18 10:30:00+00:00,92180.16999999619,-121.19999999999999
2026-07-18 10:45:00+00:00,92446.49999999619,266.33
2026-07-18 11:00:00+00:00,92603.75999999618,157.26
2026-07-18 11:15:00+00:00,92441.26999999618,-162.49000000000004
2026-07-18 11:30:00+00:00,92702.56999999618,261.3
2026-07-18 11:45:00+00:00,92973.93999999618,271.37
2026-07-18 12:00:00+00:00,92745.30999999617,-228.62999999999997
2026-07-18 12:15:00+00:00,92863.73999999616,118.43
2026-07-18 12:30:00+00:00,93135.10999999616,271.37
2026-07-18 12:45:00+00:00,92972.61999999615,-162.49000000000004
2026-07-18 13:00:00+00:00,92810.12999999615,-162.49000000000004
2026-07-18 13:15:00+00:00,92880.65999999615,70.53
2026-07-18 13:30:00+00:00,93126.90999999615,246.25
2026-07-18 13:45:00+00:00,93485.00999999615,358.1
2026-07-18 14:00:00+00:00,93286.75999999615,-198.25
2026-07-18 14:15:00+00:00,93068.22999999615,-218.53000000000003
2026-07-18 14:30:00+00:00,93426.32999999616,358.1
2026-07-18 14:45:00+00:00,93588.46999999616,162.14
2026-07-18 15:00:00+00:00,93824.71999999616,236.25
2026-07-18 15:15:00+00:00,94026.18999999616,201.46999999999994
2026-07-18 15:30:00+00:00,93659.12999999616,-367.06
2026-07-18 15:45:00+00:00,93880.42999999617,221.3
2026-07-18 16:00:00+00:00,94096.75999999617,216.33
2026-07-18 16:15:00+00:00,94429.13999999617,332.38
2026-07-18 16:30:00+00:00,94650.43999999618,221.3
2026-07-18 16:45:00+00:00,94972.57999999617,322.14
2026-07-18 17:00:00+00:00,95169.10999999617,196.53
2026-07-18 17:15:00+00:00,94895.38999999617,-273.72
2026-07-18 17:30:00+00:00,95197.13999999617,301.75
2026-07-18 17:45:00+00:00,94988.73999999618,-208.4
2026-07-18 18:00:00+00:00,94800.66999999617,-188.07
2026-07-18 18:15:00+00:00,95046.91999999617,246.25
2026-07-18 18:30:00+00:00,94823.33999999617,-223.58000000000004
2026-07-18 18:45:00+00:00,94898.62999999616,75.29
2026-07-18 19:00:00+00:00,94715.65999999616,-182.97
2026-07-18 19:15:00+00:00,94594.45999999616,-121.19999999999999
2026-07-18 19:30:00+00:00,94222.55999999617,-371.9
2026-07-18 19:45:00+00:00,94009.08999999617,-213.47000000000003
2026-07-18 20:00:00+00:00,94200.68999999618,191.6
2026-07-18 20:15:00+00:00,94548.47999999617,347.79
2026-07-18 20:30:00+00:00,94264.80999999617,-283.67
2026-07-18 20:45:00+00:00,94316.37999999618,51.57
2026-07-18 21:00:00+00:00,94003.04999999618,-313.33
2026-07-18 21:15:00+00:00,93784.51999999618,-218.53000000000003
2026-07-18 21:30:00+00:00,93364.57999999617,-419.94
2026-07-18 21:45:00+00:00,93186.71999999617,-177.86
2026-07-18 22:00:00+00:00,92873.38999999617,-313.33
2026-07-18 22:15:00+00:00,92741.81999999617,-131.57
2026-07-18 22:30:00+00:00,92928.48999999616,186.67
2026-07-18 22:45:00+00:00,93194.81999999617,266.33
2026-07-18 23:15:00+00:00,93251.11999999617,56.3
2026-07-18 23:30:00+00:00,93350.30999999617,99.19
2026-07-18 23:45:00+00:00,93478.40999999618,128.1
2026-07-19 00:00:00+00:00,93224.65999999618,-253.75
2026-07-19 00:15:00+00:00,92970.90999999618,-253.75
2026-07-19 00:30:00+00:00,93031.94999999617,61.04
2026-07-19 00:45:00+00:00,92890.04999999618,-141.9
2026-07-19 01:00:00+00:00,92651.34999999618,-238.69999999999996
2026-07-19 01:15:00+00:00,92912.64999999618,261.3
2026-07-19 01:30:00+00:00,93133.94999999618,221.3
2026-07-19 01:45:00+00:00,93360.22999999618,226.28
2026-07-19 02:00:00+00:00,93126.55999999619,-233.66999999999996
2026-07-19 02:15:00+00:00,92842.88999999619,-283.67
2026-07-19 02:45:00+00:00,92763.41999999619,-79.47000000000001
2026-07-19 03:00:00+00:00,92590.67999999618,-172.74
2026-07-19 03:15:00+00:00,92680.28999999618,89.61
2026-07-19 03:30:00+00:00,92798.71999999617,118.43
2026-07-19 03:45:00+00:00,93024.99999999617,226.28
2026-07-19 04:00:00+00:00,93261.24999999617,236.25
2026-07-19 04:15:00+00:00,93452.84999999618,191.6
2026-07-19 04:30:00+00:00,93614.98999999618,162.14
2026-07-19 04:45:00+00:00,93301.65999999618,-313.33
2026-07-19 05:00:00+00:00,93175.26999999618,-126.39
2026-07-19 05:30:00+00:00,93357.01999999618,181.75
2026-07-19 05:45:00+00:00,93553.54999999618,196.52999999999994
2026-07-19 06:00:00+00:00,93671.97999999617,118.43
2026-07-19 06:15:00+00:00,93780.77999999617,108.8
2026-07-19 06:30:00+00:00,94047.10999999617,266.33
2026-07-19 06:45:00+00:00,94155.90999999618,108.8
2026-07-19 07:00:00+00:00,94250.30999999617,94.4
2026-07-19 07:15:00+00:00,94397.81999999617,147.51
2026-07-19 07:30:00+00:00,94473.10999999616,75.29
2026-07-19 07:45:00+00:00,94125.48999999616,-347.61999999999995
2026-07-19 08:00:00+00:00,94351.76999999616,226.28
2026-07-19 08:15:00+00:00,94163.69999999616,-188.07
2026-07-19 08:30:00+00:00,94032.12999999615,-131.57
2026-07-19 08:45:00+00:00,94238.54999999615,206.41999999999993
2026-07-19 09:15:00+00:00,94520.01999999615,281.47
2026-07-19 09:30:00+00:00,94595.30999999614,75.29
2026-07-19 09:45:00+00:00,94306.67999999614,-288.63
2026-07-19 10:00:00+00:00,94573.00999999614,266.33
2026-07-19 10:15:00+00:00,94744.93999999613,171.93
2026-07-19 10:30:00+00:00,94824.99999999613,80.06
2026-07-19 10:45:00+00:00,95006.74999999613,181.75
2026-07-19 11:00:00+00:00,95252.99999999613,246.25
2026-07-19 11:15:00+00:00,95410.25999999612,157.26000000000005
2026-07-19 11:30:00+00:00,95631.55999999613,221.3
2026-07-19 11:45:00+00:00,95418.08999999613,-213.47
2026-07-19 12:00:00+00:00,95189.45999999612,-228.63
2026-07-19 12:15:00+00:00,95298.25999999612,108.8
2026-07-19 12:30:00+00:00,94940.90999999612,-357.35
2026-07-19 12:45:00+00:00,95117.74999999611,176.84
2026-07-19 13:00:00+00:00,94981.00999999611,-136.74
2026-07-19 13:15:00+00:00,95056.2999999961,75.29
2026-07-19 13:30:00+00:00,95287.5599999961,231.26
2026-07-19 13:45:00+00:00,95474.2299999961,186.67
2026-07-19 14:00:00+00:00,95641.2599999961,167.03
2026-07-19 14:15:00+00:00,95362.5599999961,-278.7
2026-07-19 14:30:00+00:00,95200.06999999609,-162.49
2026-07-19 14:45:00+00:00,94976.48999999609,-223.58000000000004
2026-07-19 15:15:00+00:00,94963.12999999609,-13.36
2026-07-19 15:30:00+00:00,95269.96999999609,306.84
2026-07-19 16:00:00+00:00,95680.02999999608,410.06
2026-07-19 16:15:00+00:00,95931.28999999608,251.26
2026-07-19 16:30:00+00:00,96294.54999999607,363.26
2026-07-19 16:45:00+00:00,96365.07999999607,70.53
2026-07-19 17:15:00+00:00,96290.85999999607,-74.22
2026-07-19 17:30:00+00:00,96618.11999999607,327.26
2026-07-19 17:45:00+00:00,96236.54999999606,-381.57
2026-07-19 18:15:00+00:00,96384.05999999605,147.51
2026-07-19 18:30:00+00:00,96610.33999999605,226.28
2026-07-19 18:45:00+00:00,96292.08999999605,-318.25
2026-07-19 19:00:00+00:00,95978.75999999605,-313.33
2026-07-19 19:15:00+00:00,95904.53999999605,-74.22
2026-07-19 19:30:00+00:00,95762.63999999606,-141.9
2026-07-19 19:45:00+00:00,95978.96999999606,216.33
2026-07-19 20:00:00+00:00,95670.56999999606,-308.4
2026-07-19 20:15:00+00:00,95784.17999999606,113.61
2026-07-19 20:30:00+00:00,95907.43999999606,123.26
2026-07-19 20:45:00+00:00,96153.68999999606,246.25
2026-07-19 21:00:00+00:00,96389.93999999606,236.25
2026-07-19 21:15:00+00:00,96513.19999999605,123.26
2026-07-19 21:30:00+00:00,96330.22999999605,-182.97
2026-07-19 21:45:00+00:00,96071.47999999605,-258.75
2026-07-19 22:00:00+00:00,96277.89999999605,206.42
2026-07-19 22:15:00+00:00,96449.82999999604,171.93
2026-07-19 22:30:00+00:00,96375.60999999604,-74.22
2026-07-19 22:45:00+00:00,96223.39999999604,-152.21000000000004
2026-07-19 23:00:00+00:00,96107.38999999604,-116.01
2026-07-19 23:15:00+00:00,95692.21999999604,-415.1700000000001
2026-07-19 23:30:00+00:00,96055.47999999604,363.26
2026-07-19 23:45:00+00:00,95877.61999999604,-177.85999999999999
2026-07-20 00:00:00+00:00,96093.94999999604,216.33
2026-07-20 00:15:00+00:00,95712.37999999603,-381.57
2026-07-20 00:45:00+00:00,96009.04999999603,296.67
2026-07-20 01:30:00+00:00,96361.98999999603,352.94
2026-07-20 01:45:00+00:00,96098.23999999603,-263.75
2026-07-20 02:00:00+00:00,95864.56999999603,-233.67
2026-07-20 02:45:00+00:00,95949.39999999604,84.83
2026-07-20 03:00:00+00:00,95548.58999999604,-400.81
2026-07-20 03:15:00+00:00,95906.68999999604,358.1
2026-07-20 03:30:00+00:00,95967.72999999604,61.04
2026-07-20 04:00:00+00:00,96159.32999999604,191.6
2026-07-20 04:15:00+00:00,96420.62999999605,261.3
2026-07-20 04:30:00+00:00,96043.88999999604,-376.74
2026-07-20 04:45:00+00:00,96265.18999999604,221.3
2026-07-20 05:00:00+00:00,96461.71999999604,196.52999999999994
2026-07-20 05:15:00+00:00,96580.14999999604,118.43
2026-07-20 05:30:00+00:00,97011.18999999603,431.04
2026-07-20 06:15:00+00:00,96707.71999999603,-303.4700000000001
2026-07-20 06:45:00+00:00,96787.77999999603,80.06
2026-07-20 07:00:00+00:00,96906.20999999602,118.43
2026-07-20 07:15:00+00:00,97019.81999999602,113.61
2026-07-20 07:30:00+00:00,97419.42999999602,399.61
2026-07-20 07:45:00+00:00,97195.84999999602,-223.58000000000004
2026-07-20 08:15:00+00:00,96972.26999999602,-223.58000000000004
2026-07-20 08:30:00+00:00,97081.06999999602,108.8
2026-07-20 08:45:00+00:00,97228.57999999601,147.51
2026-07-20 09:00:00+00:00,97303.86999999601,75.29
2026-07-20 09:30:00+00:00,97388.69999999601,84.83
2026-07-20 09:45:00+00:00,97483.099999996,94.4
2026-07-20 10:00:00+00:00,97077.499999996,-405.6
2026-07-20 10:30:00+00:00,96793.829999996,-283.67
2026-07-20 10:45:00+00:00,96698.659999996,-95.17
2026-07-20 11:00:00+00:00,96410.029999996,-288.63
2026-07-20 11:15:00+00:00,96538.129999996,128.1
2026-07-20 11:30:00+00:00,96618.189999996,80.06
2026-07-20 11:45:00+00:00,96731.799999996,113.61
2026-07-20 12:00:00+00:00,96574.449999996,-157.35000000000002
2026-07-20 12:30:00+00:00,96906.829999996,332.38
2026-07-20 12:45:00+00:00,97158.089999996,251.26
2026-07-20 13:00:00+00:00,96990.469999996,-167.61999999999998
2026-07-20 13:15:00+00:00,97177.139999996,186.67
2026-07-20 13:30:00+00:00,96913.389999996,-263.75
2026-07-20 13:45:00+00:00,97075.529999996,162.14
2026-07-20 14:15:00+00:00,97291.859999996,216.33
2026-07-20 14:30:00+00:00,97108.889999996,-182.97
2026-07-20 14:45:00+00:00,97370.189999996,261.3
2026-07-20 15:00:00+00:00,97003.129999996,-367.06
2026-07-20 15:15:00+00:00,97107.11999999601,103.99
2026-07-20 15:30:00+00:00,97353.36999999601,246.25
2026-07-20 15:45:00+00:00,96942.97999999601,-410.39
2026-07-20 16:00:00+00:00,97027.80999999601,84.83
2026-07-20 16:15:00+00:00,97254.08999999601,226.28
2026-07-20 16:30:00+00:00,97343.69999999601,89.61
2026-07-20 16:45:00+00:00,97564.99999999601,221.3
2026-07-20 17:00:00+00:00,97392.25999999601,-172.73999999999998
2026-07-20 17:15:00+00:00,97178.789999996,-213.47000000000003
2026-07-20 17:30:00+00:00,97365.459999996,186.67
2026-07-20 17:45:00+00:00,97552.129999996,186.67
2026-07-20 18:00:00+00:00,97685.069999996,132.94
2026-07-20 18:15:00+00:00,97813.16999999601,128.1
2026-07-20 18:30:00+00:00,97999.83999999601,186.67
2026-07-20 18:45:00+00:00,98079.899999996,80.06
2026-07-20 19:00:00+00:00,97902.039999996,-177.86
2026-07-20 19:15:00+00:00,98133.299999996,231.26
2026-07-20 19:30:00+00:00,98329.829999996,196.53
2026-07-20 19:45:00+00:00,98193.089999996,-136.74
2026-07-20 20:00:00+00:00,98369.92999999599,176.84
2026-07-20 20:15:00+00:00,97959.53999999599,-410.39
2026-07-20 20:30:00+00:00,98034.82999999599,75.29
2026-07-20 20:45:00+00:00,98206.75999999598,171.93
2026-07-20 21:00:00+00:00,98368.89999999598,162.14
2026-07-20 21:15:00+00:00,98444.18999999597,75.29
2026-07-20 21:30:00+00:00,98150.60999999597,-293.58
2026-07-20 21:45:00+00:00,98337.27999999597,186.67
2026-07-20 22:00:00+00:00,98460.53999999596,123.26
2026-07-20 22:15:00+00:00,98583.79999999596,123.26
2026-07-20 23:00:00+00:00,98416.17999999596,-167.61999999999998
2026-07-20 23:15:00+00:00,98501.00999999596,84.83
2026-07-20 23:30:00+00:00,98609.80999999597,108.8
2026-07-20 23:45:00+00:00,98356.05999999597,-253.75
2026-07-21 00:00:00+00:00,98469.66999999597,113.61
2026-07-21 00:15:00+00:00,98592.92999999596,123.26
2026-07-21 00:30:00+00:00,98482.11999999596,-110.80999999999999
2026-07-21 00:45:00+00:00,98371.30999999597,-110.80999999999999
2026-07-21 01:15:00+00:00,98265.70999999596,-105.6
2026-07-21 01:30:00+00:00,98340.99999999595,75.29
2026-07-21 01:45:00+00:00,98421.05999999595,80.06
2026-07-21 02:00:00+00:00,98310.24999999595,-110.81
2026-07-21 02:15:00+00:00,98404.64999999595,94.4
2026-07-21 02:30:00+00:00,98650.89999999595,246.25
2026-07-21 02:45:00+00:00,98740.50999999595,89.61
2026-07-21 03:00:00+00:00,98471.76999999594,-268.74
2026-07-21 03:15:00+00:00,98436.07999999594,-35.68999999999997
2026-07-21 03:30:00+00:00,98758.21999999594,322.14
2026-07-21 03:45:00+00:00,98474.54999999594,-283.67
2026-07-21 04:00:00+00:00,98200.82999999594,-273.72
2026-07-21 04:15:00+00:00,98271.35999999594,70.53
2026-07-21 04:30:00+00:00,98165.75999999593,-105.6
2026-07-21 04:45:00+00:00,98472.59999999593,306.84
2026-07-21 05:00:00+00:00,98547.88999999592,75.29
2026-07-21 05:15:00+00:00,98274.16999999592,-273.72
2026-07-21 05:30:00+00:00,97990.49999999593,-283.67
2026-07-21 05:45:00+00:00,98343.43999999593,352.94
2026-07-21 06:00:00+00:00,98476.37999999593,132.94
2026-07-21 06:15:00+00:00,98788.30999999592,311.93
2026-07-21 06:45:00+00:00,98897.10999999593,108.8
2026-07-21 07:00:00+00:00,99123.38999999592,226.28
2026-07-21 07:15:00+00:00,99203.44999999592,80.06
2026-07-21 07:30:00+00:00,99293.05999999592,89.61
2026-07-21 07:45:00+00:00,99014.35999999593,-278.7
2026-07-21 08:00:00+00:00,99142.45999999593,128.1
2026-07-21 08:15:00+00:00,99373.71999999593,231.26
2026-07-21 08:30:00+00:00,99560.38999999592,186.67
2026-07-21 08:45:00+00:00,99331.75999999592,-228.62999999999997
2026-07-21 09:15:00+00:00,99558.03999999592,226.28
2026-07-21 09:30:00+00:00,99739.78999999592,181.75
2026-07-21 09:45:00+00:00,99858.21999999591,118.43
2026-07-21 10:00:00+00:00,100119.51999999591,261.3
2026-07-21 10:15:00+00:00,100301.26999999591,181.75
2026-07-21 10:30:00+00:00,100067.59999999592,-233.66999999999996
2026-07-21 10:45:00+00:00,99854.12999999592,-213.47
2026-07-21 11:00:00+00:00,99924.65999999591,70.53
2026-07-21 11:15:00+00:00,100216.25999999592,291.6
2026-07-21 11:30:00+00:00,99942.53999999592,-273.72
2026-07-21 12:00:00+00:00,100109.56999999592,167.03
2026-07-21 12:15:00+00:00,99830.86999999592,-278.7
2026-07-21 12:30:00+00:00,99910.92999999592,80.06
2026-07-21 12:45:00+00:00,100029.35999999591,118.43
2026-07-21 13:00:00+00:00,99820.95999999592,-208.4
2026-07-21 13:15:00+00:00,99929.75999999592,108.8
2026-07-21 13:45:00+00:00,99641.12999999592,-288.63
2026-07-21 14:00:00+00:00,99817.96999999591,176.84
2026-07-21 14:15:00+00:00,99941.2299999959,123.26
2026-07-21 14:45:00+00:00,100340.83999999591,399.61
2026-07-21 15:00:00+00:00,100168.0999999959,-172.73999999999998
2026-07-21 15:15:00+00:00,100229.1399999959,61.04
2026-07-21 15:30:00+00:00,100030.8899999959,-198.25
2026-07-21 15:45:00+00:00,100125.28999999589,94.4
2026-07-21 16:00:00+00:00,100205.34999999589,80.06
2026-07-21 16:15:00+00:00,99887.09999999589,-318.25
2026-07-21 16:30:00+00:00,100073.76999999589,186.67
2026-07-21 16:45:00+00:00,100290.09999999589,216.33
2026-07-21 17:00:00+00:00,100374.92999999589,84.82999999999994
2026-07-21 17:30:00+00:00,100566.5299999959,191.6
2026-07-21 17:45:00+00:00,100243.36999999589,-323.16
2026-07-21 18:00:00+00:00,100179.6699999959,-63.7
2026-07-21 18:15:00+00:00,100445.9999999959,266.33
2026-07-21 18:30:00+00:00,100212.3299999959,-233.67
2026-07-21 18:45:00+00:00,100080.75999999589,-131.57
2026-07-21 19:00:00+00:00,99913.1399999959,-167.61999999999998
2026-07-21 19:15:00+00:00,99488.42999999589,-424.71
2026-07-21 19:30:00+00:00,99582.82999999588,94.4
2026-07-21 20:00:00+00:00,99206.08999999588,-376.74
2026-07-21 20:15:00+00:00,99028.22999999588,-177.86
2026-07-21 20:30:00+00:00,99098.75999999588,70.53
2026-07-21 20:45:00+00:00,99265.78999999588,167.03
2026-07-21 21:00:00+00:00,99532.11999999588,266.33
2026-07-21 21:15:00+00:00,99669.90999999587,137.79
2026-07-21 21:30:00+00:00,99764.30999999586,94.4
2026-07-21 21:45:00+00:00,99387.56999999586,-376.74
2026-07-21 22:00:00+00:00,99530.21999999585,142.65
2026-07-21 22:15:00+00:00,99605.50999999585,75.29
2026-07-21 22:30:00+00:00,99666.54999999584,61.04
2026-07-21 22:45:00+00:00,99746.60999999584,80.06
2026-07-21 23:00:00+00:00,99604.70999999584,-141.9
2026-07-21 23:15:00+00:00,99675.23999999584,70.53
2026-07-21 23:45:00+00:00,99421.48999999584,-253.75
2026-07-22 00:00:00+00:00,99473.05999999585,51.57
2026-07-22 00:15:00+00:00,99562.66999999585,89.61
2026-07-22 00:30:00+00:00,99951.85999999585,389.19
2026-07-22 00:45:00+00:00,99708.13999999585,-243.72
2026-07-22 01:00:00+00:00,99894.80999999585,186.67
2026-07-22 01:15:00+00:00,99691.47999999585,-203.33
2026-07-22 01:30:00+00:00,99912.77999999585,221.3
2026-07-22 01:45:00+00:00,99654.02999999585,-258.75
2026-07-22 02:00:00+00:00,99579.80999999585,-74.22
2026-07-22 02:15:00+00:00,99391.73999999584,-188.07
2026-07-22 02:30:00+00:00,99724.11999999585,332.38
2026-07-22 02:45:00+00:00,99639.40999999584,-84.71
2026-07-22 03:00:00+00:00,99502.66999999584,-136.74
2026-07-22 03:15:00+00:00,99355.60999999584,-147.06
2026-07-22 03:45:00+00:00,99255.21999999584,-100.39
2026-07-22 04:00:00+00:00,98835.27999999584,-419.94
2026-07-22 04:15:00+00:00,99002.30999999584,167.03
2026-07-22 04:30:00+00:00,99125.56999999583,123.26
2026-07-22 04:45:00+00:00,99504.36999999583,378.8
2026-07-22 05:00:00+00:00,99393.55999999584,-110.81
2026-07-22 05:30:00+00:00,99502.35999999584,108.8
2026-07-22 05:45:00+00:00,99381.15999999584,-121.2
2026-07-22 06:00:00+00:00,99023.80999999584,-357.35
2026-07-22 06:15:00+00:00,99137.41999999584,113.61
2026-07-22 06:30:00+00:00,99203.19999999584,65.78
2026-07-22 06:45:00+00:00,98924.49999999584,-278.7
2026-07-22 07:00:00+00:00,99116.09999999584,191.6
2026-07-22 07:15:00+00:00,99107.00999999585,-9.09
2026-07-22 08:00:00+00:00,99293.67999999585,186.67
2026-07-22 08:30:00+00:00,99539.92999999585,246.25
2026-07-22 08:45:00+00:00,99449.98999999584,-89.94
2026-07-22 09:15:00+00:00,99401.05999999585,-48.929999999999986
2026-07-22 09:30:00+00:00,99500.24999999585,99.19
2026-07-22 09:45:00+00:00,99570.77999999585,70.53
2026-07-22 10:00:00+00:00,99297.05999999585,-273.72
2026-07-22 10:15:00+00:00,99078.52999999585,-218.53
2026-07-22 10:30:00+00:00,99192.13999999585,113.61
2026-07-22 10:45:00+00:00,99354.27999999585,162.14
2026-07-22 11:00:00+00:00,99550.80999999585,196.53
2026-07-22 11:15:00+00:00,99787.05999999585,236.25
2026-07-22 12:00:00+00:00,99900.66999999585,113.61
2026-07-22 12:30:00+00:00,100082.41999999585,181.75
2026-07-22 12:45:00+00:00,99823.66999999585,-258.75
2026-07-22 13:00:00+00:00,99733.72999999585,-89.94
2026-07-22 13:15:00+00:00,100000.05999999585,266.33
2026-07-22 13:30:00+00:00,99858.15999999586,-141.9
2026-07-22 13:45:00+00:00,99962.14999999586,103.99
2026-07-22 14:00:00+00:00,99923.80999999586,-38.339999999999975
2026-07-22 14:15:00+00:00,100256.18999999587,332.38
2026-07-22 14:30:00+00:00,100145.37999999587,-110.81
2026-07-22 14:45:00+00:00,100258.98999999587,113.61
2026-07-22 15:00:00+00:00,100545.51999999587,286.53
2026-07-22 15:15:00+00:00,100625.57999999587,80.06
2026-07-22 15:30:00+00:00,100876.83999999586,251.26
2026-07-22 15:45:00+00:00,101063.50999999586,186.67
2026-07-22 16:00:00+00:00,100973.56999999586,-89.94000000000001
2026-07-22 16:15:00+00:00,100694.86999999586,-278.7
2026-07-22 16:30:00+00:00,100610.15999999586,-84.71
2026-07-22 16:45:00+00:00,100680.68999999586,70.53
2026-07-22 17:00:00+00:00,100569.87999999586,-110.81
2026-07-22 17:15:00+00:00,100907.38999999585,337.51
2026-07-22 17:45:00+00:00,100992.21999999585,84.83
2026-07-22 18:00:00+00:00,101324.59999999586,332.38
2026-07-22 18:15:00+00:00,101182.69999999586,-141.9
2026-07-22 18:45:00+00:00,101262.75999999586,80.06
2026-07-22 19:15:00+00:00,101126.01999999586,-136.74
2026-07-22 19:45:00+00:00,101332.43999999586,206.41999999999993
2026-07-22 20:00:00+00:00,101475.08999999585,142.65
2026-07-22 20:15:00+00:00,101540.86999999585,65.78
2026-07-22 20:30:00+00:00,101528.04999999584,-12.820000000000011
2026-07-22 20:45:00+00:00,101779.30999999584,251.26
2026-07-22 21:00:00+00:00,101849.83999999583,70.53
2026-07-22 21:15:00+00:00,101987.62999999583,137.79
2026-07-22 21:30:00+00:00,102213.90999999583,226.28
2026-07-22 21:45:00+00:00,102390.74999999582,176.84
2026-07-22 22:00:00+00:00,102617.02999999582,226.28
2026-07-22 22:15:00+00:00,102818.49999999582,201.46999999999994
2026-07-22 22:30:00+00:00,102579.79999999583,-238.69999999999996
2026-07-22 23:00:00+00:00,102311.05999999582,-268.74
2026-07-22 23:15:00+00:00,102542.31999999582,231.26
2026-07-22 23:30:00+00:00,102519.36999999582,-22.950000000000017
2026-07-22 23:45:00+00:00,102810.96999999582,291.6
2026-07-23 00:00:00+00:00,102929.39999999582,118.43
2026-07-23 00:15:00+00:00,102685.67999999582,-243.72
2026-07-23 00:45:00+00:00,102813.77999999582,128.1
2026-07-23 01:00:00+00:00,102677.03999999582,-136.74
2026-07-23 01:15:00+00:00,102363.70999999582,-313.33
2026-07-23 01:30:00+00:00,102190.96999999581,-172.74
2026-07-23 01:45:00+00:00,102049.06999999582,-141.9
2026-07-23 02:15:00+00:00,101912.32999999581,-136.74
2026-07-23 02:30:00+00:00,101653.57999999581,-258.75
2026-07-23 02:45:00+00:00,101623.71999999581,-29.860000000000024
2026-07-23 03:15:00+00:00,101694.24999999581,70.53
2026-07-23 03:30:00+00:00,102062.6799999958,368.43
2026-07-23 03:45:00+00:00,102190.77999999581,128.1
2026-07-23 04:00:00+00:00,101957.10999999581,-233.67
2026-07-23 04:15:00+00:00,101570.71999999581,-386.39
2026-07-23 04:30:00+00:00,101382.6499999958,-188.07
2026-07-23 04:45:00+00:00,101271.8399999958,-110.81
2026-07-23 05:00:00+00:00,100871.02999999581,-400.81
2026-07-23 05:15:00+00:00,100765.4299999958,-105.59999999999997
2026-07-23 05:45:00+00:00,100835.9599999958,70.53
2026-07-23 06:15:00+00:00,100694.0599999958,-141.9
2026-07-23 06:30:00+00:00,100910.38999999581,216.33
2026-07-23 06:45:00+00:00,100626.71999999581,-283.67
2026-07-23 07:00:00+00:00,100711.54999999581,84.82999999999994
2026-07-23 07:30:00+00:00,100893.29999999581,181.75
2026-07-23 08:00:00+00:00,100982.90999999581,89.61
2026-07-23 08:45:00+00:00,101062.96999999581,80.05999999999995
2026-07-23 09:00:00+00:00,100784.26999999581,-278.7
2026-07-23 09:15:00+00:00,101005.56999999582,221.3
2026-07-23 09:30:00+00:00,101123.99999999581,118.43
2026-07-23 09:45:00+00:00,101345.29999999581,221.3
2026-07-23 10:00:00+00:00,101167.43999999581,-177.86
2026-07-23 10:15:00+00:00,101247.49999999581,80.06
2026-07-23 10:30:00+00:00,100978.7599999958,-268.74
2026-07-23 10:45:00+00:00,101195.0899999958,216.33
2026-07-23 11:00:00+00:00,101436.3399999958,241.25
2026-07-23 11:15:00+00:00,101588.71999999581,152.38000000000005
2026-07-23 11:45:00+00:00,101780.31999999582,191.6
2026-07-23 12:00:00+00:00,101669.50999999582,-110.81
2026-07-23 12:30:00+00:00,101749.56999999582,80.06
2026-07-23 13:00:00+00:00,101743.14999999582,-6.420000000000005
2026-07-23 13:15:00+00:00,101424.89999999582,-318.25
2026-07-23 13:30:00+00:00,101788.15999999581,363.26
2026-07-23 13:45:00+00:00,101969.90999999581,181.75
2026-07-23 14:00:00+00:00,102054.73999999581,84.82999999999994
2026-07-23 14:15:00+00:00,102236.48999999581,181.75
2026-07-23 14:30:00+00:00,102321.31999999582,84.83
2026-07-23 15:00:00+00:00,102179.41999999582,-141.9
2026-07-23 15:30:00+00:00,102264.24999999582,84.83
2026-07-23 15:45:00+00:00,102382.67999999582,118.43
2026-07-23 16:30:00+00:00,102313.71999999581,-68.96
2026-07-23 16:45:00+00:00,102384.24999999581,70.53
2026-07-23 17:15:00+00:00,102145.54999999581,-238.7
2026-07-23 17:45:00+00:00,102008.8099999958,-136.74
2026-07-23 18:00:00+00:00,101945.10999999581,-63.7
2026-07-23 18:45:00+00:00,102082.8999999958,137.79
2026-07-23 19:00:00+00:00,102153.4299999958,70.53
2026-07-23 19:15:00+00:00,101771.8599999958,-381.57
2026-07-23 19:30:00+00:00,101599.11999999579,-172.73999999999998
2026-07-23 19:45:00+00:00,101335.36999999579,-263.75
2026-07-23 20:00:00+00:00,101693.4699999958,358.1
2026-07-23 20:15:00+00:00,101783.0799999958,89.61
2026-07-23 20:30:00+00:00,101529.3299999958,-253.75
2026-07-23 20:45:00+00:00,101750.6299999958,221.3
2026-07-23 21:00:00+00:00,101723.9599999958,-26.670000000000023
2026-07-23 21:15:00+00:00,101347.2199999958,-376.74
2026-07-23 21:30:00+00:00,101019.14999999579,-328.07
2026-07-23 21:45:00+00:00,101210.7499999958,191.6
2026-07-23 22:00:00+00:00,101319.5499999958,108.8
2026-07-23 22:15:00+00:00,101540.8499999958,221.3
2026-07-23 23:00:00+00:00,101510.4599999958,-30.39
2026-07-23 23:15:00+00:00,101726.7899999958,216.33
2026-07-23 23:30:00+00:00,101983.0699999958,256.28
2026-07-23 23:45:00+00:00,101699.3999999958,-283.67
2026-07-24 00:15:00+00:00,101851.77999999581,152.38000000000005
2026-07-24 00:30:00+00:00,101648.4499999958,-203.33
2026-07-24 00:45:00+00:00,101776.54999999581,128.1
2026-07-24 01:45:00+00:00,102119.1999999958,342.65
2026-07-24 02:00:00+00:00,102400.66999999581,281.47
2026-07-24 02:15:00+00:00,102528.76999999581,128.1
2026-07-24 02:30:00+00:00,102574.66999999581,45.9
2026-07-24 02:45:00+00:00,102693.0999999958,118.43
2026-07-24 03:00:00+00:00,103097.9299999958,404.83
2026-07-24 03:15:00+00:00,103211.5399999958,113.61
2026-07-24 03:30:00+00:00,103325.1499999958,113.61
2026-07-24 03:45:00+00:00,103688.4099999958,363.26
2026-07-24 04:00:00+00:00,103531.05999999579,-157.35000000000002
2026-07-24 04:15:00+00:00,103717.72999999579,186.67
2026-07-24 04:30:00+00:00,103439.0299999958,-278.7
2026-07-24 05:00:00+00:00,103261.1699999958,-177.86
2026-07-24 05:15:00+00:00,102997.4199999958,-263.75
2026-07-24 05:30:00+00:00,103223.69999999579,226.28
2026-07-24 05:45:00+00:00,103294.22999999579,70.53
2026-07-24 06:00:00+00:00,103475.97999999579,181.75
2026-07-24 06:15:00+00:00,103182.39999999579,-293.58000000000004
2026-07-24 06:30:00+00:00,102928.64999999579,-253.75
2026-07-24 06:45:00+00:00,102679.90999999578,-248.74
2026-07-24 07:00:00+00:00,103007.16999999578,327.26
2026-07-24 07:30:00+00:00,103193.83999999578,186.67
2026-07-24 07:45:00+00:00,103083.02999999578,-110.81
2026-07-24 08:00:00+00:00,102977.42999999577,-105.59999999999997
2026-07-24 08:15:00+00:00,102897.95999999577,-79.47
2026-07-24 08:30:00+00:00,102560.09999999577,-337.86
2026-07-24 08:45:00+00:00,102697.88999999576,137.79
2026-07-24 09:30:00+00:00,102555.98999999577,-141.9
2026-07-24 09:45:00+00:00,102767.35999999577,211.37
2026-07-24 10:00:00+00:00,103008.60999999577,241.25
2026-07-24 10:15:00+00:00,102739.86999999576,-268.74
2026-07-24 10:30:00+00:00,102981.11999999576,241.25
2026-07-24 10:45:00+00:00,103162.86999999576,181.75
2026-07-24 11:00:00+00:00,102874.23999999576,-288.63
2026-07-24 11:15:00+00:00,102963.84999999576,89.61
2026-07-24 11:45:00+00:00,103150.51999999575,186.67
2026-07-24 12:00:00+00:00,103508.61999999576,358.1
2026-07-24 12:15:00+00:00,103695.28999999576,186.67
2026-07-24 12:30:00+00:00,103574.08999999576,-121.2
2026-07-24 12:45:00+00:00,103463.27999999576,-110.81
2026-07-24 13:00:00+00:00,103352.46999999577,-110.81
2026-07-24 13:15:00+00:00,103220.89999999576,-131.57
2026-07-24 13:30:00+00:00,103412.49999999577,191.6
2026-07-24 13:45:00+00:00,103594.24999999577,181.75
2026-07-24 14:00:00+00:00,103275.99999999577,-318.25
2026-07-24 14:15:00+00:00,103587.92999999576,311.93
2026-07-24 14:45:00+00:00,103446.02999999576,-141.9
2026-07-24 15:15:00+00:00,103167.32999999577,-278.7
2026-07-24 15:30:00+00:00,103157.16999999576,-10.160000000000009
2026-07-24 15:45:00+00:00,103290.10999999577,132.94
2026-07-24 16:00:00+00:00,103117.36999999576,-172.74
2026-07-24 16:15:00+00:00,103444.62999999576,327.26
2026-07-24 16:30:00+00:00,103266.76999999575,-177.86
2026-07-24 16:45:00+00:00,103161.16999999575,-105.6
2026-07-24 17:00:00+00:00,103437.58999999575,276.42
2026-07-24 17:15:00+00:00,103144.00999999575,-293.58
2026-07-24 17:30:00+00:00,103380.25999999575,236.25
2026-07-24 17:45:00+00:00,103460.31999999574,80.06
2026-07-24 18:00:00+00:00,103137.15999999574,-323.16
2026-07-24 18:15:00+00:00,103464.41999999573,327.26
2026-07-24 18:30:00+00:00,103395.45999999573,-68.96
2026-07-24 18:45:00+00:00,103504.25999999573,108.8
2026-07-24 19:00:00+00:00,103666.39999999573,162.14
2026-07-24 19:15:00+00:00,103452.92999999573,-213.47
2026-07-24 19:30:00+00:00,103566.53999999573,113.61
2026-07-24 19:45:00+00:00,103817.79999999572,251.26
2026-07-24 20:00:00+00:00,104039.09999999573,221.3
2026-07-24 20:15:00+00:00,103652.70999999573,-386.39
2026-07-24 20:30:00+00:00,103883.96999999572,231.26
2026-07-24 20:45:00+00:00,103968.79999999572,84.82999999999994
2026-07-24 21:00:00+00:00,103821.73999999573,-147.06
2026-07-24 21:15:00+00:00,104048.01999999573,226.28
2026-07-24 21:30:00+00:00,103819.38999999572,-228.62999999999997
2026-07-24 21:45:00+00:00,103452.32999999572,-367.06
2026-07-24 22:00:00+00:00,103638.99999999572,186.67
2026-07-24 22:15:00+00:00,103360.29999999572,-278.7
2026-07-24 22:30:00+00:00,103551.89999999573,191.6
2026-07-24 22:45:00+00:00,103758.31999999573,206.42
2026-07-24 23:00:00+00:00,103565.15999999573,-193.16
2026-07-24 23:15:00+00:00,103712.66999999572,147.51
2026-07-24 23:30:00+00:00,103404.26999999573,-308.4
2026-07-24 23:45:00+00:00,103180.68999999572,-223.58000000000004
2026-07-25 00:00:00+00:00,103397.01999999573,216.33
2026-07-25 00:15:00+00:00,103103.43999999572,-293.58
2026-07-25 00:30:00+00:00,103309.85999999572,206.42
2026-07-25 00:45:00+00:00,103111.60999999572,-198.25
2026-07-25 01:00:00+00:00,102903.20999999573,-208.4
2026-07-25 01:15:00+00:00,102468.98999999573,-434.22
2026-07-25 01:30:00+00:00,102735.31999999573,266.33
2026-07-25 01:45:00+00:00,102801.09999999573,65.78
2026-07-25 02:15:00+00:00,102948.60999999572,147.51
2026-07-25 02:30:00+00:00,103067.03999999572,118.43
2026-07-25 02:45:00+00:00,103229.17999999571,162.14000000000004
2026-07-25 03:00:00+00:00,103328.36999999572,99.19
2026-07-25 03:15:00+00:00,103104.78999999572,-223.58000000000004
2026-07-25 03:30:00+00:00,103371.11999999572,266.33
2026-07-25 03:45:00+00:00,103183.04999999571,-188.07
2026-07-25 04:00:00+00:00,103234.61999999572,51.57
2026-07-25 04:15:00+00:00,103411.45999999571,176.84
2026-07-25 04:30:00+00:00,103525.06999999571,113.61
2026-07-25 04:45:00+00:00,103148.32999999571,-376.74
2026-07-25 05:00:00+00:00,103128.04999999571,-20.28
2026-07-25 05:15:00+00:00,103399.4199999957,271.37
2026-07-25 05:30:00+00:00,103226.6799999957,-172.74
2026-07-25 05:45:00+00:00,103447.9799999957,221.3
2026-07-25 06:00:00+00:00,103224.3999999957,-223.58
2026-07-25 06:15:00+00:00,103031.2399999957,-193.16
2026-07-25 06:30:00+00:00,103154.49999999569,123.26
2026-07-25 06:45:00+00:00,103287.4399999957,132.94
2026-07-25 07:00:00+00:00,102949.5799999957,-337.85999999999996
2026-07-25 07:15:00+00:00,103155.99999999569,206.42
2026-07-25 07:30:00+00:00,102902.24999999569,-253.75
2026-07-25 07:45:00+00:00,103153.50999999569,251.26
2026-07-25 08:00:00+00:00,102884.76999999568,-268.74
2026-07-25 08:15:00+00:00,102712.02999999568,-172.74
2026-07-25 08:30:00+00:00,102883.95999999567,171.93
2026-07-25 08:45:00+00:00,103105.25999999567,221.3
2026-07-25 09:15:00+00:00,103218.86999999567,113.61
2026-07-25 09:30:00+00:00,103313.26999999567,94.4
2026-07-25 09:45:00+00:00,103104.86999999567,-208.4
2026-07-25 10:15:00+00:00,103271.89999999567,167.03
2026-07-25 10:30:00+00:00,102958.56999999567,-313.33
2026-07-25 10:45:00+00:00,103145.23999999567,186.67
2026-07-25 11:00:00+00:00,102916.60999999566,-228.62999999999997
2026-07-25 11:15:00+00:00,102583.63999999566,-332.97
2026-07-25 11:30:00+00:00,102280.16999999566,-303.4700000000001
2026-07-25 11:45:00+00:00,101908.26999999567,-371.9
2026-07-25 12:00:00+00:00,102119.63999999566,211.37
2026-07-25 12:15:00+00:00,102350.89999999566,231.26
2026-07-25 12:30:00+00:00,102647.56999999566,296.67
2026-07-25 12:45:00+00:00,102413.89999999566,-233.66999999999996
2026-07-25 13:00:00+00:00,102205.49999999566,-208.4
2026-07-25 13:15:00+00:00,102441.74999999566,236.25
2026-07-25 13:30:00+00:00,102673.00999999566,231.26
2026-07-25 13:45:00+00:00,102904.26999999565,231.26
2026-07-25 14:00:00+00:00,102566.40999999565,-337.86
2026-07-25 14:15:00+00:00,102194.50999999566,-371.9
2026-07-25 14:30:00+00:00,102455.80999999566,261.3
2026-07-25 14:45:00+00:00,102227.17999999566,-228.62999999999997
2026-07-25 15:00:00+00:00,101948.47999999566,-278.7
2026-07-25 15:15:00+00:00,101600.85999999566,-347.61999999999995
2026-07-25 15:30:00+00:00,101777.69999999566,176.84
2026-07-25 15:45:00+00:00,101843.47999999566,65.78
2026-07-25 16:00:00+00:00,101624.94999999566,-218.53
2026-07-25 16:15:00+00:00,101753.04999999567,128.1
2026-07-25 16:30:00+00:00,101984.30999999566,231.26
2026-07-25 16:45:00+00:00,102170.97999999566,186.67
2026-07-25 17:00:00+00:00,102274.96999999566,103.99
2026-07-25 17:15:00+00:00,101981.38999999566,-293.58
2026-07-25 17:30:00+00:00,102104.64999999566,123.26
2026-07-25 17:45:00+00:00,102218.25999999566,113.61
2026-07-25 18:00:00+00:00,101875.51999999565,-342.74
2026-07-25 18:15:00+00:00,101941.29999999565,65.78
2026-07-25 18:30:00+00:00,101692.55999999565,-248.74
2026-07-25 18:45:00+00:00,102050.65999999565,358.1
2026-07-25 19:00:00+00:00,101862.58999999565,-188.07
2026-07-25 19:15:00+00:00,101633.95999999564,-228.62999999999997
2026-07-25 19:30:00+00:00,101766.89999999564,132.94
2026-07-25 19:45:00+00:00,101498.15999999564,-268.74
2026-07-25 20:00:00+00:00,101294.82999999564,-203.33
2026-07-25 20:15:00+00:00,101571.24999999563,276.42
2026-07-25 20:30:00+00:00,101822.50999999563,251.26
2026-07-25 20:45:00+00:00,101989.53999999563,167.03
2026-07-25 21:00:00+00:00,101720.79999999562,-268.74
2026-07-25 21:15:00+00:00,101917.32999999562,196.52999999999994
2026-07-25 21:30:00+00:00,102158.57999999562,241.25
2026-07-25 21:45:00+00:00,102306.08999999562,147.51
2026-07-25 22:00:00+00:00,102522.41999999562,216.33
2026-07-25 22:15:00+00:00,102636.02999999562,113.61
2026-07-25 22:30:00+00:00,102453.05999999562,-182.97
2026-07-25 22:45:00+00:00,102179.33999999562,-273.72
2026-07-25 23:00:00+00:00,101866.00999999561,-313.33
2026-07-25 23:15:00+00:00,101567.47999999562,-298.53000000000003
2026-07-25 23:30:00+00:00,101343.89999999561,-223.58
2026-07-25 23:45:00+00:00,101615.26999999561,271.37
2026-07-26 00:15:00+00:00,101917.01999999561,301.75
2026-07-26 00:30:00+00:00,102049.95999999561,132.94
2026-07-26 00:45:00+00:00,102173.2199999956,123.26
2026-07-26 01:15:00+00:00,101830.4799999956,-342.74
2026-07-26 01:30:00+00:00,102012.2299999956,181.75
2026-07-26 01:45:00+00:00,101703.8299999956,-308.4
2026-07-26 02:00:00+00:00,101945.0799999956,241.25
2026-07-26 02:15:00+00:00,101666.37999999561,-278.7
2026-07-26 02:30:00+00:00,101887.67999999561,221.3
2026-07-26 02:45:00+00:00,101638.93999999561,-248.74
2026-07-26 03:00:00+00:00,101757.3699999956,118.43
2026-07-26 03:15:00+00:00,101939.1199999956,181.75
2026-07-26 03:30:00+00:00,102101.2599999956,162.14000000000004
2026-07-26 03:45:00+00:00,102229.3599999956,128.1
2026-07-26 04:00:00+00:00,102102.9699999956,-126.39
2026-07-26 04:15:00+00:00,102369.29999999561,266.33
2026-07-26 04:30:00+00:00,102065.8299999956,-303.4700000000001
2026-07-26 04:45:00+00:00,101767.29999999561,-298.53000000000003
2026-07-26 05:00:00+00:00,101449.04999999561,-318.25
2026-07-26 05:15:00+00:00,101640.64999999561,191.6
2026-07-26 05:30:00+00:00,101847.06999999561,206.41999999999993
2026-07-26 05:45:00+00:00,102053.48999999561,206.41999999999993
2026-07-26 06:00:00+00:00,102186.42999999561,132.94
2026-07-26 06:15:00+00:00,102304.8599999956,118.43
2026-07-26 06:30:00+00:00,102036.1199999956,-268.74
2026-07-26 07:00:00+00:00,102222.7899999956,186.67
2026-07-26 07:15:00+00:00,101846.0499999956,-376.74
2026-07-26 07:45:00+00:00,101930.8799999956,84.82999999999994
2026-07-26 08:00:00+00:00,102147.2099999956,216.33
2026-07-26 08:15:00+00:00,101794.71999999559,-352.49
2026-07-26 08:30:00+00:00,101976.46999999559,181.75
2026-07-26 08:45:00+00:00,101702.74999999559,-273.72
2026-07-26 09:00:00+00:00,101919.07999999559,216.33
2026-07-26 09:15:00+00:00,102081.21999999559,162.14
2026-07-26 09:30:00+00:00,102151.74999999559,70.53
2026-07-26 09:45:00+00:00,101779.8499999956,-371.9
2026-07-26 10:00:00+00:00,101441.9899999956,-337.86
2026-07-26 10:15:00+00:00,101536.38999999559,94.4
2026-07-26 10:30:00+00:00,101218.13999999559,-318.25
2026-07-26 10:45:00+00:00,101390.06999999558,171.93
2026-07-26 11:00:00+00:00,101441.63999999559,51.57
2026-07-26 11:15:00+00:00,101123.38999999559,-318.25
2026-07-26 11:30:00+00:00,100810.05999999559,-313.33
2026-07-26 11:45:00+00:00,101001.6599999956,191.6
2026-07-26 12:00:00+00:00,101124.91999999559,123.26
2026-07-26 12:15:00+00:00,101204.97999999559,80.06
2026-07-26 12:30:00+00:00,101191.08999999559,-13.89
2026-07-26 12:45:00+00:00,101018.34999999558,-172.74
2026-07-26 13:00:00+00:00,100949.38999999558,-68.96
2026-07-26 13:15:00+00:00,100685.63999999558,-263.75
2026-07-26 13:30:00+00:00,100794.43999999558,108.8
2026-07-26 13:45:00+00:00,100879.26999999558,84.83
2026-07-26 14:00:00+00:00,101211.64999999558,332.38
2026-07-26 14:15:00+00:00,101354.29999999558,142.65
2026-07-26 14:30:00+00:00,101176.43999999558,-177.86
2026-07-26 15:00:00+00:00,101044.86999999557,-131.57
2026-07-26 15:15:00+00:00,100836.46999999558,-208.4
2026-07-26 15:30:00+00:00,100902.24999999558,65.78
2026-07-26 15:45:00+00:00,100953.81999999558,51.57
2026-07-26 16:00:00+00:00,100947.39999999558,-6.42
2026-07-26 16:15:00+00:00,101238.99999999559,291.6
2026-07-26 16:30:00+00:00,101309.52999999559,70.53
2026-07-26 16:45:00+00:00,101389.58999999559,80.06
2026-07-26 17:15:00+00:00,101778.77999999559,389.19
2026-07-26 17:30:00+00:00,102116.28999999558,337.51
2026-07-26 17:45:00+00:00,101749.22999999559,-367.06
2026-07-26 18:00:00+00:00,101586.73999999558,-162.49000000000004
2026-07-26 18:15:00+00:00,101303.06999999558,-283.67
2026-07-26 18:30:00+00:00,101499.59999999558,196.52999999999994
2026-07-26 18:45:00+00:00,101661.73999999558,162.14
2026-07-26 19:00:00+00:00,101433.10999999558,-228.62999999999997
2026-07-26 19:15:00+00:00,101590.36999999557,157.26000000000005
2026-07-26 19:30:00+00:00,101699.16999999557,108.8
2026-07-26 19:45:00+00:00,101935.41999999557,236.25
2026-07-26 20:00:00+00:00,102044.21999999558,108.8
2026-07-26 20:15:00+00:00,101770.49999999558,-273.72
2026-07-26 20:30:00+00:00,101874.48999999558,103.99
2026-07-26 20:45:00+00:00,102021.99999999558,147.51
2026-07-26 21:00:00+00:00,102116.39999999557,94.4
2026-07-26 21:15:00+00:00,102278.53999999557,162.14
2026-07-26 21:30:00+00:00,102353.82999999556,75.29
2026-07-26 21:45:00+00:00,102006.20999999557,-347.61999999999995
2026-07-26 22:00:00+00:00,102110.19999999557,103.99
2026-07-26 22:15:00+00:00,102171.23999999557,61.04
2026-07-26 22:30:00+00:00,101947.65999999557,-223.58000000000004
2026-07-26 22:45:00+00:00,102037.26999999557,89.61
2026-07-26 23:00:00+00:00,101926.45999999557,-110.81
2026-07-26 23:15:00+00:00,102006.51999999557,80.06
2026-07-26 23:30:00+00:00,102203.04999999556,196.52999999999994
2026-07-26 23:45:00+00:00,101964.34999999557,-238.69999999999996
2026-07-27 00:00:00+00:00,102296.72999999557,332.38
2026-07-27 00:15:00+00:00,102449.10999999558,152.38000000000005
2026-07-27 00:30:00+00:00,102650.57999999558,201.46999999999994
2026-07-27 01:00:00+00:00,102871.87999999558,221.3
2026-07-27 01:15:00+00:00,102461.48999999558,-410.39
2026-07-27 01:30:00+00:00,102742.95999999558,281.47
2026-07-27 01:45:00+00:00,102730.13999999558,-12.820000000000011
2026-07-27 02:00:00+00:00,102703.99999999558,-26.140000000000022
2026-07-27 02:15:00+00:00,102890.66999999557,186.67
2026-07-27 02:30:00+00:00,102785.06999999557,-105.6
2026-07-27 02:45:00+00:00,102898.67999999557,113.61
2026-07-27 03:00:00+00:00,102772.28999999557,-126.39
2026-07-27 03:15:00+00:00,102876.27999999558,103.99
2026-07-27 03:45:00+00:00,103265.46999999558,389.19
2026-07-27 04:00:00+00:00,103345.52999999558,80.06
2026-07-27 04:15:00+00:00,103091.77999999558,-253.75
2026-07-27 04:30:00+00:00,102980.96999999558,-110.80999999999999
2026-07-27 04:45:00+00:00,103344.22999999557,363.26
2026-07-27 05:00:00+00:00,103457.83999999557,113.61
2026-07-27 05:15:00+00:00,103542.66999999557,84.83
2026-07-27 05:30:00+00:00,103622.72999999557,80.06
2026-07-27 05:45:00+00:00,103844.02999999558,221.3
2026-07-27 06:00:00+00:00,103467.28999999557,-376.74
2026-07-27 06:15:00+00:00,103576.08999999557,108.8
2026-07-27 06:30:00+00:00,103852.50999999557,276.42
2026-07-27 06:45:00+00:00,103736.49999999558,-116.00999999999999
2026-07-27 07:00:00+00:00,103807.02999999558,70.53
2026-07-27 07:15:00+00:00,104033.30999999557,226.28
2026-07-27 07:30:00+00:00,104254.60999999558,221.3
2026-07-27 07:45:00+00:00,104329.89999999557,75.29
2026-07-27 08:00:00+00:00,104011.64999999557,-318.25
2026-07-27 08:15:00+00:00,103737.92999999557,-273.72
2026-07-27 08:30:00+00:00,103856.35999999556,118.43
2026-07-27 09:00:00+00:00,104178.49999999556,322.14
2026-07-27 09:15:00+00:00,104067.68999999556,-110.81
2026-07-27 09:30:00+00:00,103784.01999999557,-283.67
2026-07-27 09:45:00+00:00,103902.44999999556,118.43
2026-07-27 10:00:00+00:00,103838.74999999556,-63.7
2026-07-27 10:15:00+00:00,103923.57999999556,84.82999999999994
2026-07-27 10:45:00+00:00,103699.99999999556,-223.58000000000004
2026-07-27 11:00:00+00:00,103775.28999999556,75.29
2026-07-27 11:15:00+00:00,103864.89999999556,89.61
2026-07-27 11:30:00+00:00,103671.73999999555,-193.16
2026-07-27 11:45:00+00:00,103902.99999999555,231.26
2026-07-27 12:00:00+00:00,104099.52999999555,196.52999999999994
2026-07-27 12:15:00+00:00,103791.12999999555,-308.4
2026-07-27 12:30:00+00:00,103613.26999999555,-177.86
2026-07-27 12:45:00+00:00,103894.73999999555,281.47
2026-07-27 13:00:00+00:00,104221.99999999555,327.26
2026-07-27 13:15:00+00:00,104423.46999999555,201.46999999999994
2026-07-27 13:30:00+00:00,104644.76999999555,221.3
2026-07-27 13:45:00+00:00,104821.60999999555,176.84
2026-07-27 14:00:00+00:00,105047.88999999555,226.28
2026-07-27 14:15:00+00:00,104942.28999999554,-105.59999999999997
2026-07-27 14:45:00+00:00,104774.66999999555,-167.62
2026-07-27 15:15:00+00:00,105169.06999999554,394.4
2026-07-27 15:30:00+00:00,105037.49999999553,-131.57
2026-07-27 15:45:00+00:00,104763.77999999553,-273.72
2026-07-27 16:00:00+00:00,104555.37999999554,-208.4
2026-07-27 16:15:00+00:00,104644.98999999554,89.61
2026-07-27 16:30:00+00:00,104331.65999999554,-313.33
2026-07-27 17:00:00+00:00,104231.26999999554,-100.39
2026-07-27 17:15:00+00:00,104306.55999999553,75.29
2026-07-27 17:30:00+00:00,104444.34999999552,137.79
2026-07-27 17:45:00+00:00,104538.74999999552,94.4
2026-07-27 18:00:00+00:00,104109.27999999552,-429.47
2026-07-27 18:15:00+00:00,103795.94999999552,-313.33
2026-07-27 18:45:00+00:00,103871.23999999551,75.29
2026-07-27 19:00:00+00:00,104337.1399999955,465.9
2026-07-27 19:15:00+00:00,104436.3299999955,99.19
2026-07-27 19:30:00+00:00,104830.7299999955,394.4
2026-07-27 19:45:00+00:00,104730.3399999955,-100.38999999999997
2026-07-27 20:00:00+00:00,104572.9899999955,-157.35
2026-07-27 20:15:00+00:00,104153.04999999549,-419.94
2026-07-27 20:30:00+00:00,104404.30999999549,251.26
2026-07-27 20:45:00+00:00,104600.83999999549,196.52999999999994
2026-07-27 21:00:00+00:00,104233.77999999549,-367.06
2026-07-27 21:15:00+00:00,104415.52999999549,181.75
2026-07-27 21:30:00+00:00,104543.6299999955,128.1
2026-07-27 21:45:00+00:00,104205.7699999955,-337.86
2026-07-27 22:00:00+00:00,104397.3699999955,191.6
2026-07-27 22:15:00+00:00,104540.0199999955,142.65
2026-07-27 22:30:00+00:00,104158.44999999549,-381.57
2026-07-27 22:45:00+00:00,103955.11999999548,-203.33
2026-07-27 23:00:00+00:00,103761.95999999548,-193.16
2026-07-27 23:15:00+00:00,103692.99999999547,-68.96
2026-07-27 23:30:00+00:00,104015.13999999547,322.14
2026-07-27 23:45:00+00:00,103873.23999999548,-141.9
2026-07-28 00:00:00+00:00,103832.24999999547,-40.98999999999998
2026-07-28 00:30:00+00:00,103815.15999999548,-17.090000000000014
2026-07-28 00:45:00+00:00,104036.45999999548,221.3
2026-07-28 01:00:00+00:00,104116.51999999548,80.06
2026-07-28 01:15:00+00:00,104206.12999999548,89.61
2026-07-28 01:30:00+00:00,104472.45999999548,266.33
2026-07-28 02:00:00+00:00,104198.73999999548,-273.72
2026-07-28 02:15:00+00:00,104140.30999999549,-58.42999999999999
2026-07-28 02:30:00+00:00,104003.56999999548,-136.74
2026-07-28 02:45:00+00:00,104059.86999999548,56.3
2026-07-28 03:15:00+00:00,103791.12999999548,-268.74
2026-07-28 03:30:00+00:00,103904.73999999548,113.61
2026-07-28 03:45:00+00:00,103561.99999999547,-342.73999999999995
2026-07-28 04:00:00+00:00,103680.42999999547,118.43
2026-07-28 04:15:00+00:00,104085.25999999547,404.83
2026-07-28 04:30:00+00:00,103776.85999999547,-308.4
2026-07-28 04:45:00+00:00,103852.14999999547,75.29
2026-07-28 05:00:00+00:00,103980.24999999547,128.1
2026-07-28 05:15:00+00:00,104074.64999999547,94.4
2026-07-28 05:30:00+00:00,104202.74999999547,128.1
2026-07-28 05:45:00+00:00,103954.00999999547,-248.74
2026-07-28 06:00:00+00:00,104250.67999999547,296.67
2026-07-28 06:30:00+00:00,104417.70999999547,167.03
2026-07-28 07:00:00+00:00,104550.64999999547,132.94
2026-07-28 07:15:00+00:00,104776.92999999547,226.28
2026-07-28 07:30:00+00:00,105013.17999999547,236.25
2026-07-28 07:45:00+00:00,105299.70999999547,286.53
2026-07-28 08:00:00+00:00,105272.50999999547,-27.20000000000002
2026-07-28 08:15:00+00:00,105579.34999999547,306.84
2026-07-28 08:30:00+00:00,105499.87999999546,-79.47000000000001
2026-07-28 08:45:00+00:00,105930.91999999546,431.04
2026-07-28 09:00:00+00:00,106152.21999999546,221.3
2026-07-28 09:30:00+00:00,105928.63999999546,-223.58000000000004
2026-07-28 09:45:00+00:00,106023.03999999545,94.4
2026-07-28 10:00:00+00:00,105779.31999999545,-243.72
2026-07-28 10:15:00+00:00,105485.73999999545,-293.58
2026-07-28 10:30:00+00:00,105427.30999999546,-58.42999999999999
2026-07-28 10:45:00+00:00,105521.70999999545,94.4
2026-07-28 11:00:00+00:00,105808.23999999545,286.53
2026-07-28 11:30:00+00:00,105941.17999999545,132.94
2026-07-28 11:45:00+00:00,105598.43999999545,-342.74
2026-07-28 12:15:00+00:00,105420.57999999545,-177.86
2026-07-28 12:30:00+00:00,105783.83999999544,363.26
2026-07-28 12:45:00+00:00,106025.08999999544,241.25
2026-07-28 13:00:00+00:00,106105.14999999544,80.06
2026-07-28 13:15:00+00:00,105786.89999999544,-318.25
2026-07-28 13:30:00+00:00,106008.19999999544,221.3
2026-07-28 13:45:00+00:00,105734.47999999544,-273.72
2026-07-28 14:00:00+00:00,106031.14999999544,296.67
2026-07-28 14:15:00+00:00,106021.52999999544,-9.620000000000006
2026-07-28 14:30:00+00:00,105848.78999999544,-172.74
2026-07-28 14:45:00+00:00,105909.82999999543,61.04
2026-07-28 15:00:00+00:00,105840.86999999543,-68.96
2026-07-28 15:15:00+00:00,106198.96999999543,358.1
2026-07-28 15:45:00+00:00,106082.95999999544,-116.00999999999999
2026-07-28 16:00:00+00:00,105859.37999999544,-223.58000000000004
2026-07-28 16:15:00+00:00,106080.67999999544,221.3
2026-07-28 16:30:00+00:00,106165.50999999544,84.83
2026-07-28 16:45:00+00:00,106523.60999999545,358.1
2026-07-28 17:15:00+00:00,106412.79999999545,-110.81
2026-07-28 17:30:00+00:00,106149.04999999545,-263.75
2026-07-28 17:45:00+00:00,106038.23999999545,-110.81
2026-07-28 18:15:00+00:00,106137.42999999545,99.19
2026-07-28 18:30:00+00:00,106363.70999999545,226.28
2026-07-28 18:45:00+00:00,106486.96999999545,123.26
2026-07-28 19:00:00+00:00,106763.38999999544,276.42
2026-07-28 19:15:00+00:00,106575.31999999544,-188.07
2026-07-28 19:30:00+00:00,106397.45999999544,-177.86
2026-07-28 19:45:00+00:00,105982.28999999544,-415.17
2026-07-28 20:00:00+00:00,106091.08999999544,108.8
2026-07-28 20:15:00+00:00,106233.73999999544,142.65
2026-07-28 20:30:00+00:00,106495.03999999544,261.3
2026-07-28 20:45:00+00:00,106491.28999999544,-3.750000000000003
2026-07-28 21:00:00+00:00,106808.31999999544,317.03
2026-07-28 21:15:00+00:00,106912.30999999544,103.99
2026-07-28 21:30:00+00:00,107098.97999999544,186.67
2026-07-28 21:45:00+00:00,106815.30999999544,-283.67
2026-07-28 22:00:00+00:00,107046.56999999544,231.26
2026-07-28 22:15:00+00:00,107160.17999999544,113.61
2026-07-28 22:30:00+00:00,106891.43999999543,-268.74
2026-07-28 22:45:00+00:00,106827.73999999544,-63.7
2026-07-28 23:00:00+00:00,106931.72999999544,103.99
2026-07-28 23:15:00+00:00,107002.25999999544,70.53
2026-07-28 23:30:00+00:00,107184.00999999544,181.75
2026-07-28 23:45:00+00:00,107264.06999999544,80.06
2026-07-29 00:00:00+00:00,107382.49999999543,118.43
2026-07-29 00:15:00+00:00,107496.10999999543,113.61
2026-07-29 00:30:00+00:00,107354.20999999544,-141.9
2026-07-29 00:45:00+00:00,107100.45999999544,-253.75
2026-07-29 01:00:00+00:00,107500.06999999544,399.61
2026-07-29 01:15:00+00:00,107776.48999999544,276.42
2026-07-29 01:30:00+00:00,107497.78999999544,-278.7
2026-07-29 01:45:00+00:00,107355.88999999544,-141.9
2026-07-29 02:00:00+00:00,107092.13999999544,-263.75
2026-07-29 02:15:00+00:00,107064.40999999545,-27.73000000000002
2026-07-29 02:30:00+00:00,106644.46999999545,-419.94
2026-07-29 02:45:00+00:00,106870.74999999545,226.28
2026-07-29 03:00:00+00:00,106818.64999999544,-52.1
2026-07-29 03:15:00+00:00,106927.44999999544,108.8
2026-07-29 03:30:00+00:00,107114.11999999544,186.67
2026-07-29 03:45:00+00:00,106936.25999999544,-177.86
2026-07-29 04:00:00+00:00,107093.51999999543,157.26000000000005
2026-07-29 04:15:00+00:00,106780.18999999543,-313.33
2026-07-29 04:30:00+00:00,106374.58999999543,-405.6
2026-07-29 05:00:00+00:00,106493.01999999542,118.43
2026-07-29 05:15:00+00:00,106209.34999999542,-283.67
2026-07-29 05:30:00+00:00,106289.40999999542,80.06
2026-07-29 05:45:00+00:00,106427.19999999541,137.79
2026-07-29 06:00:00+00:00,106540.80999999541,113.61
2026-07-29 06:15:00+00:00,106262.10999999542,-278.7
2026-07-29 06:30:00+00:00,105953.70999999542,-308.4
2026-07-29 06:45:00+00:00,106110.96999999542,157.26
2026-07-29 07:00:00+00:00,106026.25999999541,-84.71
2026-07-29 07:15:00+00:00,105712.92999999541,-313.33
2026-07-29 07:30:00+00:00,105365.30999999541,-347.61999999999995
2026-07-29 08:00:00+00:00,105061.83999999541,-303.4700000000001
2026-07-29 08:15:00+00:00,105204.4899999954,142.65
2026-07-29 08:30:00+00:00,104991.0199999954,-213.47
2026-07-29 08:45:00+00:00,105114.2799999954,123.26
2026-07-29 09:00:00+00:00,105184.8099999954,70.53
2026-07-29 09:30:00+00:00,105346.9499999954,162.14
2026-07-29 09:45:00+00:00,105436.5599999954,89.61
2026-07-29 10:00:00+00:00,105841.3899999954,404.83
2026-07-29 10:15:00+00:00,105911.9199999954,70.53
2026-07-29 10:30:00+00:00,106188.3399999954,276.42
2026-07-29 10:45:00+00:00,105875.0099999954,-313.33
2026-07-29 11:00:00+00:00,105764.1999999954,-110.81
2026-07-29 11:15:00+00:00,105601.7099999954,-162.49000000000004
2026-07-29 11:30:00+00:00,105808.12999999539,206.41999999999993
2026-07-29 12:15:00+00:00,105916.9299999954,108.8
2026-07-29 12:30:00+00:00,106025.7299999954,108.8
2026-07-29 12:45:00+00:00,105702.5699999954,-323.16
2026-07-29 13:00:00+00:00,105602.1799999954,-100.39
2026-07-29 13:45:00+00:00,105769.2099999954,167.03
2026-07-29 14:00:00+00:00,106184.49999999539,415.29
2026-07-29 14:45:00+00:00,105930.74999999539,-253.75
2026-07-29 15:00:00+00:00,106162.00999999538,231.26
2026-07-29 15:15:00+00:00,106393.26999999538,231.26
2026-07-29 15:30:00+00:00,106363.40999999538,-29.86
2026-07-29 15:45:00+00:00,106289.18999999537,-74.22
2026-07-29 16:00:00+00:00,106225.48999999538,-63.7
2026-07-29 16:15:00+00:00,106436.85999999537,211.37
2026-07-29 16:30:00+00:00,106628.45999999538,191.6
2026-07-29 16:45:00+00:00,106364.70999999538,-263.75
2026-07-29 17:00:00+00:00,106526.84999999538,162.14
2026-07-29 17:15:00+00:00,106854.10999999537,327.26
2026-07-29 17:30:00+00:00,106712.20999999538,-141.9
2026-07-29 18:00:00+00:00,106463.46999999537,-248.74
2026-07-29 18:15:00+00:00,106533.99999999537,70.53
2026-07-29 18:30:00+00:00,106423.18999999537,-110.81
2026-07-29 18:45:00+00:00,106812.37999999538,389.19
2026-07-29 19:00:00+00:00,107043.63999999537,231.26
2026-07-29 19:45:00+00:00,107355.56999999536,311.93
2026-07-29 20:00:00+00:00,107421.34999999536,65.78
2026-07-29 20:15:00+00:00,107667.59999999536,246.25
2026-07-29 20:30:00+00:00,107598.63999999536,-68.96
2026-07-29 20:45:00+00:00,107824.91999999536,226.28
2026-07-29 21:00:00+00:00,107933.71999999536,108.8
2026-07-29 21:15:00+00:00,107985.28999999537,51.57
2026-07-29 21:30:00+00:00,107864.08999999537,-121.19999999999999
2026-07-29 21:45:00+00:00,107929.86999999537,65.78
2026-07-29 22:00:00+00:00,107666.11999999537,-263.75
2026-07-29 22:30:00+00:00,108003.62999999536,337.51
2026-07-29 22:45:00+00:00,107872.05999999536,-131.57
2026-07-29 23:00:00+00:00,107766.45999999535,-105.6
2026-07-29 23:30:00+00:00,107832.23999999535,65.78
2026-07-29 23:45:00+00:00,107950.66999999534,118.43
2026-07-30 00:00:00+00:00,108288.17999999534,337.51
2026-07-30 00:15:00+00:00,108430.82999999533,142.65
2026-07-30 00:45:00+00:00,108549.25999999532,118.43
2026-07-30 01:00:00+00:00,108255.67999999532,-293.58
2026-07-30 01:15:00+00:00,108335.73999999532,80.06
2026-07-30 01:45:00+00:00,108458.99999999531,123.26
2026-07-30 02:00:00+00:00,108534.28999999531,75.29
2026-07-30 02:15:00+00:00,108387.22999999531,-147.06
2026-07-30 02:30:00+00:00,108073.89999999531,-313.33
2026-07-30 02:45:00+00:00,108265.49999999531,191.6
2026-07-30 03:00:00+00:00,108254.27999999531,-11.22
2026-07-30 03:30:00+00:00,108315.3199999953,61.04
2026-07-30 03:45:00+00:00,108376.3599999953,61.04
2026-07-30 04:00:00+00:00,108514.1499999953,137.79
2026-07-30 04:30:00+00:00,108710.6799999953,196.52999999999994
2026-07-30 04:45:00+00:00,108446.9299999953,-263.75
2026-07-30 05:00:00+00:00,108810.18999999529,363.26
2026-07-30 05:15:00+00:00,108546.43999999529,-263.75
2026-07-30 05:30:00+00:00,108827.90999999529,281.47
2026-07-30 05:45:00+00:00,108970.55999999528,142.65
2026-07-30 06:00:00+00:00,109137.58999999528,167.03
2026-07-30 06:15:00+00:00,108794.84999999528,-342.74
2026-07-30 06:30:00+00:00,109036.09999999528,241.25
2026-07-30 06:45:00+00:00,109217.84999999528,181.75
2026-07-30 07:00:00+00:00,109269.41999999528,51.57
2026-07-30 07:30:00+00:00,109407.20999999528,137.78999999999994
2026-07-30 07:45:00+00:00,109472.98999999528,65.78
2026-07-30 09:00:00+00:00,109524.55999999528,51.57
2026-07-30 09:15:00+00:00,109230.97999999528,-293.58000000000004
2026-07-30 09:30:00+00:00,109022.57999999529,-208.4
2026-07-30 10:00:00+00:00,109179.83999999528,157.26000000000005
2026-07-30 11:00:00+00:00,109303.09999999528,123.26
2026-07-30 11:15:00+00:00,109620.12999999528,317.03
2026-07-30 11:30:00+00:00,109233.73999999528,-386.39
2026-07-30 12:00:00+00:00,108990.01999999527,-243.72
2026-07-30 12:15:00+00:00,108837.80999999527,-152.21000000000004
2026-07-30 12:30:00+00:00,109094.08999999527,256.28
2026-07-30 13:15:00+00:00,109290.61999999527,196.52999999999994
2026-07-30 13:30:00+00:00,109487.14999999526,196.52999999999994
2026-07-30 13:45:00+00:00,109183.67999999526,-303.4700000000001
2026-07-30 14:00:00+00:00,109395.04999999526,211.37
2026-07-30 14:15:00+00:00,109479.87999999526,84.82999999999994
2026-07-30 14:30:00+00:00,109706.15999999526,226.28
2026-07-30 14:45:00+00:00,109704.01999999526,-2.140000000000002
2026-07-30 15:00:00+00:00,109769.79999999526,65.78
2026-07-30 15:15:00+00:00,109888.22999999525,118.43
2026-07-30 15:30:00+00:00,110241.16999999525,352.94
2026-07-30 15:45:00+00:00,110497.44999999525,256.28
2026-07-30 16:00:00+00:00,110355.54999999526,-141.9
2026-07-30 16:15:00+00:00,110498.19999999525,142.65
2026-07-30 16:30:00+00:00,110709.56999999525,211.37
2026-07-30 16:45:00+00:00,110876.59999999525,167.03
2026-07-30 17:00:00+00:00,111063.26999999525,186.67
2026-07-30 17:15:00+00:00,110676.87999999525,-386.39
2026-07-30 17:30:00+00:00,110800.13999999524,123.26
2026-07-30 18:00:00+00:00,110856.43999999524,56.3
2026-07-30 18:15:00+00:00,110470.04999999524,-386.39
2026-07-30 18:30:00+00:00,110574.03999999525,103.99
2026-07-30 18:45:00+00:00,110673.22999999525,99.19
2026-07-30 19:00:00+00:00,110419.47999999525,-253.75
2026-07-30 19:15:00+00:00,110620.94999999525,201.47
2026-07-30 19:30:00+00:00,110817.47999999525,196.53
2026-07-30 19:45:00+00:00,110888.00999999525,70.53
2026-07-30 20:00:00+00:00,110963.29999999524,75.29
2026-07-30 20:15:00+00:00,110780.32999999524,-182.97
2026-07-30 20:45:00+00:00,111097.35999999524,317.03
2026-07-30 21:00:00+00:00,111328.61999999524,231.26
2026-07-30 21:15:00+00:00,111640.54999999523,311.93
2026-07-30 21:30:00+00:00,111483.19999999522,-157.35000000000002
2026-07-30 21:45:00+00:00,111694.56999999522,211.37
2026-07-30 22:00:00+00:00,111976.03999999522,281.47
2026-07-30 22:15:00+00:00,112143.06999999522,167.03
2026-07-30 22:30:00+00:00,111970.32999999521,-172.73999999999998
2026-07-30 22:45:00+00:00,112083.93999999521,113.61
2026-07-30 23:00:00+00:00,112173.54999999522,89.61
2026-07-30 23:30:00+00:00,112078.37999999522,-95.17
2026-07-30 23:45:00+00:00,112369.97999999522,291.6
2026-07-31 00:00:00+00:00,112666.64999999522,296.67
2026-07-31 00:15:00+00:00,112524.74999999523,-141.9
2026-07-31 00:30:00+00:00,112281.02999999523,-243.72
2026-07-31 00:45:00+00:00,112087.86999999522,-193.16
2026-07-31 01:00:00+00:00,112344.14999999522,256.28
2026-07-31 01:15:00+00:00,112409.92999999522,65.78
2026-07-31 01:30:00+00:00,112268.02999999523,-141.9
2026-07-31 02:15:00+00:00,112024.30999999522,-243.72
2026-07-31 02:30:00+00:00,112104.36999999522,80.06
2026-07-31 02:45:00+00:00,111855.62999999522,-248.74
2026-07-31 03:00:00+00:00,111791.92999999522,-63.7
2026-07-31 03:15:00+00:00,111876.75999999522,84.82999999999994
2026-07-31 03:30:00+00:00,112004.85999999523,128.1
2026-07-31 04:00:00+00:00,112261.13999999523,256.28
2026-07-31 04:15:00+00:00,111884.39999999522,-376.74
2026-07-31 04:30:00+00:00,112145.69999999522,261.3
2026-07-31 04:45:00+00:00,112412.02999999523,266.33
2026-07-31 05:00:00+00:00,112598.69999999522,186.67
2026-07-31 05:15:00+00:00,112702.68999999523,103.99
2026-07-31 05:30:00+00:00,112816.29999999523,113.61
2026-07-31 05:45:00+00:00,113072.57999999523,256.28
2026-07-31 06:00:00+00:00,112769.10999999523,-303.4700000000001
2026-07-31 06:15:00+00:00,112441.03999999522,-328.07
2026-07-31 06:30:00+00:00,112162.33999999522,-278.7
2026-07-31 06:45:00+00:00,112474.26999999522,311.93
2026-07-31 07:00:00+00:00,112670.79999999522,196.52999999999994
2026-07-31 07:15:00+00:00,112774.78999999522,103.99
2026-07-31 07:45:00+00:00,112541.11999999522,-233.67
2026-07-31 08:00:00+00:00,112703.25999999522,162.14
2026-07-31 08:15:00+00:00,112949.50999999522,246.25
2026-07-31 08:30:00+00:00,113396.87999999522,447.37
2026-07-31 09:00:00+00:00,113588.47999999522,191.6
2026-07-31 09:15:00+00:00,113702.08999999522,113.61
2026-07-31 09:45:00+00:00,113943.33999999522,241.25
2026-07-31 10:00:00+00:00,114169.61999999522,226.28
2026-07-31 10:15:00+00:00,114163.72999999522,-5.890000000000005
2026-07-31 10:30:00+00:00,114286.98999999522,123.26
2026-07-31 10:45:00+00:00,114129.63999999521,-157.35000000000002
2026-07-31 11:00:00+00:00,113821.23999999522,-308.4
2026-07-31 11:15:00+00:00,113463.88999999521,-357.35
2026-07-31 11:30:00+00:00,113630.91999999521,167.03
2026-07-31 11:45:00+00:00,113802.8499999952,171.93
2026-07-31 12:15:00+00:00,113859.1499999952,56.3
2026-07-31 12:30:00+00:00,114165.9899999952,306.84
2026-07-31 12:45:00+00:00,114352.6599999952,186.67
2026-07-31 13:00:00+00:00,114480.7599999952,128.1
2026-07-31 13:15:00+00:00,114133.13999999521,-347.62
2026-07-31 13:30:00+00:00,114241.93999999521,108.8
2026-07-31 13:45:00+00:00,114355.54999999522,113.61
2026-07-31 14:00:00+00:00,114057.01999999522,-298.53
2026-07-31 14:15:00+00:00,113758.48999999522,-298.53
2026-07-31 14:30:00+00:00,113550.08999999522,-208.4
2026-07-31 14:45:00+00:00,113481.12999999522,-68.96
2026-07-31 15:00:00+00:00,113870.31999999522,389.19
2026-07-31 15:15:00+00:00,113728.41999999523,-141.9
2026-07-31 15:45:00+00:00,113934.83999999522,206.42
2026-07-31 16:00:00+00:00,114318.82999999523,383.99
2026-07-31 16:15:00+00:00,114446.92999999523,128.1
2026-07-31 16:30:00+00:00,114143.45999999523,-303.4700000000001
2026-07-31 16:45:00+00:00,114330.12999999523,186.67
2026-07-31 17:00:00+00:00,114277.49999999523,-52.62999999999999
2026-07-31 17:15:00+00:00,114464.16999999523,186.67
2026-07-31 17:30:00+00:00,114745.63999999523,281.47
2026-07-31 17:45:00+00:00,114996.89999999522,251.26
2026-07-31 18:00:00+00:00,115144.40999999522,147.51
2026-07-31 18:15:00+00:00,115370.68999999521,226.28
2026-07-31 18:45:00+00:00,115116.93999999521,-253.75
2026-07-31 19:00:00+00:00,115201.76999999522,84.83
2026-07-31 19:15:00+00:00,114839.55999999521,-362.21
2026-07-31 19:30:00+00:00,114754.8499999952,-84.71
2026-07-31 19:45:00+00:00,114638.83999999521,-116.01
2026-07-31 20:00:00+00:00,114355.16999999521,-283.67
2026-07-31 20:15:00+00:00,114497.8199999952,142.65
2026-07-31 20:30:00+00:00,114650.19999999521,152.38
2026-07-31 20:45:00+00:00,114386.44999999521,-263.75
2026-07-31 21:00:00+00:00,114476.05999999521,89.61
2026-07-31 21:15:00+00:00,114157.80999999521,-318.25
2026-07-31 21:30:00+00:00,113919.10999999521,-238.7
2026-07-31 21:45:00+00:00,114130.47999999521,211.37
2026-07-31 22:00:00+00:00,113802.4099999952,-328.07
2026-07-31 22:15:00+00:00,114038.6599999952,236.25
2026-07-31 22:30:00+00:00,113691.0399999952,-347.62
2026-07-31 22:45:00+00:00,113487.7099999952,-203.33
2026-07-31 23:00:00+00:00,113223.9599999952,-263.75
2026-07-31 23:15:00+00:00,113366.6099999952,142.65
2026-07-31 23:30:00+00:00,113092.8899999952,-273.72
2026-07-31 23:45:00+00:00,112789.4199999952,-303.47
2026-08-01 00:00:00+00:00,112859.9499999952,70.53
2026-08-01 00:15:00+00:00,112935.23999999519,75.29
2026-08-01 00:30:00+00:00,113191.51999999519,256.28
2026-08-01 00:45:00+00:00,113478.04999999519,286.53
2026-08-01 01:00:00+00:00,113199.34999999519,-278.7
2026-08-01 01:15:00+00:00,113356.60999999518,157.26
2026-08-01 01:30:00+00:00,113067.97999999518,-288.63
2026-08-01 01:45:00+00:00,112844.39999999518,-223.58000000000004
2026-08-01 02:00:00+00:00,112929.22999999518,84.82999999999994
2026-08-01 02:15:00+00:00,113086.48999999517,157.26
2026-08-01 02:30:00+00:00,113263.32999999517,176.84
2026-08-01 02:45:00+00:00,112989.60999999517,-273.72
2026-08-01 03:00:00+00:00,112730.85999999517,-258.75
2026-08-01 03:15:00+00:00,112815.68999999517,84.82999999999994
2026-08-01 03:30:00+00:00,113061.93999999517,246.25
2026-08-01 03:45:00+00:00,112873.86999999516,-188.07
2026-08-01 04:00:00+00:00,113165.46999999517,291.6
2026-08-01 04:15:00+00:00,113421.74999999517,256.28
2026-08-01 04:30:00+00:00,113653.00999999516,231.26
2026-08-01 04:45:00+00:00,113839.67999999516,186.67
2026-08-01 05:00:00+00:00,113611.04999999516,-228.62999999999997
2026-08-01 05:15:00+00:00,113200.65999999516,-410.39
2026-08-01 05:30:00+00:00,113295.05999999515,94.4
2026-08-01 05:45:00+00:00,113526.31999999515,231.26
2026-08-01 06:00:00+00:00,113843.34999999515,317.03
2026-08-01 06:15:00+00:00,113624.81999999515,-218.53
2026-08-01 06:30:00+00:00,113426.56999999515,-198.25
2026-08-01 06:45:00+00:00,113147.86999999515,-278.7
2026-08-01 07:00:00+00:00,113409.16999999515,261.3
2026-08-01 07:15:00+00:00,113635.44999999515,226.28
2026-08-01 07:30:00+00:00,113744.24999999515,108.8
2026-08-01 07:45:00+00:00,113545.99999999515,-198.25
2026-08-01 08:00:00+00:00,113327.46999999516,-218.53000000000003
2026-08-01 08:15:00+00:00,113426.65999999516,99.19
2026-08-01 08:30:00+00:00,113177.91999999515,-248.74
2026-08-01 08:45:00+00:00,113335.17999999515,157.26
2026-08-01 09:00:00+00:00,113016.92999999515,-318.25
2026-08-01 09:15:00+00:00,112748.18999999514,-268.74
2026-08-01 09:30:00+00:00,113065.21999999514,317.03
2026-08-01 09:45:00+00:00,112821.49999999514,-243.72
2026-08-01 10:00:00+00:00,113013.09999999515,191.6
2026-08-01 10:15:00+00:00,112675.23999999514,-337.86
2026-08-01 10:45:00+00:00,112982.07999999514,306.84
2026-08-01 11:00:00+00:00,112743.37999999514,-238.7
2026-08-01 11:15:00+00:00,112954.74999999514,211.37
2026-08-01 11:30:00+00:00,112612.00999999513,-342.73999999999995
2026-08-01 11:45:00+00:00,112358.25999999513,-253.75
2026-08-01 12:00:00+00:00,112564.67999999513,206.42
2026-08-01 12:15:00+00:00,112687.93999999513,123.26
2026-08-01 12:30:00+00:00,112484.60999999513,-203.33
2026-08-01 12:45:00+00:00,112261.02999999512,-223.58
2026-08-01 13:00:00+00:00,112113.96999999513,-147.06
2026-08-01 13:15:00+00:00,112365.22999999512,251.26
2026-08-01 13:30:00+00:00,112551.89999999512,186.67
2026-08-01 13:45:00+00:00,112298.14999999512,-253.75
2026-08-01 14:00:00+00:00,112029.40999999511,-268.74
2026-08-01 14:15:00+00:00,112128.59999999512,99.19
2026-08-01 14:30:00+00:00,111869.84999999512,-258.75
2026-08-01 14:45:00+00:00,112061.44999999512,191.6
2026-08-01 15:00:00+00:00,111853.04999999513,-208.4
2026-08-01 15:15:00+00:00,112154.79999999513,301.75
2026-08-01 15:30:00+00:00,112316.93999999513,162.14000000000004
2026-08-01 15:45:00+00:00,112533.26999999513,216.33
2026-08-01 16:00:00+00:00,112264.52999999512,-268.74
2026-08-01 16:15:00+00:00,112107.17999999512,-157.35
2026-08-01 16:30:00+00:00,111833.45999999512,-273.72
2026-08-01 16:45:00+00:00,111594.75999999512,-238.69999999999996
2026-08-01 17:00:00+00:00,111396.50999999512,-198.25
2026-08-01 17:15:00+00:00,111688.10999999513,291.6
2026-08-01 17:30:00+00:00,111541.04999999513,-147.06
2026-08-01 17:45:00+00:00,111399.14999999513,-141.9
2026-08-01 18:00:00+00:00,111288.33999999514,-110.81
2026-08-01 18:15:00+00:00,111579.93999999514,291.6
2026-08-01 18:45:00+00:00,111438.03999999515,-141.9
2026-08-01 19:00:00+00:00,111780.68999999514,342.65
2026-08-01 19:15:00+00:00,112175.08999999514,394.4
2026-08-01 19:30:00+00:00,112012.59999999513,-162.49
2026-08-01 19:45:00+00:00,111763.85999999513,-248.74
2026-08-01 20:00:00+00:00,111906.50999999512,142.65
2026-08-01 20:15:00+00:00,111759.44999999512,-147.06
2026-08-01 20:45:00+00:00,111596.95999999512,-162.49
2026-08-01 21:00:00+00:00,111858.25999999512,261.3
2026-08-01 21:15:00+00:00,111914.55999999512,56.3
2026-08-01 21:30:00+00:00,111850.85999999513,-63.7
2026-08-01 21:45:00+00:00,111935.68999999513,84.83
2026-08-01 22:00:00+00:00,112078.33999999512,142.65
2026-08-01 22:15:00+00:00,111735.59999999512,-342.73999999999995
2026-08-01 22:30:00+00:00,111922.26999999511,186.67
2026-08-01 22:45:00+00:00,111668.51999999511,-253.75
2026-08-01 23:00:00+00:00,111825.77999999511,157.26000000000005
2026-08-01 23:15:00+00:00,111492.80999999511,-332.97
2026-08-01 23:30:00+00:00,111616.0699999951,123.26
2026-08-01 23:45:00+00:00,111832.3999999951,216.33
2026-08-02 00:00:00+00:00,111690.49999999511,-141.9
2026-08-02 00:15:00+00:00,111857.52999999511,167.03
2026-08-02 00:30:00+00:00,112029.4599999951,171.93
2026-08-02 00:45:00+00:00,111735.8799999951,-293.58
2026-08-02 01:00:00+00:00,111492.1599999951,-243.72
2026-08-02 01:15:00+00:00,111639.6699999951,147.51
2026-08-02 01:30:00+00:00,111214.95999999509,-424.71
2026-08-02 01:45:00+00:00,111026.88999999508,-188.07
2026-08-02 02:00:00+00:00,110936.94999999508,-89.94
2026-08-02 02:15:00+00:00,110512.23999999507,-424.71
2026-08-02 02:30:00+00:00,110768.51999999507,256.28
2026-08-02 02:45:00+00:00,110631.77999999507,-136.74
2026-08-02 03:00:00+00:00,110479.56999999506,-152.21000000000004
2026-08-02 03:15:00+00:00,110725.81999999506,246.25
2026-08-02 03:30:00+00:00,110706.06999999506,-19.750000000000018
2026-08-02 03:45:00+00:00,110528.20999999506,-177.85999999999999
2026-08-02 04:00:00+00:00,110274.45999999506,-253.75
2026-08-02 04:30:00+00:00,110407.39999999506,132.94
2026-08-02 04:45:00+00:00,110643.64999999506,236.25
2026-08-02 05:15:00+00:00,110300.90999999506,-342.74
2026-08-02 05:30:00+00:00,109997.43999999505,-303.4700000000001
2026-08-02 05:45:00+00:00,110289.03999999506,291.6
2026-08-02 06:15:00+00:00,109926.82999999505,-362.21
2026-08-02 06:30:00+00:00,110084.08999999505,157.26
2026-08-02 06:45:00+00:00,110178.48999999504,94.4
2026-08-02 07:00:00+00:00,109914.73999999504,-263.75
2026-08-02 07:15:00+00:00,110145.99999999504,231.26
2026-08-02 07:30:00+00:00,110463.02999999504,317.03
2026-08-02 07:45:00+00:00,110694.28999999503,231.26
2026-08-02 08:00:00+00:00,110764.81999999503,70.53
2026-08-02 08:15:00+00:00,110976.18999999503,211.37
2026-08-02 08:30:00+00:00,111162.85999999502,186.67
2026-08-02 08:45:00+00:00,110899.10999999502,-263.75
2026-08-02 09:00:00+00:00,110675.52999999502,-223.58
2026-08-02 09:15:00+00:00,110808.46999999502,132.94
2026-08-02 09:30:00+00:00,111120.39999999502,311.93
2026-08-02 09:45:00+00:00,110983.65999999501,-136.74
2026-08-02 10:00:00+00:00,110765.12999999501,-218.53
2026-08-02 10:15:00+00:00,110835.65999999501,70.53
2026-08-02 10:30:00+00:00,110439.64999999502,-396.01
2026-08-02 10:45:00+00:00,110510.17999999502,70.53
2026-08-02 11:00:00+00:00,110261.43999999501,-248.74
2026-08-02 11:15:00+00:00,110351.04999999501,89.61
2026-08-02 11:30:00+00:00,110209.14999999502,-141.9
2026-08-02 11:45:00+00:00,110093.13999999502,-116.01
2026-08-02 12:00:00+00:00,109673.19999999502,-419.94
2026-08-02 12:15:00+00:00,109758.02999999502,84.83
2026-08-02 12:30:00+00:00,109544.55999999502,-213.47000000000003
2026-08-02 12:45:00+00:00,109444.16999999502,-100.39
2026-08-02 13:00:00+00:00,109225.63999999502,-218.53
2026-08-02 13:15:00+00:00,108882.89999999502,-342.74
2026-08-02 13:30:00+00:00,108939.19999999502,56.3
2026-08-02 13:45:00+00:00,108650.56999999502,-288.63
2026-08-02 14:00:00+00:00,108482.94999999502,-167.61999999999998
2026-08-02 14:15:00+00:00,108577.34999999501,94.4
2026-08-02 14:30:00+00:00,108686.14999999502,108.8
2026-08-02 14:45:00+00:00,108982.81999999502,296.67
2026-08-02 15:00:00+00:00,108739.09999999501,-243.72
2026-08-02 15:15:00+00:00,108881.74999999501,142.65
2026-08-02 15:30:00+00:00,109209.009999995,327.26
2026-08-02 15:45:00+00:00,109385.849999995,176.84
2026-08-02 16:00:00+00:00,109442.149999995,56.3
2026-08-02 16:15:00+00:00,109668.429999995,226.28
2026-08-02 16:30:00+00:00,110021.369999995,352.94
2026-08-02 16:45:00+00:00,110312.96999999501,291.6
2026-08-02 17:15:00+00:00,110604.56999999502,291.6
2026-08-02 17:30:00+00:00,110860.84999999501,256.28
2026-08-02 17:45:00+00:00,110667.68999999501,-193.16
2026-08-02 18:00:00+00:00,110928.98999999501,261.3
2026-08-02 18:15:00+00:00,111145.31999999502,216.33
2026-08-02 18:30:00+00:00,110881.56999999502,-263.75
2026-08-02 18:45:00+00:00,111122.81999999502,241.25
2026-08-02 19:00:00+00:00,111006.80999999502,-116.01
2026-08-02 19:15:00+00:00,110965.28999999502,-41.52
2026-08-02 19:30:00+00:00,111206.53999999502,241.25
2026-08-02 20:00:00+00:00,111277.06999999502,70.53
2026-08-02 20:15:00+00:00,110857.12999999501,-419.94
2026-08-02 20:30:00+00:00,111103.37999999501,246.25
2026-08-02 20:45:00+00:00,111188.20999999502,84.83
2026-08-02 21:00:00+00:00,111263.49999999501,75.29
2026-08-02 21:15:00+00:00,110955.09999999501,-308.4
2026-08-02 21:30:00+00:00,111339.08999999502,383.99
2026-08-02 21:45:00+00:00,111011.01999999501,-328.07
2026-08-02 22:00:00+00:00,111232.31999999502,221.3
2026-08-02 22:15:00+00:00,111360.41999999502,128.1
2026-08-02 22:30:00+00:00,111275.70999999502,-84.71
2026-08-02 23:00:00+00:00,111006.96999999501,-268.74
2026-08-02 23:15:00+00:00,110718.339999995,-288.63
2026-08-02 23:30:00+00:00,110974.619999995,256.28
2026-08-02 23:45:00+00:00,110617.269999995,-357.35
2026-08-03 00:00:00+00:00,110308.869999995,-308.4
2026-08-03 00:15:00+00:00,110505.399999995,196.52999999999994
2026-08-03 00:30:00+00:00,110216.769999995,-288.63
2026-08-03 00:45:00+00:00,110528.69999999499,311.93
2026-08-03 01:00:00+00:00,110355.95999999499,-172.74
2026-08-03 01:15:00+00:00,110271.24999999498,-84.71
2026-08-03 01:30:00+00:00,110012.49999999498,-258.75
2026-08-03 01:45:00+00:00,110135.75999999497,123.26
2026-08-03 02:00:00+00:00,110030.15999999497,-105.6
2026-08-03 02:30:00+00:00,109610.21999999497,-419.94
2026-08-03 02:45:00+00:00,109787.05999999496,176.84
2026-08-03 03:00:00+00:00,109513.33999999496,-273.72
2026-08-03 03:15:00+00:00,109749.58999999496,236.25
2026-08-03 03:30:00+00:00,109951.05999999496,201.46999999999994
2026-08-03 03:45:00+00:00,109697.30999999496,-253.75
2026-08-03 04:00:00+00:00,109854.56999999496,157.26000000000005
2026-08-03 04:15:00+00:00,110264.62999999496,410.06
2026-08-03 04:45:00+00:00,110719.92999999496,455.3
2026-08-03 05:00:00+00:00,110877.18999999495,157.26000000000005
2026-08-03 05:15:00+00:00,110995.61999999495,118.43
2026-08-03 05:30:00+00:00,111118.87999999494,123.26
2026-08-03 05:45:00+00:00,110900.34999999494,-218.53
2026-08-03 06:00:00+00:00,111013.95999999494,113.61
2026-08-03 06:15:00+00:00,111180.98999999494,167.03
2026-08-03 06:30:00+00:00,111294.59999999494,113.61
2026-08-03 06:45:00+00:00,110991.12999999494,-303.47
2026-08-03 07:00:00+00:00,110702.49999999494,-288.63
2026-08-03 07:15:00+00:00,110854.87999999494,152.38
2026-08-03 07:30:00+00:00,111131.29999999494,276.42
2026-08-03 07:45:00+00:00,110842.66999999493,-288.63
2026-08-03 08:00:00+00:00,111139.33999999493,296.67
2026-08-03 08:15:00+00:00,110777.12999999493,-362.21
2026-08-03 08:30:00+00:00,110861.95999999493,84.82999999999994
2026-08-03 08:45:00+00:00,111063.42999999493,201.47
2026-08-03 09:00:00+00:00,111206.07999999492,142.65
2026-08-03 09:15:00+00:00,111142.37999999493,-63.7
2026-08-03 09:30:00+00:00,111280.16999999492,137.79
2026-08-03 09:45:00+00:00,111041.46999999492,-238.69999999999996
2026-08-03 10:15:00+00:00,111159.89999999492,118.43
2026-08-03 10:30:00+00:00,111391.15999999491,231.26
2026-08-03 11:00:00+00:00,110952.1999999949,-438.96
2026-08-03 11:15:00+00:00,110851.8099999949,-100.39
2026-08-03 11:30:00+00:00,110908.10999999491,56.3
2026-08-03 11:45:00+00:00,110469.1499999949,-438.96
2026-08-03 12:00:00+00:00,110225.4299999949,-243.72
2026-08-03 12:15:00+00:00,109926.8999999949,-298.53
2026-08-03 12:30:00+00:00,109987.9399999949,61.04
2026-08-03 12:45:00+00:00,109955.9599999949,-31.98000000000003
2026-08-03 13:00:00+00:00,109603.4699999949,-352.49
2026-08-03 13:15:00+00:00,109746.11999999489,142.65
2026-08-03 13:30:00+00:00,109326.17999999489,-419.94
2026-08-03 13:45:00+00:00,108934.97999999489,-391.2
2026-08-03 14:15:00+00:00,109043.77999999489,108.8
2026-08-03 14:45:00+00:00,109275.03999999489,231.26
2026-08-03 15:00:00+00:00,109393.46999999488,118.43
2026-08-03 15:15:00+00:00,109570.30999999488,176.84
2026-08-03 15:30:00+00:00,109454.29999999488,-116.01
2026-08-03 15:45:00+00:00,109592.08999999487,137.79
2026-08-03 16:15:00+00:00,109502.14999999487,-89.94000000000001
2026-08-03 16:30:00+00:00,109649.65999999487,147.51
2026-08-03 16:45:00+00:00,109538.84999999487,-110.81
2026-08-03 17:00:00+00:00,109681.49999999486,142.65
2026-08-03 17:15:00+00:00,109819.28999999486,137.79
2026-08-03 17:30:00+00:00,109636.31999999486,-182.97
2026-08-03 17:45:00+00:00,109887.57999999485,251.26
2026-08-03 18:00:00+00:00,110035.08999999485,147.51
2026-08-03 18:15:00+00:00,110281.33999999485,246.25
2026-08-03 18:45:00+00:00,110428.84999999484,147.51
2026-08-03 19:15:00+00:00,110165.09999999484,-263.75
2026-08-03 19:30:00+00:00,110293.19999999485,128.1
2026-08-03 19:45:00+00:00,109921.29999999485,-371.9
2026-08-03 20:00:00+00:00,110107.96999999485,186.67
2026-08-03 20:15:00+00:00,110389.43999999485,281.47
2026-08-03 20:30:00+00:00,110488.62999999485,99.19
2026-08-03 20:45:00+00:00,110249.92999999486,-238.7
2026-08-03 21:00:00+00:00,110412.06999999486,162.14000000000004
2026-08-03 21:15:00+00:00,110163.32999999485,-248.74
2026-08-03 21:30:00+00:00,109954.92999999486,-208.4
2026-08-03 21:45:00+00:00,110073.35999999485,118.43
2026-08-03 22:00:00+00:00,109849.77999999485,-223.58
2026-08-03 22:15:00+00:00,109556.19999999485,-293.58
2026-08-03 22:30:00+00:00,109674.62999999484,118.43
2026-08-03 22:45:00+00:00,109440.95999999484,-233.67
2026-08-03 23:00:00+00:00,109672.21999999484,231.26
2026-08-03 23:15:00+00:00,109858.88999999483,186.67
2026-08-03 23:30:00+00:00,109986.98999999484,128.1
2026-08-03 23:45:00+00:00,109845.08999999485,-141.9
2026-08-04 00:00:00+00:00,109606.38999999485,-238.69999999999996
2026-08-04 00:15:00+00:00,109758.76999999485,152.38000000000005
2026-08-04 00:30:00+00:00,109490.02999999485,-268.74
2026-08-04 01:00:00+00:00,109113.28999999484,-376.74
2026-08-04 01:30:00+00:00,109319.70999999484,206.42
2026-08-04 02:00:00+00:00,109141.84999999484,-177.85999999999999
2026-08-04 02:15:00+00:00,108999.94999999485,-141.9
2026-08-04 02:30:00+00:00,108751.20999999484,-248.74
2026-08-04 02:45:00+00:00,108807.50999999484,56.3
2026-08-04 03:00:00+00:00,108655.29999999484,-152.21
2026-08-04 03:15:00+00:00,108735.35999999483,80.06
2026-08-04 03:30:00+00:00,108887.73999999484,152.38
2026-08-04 03:45:00+00:00,108740.67999999484,-147.06
2026-08-04 04:00:00+00:00,108957.00999999484,216.33
2026-08-04 04:15:00+00:00,109208.26999999484,251.26
2026-08-04 04:30:00+00:00,109264.56999999484,56.3
2026-08-04 04:45:00+00:00,109335.09999999484,70.53
2026-08-04 05:00:00+00:00,109463.19999999485,128.1
2026-08-04 05:15:00+00:00,109514.76999999485,51.57
2026-08-04 05:30:00+00:00,109211.29999999485,-303.47
2026-08-04 05:45:00+00:00,109467.57999999485,256.28
2026-08-04 06:00:00+00:00,109654.24999999485,186.67
2026-08-04 06:15:00+00:00,109777.50999999484,123.26
2026-08-04 06:30:00+00:00,109343.28999999484,-434.22
2026-08-04 06:45:00+00:00,109029.95999999484,-313.33
2026-08-04 07:00:00+00:00,109276.20999999484,246.25
2026-08-04 07:15:00+00:00,109502.48999999484,226.28
2026-08-04 07:30:00+00:00,109218.81999999484,-283.67
2026-08-04 07:45:00+00:00,109139.34999999484,-79.47000000000001
2026-08-04 08:00:00+00:00,109267.44999999485,128.1
2026-08-04 08:15:00+00:00,109008.69999999485,-258.75
2026-08-04 08:30:00+00:00,109079.22999999484,70.53
2026-08-04 08:45:00+00:00,109159.28999999484,80.06
2026-08-04 09:00:00+00:00,109471.21999999484,311.93
2026-08-04 09:15:00+00:00,109687.54999999484,216.33
2026-08-04 09:30:00+00:00,109953.87999999484,266.33
2026-08-04 09:45:00+00:00,109858.70999999484,-95.17
2026-08-04 10:00:00+00:00,109550.30999999485,-308.4
2026-08-04 10:15:00+00:00,109668.73999999484,118.43
2026-08-04 10:30:00+00:00,109772.72999999484,103.99
2026-08-04 10:45:00+00:00,110023.98999999484,251.26
2026-08-04 11:00:00+00:00,110094.51999999484,70.53
2026-08-04 11:15:00+00:00,109988.91999999483,-105.6
2026-08-04 11:30:00+00:00,110280.51999999484,291.6
2026-08-04 11:45:00+00:00,110685.34999999484,404.83
2026-08-04 12:00:00+00:00,110522.85999999483,-162.49000000000004
2026-08-04 12:15:00+00:00,110602.91999999483,80.06
2026-08-04 12:30:00+00:00,110329.19999999483,-273.72
2026-08-04 13:00:00+00:00,110090.49999999483,-238.7
2026-08-04 13:15:00+00:00,110156.27999999483,65.78
2026-08-04 13:30:00+00:00,109907.53999999483,-248.74
2026-08-04 13:45:00+00:00,110045.32999999482,137.79
2026-08-04 14:00:00+00:00,110115.85999999482,70.53
2026-08-04 14:15:00+00:00,110239.11999999481,123.26
2026-08-04 14:30:00+00:00,110201.30999999482,-37.80999999999998
2026-08-04 14:45:00+00:00,110407.72999999482,206.42
2026-08-04 15:00:00+00:00,110099.32999999482,-308.4
2026-08-04 15:15:00+00:00,110179.38999999482,80.06
2026-08-04 15:45:00+00:00,109735.68999999482,-443.7
2026-08-04 16:00:00+00:00,109588.62999999482,-147.06
2026-08-04 16:15:00+00:00,109640.19999999483,51.57
2026-08-04 16:30:00+00:00,109701.23999999482,61.04
2026-08-04 17:00:00+00:00,109907.65999999482,206.42
2026-08-04 17:15:00+00:00,110060.03999999483,152.38
2026-08-04 17:30:00+00:00,110241.78999999483,181.75
2026-08-04 17:45:00+00:00,109988.03999999483,-253.75
2026-08-04 18:30:00+00:00,110101.64999999483,113.61
2026-08-04 19:00:00+00:00,110239.43999999482,137.79
2026-08-04 19:15:00+00:00,110000.73999999482,-238.69999999999996
2026-08-04 19:30:00+00:00,109746.98999999482,-253.75
2026-08-04 19:45:00+00:00,109928.73999999482,181.75
2026-08-04 20:00:00+00:00,109812.72999999483,-116.01
2026-08-04 20:15:00+00:00,109686.33999999483,-126.39
2026-08-04 20:30:00+00:00,109663.38999999483,-22.95
2026-08-04 20:45:00+00:00,109724.42999999483,61.04
2026-08-04 21:00:00+00:00,109613.61999999483,-110.81
2026-08-04 21:15:00+00:00,109770.87999999482,157.26000000000005
2026-08-04 21:30:00+00:00,109608.38999999482,-162.49000000000004
2026-08-04 21:45:00+00:00,109415.22999999482,-193.16
2026-08-04 22:15:00+00:00,109014.41999999482,-400.81
2026-08-04 22:30:00+00:00,109295.88999999482,281.47
2026-08-04 22:45:00+00:00,109542.13999999482,246.25
2026-08-04 23:00:00+00:00,109768.41999999482,226.28
2026-08-04 23:15:00+00:00,109382.02999999482,-386.39
2026-08-04 23:45:00+00:00,109628.27999999482,246.25
2026-08-05 00:00:00+00:00,109512.26999999482,-116.01
2026-08-05 00:15:00+00:00,109263.52999999482,-248.74
2026-08-05 00:30:00+00:00,109450.19999999482,186.67
2026-08-05 00:45:00+00:00,109318.62999999481,-131.57
2026-08-05 01:15:00+00:00,109005.29999999481,-313.33
2026-08-05 01:45:00+00:00,109080.5899999948,75.29
2026-08-05 02:30:00+00:00,108980.1999999948,-100.39
2026-08-05 02:45:00+00:00,109261.6699999948,281.47
2026-08-05 03:00:00+00:00,109473.0399999948,211.37
2026-08-05 03:15:00+00:00,109810.5499999948,337.51
2026-08-05 03:30:00+00:00,109632.6899999948,-177.86
2026-08-05 03:45:00+00:00,109839.10999999479,206.42
2026-08-05 04:00:00+00:00,110070.36999999479,231.26
2026-08-05 04:15:00+00:00,109985.65999999478,-84.71
2026-08-05 04:30:00+00:00,110312.91999999477,327.26
2026-08-05 04:45:00+00:00,110243.95999999477,-68.96
2026-08-05 05:00:00+00:00,110117.56999999477,-126.39
2026-08-05 05:30:00+00:00,109838.86999999477,-278.7
2026-08-05 06:00:00+00:00,110155.89999999477,317.03
2026-08-05 06:15:00+00:00,110008.83999999477,-147.06
2026-08-05 06:30:00+00:00,110205.36999999477,196.52999999999994
2026-08-05 06:45:00+00:00,109862.62999999477,-342.74
2026-08-05 07:00:00+00:00,109976.23999999477,113.61
2026-08-05 07:15:00+00:00,109682.65999999476,-293.58
2026-08-05 07:30:00+00:00,109743.69999999476,61.04
2026-08-05 07:45:00+00:00,109999.97999999476,256.28
2026-08-05 08:00:00+00:00,110103.96999999476,103.99
2026-08-05 08:15:00+00:00,109931.22999999476,-172.73999999999998
2026-08-05 08:30:00+00:00,110273.87999999475,342.65
2026-08-05 08:45:00+00:00,110540.20999999475,266.33
2026-08-05 09:00:00+00:00,110726.87999999475,186.67
2026-08-05 09:30:00+00:00,110973.12999999475,246.25
2026-08-05 09:45:00+00:00,111135.26999999475,162.14
2026-08-05 10:00:00+00:00,110773.05999999474,-362.21
2026-08-05 10:15:00+00:00,110489.38999999475,-283.67
2026-08-05 10:30:00+00:00,110816.64999999474,327.26
2026-08-05 10:45:00+00:00,110711.04999999474,-105.6
2026-08-05 11:00:00+00:00,110902.64999999474,191.6
2026-08-05 11:15:00+00:00,111050.15999999474,147.51
2026-08-05 11:30:00+00:00,110908.25999999474,-141.9
2026-08-05 11:45:00+00:00,110978.78999999474,70.53
2026-08-05 12:00:00+00:00,110755.20999999474,-223.58
2026-08-05 12:15:00+00:00,110868.81999999474,113.61
2026-08-05 12:30:00+00:00,110987.24999999473,118.43
2026-08-05 12:45:00+00:00,111154.27999999473,167.03
2026-08-05 13:30:00+00:00,110950.94999999473,-203.33
2026-08-05 13:45:00+00:00,111059.74999999473,108.8
2026-08-05 14:15:00+00:00,111187.84999999474,128.1
2026-08-05 14:30:00+00:00,110914.12999999474,-273.72
2026-08-05 14:45:00+00:00,111267.06999999474,352.94
2026-08-05 15:00:00+00:00,111518.32999999473,251.26
2026-08-05 15:15:00+00:00,111641.58999999473,123.26
2026-08-05 15:30:00+00:00,111510.01999999472,-131.57
2026-08-05 16:15:00+00:00,111696.68999999472,186.67
2026-08-05 16:30:00+00:00,111457.98999999472,-238.69999999999996
2026-08-05 16:45:00+00:00,111368.04999999472,-89.94
2026-08-05 17:00:00+00:00,111321.23999999472,-46.81
2026-08-05 17:15:00+00:00,111577.51999999472,256.28
2026-08-05 17:30:00+00:00,111935.61999999473,358.1
2026-08-05 17:45:00+00:00,112181.86999999473,246.25
2026-08-05 18:00:00+00:00,112004.00999999473,-177.85999999999999
2026-08-05 18:15:00+00:00,112290.53999999473,286.53
2026-08-05 18:30:00+00:00,112051.83999999473,-238.7
2026-08-05 18:45:00+00:00,111894.48999999472,-157.35000000000002
2026-08-05 19:00:00+00:00,111788.88999999472,-105.6
2026-08-05 19:15:00+00:00,111936.39999999471,147.51
2026-08-05 19:45:00+00:00,111687.6599999947,-248.74
2026-08-05 20:00:00+00:00,111545.75999999471,-141.9
2026-08-05 20:15:00+00:00,111797.0199999947,251.26
2026-08-05 20:30:00+00:00,111518.31999999471,-278.7
2026-08-05 20:45:00+00:00,111759.56999999471,241.25
2026-08-05 21:15:00+00:00,111622.8299999947,-136.74
2026-08-05 21:30:00+00:00,111349.1099999947,-273.72
2026-08-05 21:45:00+00:00,111448.2999999947,99.19
2026-08-05 22:00:00+00:00,111316.7299999947,-131.57
2026-08-05 22:15:00+00:00,111406.3399999947,89.61
2026-08-05 22:30:00+00:00,111632.6199999947,226.28
2026-08-05 22:45:00+00:00,111280.1299999947,-352.49
2026-08-05 23:15:00+00:00,111576.79999999469,296.67
2026-08-05 23:30:00+00:00,111893.82999999469,317.03
2026-08-05 23:45:00+00:00,111798.65999999469,-95.17
2026-08-06 00:00:00+00:00,111854.9599999947,56.3
2026-08-06 00:15:00+00:00,111954.1499999947,99.19
2026-08-06 00:30:00+00:00,112195.3999999947,241.25
2026-08-06 00:45:00+00:00,111936.6499999947,-258.75
2026-08-06 01:15:00+00:00,111857.1799999947,-79.47
2026-08-06 01:30:00+00:00,111588.43999999469,-268.74
2026-08-06 01:45:00+00:00,111731.08999999469,142.65
2026-08-06 02:00:00+00:00,111806.37999999468,75.29
2026-08-06 02:15:00+00:00,112133.63999999467,327.26
2026-08-06 02:30:00+00:00,112028.03999999467,-105.6
2026-08-06 02:45:00+00:00,112294.36999999467,266.33
2026-08-06 03:00:00+00:00,112277.27999999467,-17.090000000000014
2026-08-06 03:15:00+00:00,112328.84999999468,51.57
2026-08-06 03:30:00+00:00,112442.45999999468,113.61
2026-08-06 03:45:00+00:00,112075.39999999468,-367.06
2026-08-06 04:00:00+00:00,112208.33999999469,132.94
2026-08-06 04:30:00+00:00,112326.76999999468,118.43
2026-08-06 04:45:00+00:00,111964.55999999467,-362.21
2026-08-06 05:15:00+00:00,112063.74999999467,99.19
2026-08-06 05:30:00+00:00,112290.02999999467,226.28
2026-08-06 05:45:00+00:00,112617.28999999467,327.26
2026-08-06 06:00:00+00:00,112975.38999999467,358.1
2026-08-06 06:15:00+00:00,113137.52999999467,162.14000000000004
2026-08-06 06:30:00+00:00,113363.80999999467,226.28
2026-08-06 06:45:00+00:00,113570.22999999467,206.42
2026-08-06 07:00:00+00:00,113626.52999999467,56.3
2026-08-06 07:30:00+00:00,113249.78999999467,-376.74
2026-08-06 08:00:00+00:00,113387.57999999466,137.78999999999994
2026-08-06 08:15:00+00:00,113025.36999999465,-362.21000000000004
2026-08-06 08:45:00+00:00,112605.42999999465,-419.94000000000005
2026-08-06 09:30:00+00:00,112989.41999999466,383.99
2026-08-06 09:45:00+00:00,112904.70999999465,-84.71
2026-08-06 10:00:00+00:00,113196.30999999466,291.6
2026-08-06 10:15:00+00:00,113018.44999999466,-177.86
2026-08-06 10:30:00+00:00,113165.95999999465,147.51
2026-08-06 10:45:00+00:00,113269.94999999466,103.99
2026-08-06 11:00:00+00:00,113021.20999999465,-248.74
2026-08-06 11:15:00+00:00,113212.80999999466,191.6
2026-08-06 11:30:00+00:00,113288.09999999465,75.29
2026-08-06 11:45:00+00:00,113411.35999999465,123.26
2026-08-06 12:00:00+00:00,113505.75999999464,94.4
2026-08-06 12:15:00+00:00,113576.28999999464,70.53
2026-08-06 12:30:00+00:00,113243.31999999464,-332.97
2026-08-06 12:45:00+00:00,113444.78999999464,201.46999999999994
2026-08-06 13:00:00+00:00,113666.08999999464,221.3
2026-08-06 13:15:00+00:00,113765.27999999464,99.19
2026-08-06 13:30:00+00:00,113526.57999999465,-238.7
2026-08-06 13:45:00+00:00,113767.82999999465,241.25
2026-08-06 14:00:00+00:00,113984.15999999465,216.33
2026-08-06 14:30:00+00:00,113873.34999999465,-110.81
2026-08-06 15:00:00+00:00,113762.53999999465,-110.81
2026-08-06 15:30:00+00:00,113842.59999999465,80.06
2026-08-06 16:00:00+00:00,113432.20999999465,-410.39
2026-08-06 16:15:00+00:00,113123.80999999466,-308.4
2026-08-06 16:30:00+00:00,113261.59999999465,137.79
2026-08-06 16:45:00+00:00,113418.85999999465,157.26
2026-08-06 17:15:00+00:00,113042.11999999464,-376.74
2026-08-06 17:30:00+00:00,112793.37999999463,-248.74
2026-08-06 17:45:00+00:00,112539.62999999463,-253.75
2026-08-06 18:00:00+00:00,112667.72999999464,128.1
2026-08-06 18:15:00+00:00,112889.02999999464,221.3
2026-08-06 18:30:00+00:00,112464.31999999464,-424.71
2026-08-06 18:45:00+00:00,112655.91999999464,191.6
2026-08-06 19:00:00+00:00,112337.66999999464,-318.25
2026-08-06 19:15:00+00:00,112529.26999999465,191.6
2026-08-06 19:30:00+00:00,112305.68999999465,-223.58
2026-08-06 19:45:00+00:00,112531.96999999465,226.28
2026-08-06 20:00:00+00:00,112748.29999999465,216.33
2026-08-06 20:15:00+00:00,112881.23999999465,132.94
2026-08-06 20:30:00+00:00,112632.49999999464,-248.74
2026-08-06 20:45:00+00:00,112338.91999999464,-293.58
2026-08-06 21:00:00+00:00,112085.16999999464,-253.75
2026-08-06 21:15:00+00:00,112227.81999999464,142.65
2026-08-06 21:30:00+00:00,111919.41999999464,-308.4
2026-08-06 21:45:00+00:00,112091.34999999464,171.93
2026-08-06 22:00:00+00:00,111908.37999999463,-182.97
2026-08-06 22:15:00+00:00,112065.63999999463,157.26000000000005
2026-08-06 22:30:00+00:00,111965.24999999463,-100.39
2026-08-06 22:45:00+00:00,111691.52999999463,-273.72
2026-08-06 23:00:00+00:00,111805.13999999463,113.61
2026-08-06 23:15:00+00:00,111506.60999999463,-298.53
2026-08-06 23:45:00+00:00,111232.88999999463,-273.72
2026-08-07 00:15:00+00:00,110841.68999999463,-391.2
2026-08-07 00:30:00+00:00,110736.08999999463,-105.6
2026-08-07 00:45:00+00:00,111104.51999999462,368.43
2026-08-07 01:00:00+00:00,110988.50999999463,-116.01
2026-08-07 01:45:00+00:00,111259.87999999462,271.37
2026-08-07 02:00:00+00:00,111387.97999999463,128.1
2026-08-07 02:15:00+00:00,111189.72999999463,-198.25
2026-08-07 02:30:00+00:00,110784.12999999462,-405.6
2026-08-07 02:45:00+00:00,110436.50999999463,-347.61999999999995
2026-08-07 03:00:00+00:00,110728.10999999463,291.6
2026-08-07 03:15:00+00:00,110606.90999999463,-121.2
2026-08-07 03:30:00+00:00,110516.96999999463,-89.94
2026-08-07 03:45:00+00:00,110645.06999999464,128.1
2026-08-07 04:00:00+00:00,110287.71999999463,-357.35
2026-08-07 04:15:00+00:00,110018.97999999463,-268.74
2026-08-07 04:30:00+00:00,109765.22999999463,-253.75
2026-08-07 04:45:00+00:00,109417.60999999463,-347.62
2026-08-07 05:00:00+00:00,109143.88999999463,-273.72
2026-08-07 05:15:00+00:00,109405.18999999463,261.3
2026-08-07 05:30:00+00:00,109509.17999999464,103.99
2026-08-07 05:45:00+00:00,109740.43999999463,231.26
2026-08-07 06:00:00+00:00,109422.18999999463,-318.25
2026-08-07 06:15:00+00:00,109683.48999999464,261.3
2026-08-07 06:30:00+00:00,109409.76999999463,-273.72
2026-08-07 06:45:00+00:00,109567.02999999463,157.26000000000005
2026-08-07 07:00:00+00:00,109642.31999999462,75.29
2026-08-07 07:15:00+00:00,109314.24999999462,-328.07
2026-08-07 08:00:00+00:00,109060.49999999462,-253.75
2026-08-07 08:15:00+00:00,109232.42999999461,171.93
2026-08-07 08:30:00+00:00,109370.2199999946,137.79
2026-08-07 08:45:00+00:00,109527.4799999946,157.26
2026-08-07 09:00:00+00:00,109416.6699999946,-110.81
2026-08-07 09:15:00+00:00,109564.1799999946,147.51
2026-08-07 09:30:00+00:00,109701.96999999459,137.79
2026-08-07 09:45:00+00:00,109544.61999999458,-157.35000000000002
2026-08-07 10:15:00+00:00,109280.86999999458,-263.75
2026-08-07 10:30:00+00:00,109027.11999999458,-253.75
2026-08-07 10:45:00+00:00,108947.64999999458,-79.47
2026-08-07 11:00:00+00:00,109051.63999999459,103.99
2026-08-07 11:15:00+00:00,109184.57999999459,132.94
2026-08-07 11:30:00+00:00,108841.83999999458,-342.73999999999995
2026-08-07 11:45:00+00:00,109003.97999999458,162.14000000000004
2026-08-07 12:00:00+00:00,108750.22999999458,-253.75
2026-08-07 12:30:00+00:00,108996.47999999458,246.25
2026-08-07 12:45:00+00:00,109197.94999999458,201.47
2026-08-07 13:15:00+00:00,109301.93999999459,103.99
2026-08-07 13:30:00+00:00,108944.58999999458,-357.35
2026-08-07 13:45:00+00:00,109096.96999999459,152.38
2026-08-07 14:00:00+00:00,109167.49999999459,70.53
2026-08-07 14:15:00+00:00,108984.52999999459,-182.97
2026-08-07 14:45:00+00:00,109245.82999999459,261.3
2026-08-07 15:15:00+00:00,109197.4299999946,-48.4
2026-08-07 15:45:00+00:00,108777.48999999459,-419.94
2026-08-07 16:00:00+00:00,108538.7899999946,-238.7
2026-08-07 16:15:00+00:00,108686.29999999459,147.51
2026-08-07 16:45:00+00:00,108549.55999999458,-136.74
2026-08-07 17:15:00+00:00,108346.22999999458,-203.33
2026-08-07 17:30:00+00:00,108032.89999999458,-313.33
2026-08-07 17:45:00+00:00,108390.99999999459,358.1
2026-08-07 18:00:00+00:00,108504.60999999459,113.61
2026-08-07 18:15:00+00:00,108599.00999999458,94.4
2026-08-07 18:45:00+00:00,108310.37999999458,-288.63
2026-08-07 19:00:00+00:00,108163.31999999458,-147.06
2026-08-07 19:15:00+00:00,108257.71999999457,94.4
2026-08-07 19:30:00+00:00,108361.70999999458,103.99
2026-08-07 19:45:00+00:00,108083.00999999458,-278.7
2026-08-07 20:00:00+00:00,107894.93999999457,-188.07
2026-08-07 20:15:00+00:00,107864.54999999458,-30.390000000000025
2026-08-07 20:30:00+00:00,108217.48999999458,352.94
2026-08-07 20:45:00+00:00,108321.47999999458,103.99
2026-08-07 21:00:00+00:00,108459.26999999458,137.79
2026-08-07 21:15:00+00:00,108685.54999999458,226.28
2026-08-07 21:30:00+00:00,108256.07999999457,-429.47
2026-08-07 21:45:00+00:00,108447.67999999458,191.6
2026-08-07 22:00:00+00:00,108234.20999999458,-213.47
2026-08-07 22:15:00+00:00,108411.04999999458,176.84
2026-08-07 22:30:00+00:00,108534.30999999457,123.26
2026-08-07 22:45:00+00:00,108662.40999999458,128.1
2026-08-07 23:00:00+00:00,108582.93999999457,-79.47000000000001
2026-08-07 23:15:00+00:00,108814.19999999457,231.26
2026-08-07 23:30:00+00:00,109090.61999999457,276.42
2026-08-07 23:45:00+00:00,109336.86999999457,246.25
2026-08-08 00:00:00+00:00,109455.29999999456,118.43
2026-08-08 00:15:00+00:00,109622.32999999456,167.03
2026-08-08 00:30:00+00:00,109673.89999999457,51.57
2026-08-08 00:45:00+00:00,109460.42999999457,-213.47000000000003
2026-08-08 01:00:00+00:00,109647.09999999456,186.67
2026-08-08 01:15:00+00:00,109883.34999999456,236.25
2026-08-08 01:30:00+00:00,110055.27999999456,171.93
2026-08-08 01:45:00+00:00,109761.69999999455,-293.58000000000004
2026-08-08 02:00:00+00:00,109578.72999999455,-182.97
2026-08-08 02:15:00+00:00,109745.75999999455,167.03
2026-08-08 02:30:00+00:00,109477.01999999455,-268.74
2026-08-08 02:45:00+00:00,109076.20999999455,-400.81
2026-08-08 03:00:00+00:00,108893.23999999455,-182.97
2026-08-08 03:15:00+00:00,109035.88999999454,142.65
2026-08-08 03:30:00+00:00,109287.14999999454,251.26
2026-08-08 03:45:00+00:00,109155.57999999453,-131.57
2026-08-08 04:00:00+00:00,108993.08999999452,-162.49000000000004
2026-08-08 04:15:00+00:00,109284.68999999453,291.6
2026-08-08 04:30:00+00:00,109015.94999999453,-268.74
2026-08-08 04:45:00+00:00,109096.00999999452,80.06
2026-08-08 05:00:00+00:00,108892.67999999452,-203.33
2026-08-08 05:15:00+00:00,109138.92999999452,246.25
2026-08-08 05:30:00+00:00,109310.85999999451,171.93
2026-08-08 05:45:00+00:00,109482.78999999451,171.93
2026-08-08 06:00:00+00:00,109669.4599999945,186.67
2026-08-08 06:15:00+00:00,109856.1299999945,186.67
2026-08-08 06:30:00+00:00,110082.4099999945,226.28
2026-08-08 06:45:00+00:00,110308.6899999945,226.28
2026-08-08 07:00:00+00:00,110417.4899999945,108.8
2026-08-08 07:15:00+00:00,110168.7499999945,-248.74
2026-08-08 07:30:00+00:00,109895.0299999945,-273.72
2026-08-08 08:00:00+00:00,110141.2799999945,246.25
2026-08-08 08:15:00+00:00,110230.8899999945,89.61
2026-08-08 08:30:00+00:00,110563.2699999945,332.38
2026-08-08 08:45:00+00:00,110619.5699999945,56.3
2026-08-08 09:15:00+00:00,110694.8599999945,75.28999999999995
2026-08-08 09:30:00+00:00,110774.9199999945,80.05999999999995
2026-08-08 09:45:00+00:00,110412.70999999449,-362.21000000000004
2026-08-08 10:15:00+00:00,110658.95999999449,246.25
2026-08-08 10:30:00+00:00,110719.99999999448,61.04
2026-08-08 10:45:00+00:00,110790.52999999448,70.53
2026-08-08 11:45:00+00:00,110516.80999999448,-273.72
2026-08-08 12:00:00+00:00,110364.59999999448,-152.21000000000004
2026-08-08 12:15:00+00:00,110702.10999999447,337.51
2026-08-08 12:30:00+00:00,110267.88999999447,-434.22
2026-08-08 12:45:00+00:00,110410.53999999446,142.64999999999995
2026-08-08 13:00:00+00:00,109985.82999999446,-424.71000000000004
2026-08-08 13:15:00+00:00,110118.76999999446,132.94
2026-08-08 13:30:00+00:00,110266.27999999445,147.50999999999993
2026-08-08 14:00:00+00:00,110413.78999999445,147.50999999999993
2026-08-08 14:45:00+00:00,110680.11999999445,266.33
2026-08-08 15:00:00+00:00,110817.90999999444,137.78999999999994
2026-08-08 15:15:00+00:00,110874.20999999445,56.3
2026-08-08 15:30:00+00:00,110949.49999999444,75.29
2026-08-08 16:00:00+00:00,111210.79999999444,261.3
2026-08-08 16:15:00+00:00,111348.58999999444,137.78999999999994
2026-08-08 16:30:00+00:00,111428.64999999444,80.06
2026-08-08 17:00:00+00:00,111684.92999999443,256.28
2026-08-08 17:30:00+00:00,111760.21999999443,75.29
2026-08-08 18:30:00+00:00,111644.20999999443,-116.01
2026-08-08 18:45:00+00:00,111880.45999999443,236.25
2026-08-08 19:00:00+00:00,111626.70999999443,-253.75
2026-08-08 19:15:00+00:00,111377.96999999443,-248.74000000000004
2026-08-08 19:30:00+00:00,111129.22999999442,-248.74000000000004
2026-08-08 19:45:00+00:00,111420.82999999443,291.6
2026-08-08 20:45:00+00:00,111548.92999999443,128.1
2026-08-08 21:00:00+00:00,111624.21999999443,75.28999999999995
2026-08-08 21:15:00+00:00,111513.40999999443,-110.81000000000002
2026-08-08 21:30:00+00:00,111259.65999999443,-253.75
2026-08-08 21:45:00+00:00,111607.44999999442,347.79
2026-08-08 22:00:00+00:00,111424.47999999442,-182.97000000000003
2026-08-08 22:15:00+00:00,111130.89999999442,-293.58000000000004
2026-08-08 22:30:00+00:00,110887.17999999442,-243.72000000000003
2026-08-08 23:00:00+00:00,110633.42999999442,-253.75
2026-08-08 23:15:00+00:00,110389.70999999442,-243.72000000000003
2026-08-08 23:30:00+00:00,110556.73999999442,167.03
2026-08-09 00:00:00+00:00,110613.03999999442,56.3
2026-08-09 00:15:00+00:00,110255.68999999441,-357.3500000000001
2026-08-09 00:30:00+00:00,110506.94999999441,251.26
2026-08-09 01:00:00+00:00,110644.7399999944,137.78999999999994
2026-08-09 01:15:00+00:00,110701.0399999944,56.3
2026-08-09 01:45:00+00:00,110897.5699999944,196.53
2026-08-09 02:15:00+00:00,110684.0999999944,-213.47000000000003
2026-08-09 02:30:00+00:00,110501.1299999944,-182.97000000000003
2026-08-09 03:00:00+00:00,110792.72999999441,291.6
2026-08-09 03:30:00+00:00,111150.82999999441,358.1
2026-08-09 03:45:00+00:00,111230.88999999441,80.05999999999995
2026-08-09 04:15:00+00:00,111373.5399999944,142.64999999999995
2026-08-09 05:15:00+00:00,111195.6799999944,-177.86
2026-08-09 05:30:00+00:00,110941.9299999944,-253.75
2026-08-09 05:45:00+00:00,110713.2999999944,-228.63
2026-08-09 06:00:00+00:00,111097.2899999944,383.99
2026-08-09 06:15:00+00:00,111235.0799999944,137.78999999999994
2026-08-09 07:45:00+00:00,111624.2699999944,389.19
2026-08-09 08:30:00+00:00,111956.6499999944,332.38
2026-08-09 08:45:00+00:00,111565.44999999441,-391.2
2026-08-09 09:00:00+00:00,111791.72999999441,226.28
2026-08-09 09:15:00+00:00,111944.10999999441,152.38
2026-08-09 09:30:00+00:00,111680.35999999441,-263.75
2026-08-09 09:45:00+00:00,111406.63999999441,-273.72
2026-08-09 10:00:00+00:00,111728.77999999441,322.14
2026-08-09 10:15:00+00:00,111571.4299999944,-157.34999999999997
2026-08-09 10:30:00+00:00,111322.6899999944,-248.74
2026-08-09 10:45:00+00:00,111494.6199999944,171.93
2026-08-09 12:15:00+00:00,111250.89999999439,-243.72000000000003
2026-08-09 12:45:00+00:00,111417.92999999439,167.03
2026-08-09 13:00:00+00:00,111654.17999999439,236.25
2026-08-09 14:00:00+00:00,111910.45999999439,256.28
2026-08-09 14:15:00+00:00,112004.85999999438,94.4
2026-08-09 15:00:00+00:00,112080.14999999438,75.28999999999995
2026-08-09 15:15:00+00:00,112160.20999999437,80.06
2026-08-09 15:45:00+00:00,111797.99999999437,-362.21000000000004
2026-08-09 16:15:00+00:00,111945.50999999436,147.50999999999993
2026-08-09 16:45:00+00:00,112006.54999999436,61.04
2026-08-09 17:30:00+00:00,112257.80999999435,251.26
2026-08-09 17:45:00+00:00,111994.05999999435,-263.75
2026-08-09 18:00:00+00:00,111730.30999999435,-263.75
2026-08-09 18:15:00+00:00,111976.55999999435,246.25
2026-08-09 18:30:00+00:00,112386.61999999435,410.06
2026-08-09 19:15:00+00:00,112652.94999999435,266.33
2026-08-09 20:00:00+00:00,112389.19999999435,-263.75
2026-08-09 20:15:00+00:00,112175.72999999435,-213.47000000000003
2026-08-09 20:30:00+00:00,112367.32999999436,191.6
2026-08-09 20:45:00+00:00,112578.69999999435,211.37
2026-08-09 21:00:00+00:00,112370.29999999436,-208.4
2026-08-09 21:30:00+00:00,112576.71999999436,206.41999999999993
2026-08-09 22:30:00+00:00,112788.08999999435,211.37
2026-08-09 23:00:00+00:00,113044.36999999435,256.28
2026-08-09 23:15:00+00:00,113119.65999999434,75.29
2026-08-09 23:45:00+00:00,113024.48999999434,-95.17000000000002
2026-08-10 00:00:00+00:00,112750.76999999434,-273.72
2026-08-10 00:15:00+00:00,112888.55999999434,137.78999999999994
2026-08-10 00:30:00+00:00,112940.12999999434,51.57
2026-08-10 01:00:00+00:00,113141.59999999435,201.46999999999994
2026-08-10 01:15:00+00:00,113284.24999999434,142.64999999999995
2026-08-10 01:30:00+00:00,113426.89999999433,142.64999999999995
2026-08-10 02:45:00+00:00,113564.68999999433,137.78999999999994
2026-08-10 03:15:00+00:00,113616.25999999433,51.57
2026-08-10 03:30:00+00:00,114010.65999999433,394.4
2026-08-10 03:45:00+00:00,113648.44999999432,-362.21000000000004
2026-08-10 04:00:00+00:00,113286.23999999432,-362.21000000000004
2026-08-10 04:15:00+00:00,113342.53999999432,56.3
2026-08-10 04:30:00+00:00,112898.83999999432,-443.7
2026-08-10 05:00:00+00:00,112541.48999999432,-357.3500000000001
2026-08-10 05:45:00+00:00,112616.77999999431,75.28999999999995
2026-08-10 06:30:00+00:00,112818.24999999431,201.46999999999994
2026-08-10 07:15:00+00:00,112888.77999999431,70.53
2026-08-10 07:45:00+00:00,113002.38999999431,113.61
2026-08-10 08:30:00+00:00,113063.4299999943,61.04
2026-08-10 09:00:00+00:00,113143.4899999943,80.05999999999995
2026-08-10 09:45:00+00:00,113017.0999999943,-126.39000000000001
2026-08-10 10:00:00+00:00,112849.4799999943,-167.62
2026-08-10 10:30:00+00:00,112492.1299999943,-357.3500000000001
2026-08-10 10:45:00+00:00,112120.2299999943,-371.9
2026-08-10 11:00:00+00:00,112366.4799999943,246.25
2026-08-10 11:15:00+00:00,111989.7399999943,-376.74
2026-08-10 11:30:00+00:00,112046.0399999943,56.3
2026-08-10 11:45:00+00:00,112097.60999999431,51.57
2026-08-10 12:15:00+00:00,111720.8699999943,-376.74
2026-08-10 13:00:00+00:00,111467.1199999943,-253.75
2026-08-10 13:15:00+00:00,111658.71999999431,191.6
2026-08-10 13:30:00+00:00,111875.04999999431,216.33
2026-08-10 14:00:00+00:00,111591.37999999431,-283.67
2026-08-10 14:15:00+00:00,111671.43999999431,80.05999999999995
2026-08-10 14:30:00+00:00,111799.53999999432,128.1
2026-08-10 14:45:00+00:00,112045.78999999432,246.25
2026-08-10 15:15:00+00:00,111847.53999999432,-198.25
2026-08-10 15:30:00+00:00,111499.91999999432,-347.62
2026-08-10 15:45:00+00:00,111196.44999999432,-303.47
2026-08-10 16:15:00+00:00,110839.09999999432,-357.3500000000001
2026-08-10 16:30:00+00:00,110656.12999999431,-182.97000000000003
2026-08-10 16:45:00+00:00,110293.91999999431,-362.21000000000004
2026-08-10 17:00:00+00:00,110121.1799999943,-172.74
2026-08-10 17:15:00+00:00,110438.2099999943,317.03
2026-08-10 17:45:00+00:00,110684.4599999943,246.25
2026-08-10 18:00:00+00:00,110568.44999999431,-116.01
2026-08-10 18:15:00+00:00,110720.82999999431,152.38
2026-08-10 18:30:00+00:00,110334.43999999431,-386.39
2026-08-10 18:45:00+00:00,110065.69999999431,-268.74
2026-08-10 19:00:00+00:00,110296.9599999943,231.26
2026-08-10 19:15:00+00:00,110434.7499999943,137.78999999999994
2026-08-10 19:30:00+00:00,110572.53999999429,137.78999999999994
2026-08-10 19:45:00+00:00,110633.57999999428,61.04
2026-08-10 20:00:00+00:00,110859.85999999428,226.28
2026-08-10 20:15:00+00:00,111002.50999999428,142.64999999999995
2026-08-10 20:30:00+00:00,111077.79999999427,75.28999999999995
2026-08-10 21:00:00+00:00,111157.85999999427,80.06
2026-08-10 21:30:00+00:00,111305.36999999426,147.50999999999993
2026-08-10 22:00:00+00:00,111112.20999999426,-193.16
2026-08-10 22:15:00+00:00,111318.62999999426,206.41999999999993
2026-08-10 22:30:00+00:00,111064.87999999426,-253.75
2026-08-10 23:00:00+00:00,111202.66999999425,137.78999999999994
2026-08-10 23:30:00+00:00,110787.49999999425,-415.1700000000001
2026-08-11 00:30:00+00:00,110339.06999999426,-448.43
2026-08-11 00:45:00+00:00,109976.85999999425,-362.21000000000004
2026-08-11 01:00:00+00:00,110033.15999999426,56.3
2026-08-11 02:15:00+00:00,110089.45999999426,56.3
2026-08-11 03:00:00+00:00,110179.06999999426,89.61
2026-08-11 04:00:00+00:00,110321.71999999425,142.64999999999995
2026-08-11 04:15:00+00:00,110406.54999999425,84.82999999999994
2026-08-11 04:45:00+00:00,110458.11999999426,51.57
2026-08-11 05:15:00+00:00,110852.51999999426,394.4
2026-08-11 05:45:00+00:00,111088.76999999426,236.25
2026-08-11 06:15:00+00:00,111472.75999999426,383.99
2026-08-11 06:45:00+00:00,111356.74999999427,-116.01
2026-08-11 07:00:00+00:00,111553.27999999427,196.53
2026-08-11 07:15:00+00:00,111633.33999999426,80.05999999999995
2026-08-11 08:15:00+00:00,111689.63999999427,56.3
2026-08-11 10:15:00+00:00,111760.16999999426,70.53
2026-08-11 10:45:00+00:00,111816.46999999427,56.3
2026-08-11 11:30:00+00:00,111886.99999999427,70.53
2026-08-11 12:45:00+00:00,112138.25999999426,251.26
2026-08-11 13:00:00+00:00,112384.50999999426,246.25
2026-08-11 13:45:00+00:00,112041.76999999426,-342.74
2026-08-11 14:00:00+00:00,112288.01999999426,246.25
2026-08-11 14:15:00+00:00,112396.81999999426,108.8
2026-08-11 14:45:00+00:00,112148.07999999425,-248.74000000000004
2026-08-11 15:00:00+00:00,111879.33999999425,-268.74
2026-08-11 15:15:00+00:00,112070.93999999425,191.6
2026-08-11 15:30:00+00:00,112327.21999999425,256.28
2026-08-11 16:00:00+00:00,112543.54999999425,216.33
2026-08-11 16:15:00+00:00,112294.80999999425,-248.74000000000004
2026-08-11 16:30:00+00:00,112408.41999999425,113.61
2026-08-11 16:45:00+00:00,112292.40999999426,-116.01
2026-08-11 17:00:00+00:00,112425.34999999426,132.94
2026-08-11 17:15:00+00:00,112572.85999999425,147.50999999999993
2026-08-11 18:45:00+00:00,112319.10999999425,-253.75
2026-08-11 19:00:00+00:00,112545.38999999425,226.28
2026-08-11 19:30:00+00:00,112683.17999999425,137.78999999999994
2026-08-11 20:00:00+00:00,112763.23999999424,80.05999999999995
2026-08-11 20:30:00+00:00,112833.76999999424,70.53
2026-08-11 20:45:00+00:00,112971.55999999424,137.78999999999994
2026-08-11 21:45:00+00:00,112717.80999999424,-253.75
2026-08-11 22:00:00+00:00,112860.45999999423,142.64999999999995
2026-08-11 22:15:00+00:00,112935.74999999422,75.28999999999995
2026-08-11 23:00:00+00:00,113252.77999999422,317.03
2026-08-11 23:30:00+00:00,113544.37999999423,291.6
2026-08-11 23:45:00+00:00,113624.43999999423,80.05999999999995
2026-08-12 01:30:00+00:00,113685.47999999422,61.04
2026-08-12 01:45:00+00:00,113823.26999999421,137.78999999999994
2026-08-12 02:45:00+00:00,113874.83999999422,51.57
2026-08-12 03:00:00+00:00,113626.09999999421,-248.74000000000004
2026-08-12 03:15:00+00:00,113187.13999999421,-438.96
2026-08-12 03:30:00+00:00,113329.7899999942,142.64999999999995
2026-08-12 04:00:00+00:00,113390.8299999942,61.04
2026-08-12 04:30:00+00:00,113637.0799999942,246.25
2026-08-12 04:45:00+00:00,113521.0699999942,-116.01
2026-08-12 05:00:00+00:00,113644.3299999942,123.26
2026-08-12 05:15:00+00:00,113890.5799999942,246.25
2026-08-12 05:30:00+00:00,113980.1899999942,89.61
2026-08-12 05:45:00+00:00,114127.69999999419,147.50999999999993
2026-08-12 06:00:00+00:00,113765.48999999418,-362.21000000000004
2026-08-12 06:30:00+00:00,113536.85999999418,-228.63
2026-08-12 06:45:00+00:00,113674.64999999417,137.78999999999994
2026-08-12 07:00:00+00:00,113797.90999999417,123.26
2026-08-12 07:15:00+00:00,113935.69999999416,137.78999999999994
2026-08-12 08:30:00+00:00,114073.48999999416,137.78999999999994
2026-08-12 09:00:00+00:00,114201.58999999416,128.1
2026-08-12 09:15:00+00:00,114447.83999999416,246.25
2026-08-12 10:15:00+00:00,114523.12999999415,75.28999999999995
2026-08-12 10:30:00+00:00,114574.69999999416,51.57
2026-08-12 10:45:00+00:00,114630.99999999416,56.3
2026-08-12 11:45:00+00:00,114268.78999999416,-362.21000000000004
2026-08-12 13:00:00+00:00,114421.16999999416,152.38
2026-08-12 13:30:00+00:00,114063.81999999416,-357.3500000000001
2026-08-12 13:45:00+00:00,114177.42999999416,113.61
2026-08-12 14:00:00+00:00,113815.21999999415,-362.21000000000004
2026-08-12 14:15:00+00:00,113714.82999999415,-100.39
2026-08-12 14:45:00+00:00,113496.29999999415,-218.53000000000003
2026-08-12 15:00:00+00:00,113242.54999999415,-253.75
2026-08-12 15:15:00+00:00,113544.29999999415,301.75
2026-08-12 15:30:00+00:00,113595.86999999416,51.57
2026-08-12 15:45:00+00:00,113743.37999999415,147.50999999999993
2026-08-12 16:15:00+00:00,113881.16999999415,137.78999999999994
2026-08-12 17:00:00+00:00,113765.15999999415,-116.01
2026-08-12 17:15:00+00:00,114011.40999999415,246.25
2026-08-12 17:30:00+00:00,113663.78999999416,-347.62
2026-08-12 17:45:00+00:00,113791.88999999416,128.1
2026-08-12 18:00:00+00:00,113367.17999999416,-424.71000000000004
2026-08-12 18:15:00+00:00,113495.27999999416,128.1
2026-08-12 18:45:00+00:00,113642.78999999416,147.50999999999993
2026-08-12 19:00:00+00:00,113459.81999999416,-182.97000000000003
2026-08-12 19:15:00+00:00,113602.46999999415,142.64999999999995
2026-08-12 19:30:00+00:00,113249.97999999415,-352.49000000000007
2026-08-12 19:45:00+00:00,112996.22999999415,-253.75
2026-08-12 20:00:00+00:00,113247.48999999414,251.26
2026-08-12 20:15:00+00:00,113375.58999999415,128.1
2026-08-12 20:30:00+00:00,113518.23999999414,142.64999999999995
2026-08-12 21:15:00+00:00,113593.52999999413,75.28999999999995
2026-08-12 21:45:00+00:00,113951.62999999414,358.1
2026-08-12 22:15:00+00:00,114212.92999999414,261.3
2026-08-12 22:30:00+00:00,113860.43999999414,-352.49000000000007
2026-08-12 23:00:00+00:00,114091.69999999413,231.26
2026-08-12 23:30:00+00:00,114347.97999999413,256.28
2026-08-12 23:45:00+00:00,113961.58999999413,-386.39
2026-08-13 00:45:00+00:00,114032.11999999413,70.53
2026-08-13 01:00:00+00:00,114088.41999999413,56.3
2026-08-13 01:45:00+00:00,114284.94999999413,196.53
2026-08-13 02:00:00+00:00,114653.37999999413,368.43
2026-08-13 02:15:00+00:00,114766.98999999413,113.61
2026-08-13 03:30:00+00:00,114328.02999999412,-438.96
2026-08-13 03:45:00+00:00,114389.06999999411,61.04
2026-08-13 05:30:00+00:00,114464.3599999941,75.28999999999995
2026-08-13 05:45:00+00:00,114651.0299999941,186.67
2026-08-13 06:00:00+00:00,114721.5599999941,70.53
2026-08-13 06:30:00+00:00,114773.12999999411,51.57
2026-08-13 07:00:00+00:00,114915.7799999941,142.64999999999995
2026-08-13 07:15:00+00:00,115147.0399999941,231.26
2026-08-13 07:30:00+00:00,115260.6499999941,113.61
2026-08-13 08:30:00+00:00,115155.0499999941,-105.6
2026-08-13 08:45:00+00:00,115406.30999999409,251.26
2026-08-13 09:15:00+00:00,115162.58999999409,-243.72000000000003
2026-08-13 09:30:00+00:00,115520.6899999941,358.1
2026-08-13 09:45:00+00:00,115663.33999999409,142.64999999999995
2026-08-13 10:30:00+00:00,115854.9399999941,191.6
2026-08-13 10:45:00+00:00,116254.5499999941,399.61
2026-08-13 11:00:00+00:00,116500.7999999941,246.25
2026-08-13 11:45:00+00:00,116692.3999999941,191.6
2026-08-13 12:00:00+00:00,116839.9099999941,147.50999999999993
2026-08-13 12:15:00+00:00,117172.2899999941,332.38
2026-08-13 12:45:00+00:00,117314.9399999941,142.64999999999995
2026-08-13 13:00:00+00:00,117390.22999999409,75.28999999999995
2026-08-13 14:15:00+00:00,117503.83999999409,113.61
2026-08-13 14:30:00+00:00,117146.48999999408,-357.3500000000001
2026-08-13 14:45:00+00:00,117202.78999999409,56.3
2026-08-13 15:15:00+00:00,116840.57999999408,-362.21000000000004
2026-08-13 15:45:00+00:00,117076.82999999408,236.25
2026-08-13 16:15:00+00:00,117323.07999999408,246.25
2026-08-13 16:30:00+00:00,117084.37999999408,-238.7
2026-08-13 16:45:00+00:00,116712.47999999409,-371.9
2026-08-13 17:00:00+00:00,116928.80999999409,216.33
2026-08-13 17:15:00+00:00,116675.05999999409,-253.75
2026-08-13 17:30:00+00:00,116798.31999999408,123.26
2026-08-13 17:45:00+00:00,116916.74999999408,118.43
2026-08-13 18:15:00+00:00,117233.77999999408,317.03
2026-08-13 18:45:00+00:00,117357.03999999407,123.26
2026-08-13 19:30:00+00:00,117470.64999999407,113.61
2026-08-13 20:00:00+00:00,117108.43999999407,-362.21000000000004
2026-08-13 20:15:00+00:00,117246.22999999406,137.78999999999994
2026-08-13 20:30:00+00:00,117331.05999999406,84.82999999999994
2026-08-13 20:45:00+00:00,117077.30999999406,-253.75
2026-08-13 21:00:00+00:00,117394.33999999406,317.03
2026-08-13 21:30:00+00:00,117536.98999999405,142.64999999999995
2026-08-13 21:45:00+00:00,117674.77999999405,137.78999999999994
2026-08-13 22:00:00+00:00,117817.42999999404,142.64999999999995
2026-08-13 23:30:00+00:00,117921.41999999405,103.99
2026-08-14 00:00:00+00:00,118347.19999999405,425.78
2026-08-14 01:15:00+00:00,118422.48999999404,75.29
2026-08-14 02:00:00+00:00,118074.86999999404,-347.61999999999995
2026-08-14 02:15:00+00:00,118351.28999999404,276.42
2026-08-14 03:15:00+00:00,118766.57999999404,415.29
2026-08-14 03:45:00+00:00,118588.71999999403,-177.86
2026-08-14 04:00:00+00:00,118504.00999999403,-84.71
2026-08-14 04:15:00+00:00,118862.10999999403,358.1
2026-08-14 04:30:00+00:00,118975.71999999403,113.61
2026-08-14 05:30:00+00:00,119055.77999999403,80.06
2026-08-14 06:45:00+00:00,118616.81999999403,-438.96
2026-08-14 07:00:00+00:00,118444.07999999402,-172.74
2026-08-14 07:15:00+00:00,118690.32999999402,246.25
2026-08-14 08:45:00+00:00,118808.75999999401,118.43
2026-08-14 09:15:00+00:00,119050.00999999401,241.25
2026-08-14 09:30:00+00:00,118649.19999999402,-400.81
2026-08-14 10:00:00+00:00,118714.97999999402,65.78
2026-08-14 10:45:00+00:00,118776.01999999401,61.04
2026-08-14 12:00:00+00:00,118899.279999994,123.26
2026-08-14 13:00:00+00:00,118556.539999994,-342.74
2026-08-14 13:30:00+00:00,118622.319999994,65.78
2026-08-14 14:15:00+00:00,118192.849999994,-429.47
2026-08-14 14:45:00+00:00,118253.88999999399,61.04
2026-08-14 16:00:00+00:00,118035.35999999399,-218.53000000000003
2026-08-14 16:15:00+00:00,117771.60999999399,-263.75
2026-08-14 16:30:00+00:00,117588.63999999399,-182.97
2026-08-14 16:45:00+00:00,117280.239999994,-308.4
2026-08-14 17:00:00+00:00,117526.489999994,246.25
2026-08-14 17:15:00+00:00,117338.41999999399,-188.07
2026-08-14 17:30:00+00:00,117109.78999999398,-228.62999999999997
2026-08-14 17:45:00+00:00,117391.25999999398,281.47
2026-08-14 18:15:00+00:00,117048.51999999398,-342.74
2026-08-14 19:30:00+00:00,117200.89999999398,152.38
2026-08-14 21:00:00+00:00,116853.27999999399,-347.62
2026-08-14 21:15:00+00:00,116423.80999999399,-429.47
2026-08-14 22:30:00+00:00,116297.41999999399,-126.39000000000001
2026-08-14 22:45:00+00:00,116528.67999999398,231.26
