ts,window_open,close_time,side,price,contracts,p_model,market_mid,edge,tau_min,fee,result,pnl,bankroll_after
2026-06-07 23:45:00+00:00,2026-06-07 23:45:00+00:00,2026-06-08 00:00:00+00:00,no,0.54,370,0.3787128712871287,0.47,0.061287128712871244,14,6.44,1,-206.24,9793.76
2026-06-08 00:03:00+00:00,2026-06-08 00:00:00+00:00,2026-06-08 00:15:00+00:00,no,0.63,310,0.31916996047430835,0.375,0.03083003952569165,11,5.06,0,109.63999999999999,9903.4
2026-06-08 00:15:00+00:00,2026-06-08 00:15:00+00:00,2026-06-08 00:30:00+00:00,no,0.5700000000000001,347,0.31916996047430835,0.435,0.09083003952569159,14,5.96,1,-203.75000000000003,9699.65
2026-06-08 00:31:00+00:00,2026-06-08 00:30:00+00:00,2026-06-08 00:45:00+00:00,no,0.45999999999999996,421,0.4408352668213457,0.545,0.07916473317865426,13,7.33,1,-200.99,9498.66
2026-06-08 00:45:00+00:00,2026-06-08 00:45:00+00:00,2026-06-08 01:00:00+00:00,no,0.6799999999999999,279,0.19457013574660634,0.325,0.10542986425339375,14,4.25,0,85.03000000000003,9583.69
2026-06-08 01:01:00+00:00,2026-06-08 01:00:00+00:00,2026-06-08 01:15:00+00:00,no,0.6599999999999999,290,0.2523291925465839,0.345,0.06767080745341615,13,4.56,0,94.04000000000002,9677.730000000001
2026-06-08 01:15:00+00:00,2026-06-08 01:15:00+00:00,2026-06-08 01:30:00+00:00,no,0.6599999999999999,293,0.2523291925465839,0.345,0.06767080745341615,14,4.61,0,95.01000000000003,9772.740000000002
2026-06-08 01:30:00+00:00,2026-06-08 01:30:00+00:00,2026-06-08 01:45:00+00:00,no,0.5700000000000001,342,0.3448275862068965,0.435,0.06517241379310336,14,5.87,1,-200.81000000000003,9571.930000000002
2026-06-08 01:57:00+00:00,2026-06-08 01:45:00+00:00,2026-06-08 02:00:00+00:00,no,0.06699999999999995,500,0.8560371517027864,0.934,0.06696284829721368,2,2.19,1,-35.68999999999997,9536.240000000002
2026-06-08 02:05:00+00:00,2026-06-08 02:00:00+00:00,2026-06-08 02:15:00+00:00,no,0.75,254,0.19457013574660634,0.255,0.035429864253393686,9,3.34,0,60.16,9596.400000000001
2026-06-08 02:22:00+00:00,2026-06-08 02:15:00+00:00,2026-06-08 02:30:00+00:00,yes,0.36,500,0.4111111111111111,0.355,0.031111111111111107,7,8.07,0,-188.07,9408.330000000002
2026-06-08 02:34:00+00:00,2026-06-08 02:30:00+00:00,2026-06-08 02:45:00+00:00,no,0.75,250,0.19457013574660634,0.255,0.035429864253393686,10,3.29,0,59.21,9467.54
2026-06-08 03:03:00+00:00,2026-06-08 03:00:00+00:00,2026-06-08 03:15:00+00:00,no,0.77,245,0.18,0.235,0.030000000000000044,11,3.04,1,-191.69,9275.85
2026-06-08 03:19:00+00:00,2026-06-08 03:15:00+00:00,2026-06-08 03:30:00+00:00,yes,0.32,500,0.3787128712871287,0.315,0.038712871287128706,10,7.62,0,-167.62,9108.23
2026-06-08 03:36:00+00:00,2026-06-08 03:30:00+00:00,2026-06-08 03:45:00+00:00,no,0.5,364,0.4408352668213457,0.505,0.039164733178654224,8,6.37,0,175.63,9283.859999999999
2026-06-08 03:50:00+00:00,2026-06-08 03:45:00+00:00,2026-06-08 04:00:00+00:00,yes,0.31,500,0.3787128712871287,0.305,0.048712871287128715,9,7.49,0,-162.49,9121.369999999999
2026-06-08 04:04:00+00:00,2026-06-08 04:00:00+00:00,2026-06-08 04:15:00+00:00,no,0.8200000000000001,222,0.12261904761904761,0.185,0.037380952380952306,10,2.3,0,37.65999999999998,9159.029999999999
2026-06-08 04:28:00+00:00,2026-06-08 04:15:00+00:00,2026-06-08 04:30:00+00:00,yes,0.036,500,0.12261904761904761,0.0335,0.07661904761904763,1,1.22,0,-19.22,9139.81
2026-06-08 04:45:00+00:00,2026-06-08 04:45:00+00:00,2026-06-08 05:00:00+00:00,yes,0.72,253,0.7970244420828906,0.715,0.057024442082890606,14,3.58,1,67.26,9207.07
2026-06-08 05:00:00+00:00,2026-06-08 05:00:00+00:00,2026-06-08 05:15:00+00:00,yes,0.49,375,0.6388384754990927,0.485,0.1288384754990927,14,6.56,0,-190.31,9016.76
2026-06-08 05:19:00+00:00,2026-06-08 05:15:00+00:00,2026-06-08 05:30:00+00:00,yes,0.74,243,0.8294209702660407,0.735,0.06942097026604067,10,3.28,1,59.900000000000006,9076.66
2026-06-08 06:15:00+00:00,2026-06-08 06:15:00+00:00,2026-06-08 06:30:00+00:00,no,0.6699999999999999,270,0.2523291925465839,0.335,0.05767080745341614,14,4.18,1,-185.07999999999998,8891.58
2026-06-08 06:32:00+00:00,2026-06-08 06:30:00+00:00,2026-06-08 06:45:00+00:00,no,0.51,348,0.4342105263157895,0.495,0.035789473684210496,12,6.09,0,164.43,9056.01
2026-06-08 07:01:00+00:00,2026-06-08 07:00:00+00:00,2026-06-08 07:15:00+00:00,no,0.6699999999999999,270,0.2523291925465839,0.335,0.05767080745341614,13,4.18,1,-185.07999999999998,8870.93
2026-06-08 07:16:00+00:00,2026-06-08 07:15:00+00:00,2026-06-08 07:30:00+00:00,no,0.49,362,0.4111111111111111,0.515,0.07888888888888891,13,6.34,1,-183.72,8687.210000000001
2026-06-08 08:00:00+00:00,2026-06-08 08:00:00+00:00,2026-06-08 08:15:00+00:00,no,0.6799999999999999,255,0.2523291925465839,0.325,0.047670807453416134,14,3.89,0,77.71000000000002,8764.92
2026-06-08 08:25:00+00:00,2026-06-08 08:15:00+00:00,2026-06-08 08:30:00+00:00,yes,0.097,500,0.15988372093023256,0.0915,0.05288372093023256,4,3.07,0,-51.57,8713.35
2026-06-08 08:37:00+00:00,2026-06-08 08:30:00+00:00,2026-06-08 08:45:00+00:00,no,0.20999999999999996,500,0.7231968810916181,0.795,0.04680311890838197,7,5.81,1,-110.80999999999999,8602.54
2026-06-08 09:16:00+00:00,2026-06-08 09:15:00+00:00,2026-06-08 09:30:00+00:00,no,0.06000000000000005,500,0.8560371517027864,0.943,0.07396284829721357,13,1.98,1,-31.98000000000003,8570.560000000001
2026-06-08 09:37:00+00:00,2026-06-08 09:30:00+00:00,2026-06-08 09:45:00+00:00,yes,0.17,500,0.23664122137404583,0.165,0.05664122137404582,7,4.94,0,-89.94,8480.62
2026-06-08 09:50:00+00:00,2026-06-08 09:45:00+00:00,2026-06-08 10:00:00+00:00,no,0.15000000000000002,500,0.7970244420828906,0.855,0.04297555791710939,9,4.47,1,-79.47000000000001,8401.150000000001
2026-06-08 10:38:00+00:00,2026-06-08 10:30:00+00:00,2026-06-08 10:45:00+00:00,no,0.10999999999999999,500,0.8468468468468469,0.895,0.033153153153153155,6,3.43,1,-58.42999999999999,8342.720000000001
2026-06-08 10:47:00+00:00,2026-06-08 10:45:00+00:00,2026-06-08 11:00:00+00:00,yes,0.2,500,0.2523291925465839,0.195,0.03232919254658391,12,5.6,0,-105.6,8237.12
2026-06-08 11:01:00+00:00,2026-06-08 11:00:00+00:00,2026-06-08 11:15:00+00:00,no,0.71,232,0.23664122137404583,0.295,0.03335877862595417,13,3.35,1,-168.07,8069.050000000001
2026-06-08 11:15:00+00:00,2026-06-08 11:15:00+00:00,2026-06-08 11:30:00+00:00,no,0.24,500,0.6571428571428571,0.765,0.08285714285714287,14,6.39,1,-126.39,7942.660000000001
2026-06-08 11:33:00+00:00,2026-06-08 11:30:00+00:00,2026-06-08 11:45:00+00:00,no,0.63,252,0.31916996047430835,0.375,0.03083003952569165,11,4.12,1,-162.88,7779.780000000001
2026-06-08 12:19:00+00:00,2026-06-08 12:15:00+00:00,2026-06-08 12:30:00+00:00,yes,0.46,338,0.5148148148148147,0.455,0.0348148148148147,10,5.88,1,176.64,7956.420000000001
2026-06-08 12:30:00+00:00,2026-06-08 12:30:00+00:00,2026-06-08 12:45:00+00:00,no,0.21999999999999997,500,0.7231968810916181,0.785,0.03680311890838196,14,6.01,1,-116.00999999999999,7840.410000000001
2026-06-08 12:45:00+00:00,2026-06-08 12:45:00+00:00,2026-06-08 13:00:00+00:00,no,0.63,248,0.31916996047430835,0.375,0.03083003952569165,14,4.05,1,-160.29000000000002,7680.120000000001
2026-06-08 13:02:00+00:00,2026-06-08 13:00:00+00:00,2026-06-08 13:15:00+00:00,no,0.6599999999999999,232,0.2523291925465839,0.345,0.06767080745341615,12,3.65,1,-156.76999999999998,7523.35
2026-06-08 13:15:00+00:00,2026-06-08 13:15:00+00:00,2026-06-08 13:30:00+00:00,no,0.5800000000000001,259,0.31916996047430835,0.425,0.08083003952569158,14,4.42,0,104.35999999999997,7627.71
2026-06-08 13:43:00+00:00,2026-06-08 13:30:00+00:00,2026-06-08 13:45:00+00:00,yes,0.024,500,0.12261904761904761,0.0235,0.08861904761904761,1,0.82,0,-12.82,7614.89
2026-06-08 14:00:00+00:00,2026-06-08 14:00:00+00:00,2026-06-08 14:15:00+00:00,yes,0.44,346,0.5148148148148147,0.435,0.05481481481481472,14,5.97,1,187.79,7802.68
2026-06-08 14:17:00+00:00,2026-06-08 14:15:00+00:00,2026-06-08 14:30:00+00:00,no,0.75,208,0.19457013574660634,0.255,0.035429864253393686,12,2.73,0,49.27,7851.950000000001
2026-06-08 14:37:00+00:00,2026-06-08 14:30:00+00:00,2026-06-08 14:45:00+00:00,no,0.48,327,0.4408352668213457,0.525,0.05916473317865424,7,5.72,1,-162.68,7689.27
2026-06-08 14:53:00+00:00,2026-06-08 14:45:00+00:00,2026-06-08 15:00:00+00:00,yes,0.47,327,0.5403882279273641,0.46499999999999997,0.050388227927364096,6,5.71,1,167.6,7856.870000000001
2026-06-08 15:04:00+00:00,2026-06-08 15:00:00+00:00,2026-06-08 15:15:00+00:00,no,0.55,285,0.3787128712871287,0.455,0.051287128712871236,10,4.94,1,-161.69,7695.180000000001
2026-06-08 15:24:00+00:00,2026-06-08 15:15:00+00:00,2026-06-08 15:30:00+00:00,yes,0.26,500,0.31916996047430835,0.255,0.03916996047430833,5,6.74,0,-136.74,7558.440000000001
2026-06-08 15:52:00+00:00,2026-06-08 15:45:00+00:00,2026-06-08 16:00:00+00:00,yes,0.88,171,0.9230769230769231,0.87,0.03307692307692312,7,1.27,0,-151.75,7406.690000000001
2026-06-08 16:06:00+00:00,2026-06-08 16:00:00+00:00,2026-06-08 16:15:00+00:00,no,0.09799999999999998,500,0.8560371517027864,0.9055,0.03596284829721364,8,3.1,1,-52.09999999999999,7354.590000000001
2026-06-08 16:17:00+00:00,2026-06-08 16:15:00+00:00,2026-06-08 16:30:00+00:00,no,0.28,500,0.660952380952381,0.725,0.03904761904761901,12,7.06,1,-147.06,7207.530000000001
2026-06-08 17:01:00+00:00,2026-06-08 17:00:00+00:00,2026-06-08 17:15:00+00:00,no,0.6799999999999999,211,0.2523291925465839,0.325,0.047670807453416134,13,3.22,0,64.30000000000001,7271.830000000001
2026-06-08 18:06:00+00:00,2026-06-08 18:00:00+00:00,2026-06-08 18:15:00+00:00,no,0.09399999999999997,500,0.8560371517027864,0.9075,0.039962848297213645,8,2.99,1,-49.98999999999999,7221.840000000001
2026-06-08 18:22:00+00:00,2026-06-08 18:15:00+00:00,2026-06-08 18:30:00+00:00,yes,0.38,380,0.4342105263157895,0.375,0.03421052631578948,7,6.27,1,229.32999999999998,7451.170000000001
2026-06-08 18:45:00+00:00,2026-06-08 18:45:00+00:00,2026-06-08 19:00:00+00:00,yes,0.46,323,0.5148148148148147,0.455,0.0348148148148147,14,5.62,0,-154.20000000000002,7296.970000000001
2026-06-08 19:06:00+00:00,2026-06-08 19:00:00+00:00,2026-06-08 19:15:00+00:00,no,0.28,500,0.660952380952381,0.725,0.03904761904761901,8,7.06,0,352.94,7649.910000000001
2026-06-08 19:24:00+00:00,2026-06-08 19:15:00+00:00,2026-06-08 19:30:00+00:00,no,0.5,305,0.4342105263157895,0.505,0.045789473684210505,5,5.34,1,-157.84,7492.070000000001
2026-06-08 19:36:00+00:00,2026-06-08 19:30:00+00:00,2026-06-08 19:45:00+00:00,no,0.5700000000000001,262,0.3448275862068965,0.435,0.06517241379310336,8,4.5,0,108.16,7600.2300000000005
2026-06-08 19:53:00+00:00,2026-06-08 19:45:00+00:00,2026-06-08 20:00:00+00:00,no,0.78,194,0.12261904761904761,0.22999999999999998,0.07738095238095234,6,2.34,0,40.34,7640.570000000001
2026-06-08 20:07:00+00:00,2026-06-08 20:00:00+00:00,2026-06-08 20:15:00+00:00,no,0.49,311,0.4342105263157895,0.515,0.055789473684210514,7,5.45,0,153.16000000000003,7793.7300000000005
2026-06-08 20:17:00+00:00,2026-06-08 20:15:00+00:00,2026-06-08 20:30:00+00:00,yes,0.29,500,0.4111111111111111,0.28500000000000003,0.10111111111111111,12,7.21,0,-152.21,7641.52
2026-06-08 20:30:00+00:00,2026-06-08 20:30:00+00:00,2026-06-08 20:45:00+00:00,yes,0.6,254,0.6571428571428571,0.595,0.03714285714285716,14,4.27,1,97.33,7738.85
2026-06-08 20:48:00+00:00,2026-06-08 20:45:00+00:00,2026-06-08 21:00:00+00:00,yes,0.58,266,0.6388384754990927,0.575,0.03883847549909271,11,4.54,1,107.17999999999999,7846.030000000001
2026-06-08 21:03:00+00:00,2026-06-08 21:00:00+00:00,2026-06-08 21:15:00+00:00,yes,0.86,182,0.9245742092457421,0.855,0.054574209245742085,11,1.54,1,23.93999999999999,7869.97
2026-06-08 21:24:00+00:00,2026-06-08 21:15:00+00:00,2026-06-08 21:30:00+00:00,yes,0.35,449,0.4342105263157895,0.345,0.06421052631578951,5,7.16,0,-164.30999999999997,7705.66
2026-06-08 21:31:00+00:00,2026-06-08 21:30:00+00:00,2026-06-08 21:45:00+00:00,no,0.6799999999999999,226,0.2523291925465839,0.325,0.047670807453416134,13,3.45,1,-157.12999999999997,7548.53
2026-06-08 21:47:00+00:00,2026-06-08 21:45:00+00:00,2026-06-08 22:00:00+00:00,no,0.71,212,0.23664122137404583,0.3,0.03335877862595417,12,3.06,0,58.420000000000016,7606.95
2026-06-08 22:02:00+00:00,2026-06-08 22:00:00+00:00,2026-06-08 22:15:00+00:00,no,0.901,168,0.05089058524173028,0.10450000000000001,0.038109414758269684,12,1.05,0,15.582000000000004,7622.532
2026-06-08 22:16:00+00:00,2026-06-08 22:15:00+00:00,2026-06-08 22:30:00+00:00,yes,0.6,254,0.6571428571428571,0.595,0.03714285714285716,13,4.27,1,97.33,7719.862
2026-06-08 22:30:00+00:00,2026-06-08 22:30:00+00:00,2026-06-08 22:45:00+00:00,yes,0.49,315,0.5403882279273641,0.485,0.03038822792736408,14,5.52,0,-159.87,7559.992
2026-06-08 22:46:00+00:00,2026-06-08 22:45:00+00:00,2026-06-08 23:00:00+00:00,yes,0.44,343,0.5148148148148147,0.435,0.05481481481481472,13,5.92,1,186.16000000000003,7746.152
2026-06-08 23:02:00+00:00,2026-06-08 23:00:00+00:00,2026-06-08 23:15:00+00:00,no,0.6,258,0.3448275862068965,0.405,0.035172413793103444,12,4.34,1,-159.14,7587.012
2026-06-08 23:35:00+00:00,2026-06-08 23:30:00+00:00,2026-06-08 23:45:00+00:00,yes,0.2,500,0.2523291925465839,0.195,0.03232919254658391,9,5.6,0,-105.6,7481.411999999999
2026-06-08 23:53:00+00:00,2026-06-08 23:45:00+00:00,2026-06-09 00:00:00+00:00,yes,0.11,500,0.15988372093023256,0.10500000000000001,0.03988372093023256,6,3.43,0,-58.43,7422.981999999999
2026-06-09 00:03:00+00:00,2026-06-09 00:00:00+00:00,2026-06-09 00:15:00+00:00,no,0.51,291,0.4342105263157895,0.495,0.035789473684210496,11,5.1,0,137.49,7560.471999999999
2026-06-09 00:17:00+00:00,2026-06-09 00:15:00+00:00,2026-06-09 00:30:00+00:00,no,0.29000000000000004,485,0.6571428571428571,0.715,0.03285714285714282,12,7.0,0,337.35,7897.821999999999
2026-06-09 00:34:00+00:00,2026-06-09 00:30:00+00:00,2026-06-09 00:45:00+00:00,yes,0.48,329,0.5403882279273641,0.47,0.04038822792736409,10,5.75,0,-163.67,7734.151999999999
2026-06-09 00:55:00+00:00,2026-06-09 00:45:00+00:00,2026-06-09 01:00:00+00:00,yes,0.081,500,0.12261904761904761,0.0805,0.03161904761904761,4,2.61,0,-43.11,7691.0419999999995
2026-06-09 01:10:00+00:00,2026-06-09 01:00:00+00:00,2026-06-09 01:15:00+00:00,no,0.09599999999999997,500,0.8560371517027864,0.905,0.03796284829721364,4,3.04,1,-51.039999999999985,7640.0019999999995
2026-06-09 01:19:00+00:00,2026-06-09 01:15:00+00:00,2026-06-09 01:30:00+00:00,yes,0.46,332,0.5148148148148147,0.455,0.0348148148148147,10,5.78,1,173.5,7813.5019999999995
2026-06-09 01:38:00+00:00,2026-06-09 01:30:00+00:00,2026-06-09 01:45:00+00:00,yes,0.11,500,0.15988372093023256,0.10500000000000001,0.03988372093023256,6,3.43,0,-58.43,7755.071999999999
2026-06-09 02:00:00+00:00,2026-06-09 02:00:00+00:00,2026-06-09 02:15:00+00:00,yes,0.46,337,0.5148148148148147,0.455,0.0348148148148147,14,5.86,0,-160.88000000000002,7594.191999999999
2026-06-09 02:23:00+00:00,2026-06-09 02:15:00+00:00,2026-06-09 02:30:00+00:00,yes,0.16,500,0.2523291925465839,0.155,0.08232919254658393,6,4.71,1,415.29,8009.481999999999
2026-06-09 02:32:00+00:00,2026-06-09 02:30:00+00:00,2026-06-09 02:45:00+00:00,no,0.51,314,0.4342105263157895,0.495,0.035789473684210496,12,5.5,0,148.35999999999999,8157.841999999999
2026-06-09 02:49:00+00:00,2026-06-09 02:45:00+00:00,2026-06-09 03:00:00+00:00,no,0.15000000000000002,500,0.7970244420828906,0.855,0.04297555791710939,10,4.47,1,-79.47000000000001,8078.3719999999985
2026-06-09 03:12:00+00:00,2026-06-09 03:00:00+00:00,2026-06-09 03:15:00+00:00,yes,0.77,209,0.8294209702660407,0.765,0.03942097026604065,2,2.6,1,45.46999999999999,8123.841999999999
2026-06-09 03:41:00+00:00,2026-06-09 03:30:00+00:00,2026-06-09 03:45:00+00:00,yes,0.14,500,0.19457013574660634,0.13,0.04457013574660632,3,4.22,0,-74.22,8049.6219999999985
2026-06-09 03:51:00+00:00,2026-06-09 03:45:00+00:00,2026-06-09 04:00:00+00:00,no,0.6799999999999999,236,0.2523291925465839,0.325,0.047670807453416134,8,3.6,1,-164.07999999999998,7885.541999999999
2026-06-09 04:02:00+00:00,2026-06-09 04:00:00+00:00,2026-06-09 04:15:00+00:00,no,0.63,250,0.31916996047430835,0.375,0.03083003952569165,12,4.08,1,-161.58,7723.961999999999
2026-06-09 04:31:00+00:00,2026-06-09 04:30:00+00:00,2026-06-09 04:45:00+00:00,no,0.6,257,0.31916996047430835,0.405,0.06083003952569167,13,4.32,1,-158.51999999999998,7565.441999999999
2026-06-09 04:46:00+00:00,2026-06-09 04:45:00+00:00,2026-06-09 05:00:00+00:00,no,0.27,500,0.642512077294686,0.74,0.06748792270531402,13,6.9,1,-141.9,7423.5419999999995
2026-06-09 05:13:00+00:00,2026-06-09 05:00:00+00:00,2026-06-09 05:15:00+00:00,yes,0.13,500,0.31916996047430835,0.125,0.17916996047430833,1,3.96,1,431.04,7854.581999999999
2026-06-09 05:20:00+00:00,2026-06-09 05:15:00+00:00,2026-06-09 05:30:00+00:00,no,0.19999999999999996,500,0.7231968810916181,0.805,0.05680311890838198,9,5.6,1,-105.59999999999997,7748.981999999999
2026-06-09 05:30:00+00:00,2026-06-09 05:30:00+00:00,2026-06-09 05:45:00+00:00,no,0.53,292,0.4111111111111111,0.475,0.038888888888888876,14,5.1,1,-159.86,7589.121999999999
2026-06-09 05:45:00+00:00,2026-06-09 05:45:00+00:00,2026-06-09 06:00:00+00:00,no,0.5,303,0.4342105263157895,0.505,0.045789473684210505,14,5.31,0,146.19,7735.311999999999
2026-06-09 06:00:00+00:00,2026-06-09 06:00:00+00:00,2026-06-09 06:15:00+00:00,no,0.64,241,0.2523291925465839,0.365,0.08767080745341606,14,3.89,1,-158.13,7577.181999999999
2026-06-09 06:30:00+00:00,2026-06-09 06:30:00+00:00,2026-06-09 06:45:00+00:00,no,0.5,303,0.4342105263157895,0.505,0.045789473684210505,14,5.31,0,146.19,7723.3719999999985
2026-06-09 06:49:00+00:00,2026-06-09 06:45:00+00:00,2026-06-09 07:00:00+00:00,yes,0.39,396,0.6571428571428571,0.385,0.24714285714285714,10,6.6,0,-161.04,7562.3319999999985
2026-06-09 07:03:00+00:00,2026-06-09 07:00:00+00:00,2026-06-09 07:15:00+00:00,yes,0.77,196,0.8294209702660407,0.765,0.03942097026604065,11,2.43,1,42.649999999999984,7604.981999999998
2026-06-09 07:15:00+00:00,2026-06-09 07:15:00+00:00,2026-06-09 07:30:00+00:00,no,0.5900000000000001,257,0.31916996047430835,0.42,0.07083003952569157,14,4.36,0,101.00999999999998,7705.991999999998
2026-06-09 07:35:00+00:00,2026-06-09 07:30:00+00:00,2026-06-09 07:45:00+00:00,no,0.18000000000000005,500,0.7231968810916181,0.825,0.07680311890838189,9,5.17,1,-95.17000000000003,7610.821999999998
2026-06-09 07:47:00+00:00,2026-06-09 07:45:00+00:00,2026-06-09 08:00:00+00:00,no,0.51,298,0.4342105263157895,0.495,0.035789473684210496,12,5.22,0,140.8,7751.6219999999985
2026-06-09 08:01:00+00:00,2026-06-09 08:00:00+00:00,2026-06-09 08:15:00+00:00,no,0.6799999999999999,227,0.2523291925465839,0.325,0.047670807453416134,13,3.46,0,69.18000000000002,7820.801999999999
2026-06-09 08:17:00+00:00,2026-06-09 08:15:00+00:00,2026-06-09 08:30:00+00:00,yes,0.45,347,0.5148148148148147,0.445,0.04481481481481471,12,6.02,0,-162.17000000000002,7658.631999999999
2026-06-09 08:36:00+00:00,2026-06-09 08:30:00+00:00,2026-06-09 08:45:00+00:00,yes,0.73,209,0.7970244420828906,0.725,0.0470244420828906,8,2.89,1,53.540000000000006,7712.171999999999
2026-06-09 09:03:00+00:00,2026-06-09 09:00:00+00:00,2026-06-09 09:15:00+00:00,yes,0.44,350,0.5148148148148147,0.435,0.05481481481481472,11,6.04,0,-160.04,7552.131999999999
2026-06-09 09:15:00+00:00,2026-06-09 09:15:00+00:00,2026-06-09 09:30:00+00:00,yes,0.66,228,0.7231968810916181,0.655,0.043196881091618025,14,3.59,1,73.92999999999998,7626.061999999999
2026-06-09 09:47:00+00:00,2026-06-09 09:45:00+00:00,2026-06-09 10:00:00+00:00,yes,0.57,267,0.630952380952381,0.565,0.04095238095238109,12,4.59,1,110.22,7736.281999999999
2026-06-09 10:03:00+00:00,2026-06-09 10:00:00+00:00,2026-06-09 10:15:00+00:00,yes,0.73,211,0.7970244420828906,0.725,0.0470244420828906,11,2.92,1,54.05,7790.331999999999
2026-06-09 10:18:00+00:00,2026-06-09 10:15:00+00:00,2026-06-09 10:30:00+00:00,yes,0.46,338,0.5148148148148147,0.455,0.0348148148148147,11,5.88,1,176.64,7966.972
2026-06-09 10:32:00+00:00,2026-06-09 10:30:00+00:00,2026-06-09 10:45:00+00:00,no,0.62,256,0.3229166666666667,0.385,0.03708333333333326,12,4.23,0,93.05,8060.022
2026-06-09 11:16:00+00:00,2026-06-09 11:15:00+00:00,2026-06-09 11:30:00+00:00,yes,0.45,358,0.5148148148148147,0.445,0.04481481481481471,13,6.21,1,190.69,8250.712
2026-06-09 11:35:00+00:00,2026-06-09 11:30:00+00:00,2026-06-09 11:45:00+00:00,no,0.4,412,0.5403882279273641,0.605,0.0396117720726359,9,6.93,1,-171.73000000000002,8078.982
2026-06-09 11:47:00+00:00,2026-06-09 11:45:00+00:00,2026-06-09 12:00:00+00:00,yes,0.49,329,0.5403882279273641,0.485,0.03038822792736408,12,5.76,1,162.03,8241.012
2026-06-09 12:01:00+00:00,2026-06-09 12:00:00+00:00,2026-06-09 12:15:00+00:00,yes,0.63,261,0.7231968810916181,0.625,0.07319688109161805,13,4.26,1,92.30999999999999,8333.322
2026-06-09 12:19:00+00:00,2026-06-09 12:15:00+00:00,2026-06-09 12:30:00+00:00,no,0.51,326,0.4342105263157895,0.495,0.035789473684210496,10,5.71,0,154.03,8487.352
2026-06-09 12:32:00+00:00,2026-06-09 12:30:00+00:00,2026-06-09 12:45:00+00:00,no,0.51,332,0.4342105263157895,0.495,0.035789473684210496,12,5.81,0,156.87,8644.222000000002
2026-06-09 12:55:00+00:00,2026-06-09 12:45:00+00:00,2026-06-09 13:00:00+00:00,no,0.08999999999999997,500,0.8560371517027864,0.913,0.04396284829721365,4,2.87,1,-47.86999999999998,8596.352
2026-06-09 13:04:00+00:00,2026-06-09 13:00:00+00:00,2026-06-09 13:15:00+00:00,no,0.48,358,0.4111111111111111,0.525,0.08888888888888892,10,6.26,0,179.9,8776.252
2026-06-09 13:30:00+00:00,2026-06-09 13:30:00+00:00,2026-06-09 13:45:00+00:00,yes,0.47,373,0.5403882279273641,0.46499999999999997,0.050388227927364096,14,6.51,1,191.18,8967.432
2026-06-09 13:46:00+00:00,2026-06-09 13:45:00+00:00,2026-06-09 14:00:00+00:00,yes,0.45,398,0.5148148148148147,0.445,0.04481481481481471,13,6.9,0,-186.0,8781.432
2026-06-09 14:01:00+00:00,2026-06-09 14:00:00+00:00,2026-06-09 14:15:00+00:00,yes,0.58,302,0.6388384754990927,0.575,0.03883847549909271,13,5.15,0,-180.31,8601.122000000001
2026-06-09 14:16:00+00:00,2026-06-09 14:15:00+00:00,2026-06-09 14:30:00+00:00,yes,0.31,500,0.3787128712871287,0.305,0.048712871287128715,13,7.49,0,-162.49,8438.632000000001
2026-06-09 14:45:00+00:00,2026-06-09 14:45:00+00:00,2026-06-09 15:00:00+00:00,yes,0.49,344,0.5403882279273641,0.485,0.03038822792736408,14,6.02,1,169.42,8608.052000000001
2026-06-09 15:12:00+00:00,2026-06-09 15:00:00+00:00,2026-06-09 15:15:00+00:00,no,0.14,500,0.7682926829268293,0.865,0.08170731707317071,2,4.22,1,-74.22,8533.832000000002
2026-06-09 15:15:00+00:00,2026-06-09 15:15:00+00:00,2026-06-09 15:30:00+00:00,yes,0.45,379,0.5403882279273641,0.445,0.07038822792736406,14,6.57,0,-177.12,8356.712000000001
2026-06-09 15:40:00+00:00,2026-06-09 15:30:00+00:00,2026-06-09 15:45:00+00:00,no,0.55,303,0.38425925925925924,0.455,0.04574074074074065,4,5.25,1,-171.9,8184.812000000002
2026-06-09 16:01:00+00:00,2026-06-09 16:00:00+00:00,2026-06-09 16:15:00+00:00,yes,0.52,314,0.5940409683426443,0.515,0.05404096834264428,13,5.49,0,-168.77,8016.042000000001
2026-06-09 16:25:00+00:00,2026-06-09 16:15:00+00:00,2026-06-09 16:30:00+00:00,no,0.56,286,0.38425925925925924,0.445,0.03574074074074064,4,4.94,0,120.89999999999998,8136.942000000001
2026-06-09 16:35:00+00:00,2026-06-09 16:30:00+00:00,2026-06-09 16:45:00+00:00,yes,0.88,184,0.9245742092457421,0.875,0.03457420924574207,9,1.37,1,20.71000000000001,8157.652000000001
2026-06-09 16:45:00+00:00,2026-06-09 16:45:00+00:00,2026-06-09 17:00:00+00:00,no,0.25,500,0.660952380952381,0.755,0.06904761904761904,14,6.57,1,-131.57,8026.082000000001
2026-06-09 17:07:00+00:00,2026-06-09 17:00:00+00:00,2026-06-09 17:15:00+00:00,no,0.33999999999999997,472,0.5940409683426443,0.665,0.04595903165735572,7,7.42,1,-167.89999999999998,7858.182000000002
2026-06-09 17:25:00+00:00,2026-06-09 17:15:00+00:00,2026-06-09 17:30:00+00:00,no,0.21999999999999997,500,0.7231968810916181,0.785,0.03680311890838196,4,6.01,1,-116.00999999999999,7742.172000000001
2026-06-09 17:33:00+00:00,2026-06-09 17:30:00+00:00,2026-06-09 17:45:00+00:00,no,0.38,407,0.5661914460285131,0.625,0.03380855397148687,11,6.72,0,245.62,7987.792000000001
2026-06-09 17:45:00+00:00,2026-06-09 17:45:00+00:00,2026-06-09 18:00:00+00:00,no,0.5900000000000001,270,0.3448275862068965,0.415,0.04517241379310334,14,4.58,0,106.11999999999999,8093.912000000001
2026-06-09 18:08:00+00:00,2026-06-09 18:00:00+00:00,2026-06-09 18:15:00+00:00,yes,0.77,210,0.8294209702660407,0.765,0.03942097026604065,6,2.61,1,45.68999999999998,8139.602000000001
2026-06-09 18:16:00+00:00,2026-06-09 18:15:00+00:00,2026-06-09 18:30:00+00:00,yes,0.46,353,0.5148148148148147,0.45,0.0348148148148147,13,6.14,1,184.48000000000002,8324.082
2026-06-09 18:35:00+00:00,2026-06-09 18:30:00+00:00,2026-06-09 18:45:00+00:00,yes,0.44,378,0.5403882279273641,0.435,0.08038822792736407,9,6.52,0,-172.84,8151.242
2026-06-09 18:46:00+00:00,2026-06-09 18:45:00+00:00,2026-06-09 19:00:00+00:00,yes,0.49,332,0.5403882279273641,0.485,0.03038822792736408,13,5.81,1,163.51,8314.752
2026-06-09 19:13:00+00:00,2026-06-09 19:00:00+00:00,2026-06-09 19:15:00+00:00,yes,0.46,361,0.5940409683426443,0.455,0.11404096834264428,1,6.28,0,-172.34,8142.412
2026-06-09 19:15:00+00:00,2026-06-09 19:15:00+00:00,2026-06-09 19:30:00+00:00,no,0.63,258,0.31916996047430835,0.375,0.03083003952569165,14,4.21,1,-166.75,7975.662
2026-06-09 19:31:00+00:00,2026-06-09 19:30:00+00:00,2026-06-09 19:45:00+00:00,yes,0.79,201,0.8468468468468469,0.785,0.03684684684684682,13,2.34,1,39.869999999999976,8015.532
2026-06-09 19:47:00+00:00,2026-06-09 19:45:00+00:00,2026-06-09 20:00:00+00:00,no,0.74,216,0.19457013574660634,0.265,0.045429864253393695,12,2.91,1,-162.75,7852.782
2026-06-09 20:00:00+00:00,2026-06-09 20:00:00+00:00,2026-06-09 20:15:00+00:00,no,0.5,314,0.4342105263157895,0.505,0.045789473684210505,14,5.5,1,-162.5,7690.282
2026-06-09 20:15:00+00:00,2026-06-09 20:15:00+00:00,2026-06-09 20:30:00+00:00,no,0.5,307,0.3787128712871287,0.505,0.10128712871287128,14,5.38,0,148.12,7838.402
2026-06-09 20:31:00+00:00,2026-06-09 20:30:00+00:00,2026-06-09 20:45:00+00:00,no,0.75,209,0.18,0.255,0.05000000000000006,13,2.75,1,-159.5,7678.902
2026-06-09 20:45:00+00:00,2026-06-09 20:45:00+00:00,2026-06-09 21:00:00+00:00,no,0.62,247,0.31916996047430835,0.385,0.040830039525691655,14,4.08,1,-157.22,7521.682
2026-06-09 21:03:00+00:00,2026-06-09 21:00:00+00:00,2026-06-09 21:15:00+00:00,no,0.8,188,0.12261904761904761,0.20500000000000002,0.057380952380952324,11,2.11,0,35.489999999999995,7557.172
2026-06-09 21:16:00+00:00,2026-06-09 21:15:00+00:00,2026-06-09 21:30:00+00:00,no,0.7,215,0.19457013574660634,0.305,0.08542986425339373,13,3.17,0,61.33,7618.5019999999995
2026-06-09 21:30:00+00:00,2026-06-09 21:30:00+00:00,2026-06-09 21:45:00+00:00,yes,0.73,208,0.7970244420828906,0.725,0.0470244420828906,14,2.87,1,53.29,7671.7919999999995
2026-06-09 21:45:00+00:00,2026-06-09 21:45:00+00:00,2026-06-09 22:00:00+00:00,yes,0.44,348,0.5148148148148147,0.43,0.05481481481481472,14,6.01,0,-159.13,7512.661999999999
2026-06-09 22:01:00+00:00,2026-06-09 22:00:00+00:00,2026-06-09 22:15:00+00:00,yes,0.46,326,0.5148148148148147,0.455,0.0348148148148147,13,5.67,1,170.37,7683.031999999999
2026-06-09 22:19:00+00:00,2026-06-09 22:15:00+00:00,2026-06-09 22:30:00+00:00,yes,0.73,210,0.7970244420828906,0.725,0.0470244420828906,10,2.9,0,-156.2,7526.831999999999
2026-06-09 22:32:00+00:00,2026-06-09 22:30:00+00:00,2026-06-09 22:45:00+00:00,yes,0.79,190,0.8468468468468469,0.785,0.03684684684684682,12,2.21,1,37.690000000000005,7564.521999999999
2026-06-09 23:06:00+00:00,2026-06-09 23:00:00+00:00,2026-06-09 23:15:00+00:00,no,0.37,408,0.5661914460285131,0.635,0.04380855397148688,8,6.66,1,-157.62,7406.901999999999
2026-06-09 23:17:00+00:00,2026-06-09 23:15:00+00:00,2026-06-09 23:30:00+00:00,yes,0.65,227,0.7231968810916181,0.645,0.053196881091618034,12,3.62,0,-151.17000000000002,7255.731999999999
2026-06-09 23:30:00+00:00,2026-06-09 23:30:00+00:00,2026-06-09 23:45:00+00:00,no,0.6,241,0.3448275862068965,0.405,0.035172413793103444,14,4.05,0,92.35000000000001,7348.081999999999
2026-06-09 23:49:00+00:00,2026-06-09 23:45:00+00:00,2026-06-10 00:00:00+00:00,yes,0.45,326,0.5148148148148147,0.445,0.04481481481481471,10,5.65,1,173.64999999999998,7521.731999999999
2026-06-10 00:02:00+00:00,2026-06-10 00:00:00+00:00,2026-06-10 00:15:00+00:00,yes,0.71,211,0.7970244420828906,0.705,0.06702444208289061,12,3.05,1,58.14,7579.871999999999
2026-06-10 00:15:00+00:00,2026-06-10 00:15:00+00:00,2026-06-10 00:30:00+00:00,no,0.5700000000000001,265,0.3787128712871287,0.435,0.03128712871287122,14,4.55,1,-155.60000000000002,7424.271999999999
2026-06-10 00:31:00+00:00,2026-06-10 00:30:00+00:00,2026-06-10 00:45:00+00:00,no,0.69,215,0.2523291925465839,0.315,0.037670807453416125,13,3.22,0,63.43000000000001,7487.701999999999
2026-06-10 00:49:00+00:00,2026-06-10 00:45:00+00:00,2026-06-10 01:00:00+00:00,yes,0.9,166,0.9488448844884488,0.89,0.03884488448844881,10,1.05,1,15.549999999999994,7503.2519999999995
2026-06-10 01:06:00+00:00,2026-06-10 01:00:00+00:00,2026-06-10 01:15:00+00:00,no,0.6,250,0.31916996047430835,0.405,0.06083003952569167,8,4.2,0,95.8,7599.052
2026-06-10 01:26:00+00:00,2026-06-10 01:15:00+00:00,2026-06-10 01:30:00+00:00,no,0.37,410,0.5403882279273641,0.635,0.06961177207263593,3,6.69,1,-158.39,7440.661999999999
2026-06-10 02:03:00+00:00,2026-06-10 02:00:00+00:00,2026-06-10 02:15:00+00:00,yes,0.73,203,0.7970244420828906,0.725,0.0470244420828906,11,2.81,0,-151.0,7289.661999999999
2026-06-10 02:17:00+00:00,2026-06-10 02:15:00+00:00,2026-06-10 02:30:00+00:00,no,0.8200000000000001,177,0.12261904761904761,0.185,0.037380952380952306,12,1.83,0,30.029999999999987,7319.691999999999
2026-06-10 02:38:00+00:00,2026-06-10 02:30:00+00:00,2026-06-10 02:45:00+00:00,yes,0.32,457,0.3787128712871287,0.315,0.038712871287128706,6,6.97,0,-153.21,7166.481999999999
2026-06-10 02:58:00+00:00,2026-06-10 02:45:00+00:00,2026-06-10 03:00:00+00:00,yes,0.29,494,0.3787128712871287,0.275,0.06871287128712873,1,7.13,0,-150.39,7016.091999999999
2026-06-10 03:02:00+00:00,2026-06-10 03:00:00+00:00,2026-06-10 03:15:00+00:00,yes,0.65,215,0.7231968810916181,0.645,0.053196881091618034,12,3.43,1,71.82,7087.911999999998
2026-06-10 03:52:00+00:00,2026-06-10 03:45:00+00:00,2026-06-10 04:00:00+00:00,no,0.56,253,0.38425925925925924,0.445,0.03574074074074064,7,4.37,1,-146.05,6941.861999999998
2026-06-10 04:03:00+00:00,2026-06-10 04:00:00+00:00,2026-06-10 04:15:00+00:00,no,0.69,201,0.2523291925465839,0.315,0.037670807453416125,11,3.01,0,59.300000000000004,7001.161999999998
2026-06-10 04:15:00+00:00,2026-06-10 04:15:00+00:00,2026-06-10 04:30:00+00:00,yes,0.54,259,0.6388384754990927,0.535,0.07883847549909263,14,4.51,0,-144.37,6856.791999999999
2026-06-10 04:31:00+00:00,2026-06-10 04:30:00+00:00,2026-06-10 04:45:00+00:00,no,0.81,169,0.12261904761904761,0.195,0.047380952380952315,13,1.83,0,30.279999999999987,6887.071999999998
2026-06-10 04:47:00+00:00,2026-06-10 04:45:00+00:00,2026-06-10 05:00:00+00:00,yes,0.77,178,0.8294209702660407,0.765,0.03942097026604065,12,2.21,1,38.73,6925.801999999998
2026-06-10 05:00:00+00:00,2026-06-10 05:00:00+00:00,2026-06-10 05:15:00+00:00,yes,0.66,209,0.7231968810916181,0.655,0.043196881091618025,14,3.29,0,-141.23,6784.571999999998
2026-06-10 05:15:00+00:00,2026-06-10 05:15:00+00:00,2026-06-10 05:30:00+00:00,yes,0.46,294,0.5148148148148147,0.455,0.0348148148148147,14,5.12,1,153.64,6938.211999999999
2026-06-10 05:32:00+00:00,2026-06-10 05:30:00+00:00,2026-06-10 05:45:00+00:00,yes,0.67,207,0.7231968810916181,0.665,0.033196881091618016,12,3.21,1,65.10000000000001,7003.311999999999
2026-06-10 05:52:00+00:00,2026-06-10 05:45:00+00:00,2026-06-10 06:00:00+00:00,yes,0.58,241,0.6388384754990927,0.575,0.03883847549909271,7,4.11,1,97.11,7100.421999999999
2026-06-10 06:02:00+00:00,2026-06-10 06:00:00+00:00,2026-06-10 06:15:00+00:00,no,0.63,225,0.31916996047430835,0.375,0.03083003952569165,12,3.68,1,-145.43,6954.991999999998
2026-06-10 06:15:00+00:00,2026-06-10 06:15:00+00:00,2026-06-10 06:30:00+00:00,yes,0.57,244,0.6571428571428571,0.56,0.06714285714285718,14,4.19,0,-143.26999999999998,6811.721999999998
2026-06-10 06:32:00+00:00,2026-06-10 06:30:00+00:00,2026-06-10 06:45:00+00:00,no,0.83,164,0.12261904761904761,0.175,0.03738095238095241,12,1.62,1,-137.74,6673.981999999998
2026-06-10 06:48:00+00:00,2026-06-10 06:45:00+00:00,2026-06-10 07:00:00+00:00,yes,0.67,199,0.7231968810916181,0.665,0.033196881091618016,11,3.08,1,62.58999999999999,6736.571999999998
2026-06-10 07:04:00+00:00,2026-06-10 07:00:00+00:00,2026-06-10 07:15:00+00:00,yes,0.71,189,0.7970244420828906,0.705,0.06702444208289061,10,2.73,1,52.080000000000005,6788.651999999998
2026-06-10 07:15:00+00:00,2026-06-10 07:15:00+00:00,2026-06-10 07:30:00+00:00,yes,0.56,242,0.642512077294686,0.555,0.0625120772946859,14,4.18,1,102.29999999999998,6890.951999999998
2026-06-10 07:30:00+00:00,2026-06-10 07:30:00+00:00,2026-06-10 07:45:00+00:00,no,0.63,218,0.31916996047430835,0.375,0.03083003952569165,14,3.56,1,-140.9,6750.051999999999
2026-06-10 07:46:00+00:00,2026-06-10 07:45:00+00:00,2026-06-10 08:00:00+00:00,no,0.63,214,0.31916996047430835,0.375,0.03083003952569165,13,3.5,0,75.68,6825.731999999999
2026-06-10 08:02:00+00:00,2026-06-10 08:00:00+00:00,2026-06-10 08:15:00+00:00,no,0.6,227,0.31916996047430835,0.405,0.06083003952569167,12,3.82,0,86.98000000000002,6912.7119999999995
2026-06-10 08:56:00+00:00,2026-06-10 08:45:00+00:00,2026-06-10 09:00:00+00:00,no,0.32999999999999996,418,0.5661914460285131,0.675,0.08380855397148691,3,6.47,0,273.59000000000003,7186.302
2026-06-10 09:04:00+00:00,2026-06-10 09:00:00+00:00,2026-06-10 09:15:00+00:00,no,0.69,208,0.2523291925465839,0.315,0.037670807453416125,10,3.12,0,61.36000000000002,7247.661999999999
2026-06-10 09:15:00+00:00,2026-06-10 09:15:00+00:00,2026-06-10 09:30:00+00:00,yes,0.46,315,0.5403882279273641,0.455,0.06038822792736405,14,5.48,1,164.62,7412.281999999999
2026-06-10 09:50:00+00:00,2026-06-10 09:45:00+00:00,2026-06-10 10:00:00+00:00,yes,0.31,478,0.3816793893129771,0.305,0.05167938931297712,9,7.16,1,322.65999999999997,7734.941999999999
2026-06-10 10:07:00+00:00,2026-06-10 10:00:00+00:00,2026-06-10 10:15:00+00:00,no,0.909,170,0.05089058524173028,0.0915,0.030109414758269677,7,0.99,0,14.479999999999999,7749.421999999999
2026-06-10 10:26:00+00:00,2026-06-10 10:15:00+00:00,2026-06-10 10:30:00+00:00,yes,0.34,455,0.4111111111111111,0.335,0.051111111111111066,3,7.15,1,293.15,8042.571999999998
2026-06-10 10:45:00+00:00,2026-06-10 10:45:00+00:00,2026-06-10 11:00:00+00:00,no,0.4,402,0.5403882279273641,0.605,0.0396117720726359,14,6.76,1,-167.56,7875.011999999998
2026-06-10 11:03:00+00:00,2026-06-10 11:00:00+00:00,2026-06-10 11:15:00+00:00,yes,0.13,500,0.1722222222222222,0.125,0.03222222222222219,11,3.96,0,-68.96,7806.051999999998
2026-06-10 11:15:00+00:00,2026-06-10 11:15:00+00:00,2026-06-10 11:30:00+00:00,no,0.33999999999999997,459,0.5661914460285131,0.665,0.0738085539714869,14,7.21,0,295.7300000000001,8101.781999999998
2026-06-10 11:32:00+00:00,2026-06-10 11:30:00+00:00,2026-06-10 11:45:00+00:00,yes,0.43,376,0.5148148148148147,0.425,0.06481481481481473,12,6.46,1,207.85999999999999,8309.641999999998
2026-06-10 11:53:00+00:00,2026-06-10 11:45:00+00:00,2026-06-10 12:00:00+00:00,no,0.47,353,0.4533333333333333,0.535,0.05666666666666666,6,6.16,0,180.93,8490.571999999998
2026-06-10 12:00:00+00:00,2026-06-10 12:00:00+00:00,2026-06-10 12:15:00+00:00,no,0.52,326,0.4111111111111111,0.49,0.048888888888888885,14,5.7,1,-175.22,8315.351999999999
2026-06-10 12:17:00+00:00,2026-06-10 12:15:00+00:00,2026-06-10 12:30:00+00:00,no,0.5900000000000001,281,0.3448275862068965,0.415,0.04517241379310334,12,4.76,0,110.44999999999997,8425.802
2026-06-10 12:45:00+00:00,2026-06-10 12:45:00+00:00,2026-06-10 13:00:00+00:00,no,0.51,330,0.4342105263157895,0.495,0.035789473684210496,14,5.78,0,155.92,8581.722
2026-06-10 13:00:00+00:00,2026-06-10 13:00:00+00:00,2026-06-10 13:15:00+00:00,no,0.48,357,0.4408352668213457,0.525,0.05916473317865424,14,6.24,0,179.4,8761.122
2026-06-10 13:17:00+00:00,2026-06-10 13:15:00+00:00,2026-06-10 13:30:00+00:00,no,0.63,278,0.31916996047430835,0.375,0.03083003952569165,12,4.54,1,-179.68,8581.442
2026-06-10 13:30:00+00:00,2026-06-10 13:30:00+00:00,2026-06-10 13:45:00+00:00,yes,0.76,225,0.8294209702660407,0.755,0.049420970266040656,14,2.88,1,51.12,8632.562
2026-06-10 13:45:00+00:00,2026-06-10 13:45:00+00:00,2026-06-10 14:00:00+00:00,no,0.55,313,0.31543624161073824,0.455,0.11456375838926171,14,5.43,0,135.42,8767.982
2026-06-10 14:10:00+00:00,2026-06-10 14:00:00+00:00,2026-06-10 14:15:00+00:00,no,0.25,500,0.660952380952381,0.755,0.06904761904761904,4,6.57,0,368.43,9136.412
2026-06-10 14:28:00+00:00,2026-06-10 14:15:00+00:00,2026-06-10 14:30:00+00:00,yes,0.46,397,0.5148148148148147,0.455,0.0348148148148147,1,6.91,0,-189.53,8946.882
2026-06-10 14:47:00+00:00,2026-06-10 14:45:00+00:00,2026-06-10 15:00:00+00:00,yes,0.48,372,0.5403882279273641,0.475,0.04038822792736409,12,6.5,1,186.94,9133.822
2026-06-10 15:16:00+00:00,2026-06-10 15:15:00+00:00,2026-06-10 15:30:00+00:00,yes,0.48,380,0.5403882279273641,0.475,0.04038822792736409,13,6.64,1,190.96,9324.782
2026-06-10 15:42:00+00:00,2026-06-10 15:30:00+00:00,2026-06-10 15:45:00+00:00,yes,0.38,490,0.4342105263157895,0.375,0.03421052631578948,2,8.09,1,295.71000000000004,9620.491999999998
2026-06-10 15:50:00+00:00,2026-06-10 15:45:00+00:00,2026-06-10 16:00:00+00:00,yes,0.31,500,0.3787128712871287,0.305,0.048712871287128715,9,7.49,1,337.51,9958.001999999999
2026-06-10 16:30:00+00:00,2026-06-10 16:30:00+00:00,2026-06-10 16:45:00+00:00,no,0.51,390,0.4342105263157895,0.495,0.035789473684210496,14,6.83,0,184.26999999999998,10142.271999999999
2026-06-10 16:49:00+00:00,2026-06-10 16:45:00+00:00,2026-06-10 17:00:00+00:00,no,0.89,227,0.05089058524173028,0.11499999999999999,0.049109414758269694,10,1.56,0,23.41,10165.681999999999
2026-06-10 17:01:00+00:00,2026-06-10 17:00:00+00:00,2026-06-10 17:15:00+00:00,yes,0.58,350,0.6388384754990927,0.575,0.03883847549909271,13,5.97,0,-208.97,9956.712
2026-06-10 17:23:00+00:00,2026-06-10 17:15:00+00:00,2026-06-10 17:30:00+00:00,no,0.51,390,0.4342105263157895,0.495,0.035789473684210496,6,6.83,0,184.26999999999998,10140.982
2026-06-10 17:31:00+00:00,2026-06-10 17:30:00+00:00,2026-06-10 17:45:00+00:00,no,0.71,285,0.1722222222222222,0.295,0.09777777777777787,13,4.11,0,78.54,10219.522
2026-06-10 17:52:00+00:00,2026-06-10 17:45:00+00:00,2026-06-10 18:00:00+00:00,no,0.30000000000000004,500,0.642512077294686,0.705,0.037487922705313995,7,7.35,1,-157.35000000000002,10062.172
2026-06-10 18:13:00+00:00,2026-06-10 18:00:00+00:00,2026-06-10 18:15:00+00:00,yes,0.039,500,0.12261904761904761,0.035500000000000004,0.07361904761904763,1,1.32,0,-20.82,10041.352
2026-06-10 18:28:00+00:00,2026-06-10 18:15:00+00:00,2026-06-10 18:30:00+00:00,yes,0.007,500,0.07142857142857142,0.006500000000000001,0.054428571428571416,1,0.25,1,496.25,10537.602
2026-06-10 18:31:00+00:00,2026-06-10 18:30:00+00:00,2026-06-10 18:45:00+00:00,no,0.44999999999999996,468,0.4408352668213457,0.555,0.08916473317865427,13,8.11,0,249.29000000000002,10786.892000000002
2026-06-10 18:53:00+00:00,2026-06-10 18:45:00+00:00,2026-06-10 19:00:00+00:00,yes,0.58,371,0.630952380952381,0.575,0.030952380952381082,6,6.33,1,149.49,10936.382000000001
2026-06-10 19:24:00+00:00,2026-06-10 19:15:00+00:00,2026-06-10 19:30:00+00:00,yes,0.43,500,0.5148148148148147,0.425,0.06481481481481473,5,8.58,1,276.42,11212.802000000001
2026-06-10 19:32:00+00:00,2026-06-10 19:30:00+00:00,2026-06-10 19:45:00+00:00,yes,0.7,320,0.7970244420828906,0.695,0.07702444208289062,12,4.71,1,91.29,11304.092000000002
2026-06-10 19:47:00+00:00,2026-06-10 19:45:00+00:00,2026-06-10 20:00:00+00:00,no,0.69,327,0.2523291925465839,0.315,0.037670807453416125,12,4.9,0,96.47,11400.562000000002
2026-06-10 20:00:00+00:00,2026-06-10 20:00:00+00:00,2026-06-10 20:15:00+00:00,no,0.6699999999999999,340,0.2523291925465839,0.335,0.05767080745341614,14,5.27,0,106.93000000000002,11507.492000000002
2026-06-10 20:17:00+00:00,2026-06-10 20:15:00+00:00,2026-06-10 20:30:00+00:00,no,0.51,451,0.4342105263157895,0.495,0.035789473684210496,12,7.89,1,-237.89999999999998,11269.592000000002
2026-06-10 20:34:00+00:00,2026-06-10 20:30:00+00:00,2026-06-10 20:45:00+00:00,yes,0.49,459,0.5403882279273641,0.485,0.03038822792736408,10,8.03,0,-232.94,11036.652000000002
2026-06-10 20:48:00+00:00,2026-06-10 20:45:00+00:00,2026-06-10 21:00:00+00:00,no,0.62,356,0.31916996047430835,0.385,0.040830039525691655,11,5.88,0,129.4,11166.052000000001
2026-06-10 21:06:00+00:00,2026-06-10 21:00:00+00:00,2026-06-10 21:15:00+00:00,no,0.85,262,0.09004739336492891,0.155,0.04995260663507107,8,2.34,0,36.96000000000001,11203.012
2026-06-10 21:15:00+00:00,2026-06-10 21:15:00+00:00,2026-06-10 21:30:00+00:00,yes,0.71,315,0.7970244420828906,0.705,0.06702444208289061,14,4.55,1,86.80000000000003,11289.812
2026-06-10 21:30:00+00:00,2026-06-10 21:30:00+00:00,2026-06-10 21:45:00+00:00,yes,0.66,342,0.7231968810916181,0.655,0.043196881091618025,14,5.38,1,110.9,11400.712
2026-06-10 21:49:00+00:00,2026-06-10 21:45:00+00:00,2026-06-10 22:00:00+00:00,yes,0.077,500,0.12261904761904761,0.0765,0.03561904761904761,10,2.49,0,-40.99,11359.722
2026-06-10 22:00:00+00:00,2026-06-10 22:00:00+00:00,2026-06-10 22:15:00+00:00,yes,0.42,500,0.5148148148148147,0.415,0.07481481481481474,14,8.53,0,-218.53,11141.192
2026-06-10 22:21:00+00:00,2026-06-10 22:15:00+00:00,2026-06-10 22:30:00+00:00,yes,0.58,384,0.642512077294686,0.575,0.04251207729468599,8,6.55,1,154.73000000000002,11295.921999999999
2026-06-10 22:39:00+00:00,2026-06-10 22:30:00+00:00,2026-06-10 22:45:00+00:00,no,0.08499999999999996,500,0.8560371517027864,0.9205000000000001,0.04896284829721365,5,2.73,1,-45.22999999999998,11250.692
2026-06-10 22:47:00+00:00,2026-06-10 22:45:00+00:00,2026-06-10 23:00:00+00:00,no,0.69,326,0.2523291925465839,0.315,0.037670807453416125,12,4.89,0,96.17000000000003,11346.862
2026-06-10 23:00:00+00:00,2026-06-10 23:00:00+00:00,2026-06-10 23:15:00+00:00,no,0.6799999999999999,333,0.2523291925465839,0.325,0.047670807453416134,14,5.08,0,101.48000000000003,11448.341999999999
2026-06-10 23:31:00+00:00,2026-06-10 23:30:00+00:00,2026-06-10 23:45:00+00:00,no,0.62,369,0.31916996047430835,0.385,0.040830039525691655,13,6.09,1,-234.87,11213.471999999998
2026-06-10 23:48:00+00:00,2026-06-10 23:45:00+00:00,2026-06-11 00:00:00+00:00,no,0.69,325,0.2523291925465839,0.315,0.037670807453416125,11,4.87,0,95.88000000000002,11309.351999999997
2026-06-11 00:01:00+00:00,2026-06-11 00:00:00+00:00,2026-06-11 00:15:00+00:00,yes,0.75,301,0.8468468468468469,0.745,0.07684684684684685,13,3.96,1,71.29,11380.641999999998
2026-06-11 00:15:00+00:00,2026-06-11 00:15:00+00:00,2026-06-11 00:30:00+00:00,yes,0.74,307,0.7970244420828906,0.73,0.03702444208289059,14,4.14,1,75.67999999999999,11456.321999999998
2026-06-11 00:30:00+00:00,2026-06-11 00:30:00+00:00,2026-06-11 00:45:00+00:00,no,0.56,409,0.38425925925925924,0.45,0.03574074074074064,14,7.06,0,172.89999999999998,11629.221999999998
2026-06-11 01:01:00+00:00,2026-06-11 01:00:00+00:00,2026-06-11 01:15:00+00:00,yes,0.56,415,0.7005649717514124,0.555,0.12056497175141236,13,7.16,1,175.43999999999997,11804.661999999998
2026-06-11 01:23:00+00:00,2026-06-11 01:15:00+00:00,2026-06-11 01:30:00+00:00,no,0.10999999999999999,500,0.8468468468468469,0.8975,0.033153153153153155,6,3.43,1,-58.42999999999999,11746.231999999998
2026-06-11 01:31:00+00:00,2026-06-11 01:30:00+00:00,2026-06-11 01:45:00+00:00,no,0.61,385,0.31916996047430835,0.395,0.050830039525691664,13,6.42,1,-241.26999999999998,11504.961999999998
2026-06-11 01:45:00+00:00,2026-06-11 01:45:00+00:00,2026-06-11 02:00:00+00:00,no,0.5800000000000001,396,0.3448275862068965,0.425,0.05517241379310335,14,6.76,0,159.55999999999997,11664.521999999997
2026-06-11 02:06:00+00:00,2026-06-11 02:00:00+00:00,2026-06-11 02:15:00+00:00,no,0.6799999999999999,343,0.2523291925465839,0.33,0.047670807453416134,8,5.23,0,104.53000000000002,11769.051999999998
2026-06-11 02:16:00+00:00,2026-06-11 02:15:00+00:00,2026-06-11 02:30:00+00:00,yes,0.65,362,0.7231968810916181,0.645,0.053196881091618034,13,5.77,0,-241.07000000000002,11527.981999999998
2026-06-11 02:42:00+00:00,2026-06-11 02:30:00+00:00,2026-06-11 02:45:00+00:00,yes,0.37,500,0.4342105263157895,0.365,0.04421052631578949,2,8.16,1,306.84,11834.821999999998
2026-06-11 02:47:00+00:00,2026-06-11 02:45:00+00:00,2026-06-11 03:00:00+00:00,no,0.69,343,0.2523291925465839,0.315,0.037670807453416125,12,5.14,1,-241.80999999999997,11593.011999999999
2026-06-11 03:06:00+00:00,2026-06-11 03:00:00+00:00,2026-06-11 03:15:00+00:00,no,0.8,289,0.14285714285714285,0.20500000000000002,0.03714285714285716,8,3.24,0,54.55999999999998,11647.571999999998
2026-06-11 03:27:00+00:00,2026-06-11 03:15:00+00:00,2026-06-11 03:30:00+00:00,no,0.02200000000000002,500,0.9245742092457421,0.9784999999999999,0.043425790754257905,2,0.76,1,-11.76000000000001,11635.811999999998
2026-06-11 03:32:00+00:00,2026-06-11 03:30:00+00:00,2026-06-11 03:45:00+00:00,yes,0.88,264,0.9488448844884488,0.875,0.05884488448844883,12,1.96,1,29.720000000000006,11665.531999999997
2026-06-11 03:45:00+00:00,2026-06-11 03:45:00+00:00,2026-06-11 04:00:00+00:00,no,0.4,500,0.5403882279273641,0.61,0.0396117720726359,14,8.4,1,-208.4,11457.131999999998
2026-06-11 04:00:00+00:00,2026-06-11 04:00:00+00:00,2026-06-11 04:15:00+00:00,no,0.6699999999999999,342,0.2523291925465839,0.335,0.05767080745341614,14,5.3,0,107.56000000000002,11564.691999999997
2026-06-11 04:15:00+00:00,2026-06-11 04:15:00+00:00,2026-06-11 04:30:00+00:00,no,0.56,413,0.3448275862068965,0.445,0.07517241379310337,14,7.13,0,174.58999999999997,11739.281999999997
2026-06-11 04:31:00+00:00,2026-06-11 04:30:00+00:00,2026-06-11 04:45:00+00:00,no,0.51,460,0.4342105263157895,0.495,0.035789473684210496,13,8.05,1,-242.65,11496.631999999998
2026-06-11 04:49:00+00:00,2026-06-11 04:45:00+00:00,2026-06-11 05:00:00+00:00,yes,0.88,261,0.9230769230769231,0.87,0.03307692307692312,10,1.93,1,29.389999999999993,11526.021999999997
2026-06-11 05:03:00+00:00,2026-06-11 05:00:00+00:00,2026-06-11 05:15:00+00:00,no,0.83,277,0.12261904761904761,0.175,0.03738095238095241,11,2.74,0,44.35,11570.371999999998
2026-06-11 05:15:00+00:00,2026-06-11 05:15:00+00:00,2026-06-11 05:30:00+00:00,no,0.35,500,0.5940409683426443,0.655,0.035959031657355714,14,7.97,1,-182.97,11387.401999999998
2026-06-11 05:30:00+00:00,2026-06-11 05:30:00+00:00,2026-06-11 05:45:00+00:00,no,0.42000000000000004,500,0.5148148148148147,0.585,0.04518518518518523,14,8.53,1,-218.53000000000003,11168.871999999998
2026-06-11 05:47:00+00:00,2026-06-11 05:45:00+00:00,2026-06-11 06:00:00+00:00,no,0.63,354,0.31916996047430835,0.375,0.03083003952569165,12,5.78,0,125.19999999999999,11294.071999999998
2026-06-11 09:00:00+00:00,2026-06-11 09:00:00+00:00,2026-06-11 09:15:00+00:00,no,0.55,410,0.3787128712871287,0.455,0.051287128712871236,14,7.11,0,177.38999999999996,11471.461999999998
2026-06-11 09:16:00+00:00,2026-06-11 09:15:00+00:00,2026-06-11 09:30:00+00:00,no,0.6799999999999999,337,0.2523291925465839,0.325,0.047670807453416134,13,5.14,0,102.70000000000003,11574.161999999998
2026-06-11 09:45:00+00:00,2026-06-11 09:45:00+00:00,2026-06-11 10:00:00+00:00,no,0.4,500,0.5403882279273641,0.61,0.0396117720726359,14,8.4,1,-208.4,11365.761999999999
2026-06-11 10:01:00+00:00,2026-06-11 10:00:00+00:00,2026-06-11 10:15:00+00:00,no,0.5,454,0.4342105263157895,0.505,0.045789473684210505,13,7.95,0,219.05,11584.811999999998
2026-06-11 10:15:00+00:00,2026-06-11 10:15:00+00:00,2026-06-11 10:30:00+00:00,no,0.51,454,0.4342105263157895,0.495,0.035789473684210496,14,7.95,0,214.51000000000002,11799.321999999998
2026-06-11 10:49:00+00:00,2026-06-11 10:45:00+00:00,2026-06-11 11:00:00+00:00,yes,0.65,363,0.7231968810916181,0.645,0.053196881091618034,10,5.79,1,121.25999999999998,11920.581999999999
2026-06-11 11:02:00+00:00,2026-06-11 11:00:00+00:00,2026-06-11 11:15:00+00:00,no,0.49,486,0.4408352668213457,0.515,0.04916473317865423,12,8.51,1,-246.64999999999998,11673.931999999999
2026-06-11 11:17:00+00:00,2026-06-11 11:15:00+00:00,2026-06-11 11:30:00+00:00,no,0.4,500,0.5403882279273641,0.605,0.0396117720726359,12,8.4,0,291.6,11965.532
2026-06-11 11:30:00+00:00,2026-06-11 11:30:00+00:00,2026-06-11 11:45:00+00:00,no,0.36,500,0.5661914460285131,0.645,0.053808553971486886,14,8.07,0,311.93,12277.462
2026-06-11 11:47:00+00:00,2026-06-11 11:45:00+00:00,2026-06-11 12:00:00+00:00,no,0.63,389,0.31916996047430835,0.375,0.03083003952569165,12,6.35,0,137.58,12415.042
2026-06-11 12:01:00+00:00,2026-06-11 12:00:00+00:00,2026-06-11 12:15:00+00:00,no,0.6799999999999999,365,0.2523291925465839,0.325,0.047670807453416134,13,5.56,1,-253.76,12161.282
2026-06-11 12:15:00+00:00,2026-06-11 12:15:00+00:00,2026-06-11 12:30:00+00:00,no,0.41000000000000003,500,0.5148148148148147,0.595,0.05518518518518524,14,8.47,0,286.53,12447.812
2026-06-11 12:31:00+00:00,2026-06-11 12:30:00+00:00,2026-06-11 12:45:00+00:00,yes,0.44,500,0.5148148148148147,0.435,0.05481481481481472,13,8.63,1,271.37,12719.182
2026-06-11 12:49:00+00:00,2026-06-11 12:45:00+00:00,2026-06-11 13:00:00+00:00,no,0.21999999999999997,500,0.7231968810916181,0.785,0.03680311890838196,10,6.01,1,-116.00999999999999,12603.172
2026-06-11 13:00:00+00:00,2026-06-11 13:00:00+00:00,2026-06-11 13:15:00+00:00,no,0.6799999999999999,370,0.2523291925465839,0.325,0.047670807453416134,14,5.64,0,112.76000000000003,12715.932
2026-06-11 13:27:00+00:00,2026-06-11 13:15:00+00:00,2026-06-11 13:30:00+00:00,yes,0.025,500,0.07142857142857142,0.0245,0.03642857142857142,2,0.86,0,-13.36,12702.572
2026-06-11 13:31:00+00:00,2026-06-11 13:30:00+00:00,2026-06-11 13:45:00+00:00,no,0.69,368,0.2523291925465839,0.315,0.037670807453416125,13,5.52,1,-259.44,12443.132
2026-06-11 13:47:00+00:00,2026-06-11 13:45:00+00:00,2026-06-11 14:00:00+00:00,yes,0.73,340,0.7970244420828906,0.725,0.0470244420828906,12,4.7,1,87.10000000000001,12530.232
2026-06-11 14:42:00+00:00,2026-06-11 14:30:00+00:00,2026-06-11 14:45:00+00:00,yes,0.039,500,0.08144796380090498,0.0375,0.03244796380090498,2,1.32,0,-20.82,12509.412
2026-06-11 14:57:00+00:00,2026-06-11 14:45:00+00:00,2026-06-11 15:00:00+00:00,yes,0.17,500,0.2523291925465839,0.165,0.07232919254658392,2,4.94,0,-89.94,12419.472
2026-06-11 15:11:00+00:00,2026-06-11 15:00:00+00:00,2026-06-11 15:15:00+00:00,yes,0.47,500,0.5403882279273641,0.46499999999999997,0.050388227927364096,3,8.72,0,-243.72,12175.752
2026-06-11 15:24:00+00:00,2026-06-11 15:15:00+00:00,2026-06-11 15:30:00+00:00,no,0.28,500,0.660952380952381,0.725,0.03904761904761901,5,7.06,0,352.94,12528.692000000001
2026-06-11 15:38:00+00:00,2026-06-11 15:30:00+00:00,2026-06-11 15:45:00+00:00,yes,0.908,275,0.9488448844884488,0.906,0.030844884488448805,6,1.61,0,-251.31000000000003,12277.382000000001
2026-06-11 16:12:00+00:00,2026-06-11 16:00:00+00:00,2026-06-11 16:15:00+00:00,no,0.13,500,0.8294209702660407,0.875,0.030579029733959324,2,3.96,1,-68.96,12208.422000000002
2026-06-11 16:15:00+00:00,2026-06-11 16:15:00+00:00,2026-06-11 16:30:00+00:00,yes,0.49,498,0.5403882279273641,0.485,0.03038822792736408,14,8.72,0,-252.73999999999998,11955.682000000003
2026-06-11 16:34:00+00:00,2026-06-11 16:30:00+00:00,2026-06-11 16:45:00+00:00,yes,0.67,356,0.7231968810916181,0.66,0.033196881091618016,10,5.51,1,111.96999999999998,12067.652000000002
2026-06-11 16:52:00+00:00,2026-06-11 16:45:00+00:00,2026-06-11 17:00:00+00:00,no,0.74,326,0.19457013574660634,0.265,0.045429864253393695,7,4.4,0,80.35999999999999,12148.012000000002
2026-06-11 17:01:00+00:00,2026-06-11 17:00:00+00:00,2026-06-11 17:15:00+00:00,yes,0.49,495,0.5403882279273641,0.485,0.03038822792736408,13,8.66,0,-251.20999999999998,11896.802000000003
2026-06-11 17:16:00+00:00,2026-06-11 17:15:00+00:00,2026-06-11 17:30:00+00:00,yes,0.58,410,0.6388384754990927,0.575,0.03883847549909271,13,7.0,1,165.20000000000002,12062.002000000004
2026-06-11 17:30:00+00:00,2026-06-11 17:30:00+00:00,2026-06-11 17:45:00+00:00,no,0.16000000000000003,500,0.7970244420828906,0.845,0.032975557917109384,14,4.71,1,-84.71000000000001,11977.292000000005
2026-06-11 17:45:00+00:00,2026-06-11 17:45:00+00:00,2026-06-11 18:00:00+00:00,no,0.31000000000000005,500,0.5940409683426443,0.695,0.07595903165735564,14,7.49,1,-162.49000000000004,11814.802000000005
2026-06-11 18:00:00+00:00,2026-06-11 18:00:00+00:00,2026-06-11 18:15:00+00:00,no,0.36,500,0.5403882279273641,0.65,0.07961177207263594,14,8.07,0,311.93,12126.732000000005
2026-06-11 18:20:00+00:00,2026-06-11 18:15:00+00:00,2026-06-11 18:30:00+00:00,no,0.26,500,0.6888888888888889,0.745,0.031111111111111107,9,6.74,0,363.26,12489.992000000006
2026-06-11 18:45:00+00:00,2026-06-11 18:45:00+00:00,2026-06-11 19:00:00+00:00,no,0.52,480,0.4111111111111111,0.485,0.048888888888888885,14,8.39,0,222.01,12712.002000000006
2026-06-11 19:00:00+00:00,2026-06-11 19:00:00+00:00,2026-06-11 19:15:00+00:00,no,0.48,500,0.4408352668213457,0.525,0.05916473317865424,14,8.74,1,-248.74,12463.262000000006
2026-06-11 19:17:00+00:00,2026-06-11 19:15:00+00:00,2026-06-11 19:30:00+00:00,yes,0.77,323,0.8294209702660407,0.765,0.03942097026604065,12,4.01,1,70.27999999999999,12533.542000000007
2026-06-11 19:37:00+00:00,2026-06-11 19:30:00+00:00,2026-06-11 19:45:00+00:00,no,0.09599999999999997,500,0.8560371517027864,0.9085000000000001,0.03796284829721364,7,3.04,1,-51.039999999999985,12482.502000000006
2026-06-11 19:45:00+00:00,2026-06-11 19:45:00+00:00,2026-06-11 20:00:00+00:00,no,0.56,445,0.38425925925925924,0.445,0.03574074074074064,14,7.68,0,188.11999999999998,12670.622000000007
2026-06-11 20:39:00+00:00,2026-06-11 20:30:00+00:00,2026-06-11 20:45:00+00:00,no,0.6599999999999999,383,0.2523291925465839,0.345,0.06767080745341615,5,6.02,0,124.20000000000003,12794.822000000007
2026-06-11 21:02:00+00:00,2026-06-11 21:00:00+00:00,2026-06-11 21:15:00+00:00,no,0.47,500,0.4408352668213457,0.535,0.06916473317865425,12,8.72,1,-243.72,12551.102000000008
2026-06-11 21:21:00+00:00,2026-06-11 21:15:00+00:00,2026-06-11 21:30:00+00:00,no,0.75,334,0.19457013574660634,0.255,0.035429864253393686,8,4.39,0,79.11,12630.212000000009
2026-06-11 21:35:00+00:00,2026-06-11 21:30:00+00:00,2026-06-11 21:45:00+00:00,no,0.45999999999999996,500,0.4533333333333333,0.545,0.06666666666666667,9,8.7,1,-238.69999999999996,12391.512000000008
2026-06-11 21:57:00+00:00,2026-06-11 21:45:00+00:00,2026-06-11 22:00:00+00:00,yes,0.028,500,0.08144796380090498,0.024,0.04344796380090498,2,0.96,0,-14.96,12376.552000000009
2026-06-11 22:05:00+00:00,2026-06-11 22:00:00+00:00,2026-06-11 22:15:00+00:00,yes,0.87,284,0.9245742092457421,0.865,0.044574209245742076,9,2.25,1,34.66999999999999,12411.222000000009
2026-06-11 22:36:00+00:00,2026-06-11 22:30:00+00:00,2026-06-11 22:45:00+00:00,yes,0.38,500,0.4342105263157895,0.375,0.03421052631578948,8,8.25,0,-198.25,12212.972000000009
2026-06-11 23:00:00+00:00,2026-06-11 23:00:00+00:00,2026-06-11 23:15:00+00:00,no,0.76,321,0.16470588235294117,0.245,0.05529411764705884,14,4.1,0,72.94,12285.91200000001
2026-06-11 23:25:00+00:00,2026-06-11 23:15:00+00:00,2026-06-11 23:30:00+00:00,yes,0.25,500,0.31916996047430835,0.245,0.04916996047430834,4,6.57,0,-131.57,12154.34200000001
2026-06-11 23:31:00+00:00,2026-06-11 23:30:00+00:00,2026-06-11 23:45:00+00:00,no,0.09399999999999997,500,0.8468468468468469,0.907,0.04915315315315317,13,2.99,1,-49.98999999999999,12104.35200000001
2026-06-11 23:45:00+00:00,2026-06-11 23:45:00+00:00,2026-06-12 00:00:00+00:00,no,0.5,484,0.4342105263157895,0.505,0.045789473684210505,14,8.47,0,233.53,12337.88200000001
2026-06-12 00:01:00+00:00,2026-06-12 00:00:00+00:00,2026-06-12 00:15:00+00:00,no,0.53,465,0.38425925925925924,0.475,0.06574074074074067,13,8.11,1,-254.56,12083.322000000011
2026-06-12 00:39:00+00:00,2026-06-12 00:30:00+00:00,2026-06-12 00:45:00+00:00,no,0.18000000000000005,500,0.7231968810916181,0.825,0.07680311890838189,5,5.17,1,-95.17000000000003,11988.152000000011
2026-06-12 00:48:00+00:00,2026-06-12 00:45:00+00:00,2026-06-12 01:00:00+00:00,no,0.38,500,0.5661914460285131,0.625,0.03380855397148687,11,8.25,0,301.75,12289.902000000011
2026-06-12 01:03:00+00:00,2026-06-12 01:00:00+00:00,2026-06-12 01:15:00+00:00,no,0.85,289,0.09004739336492891,0.155,0.04995260663507107,11,2.58,0,40.769999999999996,12330.672000000011
2026-06-12 01:42:00+00:00,2026-06-12 01:30:00+00:00,2026-06-12 01:45:00+00:00,no,0.16000000000000003,500,0.7970244420828906,0.845,0.032975557917109384,2,4.71,1,-84.71000000000001,12245.962000000012
2026-06-12 01:46:00+00:00,2026-06-12 01:45:00+00:00,2026-06-12 02:00:00+00:00,yes,0.58,422,0.6388384754990927,0.575,0.03883847549909271,13,7.2,1,170.04000000000002,12416.002000000013
2026-06-12 02:21:00+00:00,2026-06-12 02:15:00+00:00,2026-06-12 02:30:00+00:00,yes,0.2,500,0.2523291925465839,0.195,0.03232919254658391,8,5.6,0,-105.6,12310.402000000013
2026-06-12 02:34:00+00:00,2026-06-12 02:30:00+00:00,2026-06-12 02:45:00+00:00,no,0.6699999999999999,367,0.2523291925465839,0.335,0.05767080745341614,10,5.69,1,-251.57999999999998,12058.822000000013
2026-06-12 02:45:00+00:00,2026-06-12 02:45:00+00:00,2026-06-12 03:00:00+00:00,no,0.56,430,0.3816793893129771,0.445,0.038320610687022874,14,7.42,0,181.78,12240.602000000014
2026-06-12 03:02:00+00:00,2026-06-12 03:00:00+00:00,2026-06-12 03:15:00+00:00,no,0.5700000000000001,429,0.3787128712871287,0.435,0.03128712871287122,12,7.37,0,177.09999999999997,12417.702000000014
2026-06-12 03:17:00+00:00,2026-06-12 03:15:00+00:00,2026-06-12 03:30:00+00:00,no,0.63,394,0.31916996047430835,0.375,0.03083003952569165,12,6.43,0,139.35,12557.052000000014
2026-06-12 03:32:00+00:00,2026-06-12 03:30:00+00:00,2026-06-12 03:45:00+00:00,no,0.35,500,0.5940409683426443,0.655,0.035959031657355714,12,7.97,1,-182.97,12374.082000000015
2026-06-12 03:49:00+00:00,2026-06-12 03:45:00+00:00,2026-06-12 04:00:00+00:00,no,0.49,500,0.4342105263157895,0.515,0.055789473684210514,10,8.75,1,-253.75,12120.332000000015
2026-06-12 04:02:00+00:00,2026-06-12 04:00:00+00:00,2026-06-12 04:15:00+00:00,no,0.6799999999999999,356,0.2523291925465839,0.325,0.047670807453416134,12,5.43,0,108.49000000000001,12228.822000000015
2026-06-12 04:16:00+00:00,2026-06-12 04:15:00+00:00,2026-06-12 04:30:00+00:00,yes,0.9,271,0.9488448844884488,0.895,0.03884488448844881,13,1.71,1,25.389999999999993,12254.212000000014
2026-06-12 04:30:00+00:00,2026-06-12 04:30:00+00:00,2026-06-12 04:45:00+00:00,no,0.51,480,0.4342105263157895,0.495,0.035789473684210496,14,8.4,0,226.79999999999998,12481.012000000013
2026-06-12 04:52:00+00:00,2026-06-12 04:45:00+00:00,2026-06-12 05:00:00+00:00,no,0.4,500,0.5403882279273641,0.605,0.0396117720726359,7,8.4,0,291.6,12772.612000000014
2026-06-12 05:02:00+00:00,2026-06-12 05:00:00+00:00,2026-06-12 05:15:00+00:00,no,0.81,315,0.12261904761904761,0.195,0.047380952380952315,12,3.4,0,56.449999999999996,12829.062000000014
2026-06-12 05:16:00+00:00,2026-06-12 05:15:00+00:00,2026-06-12 05:30:00+00:00,no,0.24,500,0.7005649717514124,0.765,0.03943502824858759,13,6.39,1,-126.39,12702.672000000015
2026-06-12 05:32:00+00:00,2026-06-12 05:30:00+00:00,2026-06-12 05:45:00+00:00,no,0.6699999999999999,379,0.2523291925465839,0.335,0.05767080745341614,12,5.87,0,119.20000000000002,12821.872000000016
2026-06-12 05:58:00+00:00,2026-06-12 05:45:00+00:00,2026-06-12 06:00:00+00:00,yes,0.13,500,0.2523291925465839,0.125,0.11232919254658393,1,3.96,0,-68.96,12752.912000000017
2026-06-12 06:01:00+00:00,2026-06-12 06:00:00+00:00,2026-06-12 06:15:00+00:00,no,0.45999999999999996,500,0.4408352668213457,0.545,0.07916473317865426,13,8.7,0,261.3,13014.212000000016
2026-06-12 06:16:00+00:00,2026-06-12 06:15:00+00:00,2026-06-12 06:30:00+00:00,no,0.8,325,0.12261904761904761,0.20500000000000002,0.057380952380952324,13,3.64,0,61.36,13075.572000000016
2026-06-12 06:30:00+00:00,2026-06-12 06:30:00+00:00,2026-06-12 06:45:00+00:00,no,0.62,421,0.31916996047430835,0.385,0.040830039525691655,14,6.95,0,153.03000000000003,13228.602000000017
2026-06-12 07:00:00+00:00,2026-06-12 07:00:00+00:00,2026-06-12 07:15:00+00:00,yes,0.7,377,0.7970244420828906,0.695,0.07702444208289062,14,5.55,1,107.55000000000003,13336.152000000016
2026-06-12 07:15:00+00:00,2026-06-12 07:15:00+00:00,2026-06-12 07:30:00+00:00,yes,0.38,500,0.4342105263157895,0.375,0.03421052631578948,14,8.25,1,301.75,13637.902000000016
2026-06-12 07:38:00+00:00,2026-06-12 07:30:00+00:00,2026-06-12 07:45:00+00:00,yes,0.45,500,0.5148148148148147,0.445,0.04481481481481471,6,8.67,1,266.33,13904.232000000016
2026-06-12 08:17:00+00:00,2026-06-12 08:15:00+00:00,2026-06-12 08:30:00+00:00,yes,0.77,361,0.8294209702660407,0.76,0.03942097026604065,12,4.48,1,78.54999999999997,13982.782000000016
2026-06-12 08:31:00+00:00,2026-06-12 08:30:00+00:00,2026-06-12 08:45:00+00:00,no,0.6799999999999999,411,0.2523291925465839,0.325,0.047670807453416134,13,6.27,0,125.25000000000004,14108.032000000016
2026-06-12 08:51:00+00:00,2026-06-12 08:45:00+00:00,2026-06-12 09:00:00+00:00,no,0.25,500,0.660952380952381,0.755,0.06904761904761904,8,6.57,1,-131.57,13976.462000000016
2026-06-12 09:16:00+00:00,2026-06-12 09:15:00+00:00,2026-06-12 09:30:00+00:00,no,0.31000000000000005,500,0.6388384754990927,0.695,0.031161524500907273,13,7.49,1,-162.49000000000004,13813.972000000016
2026-06-12 09:31:00+00:00,2026-06-12 09:30:00+00:00,2026-06-12 09:45:00+00:00,no,0.38,500,0.5403882279273641,0.625,0.05961177207263592,13,8.25,1,-198.25,13615.722000000016
2026-06-12 09:46:00+00:00,2026-06-12 09:45:00+00:00,2026-06-12 10:00:00+00:00,no,0.6,453,0.3448275862068965,0.405,0.035172413793103444,13,7.62,0,173.57999999999998,13789.302000000016
2026-06-12 10:05:00+00:00,2026-06-12 10:00:00+00:00,2026-06-12 10:15:00+00:00,no,0.8200000000000001,336,0.12261904761904761,0.185,0.037380952380952306,9,3.48,0,56.999999999999964,13846.302000000016
2026-06-12 10:15:00+00:00,2026-06-12 10:15:00+00:00,2026-06-12 10:30:00+00:00,no,0.54,500,0.38425925925925924,0.46499999999999997,0.05574074074074066,14,8.7,0,221.3,14067.602000000015
2026-06-12 10:52:00+00:00,2026-06-12 10:45:00+00:00,2026-06-12 11:00:00+00:00,no,0.27,500,0.660952380952381,0.735,0.04904761904761902,7,6.9,1,-141.9,13925.702000000016
2026-06-12 11:02:00+00:00,2026-06-12 11:00:00+00:00,2026-06-12 11:15:00+00:00,yes,0.77,361,0.8294209702660407,0.765,0.03942097026604065,12,4.48,1,78.54999999999997,14004.252000000015
2026-06-12 11:28:00+00:00,2026-06-12 11:15:00+00:00,2026-06-12 11:30:00+00:00,no,0.039000000000000035,500,0.8468468468468469,0.9664999999999999,0.10415315315315311,1,1.32,1,-20.820000000000018,13983.432000000015
2026-06-12 11:30:00+00:00,2026-06-12 11:30:00+00:00,2026-06-12 11:45:00+00:00,no,0.6799999999999999,411,0.2523291925465839,0.325,0.047670807453416134,14,6.27,0,125.25000000000004,14108.682000000015
2026-06-12 11:49:00+00:00,2026-06-12 11:45:00+00:00,2026-06-12 12:00:00+00:00,no,0.38,500,0.5403882279273641,0.625,0.05961177207263592,10,8.25,0,301.75,14410.432000000015
2026-06-12 12:01:00+00:00,2026-06-12 12:00:00+00:00,2026-06-12 12:15:00+00:00,no,0.75,384,0.18,0.255,0.05000000000000006,13,5.04,0,90.96,14501.392000000014
2026-06-12 12:32:00+00:00,2026-06-12 12:30:00+00:00,2026-06-12 12:45:00+00:00,yes,0.65,446,0.7005649717514124,0.645,0.03056497175141239,12,7.11,0,-297.01000000000005,14204.382000000014
2026-06-12 12:45:00+00:00,2026-06-12 12:45:00+00:00,2026-06-12 13:00:00+00:00,no,0.51,500,0.4342105263157895,0.495,0.035789473684210496,14,8.75,1,-263.75,13940.632000000014
2026-06-12 13:27:00+00:00,2026-06-12 13:15:00+00:00,2026-06-12 13:30:00+00:00,yes,0.037,500,0.08144796380090498,0.036000000000000004,0.03444796380090498,2,1.25,0,-19.75,13920.882000000014
2026-06-12 13:31:00+00:00,2026-06-12 13:30:00+00:00,2026-06-12 13:45:00+00:00,no,0.73,381,0.15988372093023256,0.275,0.0901162790697674,13,5.26,0,97.61,14018.492000000015
2026-06-12 13:46:00+00:00,2026-06-12 13:45:00+00:00,2026-06-12 14:00:00+00:00,yes,0.58,483,0.642512077294686,0.575,0.04251207729468599,13,8.24,1,194.62,14213.112000000016
2026-06-12 15:00:00+00:00,2026-06-12 15:00:00+00:00,2026-06-12 15:15:00+00:00,no,0.28,500,0.5940409683426443,0.725,0.10595903165735567,14,7.06,1,-147.06,14066.052000000016
2026-06-12 15:15:00+00:00,2026-06-12 15:15:00+00:00,2026-06-12 15:30:00+00:00,no,0.63,446,0.2523291925465839,0.375,0.09767080745341607,14,7.28,0,157.73999999999998,14223.792000000016
2026-06-12 15:33:00+00:00,2026-06-12 15:30:00+00:00,2026-06-12 15:45:00+00:00,no,0.87,326,0.08144796380090498,0.135,0.03855203619909498,11,2.59,0,39.78999999999999,14263.582000000017
2026-06-12 15:53:00+00:00,2026-06-12 15:45:00+00:00,2026-06-12 16:00:00+00:00,yes,0.2,500,0.2523291925465839,0.195,0.03232919254658391,6,5.6,0,-105.6,14157.982000000016
2026-06-12 16:10:00+00:00,2026-06-12 16:00:00+00:00,2026-06-12 16:15:00+00:00,no,0.07999999999999996,500,0.8560371517027864,0.9215,0.05396284829721366,4,2.58,1,-42.57999999999998,14115.402000000016
2026-06-12 16:24:00+00:00,2026-06-12 16:15:00+00:00,2026-06-12 16:30:00+00:00,yes,0.29,500,0.3448275862068965,0.28500000000000003,0.034827586206896535,5,7.21,1,347.79,14463.192000000017
2026-06-12 16:34:00+00:00,2026-06-12 16:30:00+00:00,2026-06-12 16:45:00+00:00,no,0.62,466,0.31916996047430835,0.385,0.040830039525691655,10,7.69,0,169.39,14632.582000000017
2026-06-12 17:10:00+00:00,2026-06-12 17:00:00+00:00,2026-06-12 17:15:00+00:00,no,0.49,500,0.4342105263157895,0.515,0.055789473684210514,4,8.75,0,246.25,14878.832000000017
2026-06-12 17:16:00+00:00,2026-06-12 17:15:00+00:00,2026-06-12 17:30:00+00:00,no,0.56,500,0.3787128712871287,0.445,0.04128712871287123,13,8.63,0,211.37,15090.202000000018
2026-06-12 17:30:00+00:00,2026-06-12 17:30:00+00:00,2026-06-12 17:45:00+00:00,yes,0.56,500,0.642512077294686,0.555,0.0625120772946859,14,8.63,1,211.37,15301.572000000018
2026-06-12 17:52:00+00:00,2026-06-12 17:45:00+00:00,2026-06-12 18:00:00+00:00,yes,0.79,387,0.8468468468468469,0.785,0.03684684684684682,7,4.5,1,76.76999999999998,15378.342000000019
2026-06-12 18:01:00+00:00,2026-06-12 18:00:00+00:00,2026-06-12 18:15:00+00:00,yes,0.64,480,0.7231968810916181,0.635,0.06319688109161804,13,7.75,0,-314.95,15063.392000000018
2026-06-12 18:19:00+00:00,2026-06-12 18:15:00+00:00,2026-06-12 18:30:00+00:00,no,0.83,362,0.12261904761904761,0.175,0.03738095238095241,10,3.58,0,57.96000000000002,15121.352000000017
2026-06-12 18:32:00+00:00,2026-06-12 18:30:00+00:00,2026-06-12 18:45:00+00:00,yes,0.57,500,0.6388384754990927,0.565,0.04883847549909272,12,8.58,1,206.42,15327.772000000017
2026-06-12 18:49:00+00:00,2026-06-12 18:45:00+00:00,2026-06-12 19:00:00+00:00,no,0.6799999999999999,450,0.2523291925465839,0.325,0.047670807453416134,10,6.86,0,137.14,15464.912000000017
2026-06-12 19:03:00+00:00,2026-06-12 19:00:00+00:00,2026-06-12 19:15:00+00:00,yes,0.73,423,0.7970244420828906,0.725,0.0470244420828906,11,5.84,1,108.36999999999998,15573.282000000017
2026-06-12 19:24:00+00:00,2026-06-12 19:15:00+00:00,2026-06-12 19:30:00+00:00,yes,0.48,500,0.5403882279273641,0.475,0.04038822792736409,5,8.74,1,251.26,15824.542000000018
2026-06-12 19:33:00+00:00,2026-06-12 19:30:00+00:00,2026-06-12 19:45:00+00:00,no,0.77,411,0.16470588235294117,0.235,0.04529411764705883,11,5.1,0,89.42999999999998,15913.972000000018
2026-06-12 19:46:00+00:00,2026-06-12 19:45:00+00:00,2026-06-12 20:00:00+00:00,yes,0.37,500,0.4342105263157895,0.36,0.04421052631578949,13,8.16,0,-193.16,15720.812000000018
2026-06-12 20:01:00+00:00,2026-06-12 20:00:00+00:00,2026-06-12 20:15:00+00:00,yes,0.56,500,0.630952380952381,0.555,0.050952380952380985,13,8.63,0,-288.63,15432.182000000019
2026-06-12 20:22:00+00:00,2026-06-12 20:15:00+00:00,2026-06-12 20:30:00+00:00,yes,0.19,500,0.25,0.185,0.039999999999999994,7,5.39,0,-100.39,15331.79200000002
2026-06-12 20:35:00+00:00,2026-06-12 20:30:00+00:00,2026-06-12 20:45:00+00:00,yes,0.53,500,0.5918367346938775,0.525,0.04183673469387751,9,8.72,1,226.28,15558.07200000002
2026-06-12 21:02:00+00:00,2026-06-12 21:00:00+00:00,2026-06-12 21:15:00+00:00,yes,0.58,500,0.6571428571428571,0.575,0.057142857142857176,12,8.53,1,201.47,15759.54200000002
2026-06-12 21:16:00+00:00,2026-06-12 21:15:00+00:00,2026-06-12 21:30:00+00:00,yes,0.6,500,0.660952380952381,0.595,0.040952380952380976,13,8.4,0,-308.4,15451.14200000002
2026-06-12 21:31:00+00:00,2026-06-12 21:30:00+00:00,2026-06-12 21:45:00+00:00,yes,0.66,468,0.7970244420828906,0.655,0.11702444208289055,13,7.36,1,151.76,15602.90200000002
2026-06-12 21:45:00+00:00,2026-06-12 21:45:00+00:00,2026-06-12 22:00:00+00:00,no,0.73,427,0.19457013574660634,0.275,0.055429864253393704,14,5.9,0,109.39000000000001,15712.29200000002
2026-06-12 22:00:00+00:00,2026-06-12 22:00:00+00:00,2026-06-12 22:15:00+00:00,yes,0.64,491,0.7231968810916181,0.635,0.06319688109161804,14,7.92,1,168.84,15881.13200000002
2026-06-12 22:16:00+00:00,2026-06-12 22:15:00+00:00,2026-06-12 22:30:00+00:00,no,0.49,500,0.4533333333333333,0.515,0.03666666666666664,13,8.75,1,-253.75,15627.38200000002
2026-06-12 22:48:00+00:00,2026-06-12 22:45:00+00:00,2026-06-12 23:00:00+00:00,no,0.4,500,0.5403882279273641,0.605,0.0396117720726359,11,8.4,0,291.6,15918.98200000002
2026-06-12 23:04:00+00:00,2026-06-12 23:00:00+00:00,2026-06-12 23:15:00+00:00,no,0.73,436,0.19457013574660634,0.275,0.055429864253393704,10,6.02,0,111.70000000000003,16030.68200000002
2026-06-12 23:21:00+00:00,2026-06-12 23:15:00+00:00,2026-06-12 23:30:00+00:00,no,0.69,464,0.2523291925465839,0.315,0.037670807453416125,8,6.95,0,136.89000000000004,16167.57200000002
2026-06-12 23:30:00+00:00,2026-06-12 23:30:00+00:00,2026-06-12 23:45:00+00:00,no,0.38,500,0.5661914460285131,0.625,0.03380855397148687,14,8.25,1,-198.25,15969.32200000002
2026-06-12 23:45:00+00:00,2026-06-12 23:45:00+00:00,2026-06-13 00:00:00+00:00,no,0.38,500,0.5403882279273641,0.625,0.05961177207263592,14,8.25,1,-198.25,15771.07200000002
2026-06-13 00:00:00+00:00,2026-06-13 00:00:00+00:00,2026-06-13 00:15:00+00:00,no,0.48,500,0.4342105263157895,0.53,0.06578947368421052,14,8.74,1,-248.74,15522.33200000002
2026-06-13 00:17:00+00:00,2026-06-13 00:15:00+00:00,2026-06-13 00:30:00+00:00,no,0.6799999999999999,456,0.2523291925465839,0.325,0.047670807453416134,12,6.95,0,138.97000000000003,15661.30200000002
2026-06-13 00:56:00+00:00,2026-06-13 00:45:00+00:00,2026-06-13 01:00:00+00:00,no,0.07999999999999996,500,0.8560371517027864,0.923,0.05396284829721366,3,2.58,1,-42.57999999999998,15618.72200000002
2026-06-13 01:00:00+00:00,2026-06-13 01:00:00+00:00,2026-06-13 01:15:00+00:00,yes,0.44,500,0.5148148148148147,0.435,0.05481481481481472,14,8.63,1,271.37,15890.09200000002
2026-06-13 01:15:00+00:00,2026-06-13 01:15:00+00:00,2026-06-13 01:30:00+00:00,yes,0.6,500,0.6571428571428571,0.595,0.03714285714285716,14,8.4,0,-308.4,15581.692000000021
2026-06-13 01:45:00+00:00,2026-06-13 01:45:00+00:00,2026-06-13 02:00:00+00:00,no,0.38,500,0.5661914460285131,0.625,0.03380855397148687,14,8.25,1,-198.25,15383.442000000021
2026-06-13 02:00:00+00:00,2026-06-13 02:00:00+00:00,2026-06-13 02:15:00+00:00,no,0.5800000000000001,500,0.3448275862068965,0.425,0.05517241379310335,14,8.53,0,201.46999999999994,15584.91200000002
2026-06-13 02:31:00+00:00,2026-06-13 02:30:00+00:00,2026-06-13 02:45:00+00:00,yes,0.48,500,0.5403882279273641,0.475,0.04038822792736409,13,8.74,0,-248.74,15336.17200000002
2026-06-13 02:48:00+00:00,2026-06-13 02:45:00+00:00,2026-06-13 03:00:00+00:00,no,0.65,471,0.2523291925465839,0.355,0.07767080745341605,11,7.51,1,-313.66,15022.51200000002
2026-06-13 03:04:00+00:00,2026-06-13 03:00:00+00:00,2026-06-13 03:15:00+00:00,yes,0.75,400,0.8294209702660407,0.745,0.059420970266040665,10,5.25,1,94.75,15117.26200000002
2026-06-13 03:33:00+00:00,2026-06-13 03:30:00+00:00,2026-06-13 03:45:00+00:00,yes,0.49,500,0.5403882279273641,0.485,0.03038822792736408,11,8.75,1,246.25,15363.51200000002
2026-06-13 03:46:00+00:00,2026-06-13 03:45:00+00:00,2026-06-13 04:00:00+00:00,yes,0.44,500,0.5148148148148147,0.435,0.05481481481481472,13,8.63,1,271.37,15634.882000000021
2026-06-13 04:12:00+00:00,2026-06-13 04:00:00+00:00,2026-06-13 04:15:00+00:00,yes,0.21,500,0.3229166666666667,0.2,0.09291666666666669,2,5.81,0,-110.81,15524.072000000022
2026-06-13 04:24:00+00:00,2026-06-13 04:15:00+00:00,2026-06-13 04:30:00+00:00,no,0.09699999999999998,500,0.8294209702660407,0.9065000000000001,0.06357902973395936,5,3.07,1,-51.569999999999986,15472.502000000022
2026-06-13 04:33:00+00:00,2026-06-13 04:30:00+00:00,2026-06-13 04:45:00+00:00,yes,0.79,391,0.8560371517027864,0.785,0.04603715170278634,11,4.55,1,77.56000000000002,15550.062000000022
2026-06-13 04:48:00+00:00,2026-06-13 04:45:00+00:00,2026-06-13 05:00:00+00:00,yes,0.67,464,0.7231968810916181,0.665,0.033196881091618016,11,7.19,0,-318.07,15231.992000000022
2026-06-13 05:01:00+00:00,2026-06-13 05:00:00+00:00,2026-06-13 05:15:00+00:00,no,0.54,500,0.38425925925925924,0.46499999999999997,0.05574074074074066,13,8.7,1,-278.7,14953.292000000021
2026-06-13 05:17:00+00:00,2026-06-13 05:15:00+00:00,2026-06-13 05:30:00+00:00,no,0.6699999999999999,446,0.2523291925465839,0.33999999999999997,0.05767080745341614,12,6.91,1,-305.73,14647.562000000022
2026-06-13 05:41:00+00:00,2026-06-13 05:30:00+00:00,2026-06-13 05:45:00+00:00,yes,0.61,480,0.660952380952381,0.605,0.03095238095238097,3,8.0,0,-300.8,14346.762000000022
2026-06-13 05:46:00+00:00,2026-06-13 05:45:00+00:00,2026-06-13 06:00:00+00:00,yes,0.32,500,0.3816793893129771,0.315,0.041679389312977114,13,7.62,0,-167.62,14179.142000000022
2026-06-13 06:02:00+00:00,2026-06-13 06:00:00+00:00,2026-06-13 06:15:00+00:00,no,0.49,500,0.4342105263157895,0.515,0.055789473684210514,12,8.75,1,-253.75,13925.392000000022
2026-06-13 06:16:00+00:00,2026-06-13 06:15:00+00:00,2026-06-13 06:30:00+00:00,no,0.6799999999999999,409,0.2523291925465839,0.325,0.047670807453416134,13,6.23,1,-284.34999999999997,13641.042000000021
2026-06-13 06:31:00+00:00,2026-06-13 06:30:00+00:00,2026-06-13 06:45:00+00:00,yes,0.43,500,0.5148148148148147,0.425,0.06481481481481473,13,8.58,1,276.42,13917.462000000021
2026-06-13 07:00:00+00:00,2026-06-13 07:00:00+00:00,2026-06-13 07:15:00+00:00,no,0.6699999999999999,415,0.18,0.335,0.13000000000000014,14,6.43,0,130.52000000000004,14047.982000000022
2026-06-13 07:17:00+00:00,2026-06-13 07:15:00+00:00,2026-06-13 07:30:00+00:00,no,0.76,369,0.1722222222222222,0.245,0.04777777777777782,12,4.72,1,-285.16,13762.822000000022
2026-06-13 07:31:00+00:00,2026-06-13 07:30:00+00:00,2026-06-13 07:45:00+00:00,no,0.6,458,0.3448275862068965,0.405,0.035172413793103444,13,7.7,1,-282.5,13480.322000000022
2026-06-13 07:47:00+00:00,2026-06-13 07:45:00+00:00,2026-06-13 08:00:00+00:00,yes,0.61,441,0.7005649717514124,0.605,0.07056497175141242,12,7.35,1,164.64000000000001,13644.962000000021
2026-06-13 08:00:00+00:00,2026-06-13 08:00:00+00:00,2026-06-13 08:15:00+00:00,no,0.49,500,0.4408352668213457,0.515,0.04916473317865423,14,8.75,0,246.25,13891.212000000021
2026-06-13 08:26:00+00:00,2026-06-13 08:15:00+00:00,2026-06-13 08:30:00+00:00,yes,0.49,500,0.6388384754990927,0.485,0.1288384754990927,3,8.75,1,246.25,14137.462000000021
2026-06-13 08:32:00+00:00,2026-06-13 08:30:00+00:00,2026-06-13 08:45:00+00:00,no,0.5,500,0.4342105263157895,0.505,0.045789473684210505,12,8.75,1,-258.75,13878.712000000021
2026-06-13 08:46:00+00:00,2026-06-13 08:45:00+00:00,2026-06-13 09:00:00+00:00,no,0.5,500,0.4342105263157895,0.505,0.045789473684210505,13,8.75,0,241.25,14119.962000000021
2026-06-13 09:01:00+00:00,2026-06-13 09:00:00+00:00,2026-06-13 09:15:00+00:00,no,0.47,500,0.4342105263157895,0.535,0.07578947368421053,13,8.72,0,256.28,14376.242000000022
2026-06-13 09:15:00+00:00,2026-06-13 09:15:00+00:00,2026-06-13 09:30:00+00:00,no,0.47,500,0.4342105263157895,0.535,0.07578947368421053,14,8.72,1,-243.72,14132.522000000023
2026-06-13 09:34:00+00:00,2026-06-13 09:30:00+00:00,2026-06-13 09:45:00+00:00,no,0.65,434,0.2523291925465839,0.355,0.07767080745341605,10,6.92,0,144.98,14277.502000000022
2026-06-13 09:45:00+00:00,2026-06-13 09:45:00+00:00,2026-06-13 10:00:00+00:00,no,0.52,500,0.4111111111111111,0.485,0.048888888888888885,14,8.74,0,231.26,14508.762000000022
2026-06-13 10:04:00+00:00,2026-06-13 10:00:00+00:00,2026-06-13 10:15:00+00:00,no,0.53,500,0.31916996047430835,0.475,0.13083003952569164,10,8.72,1,-273.72,14235.042000000023
2026-06-13 10:17:00+00:00,2026-06-13 10:15:00+00:00,2026-06-13 10:30:00+00:00,no,0.63,451,0.31916996047430835,0.375,0.03083003952569165,12,7.36,0,159.51,14394.552000000023
2026-06-13 10:33:00+00:00,2026-06-13 10:30:00+00:00,2026-06-13 10:45:00+00:00,yes,0.85,338,0.9245742092457421,0.84,0.0645742092457421,11,3.02,1,47.679999999999986,14442.232000000024
2026-06-13 11:07:00+00:00,2026-06-13 11:00:00+00:00,2026-06-13 11:15:00+00:00,no,0.09599999999999997,500,0.8560371517027864,0.9065000000000001,0.03796284829721364,7,3.04,1,-51.039999999999985,14391.192000000023
2026-06-13 11:17:00+00:00,2026-06-13 11:15:00+00:00,2026-06-13 11:30:00+00:00,no,0.38,500,0.5661914460285131,0.63,0.03380855397148687,12,8.25,1,-198.25,14192.942000000023
2026-06-13 11:36:00+00:00,2026-06-13 11:30:00+00:00,2026-06-13 11:45:00+00:00,yes,0.2,500,0.2523291925465839,0.195,0.03232919254658391,8,5.6,0,-105.6,14087.342000000022
2026-06-13 11:51:00+00:00,2026-06-13 11:45:00+00:00,2026-06-13 12:00:00+00:00,yes,0.65,433,0.7005649717514124,0.645,0.03056497175141239,8,6.9,1,144.65,14231.992000000022
2026-06-13 12:00:00+00:00,2026-06-13 12:00:00+00:00,2026-06-13 12:15:00+00:00,yes,0.46,500,0.5148148148148147,0.455,0.0348148148148147,14,8.7,0,-238.7,13993.292000000021
2026-06-13 12:15:00+00:00,2026-06-13 12:15:00+00:00,2026-06-13 12:30:00+00:00,no,0.61,458,0.31916996047430835,0.395,0.050830039525691664,14,7.63,1,-287.01,13706.282000000021
2026-06-13 12:30:00+00:00,2026-06-13 12:30:00+00:00,2026-06-13 12:45:00+00:00,yes,0.47,500,0.5403882279273641,0.46499999999999997,0.050388227927364096,14,8.72,1,256.28,13962.562000000022
2026-06-13 12:48:00+00:00,2026-06-13 12:45:00+00:00,2026-06-13 13:00:00+00:00,yes,0.84,332,0.9245742092457421,0.835,0.07457420924574211,11,3.13,1,49.99,14012.552000000022
2026-06-13 13:01:00+00:00,2026-06-13 13:00:00+00:00,2026-06-13 13:15:00+00:00,no,0.62,452,0.31916996047430835,0.385,0.040830039525691655,13,7.46,1,-287.7,13724.85200000002
2026-06-13 13:23:00+00:00,2026-06-13 13:15:00+00:00,2026-06-13 13:30:00+00:00,no,0.28,500,0.6571428571428571,0.725,0.04285714285714283,6,7.06,1,-147.06,13577.792000000021
2026-06-13 13:31:00+00:00,2026-06-13 13:30:00+00:00,2026-06-13 13:45:00+00:00,no,0.75,362,0.15988372093023256,0.255,0.07011627906976738,13,4.76,0,85.74,13663.532000000021
2026-06-13 13:45:00+00:00,2026-06-13 13:45:00+00:00,2026-06-13 14:00:00+00:00,no,0.6699999999999999,407,0.2523291925465839,0.335,0.05767080745341614,14,6.3,0,128.01,13791.542000000021
2026-06-13 14:27:00+00:00,2026-06-13 14:15:00+00:00,2026-06-13 14:30:00+00:00,yes,0.16,500,0.31543624161073824,0.15000000000000002,0.14543624161073823,2,4.71,0,-84.71,13706.832000000022
2026-06-13 14:45:00+00:00,2026-06-13 14:45:00+00:00,2026-06-13 15:00:00+00:00,yes,0.5,500,0.5940409683426443,0.495,0.0740409683426443,14,8.75,1,241.25,13948.082000000022
2026-06-13 15:00:00+00:00,2026-06-13 15:00:00+00:00,2026-06-13 15:15:00+00:00,no,0.6,464,0.3448275862068965,0.405,0.035172413793103444,14,7.8,1,-286.2,13661.882000000021
2026-06-13 15:15:00+00:00,2026-06-13 15:15:00+00:00,2026-06-13 15:30:00+00:00,no,0.5,500,0.4408352668213457,0.505,0.039164733178654224,14,8.75,0,241.25,13903.132000000021
2026-06-13 15:34:00+00:00,2026-06-13 15:30:00+00:00,2026-06-13 15:45:00+00:00,no,0.48,500,0.4408352668213457,0.525,0.05916473317865424,10,8.74,0,251.26,14154.392000000022
2026-06-13 16:15:00+00:00,2026-06-13 16:15:00+00:00,2026-06-13 16:30:00+00:00,no,0.56,500,0.38425925925925924,0.445,0.03574074074074064,14,8.63,0,211.37,14365.762000000022
2026-06-13 16:31:00+00:00,2026-06-13 16:30:00+00:00,2026-06-13 16:45:00+00:00,no,0.38,500,0.5661914460285131,0.625,0.03380855397148687,13,8.25,1,-198.25,14167.512000000022
2026-06-13 16:45:00+00:00,2026-06-13 16:45:00+00:00,2026-06-13 17:00:00+00:00,no,0.26,500,0.6888888888888889,0.745,0.031111111111111107,14,6.74,0,363.26,14530.772000000023
2026-06-13 17:06:00+00:00,2026-06-13 17:00:00+00:00,2026-06-13 17:15:00+00:00,yes,0.32,500,0.38425925925925924,0.315,0.044259259259259234,8,7.62,0,-167.62,14363.152000000022
2026-06-13 17:20:00+00:00,2026-06-13 17:15:00+00:00,2026-06-13 17:30:00+00:00,no,0.09999999999999998,500,0.8560371517027864,0.9005000000000001,0.03396284829721364,9,3.15,1,-53.149999999999984,14310.002000000022
2026-06-13 17:30:00+00:00,2026-06-13 17:30:00+00:00,2026-06-13 17:45:00+00:00,no,0.51,500,0.4111111111111111,0.495,0.05888888888888889,14,8.75,1,-263.75,14046.252000000022
2026-06-13 18:03:00+00:00,2026-06-13 18:00:00+00:00,2026-06-13 18:15:00+00:00,yes,0.59,476,0.6571428571428571,0.585,0.04714285714285717,11,8.07,1,187.09000000000003,14233.342000000022
2026-06-13 18:21:00+00:00,2026-06-13 18:15:00+00:00,2026-06-13 18:30:00+00:00,yes,0.72,395,0.7970244420828906,0.715,0.057024442082890606,8,5.58,1,105.02000000000002,14338.362000000023
2026-06-13 18:32:00+00:00,2026-06-13 18:30:00+00:00,2026-06-13 18:45:00+00:00,no,0.63,455,0.31916996047430835,0.38,0.03083003952569165,12,7.43,1,-294.08,14044.282000000023
2026-06-13 18:45:00+00:00,2026-06-13 18:45:00+00:00,2026-06-13 19:00:00+00:00,no,0.51,500,0.4111111111111111,0.495,0.05888888888888889,14,8.75,0,236.25,14280.532000000023
2026-06-13 19:10:00+00:00,2026-06-13 19:00:00+00:00,2026-06-13 19:15:00+00:00,no,0.20999999999999996,500,0.7231968810916181,0.8,0.04680311890838197,4,5.81,1,-110.80999999999999,14169.722000000023
2026-06-13 19:15:00+00:00,2026-06-13 19:15:00+00:00,2026-06-13 19:30:00+00:00,no,0.47,500,0.4408352668213457,0.535,0.06916473317865425,14,8.72,0,256.28,14426.002000000024
2026-06-13 19:30:00+00:00,2026-06-13 19:30:00+00:00,2026-06-13 19:45:00+00:00,no,0.42000000000000004,500,0.5148148148148147,0.585,0.04518518518518523,14,8.53,1,-218.53000000000003,14207.472000000023
2026-06-13 19:45:00+00:00,2026-06-13 19:45:00+00:00,2026-06-13 20:00:00+00:00,no,0.51,500,0.4342105263157895,0.5,0.035789473684210496,14,8.75,1,-263.75,13943.722000000023
2026-06-13 20:10:00+00:00,2026-06-13 20:00:00+00:00,2026-06-13 20:15:00+00:00,yes,0.18,500,0.23664122137404583,0.175,0.03664122137404584,4,5.17,0,-95.17,13848.552000000023
2026-06-13 20:15:00+00:00,2026-06-13 20:15:00+00:00,2026-06-13 20:30:00+00:00,no,0.5,500,0.4342105263157895,0.505,0.045789473684210505,14,8.75,0,241.25,14089.802000000023
2026-06-13 20:37:00+00:00,2026-06-13 20:30:00+00:00,2026-06-13 20:45:00+00:00,yes,0.58,485,0.630952380952381,0.5700000000000001,0.030952380952381082,7,8.28,0,-289.5799999999999,13800.222000000023
2026-06-13 20:49:00+00:00,2026-06-13 20:45:00+00:00,2026-06-13 21:00:00+00:00,yes,0.7,394,0.7970244420828906,0.695,0.07702444208289062,10,5.8,1,112.40000000000005,13912.622000000023
2026-06-13 21:00:00+00:00,2026-06-13 21:00:00+00:00,2026-06-13 21:15:00+00:00,no,0.45999999999999996,500,0.4342105263157895,0.545,0.08578947368421054,14,8.7,0,261.3,14173.922000000022
2026-06-13 21:19:00+00:00,2026-06-13 21:15:00+00:00,2026-06-13 21:30:00+00:00,no,0.51,500,0.4111111111111111,0.495,0.05888888888888889,10,8.75,1,-263.75,13910.172000000022
2026-06-13 21:35:00+00:00,2026-06-13 21:30:00+00:00,2026-06-13 21:45:00+00:00,yes,0.75,370,0.8560371517027864,0.745,0.08603715170278638,9,4.86,1,87.64,13997.812000000022
2026-06-13 21:46:00+00:00,2026-06-13 21:45:00+00:00,2026-06-13 22:00:00+00:00,no,0.6799999999999999,411,0.2523291925465839,0.325,0.047670807453416134,13,6.27,0,125.25000000000004,14123.062000000022
2026-06-13 22:00:00+00:00,2026-06-13 22:00:00+00:00,2026-06-13 22:15:00+00:00,no,0.61,463,0.31916996047430835,0.395,0.050830039525691664,14,7.72,0,172.85,14295.912000000022
2026-06-13 22:15:00+00:00,2026-06-13 22:15:00+00:00,2026-06-13 22:30:00+00:00,no,0.51,500,0.4342105263157895,0.495,0.035789473684210496,14,8.75,1,-263.75,14032.162000000022
2026-06-13 22:30:00+00:00,2026-06-13 22:30:00+00:00,2026-06-13 22:45:00+00:00,no,0.51,500,0.4342105263157895,0.5,0.035789473684210496,14,8.75,1,-263.75,13768.412000000022
2026-06-13 22:45:00+00:00,2026-06-13 22:45:00+00:00,2026-06-13 23:00:00+00:00,no,0.38,500,0.5403882279273641,0.625,0.05961177207263592,14,8.25,0,301.75,14070.162000000022
2026-06-13 23:04:00+00:00,2026-06-13 23:00:00+00:00,2026-06-13 23:15:00+00:00,no,0.5700000000000001,493,0.3787128712871287,0.435,0.03128712871287122,10,8.46,0,203.52999999999994,14273.692000000023
2026-06-13 23:28:00+00:00,2026-06-13 23:15:00+00:00,2026-06-13 23:30:00+00:00,no,0.010000000000000009,500,0.9488448844884488,0.9904999999999999,0.031155115511551153,1,0.35,1,-5.350000000000004,14268.342000000022
2026-06-13 23:31:00+00:00,2026-06-13 23:30:00+00:00,2026-06-13 23:45:00+00:00,yes,0.36,500,0.4342105263157895,0.355,0.0542105263157895,13,8.07,1,311.93,14580.272000000023
2026-06-13 23:46:00+00:00,2026-06-13 23:45:00+00:00,2026-06-14 00:00:00+00:00,no,0.69,422,0.2523291925465839,0.315,0.037670807453416125,13,6.32,0,124.50000000000006,14704.772000000023
2026-06-14 00:00:00+00:00,2026-06-14 00:00:00+00:00,2026-06-14 00:15:00+00:00,no,0.6,490,0.31916996047430835,0.405,0.06083003952569167,14,8.24,0,187.76,14892.532000000023
2026-06-14 00:18:00+00:00,2026-06-14 00:15:00+00:00,2026-06-14 00:30:00+00:00,no,0.6599999999999999,451,0.2523291925465839,0.345,0.06767080745341615,11,7.09,1,-304.74999999999994,14587.782000000023
2026-06-14 00:50:00+00:00,2026-06-14 00:45:00+00:00,2026-06-14 01:00:00+00:00,no,0.5900000000000001,494,0.31916996047430835,0.415,0.07083003952569157,9,8.37,1,-299.83000000000004,14287.952000000023
2026-06-14 01:02:00+00:00,2026-06-14 01:00:00+00:00,2026-06-14 01:15:00+00:00,no,0.61,468,0.31916996047430835,0.395,0.050830039525691664,12,7.8,1,-293.28000000000003,13994.672000000022
2026-06-14 01:17:00+00:00,2026-06-14 01:15:00+00:00,2026-06-14 01:30:00+00:00,no,0.4,500,0.5403882279273641,0.605,0.0396117720726359,12,8.4,1,-208.4,13786.272000000023
2026-06-14 01:31:00+00:00,2026-06-14 01:30:00+00:00,2026-06-14 01:45:00+00:00,no,0.6799999999999999,405,0.2523291925465839,0.325,0.047670807453416134,13,6.17,0,123.43000000000002,13909.702000000023
2026-06-14 01:46:00+00:00,2026-06-14 01:45:00+00:00,2026-06-14 02:00:00+00:00,yes,0.55,500,0.630952380952381,0.545,0.060952380952380994,13,8.67,0,-283.67,13626.032000000023
2026-06-14 02:03:00+00:00,2026-06-14 02:00:00+00:00,2026-06-14 02:15:00+00:00,yes,0.5,500,0.6388384754990927,0.495,0.11883847549909267,11,8.75,1,241.25,13867.282000000023
2026-06-14 02:32:00+00:00,2026-06-14 02:30:00+00:00,2026-06-14 02:45:00+00:00,yes,0.59,470,0.642512077294686,0.585,0.032512077294685984,12,7.96,0,-285.26,13582.022000000023
2026-06-14 02:47:00+00:00,2026-06-14 02:45:00+00:00,2026-06-14 03:00:00+00:00,no,0.69,393,0.2523291925465839,0.315,0.037670807453416125,12,5.89,0,115.94000000000004,13697.962000000023
2026-06-14 03:06:00+00:00,2026-06-14 03:00:00+00:00,2026-06-14 03:15:00+00:00,yes,0.54,500,0.5940409683426443,0.535,0.034040968342644265,8,8.7,1,221.3,13919.262000000022
2026-06-14 03:24:00+00:00,2026-06-14 03:15:00+00:00,2026-06-14 03:30:00+00:00,no,0.13,500,0.8294209702660407,0.875,0.030579029733959324,5,3.96,1,-68.96,13850.302000000023
2026-06-14 03:31:00+00:00,2026-06-14 03:30:00+00:00,2026-06-14 03:45:00+00:00,no,0.64,432,0.2523291925465839,0.365,0.08767080745341606,13,6.97,0,148.54999999999998,13998.852000000023
2026-06-14 03:45:00+00:00,2026-06-14 03:45:00+00:00,2026-06-14 04:00:00+00:00,no,0.48,500,0.4342105263157895,0.525,0.06578947368421052,14,8.74,1,-248.74,13750.112000000023
2026-06-14 04:00:00+00:00,2026-06-14 04:00:00+00:00,2026-06-14 04:15:00+00:00,yes,0.48,500,0.5661914460285131,0.475,0.06619144602851314,14,8.74,0,-248.74,13501.372000000023
2026-06-14 04:17:00+00:00,2026-06-14 04:15:00+00:00,2026-06-14 04:30:00+00:00,yes,0.63,428,0.7005649717514124,0.625,0.050564971751412405,12,6.99,0,-276.63,13224.742000000024
2026-06-14 04:30:00+00:00,2026-06-14 04:30:00+00:00,2026-06-14 04:45:00+00:00,no,0.51,500,0.4342105263157895,0.495,0.035789473684210496,14,8.75,0,236.25,13460.992000000024
2026-06-14 04:45:00+00:00,2026-06-14 04:45:00+00:00,2026-06-14 05:00:00+00:00,no,0.6799999999999999,395,0.2523291925465839,0.325,0.047670807453416134,14,6.02,0,120.38000000000004,13581.372000000023
2026-06-14 05:00:00+00:00,2026-06-14 05:00:00+00:00,2026-06-14 05:15:00+00:00,yes,0.58,468,0.660952380952381,0.5700000000000001,0.060952380952380994,14,7.99,1,188.57,13769.942000000023
2026-06-14 05:15:00+00:00,2026-06-14 05:15:00+00:00,2026-06-14 05:30:00+00:00,no,0.33999999999999997,500,0.5403882279273641,0.67,0.09961177207263595,14,7.86,0,322.14,14092.082000000022
2026-06-14 05:34:00+00:00,2026-06-14 05:30:00+00:00,2026-06-14 05:45:00+00:00,yes,0.54,500,0.6388384754990927,0.535,0.07883847549909263,10,8.7,1,221.3,14313.382000000021
2026-06-14 05:45:00+00:00,2026-06-14 05:45:00+00:00,2026-06-14 06:00:00+00:00,yes,0.38,500,0.4342105263157895,0.375,0.03421052631578948,14,8.25,0,-198.25,14115.132000000021
2026-06-14 06:02:00+00:00,2026-06-14 06:00:00+00:00,2026-06-14 06:15:00+00:00,yes,0.8,352,0.9245742092457421,0.795,0.10457420924574203,12,3.95,1,66.44999999999997,14181.582000000022
2026-06-14 06:16:00+00:00,2026-06-14 06:15:00+00:00,2026-06-14 06:30:00+00:00,no,0.51,500,0.3816793893129771,0.495,0.08832061068702292,13,8.75,0,236.25,14417.832000000022
2026-06-14 06:30:00+00:00,2026-06-14 06:30:00+00:00,2026-06-14 06:45:00+00:00,no,0.52,500,0.3448275862068965,0.485,0.1151724137931034,14,8.74,0,231.26,14649.092000000022
2026-06-14 07:01:00+00:00,2026-06-14 07:00:00+00:00,2026-06-14 07:15:00+00:00,no,0.5,500,0.4342105263157895,0.505,0.045789473684210505,13,8.75,0,241.25,14890.342000000022
2026-06-14 07:17:00+00:00,2026-06-14 07:15:00+00:00,2026-06-14 07:30:00+00:00,yes,0.86,346,0.9032258064516129,0.855,0.03322580645161289,12,2.92,1,45.519999999999996,14935.862000000023
2026-06-14 08:05:00+00:00,2026-06-14 08:00:00+00:00,2026-06-14 08:15:00+00:00,no,0.75,398,0.1722222222222222,0.255,0.05777777777777783,9,5.23,1,-303.73,14632.132000000023
2026-06-14 08:25:00+00:00,2026-06-14 08:15:00+00:00,2026-06-14 08:30:00+00:00,no,0.09799999999999998,500,0.8560371517027864,0.9035,0.03596284829721364,4,3.1,1,-52.09999999999999,14580.032000000023
2026-06-14 08:30:00+00:00,2026-06-14 08:30:00+00:00,2026-06-14 08:45:00+00:00,no,0.69,422,0.2523291925465839,0.315,0.037670807453416125,14,6.32,0,124.50000000000006,14704.532000000023
2026-06-14 08:45:00+00:00,2026-06-14 08:45:00+00:00,2026-06-14 09:00:00+00:00,yes,0.47,500,0.5403882279273641,0.45999999999999996,0.050388227927364096,14,8.72,0,-243.72,14460.812000000024
2026-06-14 09:09:00+00:00,2026-06-14 09:00:00+00:00,2026-06-14 09:15:00+00:00,yes,0.47,500,0.5403882279273641,0.46499999999999997,0.050388227927364096,5,8.72,0,-243.72,14217.092000000024
2026-06-14 09:16:00+00:00,2026-06-14 09:15:00+00:00,2026-06-14 09:30:00+00:00,no,0.69,412,0.2523291925465839,0.315,0.037670807453416125,13,6.17,0,121.55000000000003,14338.642000000023
2026-06-14 09:30:00+00:00,2026-06-14 09:30:00+00:00,2026-06-14 09:45:00+00:00,no,0.39,500,0.5403882279273641,0.615,0.04961177207263591,14,8.33,1,-203.33,14135.312000000024
2026-06-14 09:47:00+00:00,2026-06-14 09:45:00+00:00,2026-06-14 10:00:00+00:00,no,0.37,500,0.5403882279273641,0.635,0.06961177207263593,12,8.16,1,-193.16,13942.152000000024
2026-06-14 10:18:00+00:00,2026-06-14 10:15:00+00:00,2026-06-14 10:30:00+00:00,no,0.27,500,0.660952380952381,0.735,0.04904761904761902,11,6.9,1,-141.9,13800.252000000024
2026-06-14 10:32:00+00:00,2026-06-14 10:30:00+00:00,2026-06-14 10:45:00+00:00,no,0.27,500,0.660952380952381,0.735,0.04904761904761902,12,6.9,1,-141.9,13658.352000000024
2026-06-14 11:15:00+00:00,2026-06-14 11:15:00+00:00,2026-06-14 11:30:00+00:00,yes,0.37,500,0.4342105263157895,0.365,0.04421052631578949,14,8.16,1,306.84,13965.192000000025
2026-06-14 11:38:00+00:00,2026-06-14 11:30:00+00:00,2026-06-14 11:45:00+00:00,no,0.08999999999999997,500,0.8560371517027864,0.912,0.04396284829721365,6,2.87,1,-47.86999999999998,13917.322000000024
2026-06-14 11:49:00+00:00,2026-06-14 11:45:00+00:00,2026-06-14 12:00:00+00:00,yes,0.51,500,0.642512077294686,0.505,0.11251207729468594,10,8.75,0,-263.75,13653.572000000024
2026-06-14 12:18:00+00:00,2026-06-14 12:15:00+00:00,2026-06-14 12:30:00+00:00,yes,0.58,470,0.642512077294686,0.575,0.04251207729468599,11,8.02,0,-280.61999999999995,13372.952000000023
2026-06-14 12:33:00+00:00,2026-06-14 12:30:00+00:00,2026-06-14 12:45:00+00:00,no,0.86,310,0.09004739336492891,0.14500000000000002,0.03995260663507106,11,2.62,0,40.77999999999998,13413.732000000024
2026-06-14 13:12:00+00:00,2026-06-14 13:00:00+00:00,2026-06-14 13:15:00+00:00,no,0.09299999999999997,500,0.8560371517027864,0.911,0.040962848297213646,2,2.96,1,-49.45999999999999,13364.272000000024
2026-06-14 13:15:00+00:00,2026-06-14 13:15:00+00:00,2026-06-14 13:30:00+00:00,yes,0.61,438,0.660952380952381,0.605,0.03095238095238097,14,7.3,0,-274.48,13089.792000000025
2026-06-14 13:30:00+00:00,2026-06-14 13:30:00+00:00,2026-06-14 13:45:00+00:00,yes,0.53,493,0.6571428571428571,0.525,0.10714285714285711,14,8.6,1,223.10999999999999,13312.902000000026
2026-06-14 13:54:00+00:00,2026-06-14 13:45:00+00:00,2026-06-14 14:00:00+00:00,yes,0.038,500,0.08144796380090498,0.0375,0.03344796380090498,5,1.28,0,-20.28,13292.622000000025
2026-06-14 14:02:00+00:00,2026-06-14 14:00:00+00:00,2026-06-14 14:15:00+00:00,no,0.64,415,0.2523291925465839,0.365,0.08767080745341606,12,6.7,0,142.7,13435.322000000026
2026-06-14 14:24:00+00:00,2026-06-14 14:15:00+00:00,2026-06-14 14:30:00+00:00,yes,0.13,500,0.19457013574660634,0.125,0.05457013574660633,5,3.96,0,-68.96,13366.362000000026
2026-06-14 14:31:00+00:00,2026-06-14 14:30:00+00:00,2026-06-14 14:45:00+00:00,no,0.76,351,0.16470588235294117,0.245,0.05529411764705884,13,4.49,0,79.75000000000001,13446.112000000026
2026-06-14 14:49:00+00:00,2026-06-14 14:45:00+00:00,2026-06-14 15:00:00+00:00,yes,0.38,500,0.4342105263157895,0.375,0.03421052631578948,10,8.25,1,301.75,13747.862000000026
2026-06-14 15:02:00+00:00,2026-06-14 15:00:00+00:00,2026-06-14 15:15:00+00:00,yes,0.87,316,0.9245742092457421,0.865,0.044574209245742076,12,2.51,1,38.569999999999986,13786.432000000026
2026-06-14 15:24:00+00:00,2026-06-14 15:15:00+00:00,2026-06-14 15:30:00+00:00,yes,0.16,500,0.2523291925465839,0.155,0.08232919254658393,5,4.71,0,-84.71,13701.722000000027
2026-06-14 15:43:00+00:00,2026-06-14 15:30:00+00:00,2026-06-14 15:45:00+00:00,no,0.07299999999999995,500,0.6388384754990927,0.9285000000000001,0.27816152450090736,1,2.37,0,461.13,14162.852000000026
2026-06-14 15:54:00+00:00,2026-06-14 15:45:00+00:00,2026-06-14 16:00:00+00:00,no,0.26,500,0.660952380952381,0.745,0.05904761904761903,5,6.74,0,363.26,14526.112000000026
2026-06-14 16:07:00+00:00,2026-06-14 16:00:00+00:00,2026-06-14 16:15:00+00:00,yes,0.76,382,0.8294209702660407,0.755,0.049420970266040656,7,4.88,1,86.80000000000001,14612.912000000026
2026-06-14 16:34:00+00:00,2026-06-14 16:30:00+00:00,2026-06-14 16:45:00+00:00,yes,0.73,400,0.7970244420828906,0.725,0.0470244420828906,10,5.52,1,102.48,14715.392000000025
2026-06-14 16:46:00+00:00,2026-06-14 16:45:00+00:00,2026-06-14 17:00:00+00:00,no,0.6699999999999999,439,0.2523291925465839,0.335,0.05767080745341614,13,6.8,0,138.07,14853.462000000025
2026-06-14 17:00:00+00:00,2026-06-14 17:00:00+00:00,2026-06-14 17:15:00+00:00,yes,0.38,500,0.4342105263157895,0.375,0.03421052631578948,14,8.25,1,301.75,15155.212000000025
2026-06-14 17:32:00+00:00,2026-06-14 17:30:00+00:00,2026-06-14 17:45:00+00:00,yes,0.56,500,0.642512077294686,0.555,0.0625120772946859,12,8.63,0,-288.63,14866.582000000026
2026-06-14 17:49:00+00:00,2026-06-14 17:45:00+00:00,2026-06-14 18:00:00+00:00,yes,0.24,500,0.3229166666666667,0.235,0.06291666666666669,10,6.39,0,-126.39,14740.192000000026
2026-06-14 18:11:00+00:00,2026-06-14 18:00:00+00:00,2026-06-14 18:15:00+00:00,yes,0.13,500,0.2523291925465839,0.125,0.11232919254658393,3,3.96,0,-68.96,14671.232000000027
2026-06-14 18:18:00+00:00,2026-06-14 18:15:00+00:00,2026-06-14 18:30:00+00:00,no,0.6,489,0.3229166666666667,0.405,0.05708333333333328,11,8.22,0,187.38000000000002,14858.612000000026
2026-06-14 18:48:00+00:00,2026-06-14 18:45:00+00:00,2026-06-14 19:00:00+00:00,yes,0.7,424,0.7970244420828906,0.695,0.07702444208289062,11,6.24,1,120.96000000000005,14979.572000000027
2026-06-14 19:13:00+00:00,2026-06-14 19:00:00+00:00,2026-06-14 19:15:00+00:00,yes,0.063,500,0.2523291925465839,0.0615,0.17932919254658392,1,2.07,0,-33.57,14946.002000000028
2026-06-14 19:16:00+00:00,2026-06-14 19:15:00+00:00,2026-06-14 19:30:00+00:00,yes,0.72,415,0.8294209702660407,0.715,0.08942097026604069,13,5.86,0,-304.66,14641.342000000028
2026-06-14 19:36:00+00:00,2026-06-14 19:30:00+00:00,2026-06-14 19:45:00+00:00,yes,0.72,406,0.7970244420828906,0.715,0.057024442082890606,8,5.73,0,-298.05,14343.292000000029
2026-06-14 20:00:00+00:00,2026-06-14 20:00:00+00:00,2026-06-14 20:15:00+00:00,yes,0.67,428,0.7231968810916181,0.665,0.033196881091618016,14,6.63,1,134.61,14477.90200000003
2026-06-14 20:17:00+00:00,2026-06-14 20:15:00+00:00,2026-06-14 20:30:00+00:00,yes,0.65,445,0.7231968810916181,0.645,0.053196881091618034,12,7.09,1,148.66,14626.562000000029
2026-06-14 20:47:00+00:00,2026-06-14 20:45:00+00:00,2026-06-14 21:00:00+00:00,no,0.53,500,0.4111111111111111,0.475,0.038888888888888876,12,8.72,0,226.28,14852.84200000003
2026-06-14 21:16:00+00:00,2026-06-14 21:15:00+00:00,2026-06-14 21:30:00+00:00,no,0.049000000000000044,500,0.8560371517027864,0.9515,0.08496284829721358,13,1.64,1,-26.140000000000022,14826.70200000003
2026-06-14 21:30:00+00:00,2026-06-14 21:30:00+00:00,2026-06-14 21:45:00+00:00,no,0.42000000000000004,500,0.4342105263157895,0.585,0.12578947368421048,14,8.53,1,-218.53000000000003,14608.17200000003
2026-06-14 21:45:00+00:00,2026-06-14 21:45:00+00:00,2026-06-14 22:00:00+00:00,no,0.37,500,0.5403882279273641,0.635,0.06961177207263593,14,8.16,1,-193.16,14415.01200000003
2026-06-14 22:11:00+00:00,2026-06-14 22:00:00+00:00,2026-06-14 22:15:00+00:00,yes,0.068,500,0.12261904761904761,0.0675,0.04461904761904761,3,2.22,0,-36.22,14378.79200000003
2026-06-14 22:20:00+00:00,2026-06-14 22:15:00+00:00,2026-06-14 22:30:00+00:00,no,0.5900000000000001,487,0.3448275862068965,0.415,0.04517241379310334,9,8.25,1,-295.58000000000004,14083.21200000003
2026-06-14 22:30:00+00:00,2026-06-14 22:30:00+00:00,2026-06-14 22:45:00+00:00,no,0.4,500,0.5403882279273641,0.605,0.0396117720726359,14,8.4,1,-208.4,13874.81200000003
2026-06-14 22:47:00+00:00,2026-06-14 22:45:00+00:00,2026-06-14 23:00:00+00:00,no,0.63,440,0.31916996047430835,0.375,0.03083003952569165,12,7.18,0,155.62,14030.432000000032
2026-06-14 23:02:00+00:00,2026-06-14 23:00:00+00:00,2026-06-14 23:15:00+00:00,no,0.5700000000000001,492,0.36774941995359633,0.435,0.0422505800464036,12,8.45,1,-288.89000000000004,13741.542000000032
2026-06-14 23:15:00+00:00,2026-06-14 23:15:00+00:00,2026-06-14 23:30:00+00:00,no,0.35,500,0.5470085470085471,0.66,0.08299145299145295,14,7.97,1,-182.97,13558.572000000033
2026-06-14 23:30:00+00:00,2026-06-14 23:30:00+00:00,2026-06-14 23:45:00+00:00,no,0.52,500,0.37755102040816324,0.49,0.08244897959183674,14,8.74,0,231.26,13789.832000000033
2026-06-14 23:45:00+00:00,2026-06-14 23:45:00+00:00,2026-06-15 00:00:00+00:00,no,0.45999999999999996,500,0.47522935779816516,0.545,0.04477064220183481,14,8.7,1,-238.69999999999996,13551.132000000032
2026-06-15 00:00:00+00:00,2026-06-15 00:00:00+00:00,2026-06-15 00:15:00+00:00,no,0.52,500,0.3804347826086957,0.485,0.0795652173913043,14,8.74,1,-268.74,13282.392000000033
2026-06-15 00:15:00+00:00,2026-06-15 00:15:00+00:00,2026-06-15 00:30:00+00:00,no,0.65,408,0.24461105904404878,0.355,0.08538894095595119,14,6.5,0,136.3,13418.692000000032
2026-06-15 00:30:00+00:00,2026-06-15 00:30:00+00:00,2026-06-15 00:45:00+00:00,no,0.47,500,0.4179254783484391,0.535,0.09207452165156095,14,8.72,0,256.28,13674.972000000032
2026-06-15 00:45:00+00:00,2026-06-15 00:45:00+00:00,2026-06-15 01:00:00+00:00,no,0.47,500,0.4179254783484391,0.535,0.09207452165156095,14,8.72,1,-243.72,13431.252000000033
2026-06-15 01:00:00+00:00,2026-06-15 01:00:00+00:00,2026-06-15 01:15:00+00:00,no,0.7,383,0.24461105904404878,0.305,0.035388940955951256,14,5.64,0,109.26000000000003,13540.512000000033
2026-06-15 01:17:00+00:00,2026-06-15 01:15:00+00:00,2026-06-15 01:30:00+00:00,no,0.43999999999999995,500,0.5054021608643458,0.565,0.0345978391356543,12,8.63,0,271.37,13811.882000000034
2026-06-15 01:32:00+00:00,2026-06-15 01:30:00+00:00,2026-06-15 01:45:00+00:00,yes,0.75,368,0.8057142857142857,0.745,0.03571428571428571,12,4.83,1,87.17,13899.052000000034
2026-06-15 02:00:00+00:00,2026-06-15 02:00:00+00:00,2026-06-15 02:15:00+00:00,no,0.61,455,0.33787731256085685,0.395,0.03212268743914316,14,7.58,1,-285.13,13613.922000000035
2026-06-15 02:16:00+00:00,2026-06-15 02:15:00+00:00,2026-06-15 02:30:00+00:00,yes,0.82,332,0.8820960698689956,0.815,0.042096069868995625,13,3.44,0,-275.68,13338.242000000035
2026-06-15 02:34:00+00:00,2026-06-15 02:30:00+00:00,2026-06-15 02:45:00+00:00,no,0.83,321,0.09848484848484848,0.175,0.06151515151515153,10,3.18,0,51.38999999999999,13389.632000000034
2026-06-15 03:02:00+00:00,2026-06-15 03:00:00+00:00,2026-06-15 03:15:00+00:00,no,0.38,500,0.5470085470085471,0.625,0.05299145299145293,12,8.25,1,-198.25,13191.382000000034
2026-06-15 03:15:00+00:00,2026-06-15 03:15:00+00:00,2026-06-15 03:30:00+00:00,no,0.45999999999999996,500,0.4179254783484391,0.545,0.10207452165156096,14,8.7,1,-238.69999999999996,12952.682000000033
2026-06-15 03:30:00+00:00,2026-06-15 03:30:00+00:00,2026-06-15 03:45:00+00:00,no,0.5800000000000001,446,0.36774941995359633,0.425,0.03225058004640359,14,7.61,1,-266.29,12686.392000000033
2026-06-15 03:45:00+00:00,2026-06-15 03:45:00+00:00,2026-06-15 04:00:00+00:00,no,0.36,500,0.5470085470085471,0.645,0.07299145299145295,14,8.07,1,-188.07,12498.322000000033
2026-06-15 04:00:00+00:00,2026-06-15 04:00:00+00:00,2026-06-15 04:15:00+00:00,no,0.55,454,0.36774941995359633,0.455,0.06225058004640362,14,7.87,0,196.42999999999998,12694.752000000033
2026-06-15 04:20:00+00:00,2026-06-15 04:15:00+00:00,2026-06-15 04:30:00+00:00,no,0.20999999999999996,500,0.7384284176533907,0.8,0.0315715823466093,9,5.81,0,389.19,13083.942000000034
2026-06-15 04:33:00+00:00,2026-06-15 04:30:00+00:00,2026-06-15 04:45:00+00:00,no,0.53,493,0.4179254783484391,0.475,0.0320745216515609,11,8.6,0,223.10999999999999,13307.052000000034
2026-06-15 04:45:00+00:00,2026-06-15 04:45:00+00:00,2026-06-15 05:00:00+00:00,no,0.38,500,0.5470085470085471,0.625,0.05299145299145293,14,8.25,0,301.75,13608.802000000034
2026-06-15 05:00:00+00:00,2026-06-15 05:00:00+00:00,2026-06-15 05:15:00+00:00,no,0.6,453,0.33787731256085685,0.405,0.04212268743914317,14,7.62,1,-279.42,13329.382000000034
2026-06-15 05:15:00+00:00,2026-06-15 05:15:00+00:00,2026-06-15 05:30:00+00:00,no,0.37,500,0.5470085470085471,0.64,0.06299145299145294,14,8.16,1,-193.16,13136.222000000034
2026-06-15 05:33:00+00:00,2026-06-15 05:30:00+00:00,2026-06-15 05:45:00+00:00,yes,0.19,500,0.24461105904404878,0.185,0.03461105904404878,11,5.39,0,-100.39,13035.832000000035
2026-06-15 05:50:00+00:00,2026-06-15 05:45:00+00:00,2026-06-15 06:00:00+00:00,no,0.14,500,0.8114355231143552,0.865,0.0385644768856448,9,4.22,1,-74.22,12961.612000000036
2026-06-15 06:01:00+00:00,2026-06-15 06:00:00+00:00,2026-06-15 06:15:00+00:00,no,0.6699999999999999,386,0.2724968314321926,0.335,0.03750316856780746,13,5.98,1,-264.59999999999997,12697.012000000035
2026-06-15 06:19:00+00:00,2026-06-15 06:15:00+00:00,2026-06-15 06:30:00+00:00,no,0.5800000000000001,437,0.36774941995359633,0.425,0.03225058004640359,10,7.46,1,-260.92,12436.092000000035
2026-06-15 06:30:00+00:00,2026-06-15 06:30:00+00:00,2026-06-15 06:45:00+00:00,no,0.5,497,0.4179254783484391,0.51,0.062074521651560924,14,8.7,0,239.8,12675.892000000034
2026-06-15 06:58:00+00:00,2026-06-15 06:45:00+00:00,2026-06-15 07:00:00+00:00,no,0.13,500,0.6614583333333334,0.875,0.19854166666666662,1,3.96,1,-68.96,12606.932000000035
2026-06-15 07:01:00+00:00,2026-06-15 07:00:00+00:00,2026-06-15 07:15:00+00:00,no,0.86,293,0.09587378640776699,0.14500000000000002,0.03412621359223301,13,2.47,1,-254.45,12352.482000000035
2026-06-15 07:18:00+00:00,2026-06-15 07:15:00+00:00,2026-06-15 07:30:00+00:00,yes,0.82,301,0.8820960698689956,0.815,0.042096069868995625,11,3.11,1,51.07000000000001,12403.552000000034
2026-06-15 07:31:00+00:00,2026-06-15 07:30:00+00:00,2026-06-15 07:45:00+00:00,no,0.86,288,0.07971014492753623,0.14500000000000002,0.05028985507246376,13,2.43,0,37.88999999999999,12441.442000000034
2026-06-15 07:45:00+00:00,2026-06-15 07:45:00+00:00,2026-06-15 08:00:00+00:00,no,0.5,497,0.3804347826086957,0.505,0.09956521739130432,14,8.7,0,239.8,12681.242000000033
2026-06-15 08:04:00+00:00,2026-06-15 08:00:00+00:00,2026-06-15 08:15:00+00:00,yes,0.83,305,0.8820960698689956,0.825,0.04209606986899562,10,3.02,1,48.83000000000002,12730.072000000033
2026-06-15 08:15:00+00:00,2026-06-15 08:15:00+00:00,2026-06-15 08:30:00+00:00,no,0.37,500,0.5470085470085471,0.635,0.06299145299145294,14,8.16,0,306.84,13036.912000000033
2026-06-15 08:37:00+00:00,2026-06-15 08:30:00+00:00,2026-06-15 08:45:00+00:00,yes,0.87,299,0.9150326797385621,0.865,0.03503267973856206,7,2.37,1,36.50000000000001,13073.412000000033
2026-06-15 08:49:00+00:00,2026-06-15 08:45:00+00:00,2026-06-15 09:00:00+00:00,no,0.62,421,0.3076923076923077,0.385,0.05230769230769229,10,6.95,0,153.03000000000003,13226.442000000034
2026-06-15 09:02:00+00:00,2026-06-15 09:00:00+00:00,2026-06-15 09:15:00+00:00,yes,0.52,500,0.606404958677686,0.515,0.06640495867768594,12,8.74,1,231.26,13457.702000000034
2026-06-15 09:15:00+00:00,2026-06-15 09:15:00+00:00,2026-06-15 09:30:00+00:00,yes,0.67,401,0.7384284176533907,0.66,0.04842841765339069,14,6.21,0,-274.88,13182.822000000035
2026-06-15 09:35:00+00:00,2026-06-15 09:30:00+00:00,2026-06-15 09:45:00+00:00,no,0.85,310,0.09587378640776699,0.155,0.04412621359223302,9,2.77,0,43.73,13226.552000000034
2026-06-15 09:49:00+00:00,2026-06-15 09:45:00+00:00,2026-06-15 10:00:00+00:00,no,0.5700000000000001,464,0.36774941995359633,0.435,0.0422505800464036,10,7.97,1,-272.45000000000005,12954.102000000034
2026-06-15 10:04:00+00:00,2026-06-15 10:00:00+00:00,2026-06-15 10:15:00+00:00,yes,0.83,312,0.8842315369261478,0.825,0.04423153692614779,10,3.09,1,49.95000000000002,13004.052000000034
2026-06-15 10:19:00+00:00,2026-06-15 10:15:00+00:00,2026-06-15 10:30:00+00:00,no,0.75,346,0.1792452830188679,0.255,0.05075471698113211,10,4.55,0,81.95,13086.002000000035
2026-06-15 10:36:00+00:00,2026-06-15 10:30:00+00:00,2026-06-15 10:45:00+00:00,yes,0.65,402,0.7384284176533907,0.645,0.06842841765339071,8,6.41,1,134.29,13220.292000000036
2026-06-15 10:48:00+00:00,2026-06-15 10:45:00+00:00,2026-06-15 11:00:00+00:00,no,0.47,500,0.47522935779816516,0.535,0.0347706422018348,11,8.72,1,-243.72,12976.572000000036
2026-06-15 11:02:00+00:00,2026-06-15 11:00:00+00:00,2026-06-15 11:15:00+00:00,no,0.5800000000000001,447,0.36774941995359633,0.425,0.03225058004640359,12,7.63,1,-266.89000000000004,12709.682000000037
2026-06-15 11:30:00+00:00,2026-06-15 11:30:00+00:00,2026-06-15 11:45:00+00:00,no,0.41000000000000003,500,0.5054021608643458,0.595,0.06459783913565421,14,8.47,0,286.53,12996.212000000038
2026-06-15 11:46:00+00:00,2026-06-15 11:45:00+00:00,2026-06-15 12:00:00+00:00,no,0.45999999999999996,500,0.4897260273972603,0.545,0.03027397260273969,13,8.7,1,-238.69999999999996,12757.512000000037
2026-06-15 12:01:00+00:00,2026-06-15 12:00:00+00:00,2026-06-15 12:15:00+00:00,no,0.64,398,0.2892857142857143,0.365,0.050714285714285615,13,6.42,1,-261.14,12496.372000000038
2026-06-15 12:18:00+00:00,2026-06-15 12:15:00+00:00,2026-06-15 12:30:00+00:00,no,0.45999999999999996,500,0.4179254783484391,0.545,0.10207452165156096,11,8.7,0,261.3,12757.672000000037
2026-06-15 12:30:00+00:00,2026-06-15 12:30:00+00:00,2026-06-15 12:45:00+00:00,no,0.5,500,0.4179254783484391,0.505,0.062074521651560924,14,8.75,1,-258.75,12498.922000000037
2026-06-15 12:45:00+00:00,2026-06-15 12:45:00+00:00,2026-06-15 13:00:00+00:00,no,0.6,416,0.3269230769230769,0.405,0.053076923076923146,14,6.99,1,-256.59,12242.332000000037
2026-06-15 13:00:00+00:00,2026-06-15 13:00:00+00:00,2026-06-15 13:15:00+00:00,no,0.52,470,0.36774941995359633,0.485,0.09225058004640364,14,8.22,1,-252.62,11989.712000000036
2026-06-15 13:16:00+00:00,2026-06-15 13:15:00+00:00,2026-06-15 13:30:00+00:00,yes,0.72,333,0.8057142857142857,0.715,0.06571428571428574,13,4.7,1,88.54,12078.252000000037
2026-06-15 13:30:00+00:00,2026-06-15 13:30:00+00:00,2026-06-15 13:45:00+00:00,no,0.7,345,0.14175654853620956,0.305,0.1382434514637905,14,5.08,0,98.42000000000003,12176.672000000037
2026-06-15 13:46:00+00:00,2026-06-15 13:45:00+00:00,2026-06-15 14:00:00+00:00,no,0.53,459,0.4179254783484391,0.475,0.0320745216515609,13,8.01,0,207.72,12384.392000000036
2026-06-15 14:08:00+00:00,2026-06-15 14:00:00+00:00,2026-06-15 14:15:00+00:00,no,0.77,321,0.1792452830188679,0.235,0.030754716981132097,6,3.98,0,69.84999999999998,12454.242000000037
2026-06-15 14:15:00+00:00,2026-06-15 14:15:00+00:00,2026-06-15 14:30:00+00:00,no,0.43000000000000005,500,0.5054021608643458,0.575,0.044597839135654196,14,8.58,1,-223.58000000000004,12230.662000000037
2026-06-15 14:30:00+00:00,2026-06-15 14:30:00+00:00,2026-06-15 14:45:00+00:00,no,0.48,500,0.4179254783484391,0.525,0.08207452165156094,14,8.74,0,251.26,12481.922000000037
2026-06-15 14:46:00+00:00,2026-06-15 14:45:00+00:00,2026-06-15 15:00:00+00:00,yes,0.8,312,0.8820960698689956,0.795,0.06209606986899553,13,3.5,1,58.89999999999998,12540.822000000036
2026-06-15 15:07:00+00:00,2026-06-15 15:00:00+00:00,2026-06-15 15:15:00+00:00,no,0.21999999999999997,500,0.6874003189792663,0.785,0.07259968102073368,7,6.01,1,-116.00999999999999,12424.812000000036
2026-06-15 15:15:00+00:00,2026-06-15 15:15:00+00:00,2026-06-15 15:30:00+00:00,no,0.5700000000000001,435,0.36774941995359633,0.435,0.0422505800464036,14,7.47,1,-255.42000000000002,12169.392000000036
2026-06-15 15:32:00+00:00,2026-06-15 15:30:00+00:00,2026-06-15 15:45:00+00:00,no,0.54,450,0.36774941995359633,0.46499999999999997,0.07225058004640363,12,7.83,1,-250.83000000000004,11918.562000000036
2026-06-15 15:46:00+00:00,2026-06-15 15:45:00+00:00,2026-06-15 16:00:00+00:00,no,0.18000000000000005,500,0.7576687116564419,0.825,0.04233128834355805,13,5.17,1,-95.17000000000003,11823.392000000036
2026-06-15 16:00:00+00:00,2026-06-15 16:00:00+00:00,2026-06-15 16:15:00+00:00,no,0.6699999999999999,352,0.2724968314321926,0.335,0.03750316856780746,14,5.45,1,-241.28999999999996,11582.102000000035
2026-06-15 16:24:00+00:00,2026-06-15 16:15:00+00:00,2026-06-15 16:30:00+00:00,yes,0.16,500,0.24461105904404878,0.155,0.07461105904404879,5,4.71,0,-84.71,11497.392000000036
2026-06-15 16:31:00+00:00,2026-06-15 16:30:00+00:00,2026-06-15 16:45:00+00:00,no,0.29000000000000004,500,0.6555269922879178,0.715,0.034473007712082185,13,7.21,0,347.79,11845.182000000037
2026-06-15 16:46:00+00:00,2026-06-15 16:45:00+00:00,2026-06-15 17:00:00+00:00,no,0.5800000000000001,408,0.36774941995359633,0.425,0.03225058004640359,13,6.96,1,-243.60000000000005,11601.582000000037
2026-06-15 17:00:00+00:00,2026-06-15 17:00:00+00:00,2026-06-15 17:15:00+00:00,no,0.8,290,0.14175654853620956,0.20500000000000002,0.03824345146379039,14,3.25,0,54.75,11656.332000000037
2026-06-15 17:18:00+00:00,2026-06-15 17:15:00+00:00,2026-06-15 17:30:00+00:00,no,0.38,500,0.5470085470085471,0.625,0.05299145299145293,11,8.25,0,301.75,11958.082000000037
2026-06-15 17:39:00+00:00,2026-06-15 17:30:00+00:00,2026-06-15 17:45:00+00:00,no,0.29000000000000004,500,0.6555269922879178,0.715,0.034473007712082185,5,7.21,1,-152.21000000000004,11805.872000000036
2026-06-15 17:55:00+00:00,2026-06-15 17:45:00+00:00,2026-06-15 18:00:00+00:00,yes,0.27,500,0.33787731256085685,0.265,0.047877312560856825,4,6.9,0,-141.9,11663.972000000036
2026-06-15 18:02:00+00:00,2026-06-15 18:00:00+00:00,2026-06-15 18:15:00+00:00,yes,0.4,500,0.47522935779816516,0.395,0.05522935779816514,12,8.4,0,-208.4,11455.572000000036
2026-06-15 18:18:00+00:00,2026-06-15 18:15:00+00:00,2026-06-15 18:30:00+00:00,no,0.43999999999999995,500,0.5054021608643458,0.565,0.0345978391356543,11,8.63,1,-228.62999999999997,11226.942000000037
2026-06-15 18:30:00+00:00,2026-06-15 18:30:00+00:00,2026-06-15 18:45:00+00:00,no,0.65,345,0.2892857142857143,0.355,0.040714285714285606,14,5.5,0,115.25,11342.192000000037
2026-06-15 18:48:00+00:00,2026-06-15 18:45:00+00:00,2026-06-15 19:00:00+00:00,yes,0.74,306,0.8114355231143552,0.735,0.05143552311435519,11,4.13,0,-230.57,11111.622000000038
2026-06-15 19:04:00+00:00,2026-06-15 19:00:00+00:00,2026-06-15 19:15:00+00:00,yes,0.79,281,0.8820960698689956,0.785,0.07209606986899554,10,3.27,1,55.73999999999999,11167.362000000037
2026-06-15 19:15:00+00:00,2026-06-15 19:15:00+00:00,2026-06-15 19:30:00+00:00,yes,0.57,391,0.6432748538011694,0.565,0.05327485380116949,14,6.71,0,-229.57999999999998,10937.782000000037
2026-06-15 19:30:00+00:00,2026-06-15 19:30:00+00:00,2026-06-15 19:45:00+00:00,no,0.4,500,0.5470085470085471,0.605,0.03299145299145291,14,8.4,1,-208.4,10729.382000000038
2026-06-15 20:00:00+00:00,2026-06-15 20:00:00+00:00,2026-06-15 20:15:00+00:00,no,0.56,383,0.33787731256085685,0.445,0.0821226874391431,14,6.61,0,161.90999999999997,10891.292000000038
2026-06-15 20:22:00+00:00,2026-06-15 20:15:00+00:00,2026-06-15 20:30:00+00:00,yes,0.55,396,0.606404958677686,0.545,0.03640495867768591,7,6.87,0,-224.67000000000002,10666.622000000038
2026-06-15 20:30:00+00:00,2026-06-15 20:30:00+00:00,2026-06-15 20:45:00+00:00,yes,0.76,280,0.8114355231143552,0.755,0.03143552311435517,14,3.58,1,63.61999999999999,10730.242000000038
2026-06-15 20:46:00+00:00,2026-06-15 20:45:00+00:00,2026-06-15 21:00:00+00:00,yes,0.19,500,0.24461105904404878,0.185,0.03461105904404878,13,5.39,0,-100.39,10629.852000000039
2026-06-15 21:00:00+00:00,2026-06-15 21:00:00+00:00,2026-06-15 21:15:00+00:00,no,0.52,408,0.4179254783484391,0.49,0.042074521651560906,14,7.13,0,188.71,10818.562000000038
2026-06-15 21:17:00+00:00,2026-06-15 21:15:00+00:00,2026-06-15 21:30:00+00:00,no,0.33999999999999997,500,0.606404958677686,0.665,0.03359504132231407,12,7.86,0,322.14,11140.702000000038
2026-06-15 21:31:00+00:00,2026-06-15 21:30:00+00:00,2026-06-15 21:45:00+00:00,no,0.53,420,0.33787731256085685,0.475,0.11212268743914312,13,7.33,1,-229.93000000000004,10910.772000000037
2026-06-15 21:48:00+00:00,2026-06-15 21:45:00+00:00,2026-06-15 22:00:00+00:00,no,0.5700000000000001,382,0.36774941995359633,0.44,0.0422505800464036,11,6.56,0,157.69999999999996,11068.472000000038
2026-06-15 22:00:00+00:00,2026-06-15 22:00:00+00:00,2026-06-15 22:15:00+00:00,yes,0.58,381,0.6555269922879178,0.575,0.05552699228791781,14,6.5,1,153.52,11221.992000000038
2026-06-15 22:15:00+00:00,2026-06-15 22:15:00+00:00,2026-06-15 22:30:00+00:00,yes,0.59,380,0.6555269922879178,0.585,0.0455269922879178,14,6.44,0,-230.64,10991.352000000039
2026-06-15 22:30:00+00:00,2026-06-15 22:30:00+00:00,2026-06-15 22:45:00+00:00,yes,0.49,448,0.606404958677686,0.485,0.09640495867768596,14,7.84,1,220.64000000000001,11211.992000000038
2026-06-15 22:46:00+00:00,2026-06-15 22:45:00+00:00,2026-06-15 23:00:00+00:00,yes,0.43,500,0.5054021608643458,0.42,0.055402160864345754,13,8.58,0,-223.58,10988.412000000038
2026-06-15 23:09:00+00:00,2026-06-15 23:00:00+00:00,2026-06-15 23:15:00+00:00,no,0.18000000000000005,500,0.7576687116564419,0.825,0.04233128834355805,5,5.17,1,-95.17000000000003,10893.242000000038
2026-06-15 23:27:00+00:00,2026-06-15 23:15:00+00:00,2026-06-15 23:30:00+00:00,yes,0.21,500,0.2724968314321926,0.20500000000000002,0.042496831432192614,2,5.81,0,-110.81,10782.432000000039
2026-06-15 23:30:00+00:00,2026-06-15 23:30:00+00:00,2026-06-15 23:45:00+00:00,no,0.56,385,0.36774941995359633,0.445,0.05225058004640361,14,6.65,1,-222.25000000000003,10560.182000000039
2026-06-15 23:45:00+00:00,2026-06-15 23:45:00+00:00,2026-06-16 00:00:00+00:00,yes,0.59,357,0.6432748538011694,0.585,0.03327485380116947,14,6.05,1,140.32,10700.502000000039
2026-06-16 00:03:00+00:00,2026-06-16 00:00:00+00:00,2026-06-16 00:15:00+00:00,no,0.74,289,0.1792452830188679,0.265,0.06075471698113212,11,3.9,1,-217.76,10482.742000000038
2026-06-16 00:15:00+00:00,2026-06-16 00:15:00+00:00,2026-06-16 00:30:00+00:00,no,0.52,403,0.3804347826086957,0.485,0.0795652173913043,14,7.05,0,186.39,10669.132000000038
2026-06-16 00:31:00+00:00,2026-06-16 00:30:00+00:00,2026-06-16 00:45:00+00:00,yes,0.76,280,0.8114355231143552,0.755,0.03143552311435517,13,3.58,1,63.61999999999999,10732.752000000039
2026-06-16 00:48:00+00:00,2026-06-16 00:45:00+00:00,2026-06-16 01:00:00+00:00,no,0.6,357,0.33787731256085685,0.405,0.04212268743914317,11,6.0,0,136.8,10869.552000000038
2026-06-16 01:07:00+00:00,2026-06-16 01:00:00+00:00,2026-06-16 01:15:00+00:00,yes,0.76,286,0.8114355231143552,0.755,0.03143552311435517,7,3.66,1,64.97999999999999,10934.532000000037
2026-06-16 01:20:00+00:00,2026-06-16 01:15:00+00:00,2026-06-16 01:30:00+00:00,yes,0.69,316,0.8057142857142857,0.685,0.09571428571428577,9,4.74,1,93.22000000000001,11027.752000000037
2026-06-16 01:32:00+00:00,2026-06-16 01:30:00+00:00,2026-06-16 01:45:00+00:00,no,0.38,500,0.5470085470085471,0.625,0.05299145299145293,12,8.25,0,301.75,11329.502000000037
2026-06-16 01:51:00+00:00,2026-06-16 01:45:00+00:00,2026-06-16 02:00:00+00:00,yes,0.73,310,0.8057142857142857,0.725,0.05571428571428573,8,4.28,0,-230.57999999999998,11098.922000000037
2026-06-16 02:01:00+00:00,2026-06-16 02:00:00+00:00,2026-06-16 02:15:00+00:00,no,0.76,292,0.15730337078651685,0.245,0.0626966292134832,13,3.73,0,66.34999999999998,11165.272000000037
2026-06-16 02:22:00+00:00,2026-06-16 02:15:00+00:00,2026-06-16 02:30:00+00:00,yes,0.31,500,0.36774941995359633,0.305,0.03774941995359633,7,7.49,0,-162.49,11002.782000000037
2026-06-16 02:30:00+00:00,2026-06-16 02:30:00+00:00,2026-06-16 02:45:00+00:00,yes,0.6,366,0.6874003189792663,0.595,0.06740031897926636,14,6.15,1,140.25,11143.032000000037
2026-06-16 02:45:00+00:00,2026-06-16 02:45:00+00:00,2026-06-16 03:00:00+00:00,yes,0.54,412,0.606404958677686,0.535,0.04640495867768592,14,7.17,0,-229.65,10913.382000000038
2026-06-16 03:00:00+00:00,2026-06-16 03:00:00+00:00,2026-06-16 03:15:00+00:00,yes,0.42,500,0.47522935779816516,0.415,0.035229357798165176,14,8.53,1,281.47,11194.852000000037
2026-06-16 03:16:00+00:00,2026-06-16 03:15:00+00:00,2026-06-16 03:30:00+00:00,yes,0.28,500,0.33787731256085685,0.275,0.037877312560856816,13,7.06,1,352.94,11547.792000000038
2026-06-16 03:47:00+00:00,2026-06-16 03:45:00+00:00,2026-06-16 04:00:00+00:00,no,0.33999999999999997,500,0.606404958677686,0.67,0.03359504132231407,12,7.86,1,-177.85999999999999,11369.932000000037
2026-06-16 04:03:00+00:00,2026-06-16 04:00:00+00:00,2026-06-16 04:15:00+00:00,yes,0.75,303,0.8057142857142857,0.745,0.03571428571428571,11,3.98,0,-231.23,11138.702000000038
2026-06-16 04:22:00+00:00,2026-06-16 04:15:00+00:00,2026-06-16 04:30:00+00:00,no,0.88,253,0.05847953216374269,0.125,0.05152046783625731,7,1.88,0,28.479999999999986,11167.182000000037
2026-06-16 04:33:00+00:00,2026-06-16 04:30:00+00:00,2026-06-16 04:45:00+00:00,no,0.85,262,0.09848484848484848,0.155,0.04151515151515151,11,2.34,0,36.96000000000001,11204.142000000036
2026-06-16 04:48:00+00:00,2026-06-16 04:45:00+00:00,2026-06-16 05:00:00+00:00,no,0.52,430,0.4179254783484391,0.485,0.042074521651560906,11,7.52,0,198.88,11403.022000000035
2026-06-16 05:00:00+00:00,2026-06-16 05:00:00+00:00,2026-06-16 05:15:00+00:00,yes,0.49,465,0.606404958677686,0.485,0.09640495867768596,14,8.14,1,229.01,11632.032000000036
2026-06-16 05:25:00+00:00,2026-06-16 05:15:00+00:00,2026-06-16 05:30:00+00:00,no,0.10999999999999999,500,0.8114355231143552,0.895,0.06856447688564483,4,3.43,1,-58.42999999999999,11573.602000000035
2026-06-16 05:31:00+00:00,2026-06-16 05:30:00+00:00,2026-06-16 05:45:00+00:00,no,0.6699999999999999,345,0.2724968314321926,0.335,0.03750316856780746,13,5.34,1,-236.48999999999998,11337.112000000036
2026-06-16 06:02:00+00:00,2026-06-16 06:00:00+00:00,2026-06-16 06:15:00+00:00,yes,0.74,306,0.8114355231143552,0.735,0.05143552311435519,12,4.13,1,75.43,11412.542000000036
2026-06-16 06:16:00+00:00,2026-06-16 06:15:00+00:00,2026-06-16 06:30:00+00:00,no,0.5700000000000001,400,0.33787731256085685,0.435,0.07212268743914309,13,6.87,1,-234.87000000000003,11177.672000000035
2026-06-16 06:30:00+00:00,2026-06-16 06:30:00+00:00,2026-06-16 06:45:00+00:00,no,0.49,456,0.4444444444444444,0.515,0.045555555555555585,14,7.98,1,-231.42,10946.252000000035
2026-06-16 06:58:00+00:00,2026-06-16 06:45:00+00:00,2026-06-16 07:00:00+00:00,no,0.041000000000000036,500,0.8842315369261478,0.9595,0.06476846307385221,1,1.38,1,-21.880000000000017,10924.372000000036
2026-06-16 07:00:00+00:00,2026-06-16 07:00:00+00:00,2026-06-16 07:15:00+00:00,no,0.53,412,0.36774941995359633,0.475,0.08225058004640363,14,7.19,0,186.45,11110.822000000036
2026-06-16 07:18:00+00:00,2026-06-16 07:15:00+00:00,2026-06-16 07:30:00+00:00,yes,0.83,267,0.9228215767634855,0.825,0.08282157676348557,11,2.64,0,-224.24999999999997,10886.572000000036
2026-06-16 07:30:00+00:00,2026-06-16 07:30:00+00:00,2026-06-16 07:45:00+00:00,no,0.38,500,0.5470085470085471,0.625,0.05299145299145293,14,8.25,0,301.75,11188.322000000036
2026-06-16 07:45:00+00:00,2026-06-16 07:45:00+00:00,2026-06-16 08:00:00+00:00,no,0.54,414,0.3804347826086957,0.46499999999999997,0.059565217391304284,14,7.2,1,-230.76,10957.562000000036
2026-06-16 08:01:00+00:00,2026-06-16 08:00:00+00:00,2026-06-16 08:15:00+00:00,yes,0.75,292,0.8057142857142857,0.745,0.03571428571428571,13,3.84,1,69.16,11026.722000000036
2026-06-16 08:17:00+00:00,2026-06-16 08:15:00+00:00,2026-06-16 08:30:00+00:00,yes,0.78,282,0.8820960698689956,0.775,0.08209606986899555,12,3.39,1,58.64999999999999,11085.372000000036
2026-06-16 08:30:00+00:00,2026-06-16 08:30:00+00:00,2026-06-16 08:45:00+00:00,no,0.42000000000000004,500,0.5054021608643458,0.59,0.054597839135654205,14,8.53,1,-218.53000000000003,10866.842000000035
2026-06-16 08:45:00+00:00,2026-06-16 08:45:00+00:00,2026-06-16 09:00:00+00:00,no,0.56,388,0.33787731256085685,0.445,0.0821226874391431,14,6.7,1,-223.98000000000002,10642.862000000036
2026-06-16 09:01:00+00:00,2026-06-16 09:00:00+00:00,2026-06-16 09:15:00+00:00,no,0.6799999999999999,313,0.24461105904404878,0.325,0.055388940955951274,13,4.77,0,95.39000000000003,10738.252000000035
2026-06-16 09:42:00+00:00,2026-06-16 09:30:00+00:00,2026-06-16 09:45:00+00:00,no,0.16000000000000003,500,0.7384284176533907,0.845,0.09157158234660924,2,4.71,1,-84.71000000000001,10653.542000000036
2026-06-16 09:47:00+00:00,2026-06-16 09:45:00+00:00,2026-06-16 10:00:00+00:00,yes,0.19,500,0.24461105904404878,0.185,0.03461105904404878,12,5.39,0,-100.39,10553.152000000036
2026-06-16 10:13:00+00:00,2026-06-16 10:00:00+00:00,2026-06-16 10:15:00+00:00,no,0.061000000000000054,500,0.8057142857142857,0.9395,0.12328571428571423,1,2.01,1,-32.510000000000026,10520.642000000036
2026-06-16 10:18:00+00:00,2026-06-16 10:15:00+00:00,2026-06-16 10:30:00+00:00,yes,0.84,250,0.8820960698689956,0.835,0.03209606986899561,11,2.36,1,37.64,10558.282000000036
2026-06-16 10:45:00+00:00,2026-06-16 10:45:00+00:00,2026-06-16 11:00:00+00:00,no,0.53,398,0.36774941995359633,0.475,0.08225058004640363,14,6.94,0,180.12,10738.402000000036
2026-06-16 11:02:00+00:00,2026-06-16 11:00:00+00:00,2026-06-16 11:15:00+00:00,yes,0.83,258,0.8820960698689956,0.825,0.04209606986899562,12,2.55,1,41.31000000000002,10779.712000000036
2026-06-16 11:28:00+00:00,2026-06-16 11:15:00+00:00,2026-06-16 11:30:00+00:00,yes,0.015,500,0.05847953216374269,0.014499999999999999,0.033479532163742685,1,0.52,0,-8.02,10771.692000000035
2026-06-16 11:52:00+00:00,2026-06-16 11:45:00+00:00,2026-06-16 12:00:00+00:00,yes,0.57,377,0.6432748538011694,0.56,0.05327485380116949,7,6.47,1,155.64000000000001,10927.332000000035
2026-06-16 12:01:00+00:00,2026-06-16 12:00:00+00:00,2026-06-16 12:15:00+00:00,no,0.61,358,0.33787731256085685,0.395,0.03212268743914316,13,5.97,1,-224.35,10702.982000000035
2026-06-16 12:16:00+00:00,2026-06-16 12:15:00+00:00,2026-06-16 12:30:00+00:00,yes,0.78,274,0.8820960698689956,0.775,0.08209606986899555,13,3.3,1,56.980000000000004,10759.962000000034
2026-06-16 12:31:00+00:00,2026-06-16 12:30:00+00:00,2026-06-16 12:45:00+00:00,yes,0.76,283,0.8820960698689956,0.755,0.10209606986899557,13,3.62,0,-218.70000000000002,10541.262000000033
2026-06-16 13:22:00+00:00,2026-06-16 13:15:00+00:00,2026-06-16 13:30:00+00:00,yes,0.3,500,0.36774941995359633,0.295,0.04774941995359634,7,7.35,0,-157.35,10383.912000000033
2026-06-16 13:30:00+00:00,2026-06-16 13:30:00+00:00,2026-06-16 13:45:00+00:00,yes,0.66,314,0.7384284176533907,0.655,0.0584284176533907,14,4.94,1,101.82,10485.732000000033
2026-06-16 13:56:00+00:00,2026-06-16 13:45:00+00:00,2026-06-16 14:00:00+00:00,yes,0.18,500,0.24461105904404878,0.175,0.04461105904404879,3,5.17,0,-95.17,10390.562000000033
2026-06-16 14:04:00+00:00,2026-06-16 14:00:00+00:00,2026-06-16 14:15:00+00:00,yes,0.84,247,0.8842315369261478,0.835,0.03423153692614778,10,2.33,0,-209.81,10180.752000000033
2026-06-16 14:17:00+00:00,2026-06-16 14:15:00+00:00,2026-06-16 14:30:00+00:00,no,0.76,267,0.17857142857142858,0.25,0.041428571428571384,12,3.41,0,60.66999999999999,10241.422000000033
2026-06-16 14:30:00+00:00,2026-06-16 14:30:00+00:00,2026-06-16 14:45:00+00:00,yes,0.51,401,0.5847457627118644,0.505,0.05474576271186439,14,7.02,1,189.47,10430.892000000033
2026-06-16 14:51:00+00:00,2026-06-16 14:45:00+00:00,2026-06-16 15:00:00+00:00,yes,0.68,306,0.7384284176533907,0.675,0.03842841765339068,8,4.67,0,-212.75,10218.142000000033
2026-06-16 15:02:00+00:00,2026-06-16 15:00:00+00:00,2026-06-16 15:15:00+00:00,yes,0.73,279,0.8057142857142857,0.725,0.05571428571428573,12,3.85,1,71.48000000000002,10289.622000000032
2026-06-16 15:30:00+00:00,2026-06-16 15:30:00+00:00,2026-06-16 15:45:00+00:00,yes,0.7,293,0.8057142857142857,0.695,0.08571428571428576,14,4.31,1,83.59,10373.212000000032
2026-06-16 15:48:00+00:00,2026-06-16 15:45:00+00:00,2026-06-16 16:00:00+00:00,yes,0.19,500,0.24461105904404878,0.185,0.03461105904404878,11,5.39,1,399.61,10772.822000000033
2026-06-16 16:00:00+00:00,2026-06-16 16:00:00+00:00,2026-06-16 16:15:00+00:00,yes,0.55,391,0.606404958677686,0.545,0.03640495867768591,14,6.78,0,-221.83,10550.992000000033
2026-06-16 16:21:00+00:00,2026-06-16 16:15:00+00:00,2026-06-16 16:30:00+00:00,yes,0.52,405,0.606404958677686,0.515,0.06640495867768594,8,7.08,0,-217.68,10333.312000000033
2026-06-16 17:12:00+00:00,2026-06-16 17:00:00+00:00,2026-06-16 17:15:00+00:00,no,0.03600000000000003,500,0.9228215767634855,0.9644999999999999,0.031178423236514437,2,1.22,1,-19.220000000000013,10314.092000000033
2026-06-16 17:17:00+00:00,2026-06-16 17:15:00+00:00,2026-06-16 17:30:00+00:00,yes,0.67,307,0.7384284176533907,0.665,0.04842841765339069,12,4.76,0,-210.45000000000002,10103.642000000033
2026-06-16 17:42:00+00:00,2026-06-16 17:30:00+00:00,2026-06-16 17:45:00+00:00,yes,0.16,500,0.24461105904404878,0.15000000000000002,0.07461105904404879,2,4.71,0,-84.71,10018.932000000033
2026-06-16 17:47:00+00:00,2026-06-16 17:45:00+00:00,2026-06-16 18:00:00+00:00,yes,0.88,227,0.9228215767634855,0.875,0.03282157676348552,12,1.68,1,25.56000000000001,10044.492000000033
2026-06-16 18:04:00+00:00,2026-06-16 18:00:00+00:00,2026-06-16 18:15:00+00:00,yes,0.81,248,0.8820960698689956,0.805,0.05209606986899552,10,2.68,1,44.439999999999976,10088.932000000033
2026-06-16 18:18:00+00:00,2026-06-16 18:15:00+00:00,2026-06-16 18:30:00+00:00,no,0.55,366,0.3804347826086957,0.455,0.049565217391304275,11,6.35,0,158.35,10247.282000000034
2026-06-16 18:37:00+00:00,2026-06-16 18:30:00+00:00,2026-06-16 18:45:00+00:00,no,0.86,238,0.09848484848484848,0.14500000000000002,0.0315151515151515,7,2.01,0,31.309999999999995,10278.592000000033
2026-06-16 18:50:00+00:00,2026-06-16 18:45:00+00:00,2026-06-16 19:00:00+00:00,yes,0.76,270,0.8114355231143552,0.755,0.03143552311435517,9,3.45,0,-208.64999999999998,10069.942000000034
2026-06-16 19:26:00+00:00,2026-06-16 19:15:00+00:00,2026-06-16 19:30:00+00:00,no,0.42000000000000004,479,0.5054021608643458,0.585,0.054597839135654205,3,8.17,1,-209.35,9860.592000000033
2026-06-16 19:36:00+00:00,2026-06-16 19:30:00+00:00,2026-06-16 19:45:00+00:00,yes,0.29,500,0.36330935251798563,0.28500000000000003,0.053309352517985645,8,7.21,0,-152.21,9708.382000000034
2026-06-16 19:52:00+00:00,2026-06-16 19:45:00+00:00,2026-06-16 20:00:00+00:00,yes,0.18,500,0.24461105904404878,0.175,0.04461105904404879,7,5.17,1,404.83,10113.212000000034
2026-06-16 20:00:00+00:00,2026-06-16 20:00:00+00:00,2026-06-16 20:15:00+00:00,yes,0.54,374,0.606404958677686,0.535,0.04640495867768592,14,6.51,1,165.53,10278.742000000035
2026-06-16 20:56:00+00:00,2026-06-16 20:45:00+00:00,2026-06-16 21:00:00+00:00,no,0.26,500,0.6874003189792663,0.745,0.03259968102073364,3,6.74,1,-136.74,10142.002000000035
2026-06-16 21:07:00+00:00,2026-06-16 21:00:00+00:00,2026-06-16 21:15:00+00:00,yes,0.84,241,0.8842315369261478,0.835,0.03423153692614778,7,2.27,1,36.29,10178.292000000036
2026-06-16 21:30:00+00:00,2026-06-16 21:30:00+00:00,2026-06-16 21:45:00+00:00,yes,0.49,415,0.5470085470085471,0.485,0.03700854700854707,14,7.26,0,-210.60999999999999,9967.682000000035
2026-06-16 21:47:00+00:00,2026-06-16 21:45:00+00:00,2026-06-16 22:00:00+00:00,yes,0.55,362,0.6432748538011694,0.545,0.0732748538011694,12,6.28,1,156.61999999999998,10124.302000000036
2026-06-16 22:01:00+00:00,2026-06-16 22:00:00+00:00,2026-06-16 22:15:00+00:00,no,0.75,269,0.1792452830188679,0.255,0.05075471698113211,13,3.54,1,-205.29,9919.012000000035
2026-06-16 22:18:00+00:00,2026-06-16 22:15:00+00:00,2026-06-16 22:30:00+00:00,no,0.5700000000000001,348,0.36774941995359633,0.435,0.0422505800464036,11,5.98,0,143.66,10062.672000000035
2026-06-16 22:39:00+00:00,2026-06-16 22:30:00+00:00,2026-06-16 22:45:00+00:00,yes,0.21,500,0.2724968314321926,0.20500000000000002,0.042496831432192614,5,5.81,0,-110.81,9951.862000000036
2026-06-16 22:51:00+00:00,2026-06-16 22:45:00+00:00,2026-06-16 23:00:00+00:00,no,0.64,310,0.3076923076923077,0.365,0.03230769230769227,8,5.0,1,-203.4,9748.462000000036
2026-06-16 23:06:00+00:00,2026-06-16 23:00:00+00:00,2026-06-16 23:15:00+00:00,no,0.51,382,0.4179254783484391,0.495,0.052074521651560915,8,6.69,0,180.49,9928.952000000036
2026-06-16 23:17:00+00:00,2026-06-16 23:15:00+00:00,2026-06-16 23:30:00+00:00,no,0.5700000000000001,348,0.37755102040816324,0.435,0.032448979591836694,12,5.98,0,143.66,10072.612000000036
2026-06-16 23:38:00+00:00,2026-06-16 23:30:00+00:00,2026-06-16 23:45:00+00:00,no,0.12,500,0.8114355231143552,0.885,0.05856447688564482,6,3.7,0,436.3,10508.912000000035
2026-06-16 23:46:00+00:00,2026-06-16 23:45:00+00:00,2026-06-17 00:00:00+00:00,no,0.5700000000000001,368,0.36774941995359633,0.435,0.0422505800464036,13,6.32,0,151.92,10660.832000000035
2026-06-17 00:01:00+00:00,2026-06-17 00:00:00+00:00,2026-06-17 00:15:00+00:00,yes,0.68,313,0.7384284176533907,0.675,0.03842841765339068,13,4.77,1,95.39,10756.222000000034
2026-06-17 00:15:00+00:00,2026-06-17 00:15:00+00:00,2026-06-17 00:30:00+00:00,no,0.6799999999999999,316,0.24461105904404878,0.325,0.055388940955951274,14,4.82,0,96.30000000000004,10852.522000000034
2026-06-17 00:30:00+00:00,2026-06-17 00:30:00+00:00,2026-06-17 00:45:00+00:00,no,0.61,355,0.33787731256085685,0.395,0.03212268743914316,14,5.92,1,-222.46999999999997,10630.052000000034
2026-06-17 00:46:00+00:00,2026-06-17 00:45:00+00:00,2026-06-17 01:00:00+00:00,no,0.5700000000000001,372,0.36774941995359633,0.435,0.0422505800464036,13,6.39,0,153.57,10783.622000000034
2026-06-17 01:01:00+00:00,2026-06-17 01:00:00+00:00,2026-06-17 01:15:00+00:00,yes,0.55,392,0.606404958677686,0.545,0.03640495867768591,13,6.8,1,169.59999999999997,10953.222000000034
2026-06-17 02:02:00+00:00,2026-06-17 02:00:00+00:00,2026-06-17 02:15:00+00:00,no,0.6699999999999999,326,0.2724968314321926,0.335,0.03750316856780746,12,5.05,0,102.53000000000002,11055.752000000035
2026-06-17 02:20:00+00:00,2026-06-17 02:15:00+00:00,2026-06-17 02:30:00+00:00,yes,0.63,350,0.7384284176533907,0.625,0.08842841765339073,9,5.72,1,123.78,11179.532000000036
2026-06-17 02:30:00+00:00,2026-06-17 02:30:00+00:00,2026-06-17 02:45:00+00:00,no,0.49,456,0.36774941995359633,0.515,0.12225058004640367,14,7.98,0,224.58,11404.112000000036
2026-06-17 02:49:00+00:00,2026-06-17 02:45:00+00:00,2026-06-17 03:00:00+00:00,no,0.4,500,0.5470085470085471,0.605,0.03299145299145291,10,8.4,1,-208.4,11195.712000000036
2026-06-17 03:00:00+00:00,2026-06-17 03:00:00+00:00,2026-06-17 03:15:00+00:00,no,0.56,399,0.36774941995359633,0.445,0.05225058004640361,14,6.89,0,168.67,11364.382000000036
2026-06-17 03:18:00+00:00,2026-06-17 03:15:00+00:00,2026-06-17 03:30:00+00:00,no,0.77,295,0.1792452830188679,0.235,0.030754716981132097,11,3.66,0,64.19,11428.572000000036
2026-06-17 03:35:00+00:00,2026-06-17 03:30:00+00:00,2026-06-17 03:45:00+00:00,no,0.18000000000000005,500,0.7576687116564419,0.825,0.04233128834355805,9,5.17,1,-95.17000000000003,11333.402000000036
2026-06-17 03:47:00+00:00,2026-06-17 03:45:00+00:00,2026-06-17 04:00:00+00:00,yes,0.55,412,0.606404958677686,0.545,0.03640495867768591,12,7.14,1,178.26,11511.662000000037
2026-06-17 04:06:00+00:00,2026-06-17 04:00:00+00:00,2026-06-17 04:15:00+00:00,no,0.18999999999999995,500,0.7576687116564419,0.815,0.032331288343558154,8,5.39,1,-100.38999999999997,11411.272000000037
2026-06-17 04:30:00+00:00,2026-06-17 04:30:00+00:00,2026-06-17 04:45:00+00:00,no,0.53,430,0.36330935251798563,0.475,0.0866906474820144,14,7.5,1,-235.4,11175.872000000038
2026-06-17 04:51:00+00:00,2026-06-17 04:45:00+00:00,2026-06-17 05:00:00+00:00,no,0.12,500,0.8114355231143552,0.885,0.05856447688564482,8,3.7,0,436.3,11612.172000000037
2026-06-17 05:15:00+00:00,2026-06-17 05:15:00+00:00,2026-06-17 05:30:00+00:00,no,0.53,438,0.36774941995359633,0.475,0.08225058004640363,14,7.64,1,-239.78,11372.392000000036
2026-06-17 05:33:00+00:00,2026-06-17 05:30:00+00:00,2026-06-17 05:45:00+00:00,no,0.64,355,0.3076923076923077,0.365,0.03230769230769227,11,5.73,1,-232.93,11139.462000000036
2026-06-17 05:48:00+00:00,2026-06-17 05:45:00+00:00,2026-06-17 06:00:00+00:00,no,0.78,285,0.15730337078651685,0.225,0.042696629213483175,11,3.43,0,59.26999999999999,11198.732000000036
2026-06-17 06:00:00+00:00,2026-06-17 06:00:00+00:00,2026-06-17 06:15:00+00:00,no,0.5800000000000001,386,0.33787731256085685,0.43,0.06212268743914308,14,6.59,1,-230.47000000000003,10968.262000000037
2026-06-17 06:16:00+00:00,2026-06-17 06:15:00+00:00,2026-06-17 06:30:00+00:00,no,0.5900000000000001,371,0.2892857142857143,0.415,0.10071428571428555,13,6.29,0,145.81999999999996,11114.082000000037
2026-06-17 06:35:00+00:00,2026-06-17 06:30:00+00:00,2026-06-17 06:45:00+00:00,yes,0.67,331,0.7384284176533907,0.665,0.04842841765339069,9,5.13,0,-226.9,10887.182000000037
2026-06-17 06:48:00+00:00,2026-06-17 06:45:00+00:00,2026-06-17 07:00:00+00:00,yes,0.57,382,0.6432748538011694,0.565,0.05327485380116949,11,6.56,0,-224.29999999999998,10662.882000000038
2026-06-17 07:01:00+00:00,2026-06-17 07:00:00+00:00,2026-06-17 07:15:00+00:00,no,0.5700000000000001,374,0.36774941995359633,0.435,0.0422505800464036,13,6.42,1,-219.60000000000002,10443.282000000037
2026-06-17 07:19:00+00:00,2026-06-17 07:15:00+00:00,2026-06-17 07:30:00+00:00,no,0.76,274,0.1792452830188679,0.245,0.0407547169811321,10,3.5,0,62.25999999999999,10505.542000000038
2026-06-17 07:32:00+00:00,2026-06-17 07:30:00+00:00,2026-06-17 07:45:00+00:00,no,0.5800000000000001,362,0.36774941995359633,0.425,0.03225058004640359,12,6.18,0,145.85999999999996,10651.402000000038
2026-06-17 07:48:00+00:00,2026-06-17 07:45:00+00:00,2026-06-17 08:00:00+00:00,no,0.86,247,0.09587378640776699,0.14500000000000002,0.03412621359223301,11,2.09,0,32.49000000000001,10683.892000000038
2026-06-17 08:20:00+00:00,2026-06-17 08:15:00+00:00,2026-06-17 08:30:00+00:00,no,0.86,248,0.09587378640776699,0.14500000000000002,0.03412621359223301,9,2.1,0,32.62,10716.512000000039
2026-06-17 08:34:00+00:00,2026-06-17 08:30:00+00:00,2026-06-17 08:45:00+00:00,no,0.85,252,0.09587378640776699,0.155,0.04412621359223302,10,2.25,0,35.55000000000001,10752.062000000038
2026-06-17 08:47:00+00:00,2026-06-17 08:45:00+00:00,2026-06-17 09:00:00+00:00,yes,0.58,370,0.6555269922879178,0.575,0.05552699228791781,12,6.31,0,-220.91,10531.152000000038
2026-06-17 09:01:00+00:00,2026-06-17 09:00:00+00:00,2026-06-17 09:15:00+00:00,yes,0.62,339,0.6874003189792663,0.615,0.047400318979266345,13,5.6,1,123.22,10654.372000000038
2026-06-17 09:17:00+00:00,2026-06-17 09:15:00+00:00,2026-06-17 09:30:00+00:00,no,0.55,387,0.36774941995359633,0.455,0.06225058004640362,12,6.71,1,-219.56000000000003,10434.812000000038
2026-06-17 09:32:00+00:00,2026-06-17 09:30:00+00:00,2026-06-17 09:45:00+00:00,no,0.62,336,0.2724968314321926,0.385,0.08750316856780739,12,5.55,0,122.13000000000001,10556.942000000037
2026-06-17 09:49:00+00:00,2026-06-17 09:45:00+00:00,2026-06-17 10:00:00+00:00,yes,0.67,315,0.7384284176533907,0.665,0.04842841765339069,10,4.88,0,-215.93,10341.012000000037
2026-06-17 10:03:00+00:00,2026-06-17 10:00:00+00:00,2026-06-17 10:15:00+00:00,no,0.5800000000000001,356,0.36774941995359633,0.425,0.03225058004640359,11,6.08,0,143.43999999999997,10484.452000000038
2026-06-17 10:21:00+00:00,2026-06-17 10:15:00+00:00,2026-06-17 10:30:00+00:00,yes,0.83,252,0.8842315369261478,0.825,0.04423153692614779,8,2.49,1,40.35,10524.802000000038
2026-06-17 10:36:00+00:00,2026-06-17 10:30:00+00:00,2026-06-17 10:45:00+00:00,no,0.5700000000000001,369,0.36774941995359633,0.435,0.0422505800464036,8,6.34,0,152.32999999999998,10677.132000000038
2026-06-17 10:45:00+00:00,2026-06-17 10:45:00+00:00,2026-06-17 11:00:00+00:00,yes,0.6,355,0.6614583333333334,0.595,0.04145833333333339,14,5.97,0,-218.97,10458.162000000038
2026-06-17 11:03:00+00:00,2026-06-17 11:00:00+00:00,2026-06-17 11:15:00+00:00,no,0.6,348,0.33787731256085685,0.405,0.04212268743914317,11,5.85,0,133.35000000000002,10591.512000000039
2026-06-17 11:15:00+00:00,2026-06-17 11:15:00+00:00,2026-06-17 11:30:00+00:00,yes,0.53,399,0.5847457627118644,0.525,0.03474576271186437,14,6.96,1,180.57,10772.082000000039
2026-06-17 11:37:00+00:00,2026-06-17 11:30:00+00:00,2026-06-17 11:45:00+00:00,yes,0.67,321,0.7384284176533907,0.665,0.04842841765339069,7,4.97,1,100.95999999999998,10873.042000000038
2026-06-17 11:57:00+00:00,2026-06-17 11:45:00+00:00,2026-06-17 12:00:00+00:00,no,0.03600000000000003,500,0.9228215767634855,0.9684999999999999,0.031178423236514437,2,1.22,1,-19.220000000000013,10853.822000000038
2026-06-17 12:01:00+00:00,2026-06-17 12:00:00+00:00,2026-06-17 12:15:00+00:00,no,0.5900000000000001,367,0.33787731256085685,0.415,0.05212268743914307,13,6.22,1,-222.75000000000003,10631.072000000038
2026-06-17 12:17:00+00:00,2026-06-17 12:15:00+00:00,2026-06-17 12:30:00+00:00,no,0.6699999999999999,317,0.2724968314321926,0.335,0.03750316856780746,12,4.91,0,99.70000000000002,10730.772000000039
2026-06-17 12:33:00+00:00,2026-06-17 12:30:00+00:00,2026-06-17 12:45:00+00:00,yes,0.82,261,0.8842315369261478,0.815,0.0442315369261478,11,2.7,1,44.280000000000015,10775.05200000004
2026-06-17 12:47:00+00:00,2026-06-17 12:45:00+00:00,2026-06-17 13:00:00+00:00,yes,0.84,256,0.8842315369261478,0.835,0.03423153692614778,12,2.41,1,38.55000000000001,10813.602000000039
2026-06-17 13:02:00+00:00,2026-06-17 13:00:00+00:00,2026-06-17 13:15:00+00:00,no,0.53,408,0.4179254783484391,0.475,0.0320745216515609,12,7.12,1,-223.36,10590.242000000038
2026-06-17 13:18:00+00:00,2026-06-17 13:15:00+00:00,2026-06-17 13:30:00+00:00,no,0.5700000000000001,371,0.36774941995359633,0.435,0.0422505800464036,11,6.37,0,153.15999999999997,10743.402000000038
2026-06-17 13:30:00+00:00,2026-06-17 13:30:00+00:00,2026-06-17 13:45:00+00:00,yes,0.53,405,0.606404958677686,0.525,0.056404958677685926,14,7.07,1,183.28,10926.682000000039
2026-06-17 13:49:00+00:00,2026-06-17 13:45:00+00:00,2026-06-17 14:00:00+00:00,no,0.36,500,0.5847457627118644,0.645,0.035254237288135606,10,8.07,1,-188.07,10738.61200000004
2026-06-17 14:03:00+00:00,2026-06-17 14:00:00+00:00,2026-06-17 14:15:00+00:00,no,0.53,405,0.4179254783484391,0.475,0.0320745216515609,11,7.07,1,-221.72,10516.89200000004
2026-06-17 14:23:00+00:00,2026-06-17 14:15:00+00:00,2026-06-17 14:30:00+00:00,yes,0.18,500,0.24461105904404878,0.175,0.04461105904404879,6,5.17,0,-95.17,10421.72200000004
2026-06-17 14:32:00+00:00,2026-06-17 14:30:00+00:00,2026-06-17 14:45:00+00:00,no,0.55,378,0.36774941995359633,0.455,0.06225058004640362,12,6.55,0,163.54999999999998,10585.272000000039
2026-06-17 14:53:00+00:00,2026-06-17 14:45:00+00:00,2026-06-17 15:00:00+00:00,no,0.29000000000000004,500,0.6555269922879178,0.715,0.034473007712082185,6,7.21,0,347.79,10933.06200000004
2026-06-17 15:18:00+00:00,2026-06-17 15:15:00+00:00,2026-06-17 15:30:00+00:00,no,0.43999999999999995,496,0.5054021608643458,0.565,0.0345978391356543,11,8.56,1,-226.79999999999998,10706.26200000004
2026-06-17 15:30:00+00:00,2026-06-17 15:30:00+00:00,2026-06-17 15:45:00+00:00,no,0.5800000000000001,369,0.36330935251798563,0.425,0.03669064748201435,14,6.3,1,-220.32000000000005,10485.942000000041
2026-06-17 15:46:00+00:00,2026-06-17 15:45:00+00:00,2026-06-17 16:00:00+00:00,no,0.37,500,0.5470085470085471,0.64,0.06299145299145294,13,8.16,1,-193.16,10292.782000000041
2026-06-17 16:00:00+00:00,2026-06-17 16:00:00+00:00,2026-06-17 16:15:00+00:00,no,0.39,500,0.5470085470085471,0.615,0.04299145299145292,14,8.33,1,-203.33,10089.452000000041
2026-06-17 16:15:00+00:00,2026-06-17 16:15:00+00:00,2026-06-17 16:30:00+00:00,no,0.48,420,0.4179254783484391,0.525,0.08207452165156094,14,7.34,1,-208.94,9880.51200000004
2026-06-17 16:30:00+00:00,2026-06-17 16:30:00+00:00,2026-06-17 16:45:00+00:00,no,0.81,243,0.09587378640776699,0.195,0.07412621359223294,14,2.62,0,43.54999999999999,9924.06200000004
2026-06-17 16:53:00+00:00,2026-06-17 16:45:00+00:00,2026-06-17 17:00:00+00:00,yes,0.097,500,0.14175654853620956,0.095,0.034756548536209554,6,3.07,0,-51.57,9872.49200000004
2026-06-17 17:02:00+00:00,2026-06-17 17:00:00+00:00,2026-06-17 17:15:00+00:00,no,0.4,493,0.5470085470085471,0.605,0.03299145299145291,12,8.29,1,-205.49,9667.00200000004
2026-06-17 17:18:00+00:00,2026-06-17 17:15:00+00:00,2026-06-17 17:30:00+00:00,yes,0.62,311,0.6730769230769231,0.615,0.03307692307692313,11,5.13,1,113.05000000000001,9780.05200000004
2026-06-17 18:01:00+00:00,2026-06-17 18:00:00+00:00,2026-06-17 18:15:00+00:00,yes,0.093,500,0.14175654853620956,0.0925,0.03875654853620956,13,2.96,0,-49.46,9730.59200000004
2026-06-17 18:19:00+00:00,2026-06-17 18:15:00+00:00,2026-06-17 18:30:00+00:00,no,0.22999999999999998,500,0.6874003189792663,0.775,0.06259968102073367,10,6.2,1,-121.19999999999999,9609.39200000004
2026-06-17 18:37:00+00:00,2026-06-17 18:30:00+00:00,2026-06-17 18:45:00+00:00,no,0.28,500,0.6555269922879178,0.725,0.044473007712082194,7,7.06,1,-147.06,9462.33200000004
2026-06-17 18:52:00+00:00,2026-06-17 18:45:00+00:00,2026-06-17 19:00:00+00:00,no,0.53,357,0.4179254783484391,0.475,0.0320745216515609,7,6.23,0,161.56,9623.89200000004
2026-06-17 19:03:00+00:00,2026-06-17 19:00:00+00:00,2026-06-17 19:15:00+00:00,yes,0.54,356,0.606404958677686,0.535,0.04640495867768592,11,6.2,0,-198.44,9425.45200000004
2026-06-17 19:30:00+00:00,2026-06-17 19:30:00+00:00,2026-06-17 19:45:00+00:00,no,0.48,392,0.4179254783484391,0.525,0.08207452165156094,14,6.85,0,196.99,9622.44200000004
2026-06-17 19:46:00+00:00,2026-06-17 19:45:00+00:00,2026-06-17 20:00:00+00:00,yes,0.58,331,0.6432748538011694,0.575,0.04327485380116948,13,5.65,1,133.37,9755.81200000004
2026-06-17 20:11:00+00:00,2026-06-17 20:00:00+00:00,2026-06-17 20:15:00+00:00,no,0.13,500,0.8057142857142857,0.875,0.05428571428571428,3,3.96,0,431.04,10186.85200000004
2026-06-17 20:39:00+00:00,2026-06-17 20:30:00+00:00,2026-06-17 20:45:00+00:00,no,0.33999999999999997,500,0.606404958677686,0.665,0.03359504132231407,5,7.86,0,322.14,10508.99200000004
2026-06-17 21:19:00+00:00,2026-06-17 21:15:00+00:00,2026-06-17 21:30:00+00:00,no,0.53,396,0.4179254783484391,0.475,0.0320745216515609,10,6.91,0,179.20999999999998,10688.20200000004
2026-06-17 21:42:00+00:00,2026-06-17 21:30:00+00:00,2026-06-17 21:45:00+00:00,no,0.30000000000000004,500,0.606404958677686,0.705,0.073595041322314,2,7.35,0,342.65,11030.852000000039
2026-06-17 21:47:00+00:00,2026-06-17 21:45:00+00:00,2026-06-17 22:00:00+00:00,no,0.5800000000000001,380,0.36774941995359633,0.425,0.03225058004640359,12,6.48,1,-226.88000000000002,10803.97200000004
2026-06-17 22:06:00+00:00,2026-06-17 22:00:00+00:00,2026-06-17 22:15:00+00:00,yes,0.19,500,0.24461105904404878,0.18,0.03461105904404878,8,5.39,0,-100.39,10703.58200000004
2026-06-17 22:20:00+00:00,2026-06-17 22:15:00+00:00,2026-06-17 22:30:00+00:00,no,0.24,500,0.6874003189792663,0.765,0.05259968102073366,9,6.39,1,-126.39,10577.192000000041
2026-06-17 22:38:00+00:00,2026-06-17 22:30:00+00:00,2026-06-17 22:45:00+00:00,no,0.33999999999999997,500,0.606404958677686,0.665,0.03359504132231407,6,7.86,0,322.14,10899.33200000004
2026-06-17 22:45:00+00:00,2026-06-17 22:45:00+00:00,2026-06-17 23:00:00+00:00,no,0.43999999999999995,495,0.5054021608643458,0.565,0.0345978391356543,14,8.54,1,-226.33999999999997,10672.99200000004
2026-06-17 23:03:00+00:00,2026-06-17 23:00:00+00:00,2026-06-17 23:15:00+00:00,yes,0.84,254,0.8842315369261478,0.835,0.03423153692614778,11,2.39,0,-215.74999999999997,10457.24200000004
2026-06-17 23:15:00+00:00,2026-06-17 23:15:00+00:00,2026-06-17 23:30:00+00:00,no,0.32999999999999996,500,0.606404958677686,0.6799999999999999,0.04359504132231408,14,7.74,1,-172.73999999999998,10284.50200000004
2026-06-17 23:33:00+00:00,2026-06-17 23:30:00+00:00,2026-06-17 23:45:00+00:00,no,0.61,337,0.33787731256085685,0.395,0.03212268743914316,11,5.62,0,125.81,10410.31200000004
2026-06-17 23:45:00+00:00,2026-06-17 23:45:00+00:00,2026-06-18 00:00:00+00:00,no,0.54,385,0.36774941995359633,0.46499999999999997,0.07225058004640363,14,6.7,1,-214.6,10195.71200000004
2026-06-18 00:15:00+00:00,2026-06-18 00:15:00+00:00,2026-06-18 00:30:00+00:00,no,0.45999999999999996,443,0.4179254783484391,0.545,0.10207452165156096,14,7.71,0,231.51000000000002,10427.22200000004
2026-06-18 00:37:00+00:00,2026-06-18 00:30:00+00:00,2026-06-18 00:45:00+00:00,no,0.61,341,0.33787731256085685,0.395,0.03212268743914316,7,5.68,0,127.31,10554.53200000004
2026-06-18 00:52:00+00:00,2026-06-18 00:45:00+00:00,2026-06-18 01:00:00+00:00,no,0.8,263,0.14175654853620956,0.20500000000000002,0.03824345146379039,7,2.95,0,49.64999999999999,10604.182000000039
2026-06-18 01:00:00+00:00,2026-06-18 01:00:00+00:00,2026-06-18 01:15:00+00:00,yes,0.68,311,0.7384284176533907,0.675,0.03842841765339068,14,4.74,1,94.77999999999999,10698.96200000004
2026-06-18 01:15:00+00:00,2026-06-18 01:15:00+00:00,2026-06-18 01:30:00+00:00,no,0.64,334,0.3076923076923077,0.365,0.03230769230769227,14,5.39,0,114.85000000000001,10813.81200000004
2026-06-18 01:32:00+00:00,2026-06-18 01:30:00+00:00,2026-06-18 01:45:00+00:00,no,0.38,500,0.5470085470085471,0.63,0.05299145299145293,12,8.25,0,301.75,11115.56200000004
2026-06-18 01:48:00+00:00,2026-06-18 01:45:00+00:00,2026-06-18 02:00:00+00:00,no,0.85,261,0.09587378640776699,0.155,0.04412621359223302,11,2.33,0,36.82000000000001,11152.38200000004
2026-06-18 02:04:00+00:00,2026-06-18 02:00:00+00:00,2026-06-18 02:15:00+00:00,yes,0.88,253,0.9228215767634855,0.875,0.03282157676348552,10,1.88,0,-224.52,10927.86200000004
2026-06-18 02:15:00+00:00,2026-06-18 02:15:00+00:00,2026-06-18 02:30:00+00:00,no,0.51,428,0.37755102040816324,0.495,0.09244897959183675,14,7.49,1,-225.77,10702.092000000039
2026-06-18 03:05:00+00:00,2026-06-18 03:00:00+00:00,2026-06-18 03:15:00+00:00,no,0.89,240,0.0680379746835443,0.11499999999999999,0.03196202531645565,9,1.65,0,24.750000000000007,10726.842000000039
2026-06-18 03:31:00+00:00,2026-06-18 03:30:00+00:00,2026-06-18 03:45:00+00:00,yes,0.76,282,0.8114355231143552,0.755,0.03143552311435517,13,3.61,0,-217.93,10508.912000000038
2026-06-18 03:45:00+00:00,2026-06-18 03:45:00+00:00,2026-06-18 04:00:00+00:00,no,0.38,500,0.5470085470085471,0.625,0.05299145299145293,14,8.25,0,301.75,10810.662000000038
2026-06-18 04:04:00+00:00,2026-06-18 04:00:00+00:00,2026-06-18 04:15:00+00:00,no,0.73,296,0.1792452830188679,0.275,0.07075471698113213,10,4.09,0,75.83000000000001,10886.492000000038
2026-06-18 04:18:00+00:00,2026-06-18 04:15:00+00:00,2026-06-18 04:30:00+00:00,yes,0.58,375,0.6432748538011694,0.575,0.04327485380116948,11,6.4,0,-223.89999999999998,10662.592000000039
2026-06-18 04:34:00+00:00,2026-06-18 04:30:00+00:00,2026-06-18 04:45:00+00:00,yes,0.41,500,0.47522935779816516,0.405,0.045229357798165185,10,8.47,0,-213.47,10449.12200000004
2026-06-18 05:02:00+00:00,2026-06-18 05:00:00+00:00,2026-06-18 05:15:00+00:00,no,0.74,282,0.1792452830188679,0.265,0.06075471698113212,12,3.8,1,-212.48000000000002,10236.64200000004
2026-06-18 05:36:00+00:00,2026-06-18 05:30:00+00:00,2026-06-18 05:45:00+00:00,yes,0.8,255,0.8820960698689956,0.79,0.06209606986899553,8,2.86,1,48.14,10284.78200000004
2026-06-18 09:02:00+00:00,2026-06-18 09:00:00+00:00,2026-06-18 09:15:00+00:00,no,0.81,253,0.09848484848484848,0.2,0.07151515151515143,12,2.73,0,45.339999999999996,10330.12200000004
2026-06-18 09:16:00+00:00,2026-06-18 09:15:00+00:00,2026-06-18 09:30:00+00:00,yes,0.81,255,0.8820960698689956,0.8,0.05209606986899552,13,2.75,0,-209.3,10120.82200000004
2026-06-18 09:39:00+00:00,2026-06-18 09:30:00+00:00,2026-06-18 09:45:00+00:00,no,0.20999999999999996,500,0.7384284176533907,0.795,0.0315715823466093,5,5.81,1,-110.80999999999999,10010.01200000004
2026-06-18 10:05:00+00:00,2026-06-18 10:00:00+00:00,2026-06-18 10:15:00+00:00,no,0.84,238,0.09587378640776699,0.165,0.054126213592233026,9,2.24,0,35.84000000000001,10045.85200000004
2026-06-18 10:15:00+00:00,2026-06-18 10:15:00+00:00,2026-06-18 10:30:00+00:00,yes,0.65,309,0.7384284176533907,0.645,0.06842841765339071,14,4.93,0,-205.78,9840.07200000004
2026-06-18 10:30:00+00:00,2026-06-18 10:30:00+00:00,2026-06-18 10:45:00+00:00,yes,0.59,333,0.6432748538011694,0.58,0.03327485380116947,14,5.64,1,130.89000000000001,9970.96200000004
2026-06-18 11:11:00+00:00,2026-06-18 11:00:00+00:00,2026-06-18 11:15:00+00:00,yes,0.098,500,0.14175654853620956,0.095,0.03375654853620955,3,3.1,0,-52.1,9918.86200000004
2026-06-18 11:19:00+00:00,2026-06-18 11:15:00+00:00,2026-06-18 11:30:00+00:00,yes,0.25,500,0.30721576277807383,0.245,0.03721576277807383,10,6.57,1,368.43,10287.29200000004
2026-06-18 11:36:00+00:00,2026-06-18 11:30:00+00:00,2026-06-18 11:45:00+00:00,yes,0.18,500,0.24461105904404878,0.175,0.04461105904404879,8,5.17,0,-95.17,10192.12200000004
2026-06-18 11:52:00+00:00,2026-06-18 11:45:00+00:00,2026-06-18 12:00:00+00:00,no,0.43999999999999995,463,0.5054021608643458,0.5700000000000001,0.0345978391356543,7,7.99,1,-211.70999999999998,9980.41200000004
2026-06-18 12:02:00+00:00,2026-06-18 12:00:00+00:00,2026-06-18 12:15:00+00:00,yes,0.73,273,0.8114355231143552,0.725,0.0614355231143552,12,3.77,1,69.94000000000001,10050.35200000004
2026-06-18 12:16:00+00:00,2026-06-18 12:15:00+00:00,2026-06-18 12:30:00+00:00,no,0.52,386,0.4179254783484391,0.485,0.042074521651560906,13,6.75,1,-207.47,9842.882000000041
2026-06-18 12:31:00+00:00,2026-06-18 12:30:00+00:00,2026-06-18 12:45:00+00:00,no,0.47,418,0.47522935779816516,0.535,0.0347706422018348,13,7.29,1,-203.74999999999997,9639.132000000041
2026-06-18 12:45:00+00:00,2026-06-18 12:45:00+00:00,2026-06-18 13:00:00+00:00,yes,0.63,306,0.6874003189792663,0.625,0.037400318979266337,14,5.0,1,108.22,9747.35200000004
2026-06-18 13:00:00+00:00,2026-06-18 13:00:00+00:00,2026-06-18 13:15:00+00:00,no,0.52,374,0.4179254783484391,0.485,0.042074521651560906,14,6.54,1,-201.02,9546.33200000004
2026-06-18 13:15:00+00:00,2026-06-18 13:15:00+00:00,2026-06-18 13:30:00+00:00,no,0.5800000000000001,329,0.36774941995359633,0.425,0.03225058004640359,14,5.62,0,132.55999999999997,9678.89200000004
2026-06-18 13:32:00+00:00,2026-06-18 13:30:00+00:00,2026-06-18 13:45:00+00:00,no,0.79,245,0.09848484848484848,0.215,0.09151515151515145,12,2.85,0,48.59999999999999,9727.49200000004
2026-06-18 13:45:00+00:00,2026-06-18 13:45:00+00:00,2026-06-18 14:00:00+00:00,yes,0.55,353,0.6432748538011694,0.545,0.0732748538011694,14,6.12,1,152.73,9880.22200000004
2026-06-18 14:17:00+00:00,2026-06-18 14:15:00+00:00,2026-06-18 14:30:00+00:00,yes,0.83,238,0.8820960698689956,0.825,0.04209606986899562,12,2.36,1,38.10000000000001,9918.32200000004
2026-06-18 14:42:00+00:00,2026-06-18 14:30:00+00:00,2026-06-18 14:45:00+00:00,no,0.07499999999999996,500,0.8842315369261478,0.9255,0.030768463073852288,2,2.43,1,-39.92999999999998,9878.39200000004
2026-06-18 14:51:00+00:00,2026-06-18 14:45:00+00:00,2026-06-18 15:00:00+00:00,yes,0.21,500,0.2724968314321926,0.20500000000000002,0.042496831432192614,8,5.81,0,-110.81,9767.58200000004
2026-06-18 15:06:00+00:00,2026-06-18 15:00:00+00:00,2026-06-18 15:15:00+00:00,no,0.84,232,0.09848484848484848,0.165,0.05151515151515152,8,2.19,0,34.93000000000001,9802.51200000004
2026-06-18 15:15:00+00:00,2026-06-18 15:15:00+00:00,2026-06-18 15:30:00+00:00,yes,0.46,426,0.5207667731629394,0.455,0.040766773162939376,14,7.41,0,-203.37,9599.14200000004
2026-06-18 15:45:00+00:00,2026-06-18 15:45:00+00:00,2026-06-18 16:00:00+00:00,yes,0.67,286,0.7384284176533907,0.665,0.04842841765339069,14,4.43,0,-196.05,9403.09200000004
2026-06-18 16:03:00+00:00,2026-06-18 16:00:00+00:00,2026-06-18 16:15:00+00:00,yes,0.84,223,0.8820960698689956,0.835,0.03209606986899561,11,2.1,1,33.580000000000005,9436.67200000004
2026-06-18 16:26:00+00:00,2026-06-18 16:15:00+00:00,2026-06-18 16:30:00+00:00,no,0.19999999999999996,500,0.7384284176533907,0.805,0.041571582346609307,3,5.6,0,394.4,9831.07200000004
2026-06-18 16:33:00+00:00,2026-06-18 16:30:00+00:00,2026-06-18 16:45:00+00:00,no,0.52,378,0.4179254783484391,0.485,0.042074521651560906,11,6.61,1,-203.17000000000002,9627.90200000004
2026-06-18 16:58:00+00:00,2026-06-18 16:45:00+00:00,2026-06-18 17:00:00+00:00,yes,0.026,500,0.09587378640776699,0.024,0.05987378640776699,1,0.89,0,-13.89,9614.01200000004
2026-06-18 17:03:00+00:00,2026-06-18 17:00:00+00:00,2026-06-18 17:15:00+00:00,no,0.89,216,0.0680379746835443,0.11499999999999999,0.03196202531645565,11,1.49,0,22.269999999999992,9636.282000000041
2026-06-18 17:30:00+00:00,2026-06-18 17:30:00+00:00,2026-06-18 17:45:00+00:00,yes,0.74,260,0.8820960698689956,0.735,0.12209606986899559,14,3.51,1,64.08999999999999,9700.372000000041
2026-06-18 17:55:00+00:00,2026-06-18 17:45:00+00:00,2026-06-18 18:00:00+00:00,yes,0.21,500,0.2724968314321926,0.20500000000000002,0.042496831432192614,4,5.81,0,-110.81,9589.562000000042
2026-06-18 18:06:00+00:00,2026-06-18 18:00:00+00:00,2026-06-18 18:15:00+00:00,yes,0.76,252,0.8114355231143552,0.755,0.03143552311435517,8,3.22,1,57.25999999999999,9646.822000000042
2026-06-18 18:15:00+00:00,2026-06-18 18:15:00+00:00,2026-06-18 18:30:00+00:00,no,0.65,296,0.2892857142857143,0.355,0.040714285714285606,14,4.72,1,-197.12,9449.702000000041
2026-06-18 18:30:00+00:00,2026-06-18 18:30:00+00:00,2026-06-18 18:45:00+00:00,no,0.7,269,0.24461105904404878,0.305,0.035388940955951256,14,3.96,0,76.74000000000002,9526.442000000041
2026-06-18 18:55:00+00:00,2026-06-18 18:45:00+00:00,2026-06-18 19:00:00+00:00,yes,0.16,500,0.24461105904404878,0.155,0.07461105904404879,4,4.71,0,-84.71,9441.732000000042
2026-06-18 19:13:00+00:00,2026-06-18 19:00:00+00:00,2026-06-18 19:15:00+00:00,yes,0.03,500,0.09587378640776699,0.027,0.05587378640776699,1,1.02,0,-16.02,9425.712000000041
2026-06-18 19:22:00+00:00,2026-06-18 19:15:00+00:00,2026-06-18 19:30:00+00:00,yes,0.88,214,0.9228215767634855,0.875,0.03282157676348552,7,1.59,1,24.090000000000007,9449.802000000042
2026-06-18 19:47:00+00:00,2026-06-18 19:45:00+00:00,2026-06-18 20:00:00+00:00,no,0.42000000000000004,449,0.5054021608643458,0.585,0.054597839135654205,12,7.66,0,252.75999999999996,9702.562000000042
2026-06-18 20:02:00+00:00,2026-06-18 20:00:00+00:00,2026-06-18 20:15:00+00:00,yes,0.85,228,0.9228215767634855,0.845,0.06282157676348556,12,2.04,1,32.16000000000002,9734.722000000042
2026-06-18 20:15:00+00:00,2026-06-18 20:15:00+00:00,2026-06-18 20:30:00+00:00,no,0.5700000000000001,341,0.36774941995359633,0.435,0.0422505800464036,14,5.86,0,140.76999999999995,9875.492000000042
2026-06-18 20:30:00+00:00,2026-06-18 20:30:00+00:00,2026-06-18 20:45:00+00:00,no,0.52,379,0.4179254783484391,0.485,0.042074521651560906,14,6.63,1,-203.71,9671.782000000043
2026-06-18 20:45:00+00:00,2026-06-18 20:45:00+00:00,2026-06-18 21:00:00+00:00,no,0.51,379,0.4179254783484391,0.495,0.052074521651560915,14,6.63,0,179.08,9850.862000000043
2026-06-18 21:03:00+00:00,2026-06-18 21:00:00+00:00,2026-06-18 21:15:00+00:00,no,0.43999999999999995,447,0.5054021608643458,0.565,0.0345978391356543,11,7.71,0,242.61,10093.472000000043
2026-06-18 21:15:00+00:00,2026-06-18 21:15:00+00:00,2026-06-18 21:30:00+00:00,yes,0.43,469,0.4897260273972603,0.425,0.03972602739726029,14,8.05,1,259.28000000000003,10352.752000000044
2026-06-18 21:38:00+00:00,2026-06-18 21:30:00+00:00,2026-06-18 21:45:00+00:00,no,0.85,243,0.09848484848484848,0.155,0.04151515151515151,6,2.17,0,34.280000000000015,10387.032000000045
2026-06-18 21:55:00+00:00,2026-06-18 21:45:00+00:00,2026-06-18 22:00:00+00:00,yes,0.84,247,0.8842315369261478,0.835,0.03423153692614778,4,2.33,1,37.19000000000001,10424.222000000045
2026-06-18 22:00:00+00:00,2026-06-18 22:00:00+00:00,2026-06-18 22:15:00+00:00,no,0.55,379,0.36774941995359633,0.455,0.06225058004640362,14,6.57,0,163.98,10588.202000000045
2026-06-18 22:18:00+00:00,2026-06-18 22:15:00+00:00,2026-06-18 22:30:00+00:00,no,0.89,237,0.0680379746835443,0.11499999999999999,0.03196202531645565,11,1.63,0,24.439999999999994,10612.642000000045
2026-06-18 22:33:00+00:00,2026-06-18 22:30:00+00:00,2026-06-18 22:45:00+00:00,no,0.8,265,0.14175654853620956,0.20500000000000002,0.03824345146379039,11,2.97,0,50.03,10662.672000000046
2026-06-18 22:45:00+00:00,2026-06-18 22:45:00+00:00,2026-06-18 23:00:00+00:00,no,0.5700000000000001,374,0.36774941995359633,0.435,0.0422505800464036,14,6.42,1,-219.60000000000002,10443.072000000046
2026-06-18 23:00:00+00:00,2026-06-18 23:00:00+00:00,2026-06-18 23:15:00+00:00,no,0.5800000000000001,360,0.36330935251798563,0.425,0.03669064748201435,14,6.14,0,145.06,10588.132000000045
2026-06-18 23:32:00+00:00,2026-06-18 23:30:00+00:00,2026-06-18 23:45:00+00:00,yes,0.81,261,0.8820960698689956,0.805,0.05209606986899552,12,2.82,1,46.769999999999975,10634.902000000046
2026-06-18 23:46:00+00:00,2026-06-18 23:45:00+00:00,2026-06-19 00:00:00+00:00,no,0.6799999999999999,312,0.25806451612903225,0.325,0.04193548387096781,13,4.76,1,-216.91999999999996,10417.982000000045
2026-06-19 00:02:00+00:00,2026-06-19 00:00:00+00:00,2026-06-19 00:15:00+00:00,no,0.77,270,0.1792452830188679,0.235,0.030754716981132097,12,3.35,0,58.74999999999999,10476.732000000045
2026-06-19 00:15:00+00:00,2026-06-19 00:15:00+00:00,2026-06-19 00:30:00+00:00,no,0.43999999999999995,476,0.5054021608643458,0.565,0.0345978391356543,14,8.22,1,-217.65999999999997,10259.072000000046
2026-06-19 00:38:00+00:00,2026-06-19 00:30:00+00:00,2026-06-19 00:45:00+00:00,no,0.07299999999999995,500,0.8842315369261478,0.928,0.03276846307385229,6,2.37,1,-38.869999999999976,10220.202000000045
2026-06-19 00:45:00+00:00,2026-06-19 00:45:00+00:00,2026-06-19 01:00:00+00:00,no,0.54,378,0.36774941995359633,0.46499999999999997,0.07225058004640363,14,6.58,0,167.29999999999998,10387.502000000044
2026-06-19 01:00:00+00:00,2026-06-19 01:00:00+00:00,2026-06-19 01:15:00+00:00,no,0.44999999999999996,461,0.47522935779816516,0.555,0.05477064220183482,14,7.99,0,245.56,10633.062000000044
2026-06-19 01:15:00+00:00,2026-06-19 01:15:00+00:00,2026-06-19 01:30:00+00:00,no,0.20999999999999996,500,0.7384284176533907,0.795,0.0315715823466093,14,5.81,0,389.19,11022.252000000044
2026-06-19 01:35:00+00:00,2026-06-19 01:30:00+00:00,2026-06-19 01:45:00+00:00,no,0.77,286,0.1792452830188679,0.235,0.030754716981132097,9,3.55,0,62.230000000000004,11084.482000000044
2026-06-19 01:46:00+00:00,2026-06-19 01:45:00+00:00,2026-06-19 02:00:00+00:00,no,0.4,500,0.5470085470085471,0.605,0.03299145299145291,13,8.4,1,-208.4,10876.082000000044
2026-06-19 02:00:00+00:00,2026-06-19 02:00:00+00:00,2026-06-19 02:15:00+00:00,yes,0.59,368,0.6432748538011694,0.585,0.03327485380116947,14,6.24,0,-223.35999999999999,10652.722000000043
2026-06-19 02:19:00+00:00,2026-06-19 02:15:00+00:00,2026-06-19 02:30:00+00:00,no,0.8,266,0.14175654853620956,0.20500000000000002,0.03824345146379039,10,2.98,0,50.21999999999999,10702.942000000043
2026-06-19 02:38:00+00:00,2026-06-19 02:30:00+00:00,2026-06-19 02:45:00+00:00,yes,0.22,500,0.2724968314321926,0.215,0.032496831432192605,6,6.01,0,-116.01,10586.932000000043
2026-06-19 02:53:00+00:00,2026-06-19 02:45:00+00:00,2026-06-19 03:00:00+00:00,no,0.26,500,0.6874003189792663,0.745,0.03259968102073364,6,6.74,1,-136.74,10450.192000000043
2026-06-19 03:01:00+00:00,2026-06-19 03:00:00+00:00,2026-06-19 03:15:00+00:00,no,0.54,387,0.3804347826086957,0.46499999999999997,0.059565217391304284,13,6.73,0,171.29,10621.482000000044
2026-06-19 03:21:00+00:00,2026-06-19 03:15:00+00:00,2026-06-19 03:30:00+00:00,yes,0.4,500,0.4897260273972603,0.395,0.06972602739726026,8,8.4,1,291.6,10913.082000000044
2026-06-19 03:33:00+00:00,2026-06-19 03:30:00+00:00,2026-06-19 03:45:00+00:00,yes,0.22,500,0.3076923076923077,0.215,0.0676923076923077,11,6.01,0,-116.01,10797.072000000044
2026-06-19 03:56:00+00:00,2026-06-19 03:45:00+00:00,2026-06-19 04:00:00+00:00,no,0.02300000000000002,500,0.9228215767634855,0.9775,0.04417842323651445,3,0.79,1,-12.29000000000001,10784.782000000043
2026-06-19 04:04:00+00:00,2026-06-19 04:00:00+00:00,2026-06-19 04:15:00+00:00,no,0.86,250,0.09587378640776699,0.14500000000000002,0.03412621359223301,10,2.11,1,-217.11,10567.672000000042
2026-06-19 04:15:00+00:00,2026-06-19 04:15:00+00:00,2026-06-19 04:30:00+00:00,no,0.51,414,0.4179254783484391,0.495,0.052074521651560915,14,7.25,0,195.60999999999999,10763.282000000043
2026-06-19 04:52:00+00:00,2026-06-19 04:45:00+00:00,2026-06-19 05:00:00+00:00,no,0.53,406,0.4179254783484391,0.475,0.0320745216515609,7,7.08,0,183.73999999999998,10947.022000000043
2026-06-19 05:01:00+00:00,2026-06-19 05:00:00+00:00,2026-06-19 05:15:00+00:00,yes,0.81,270,0.8842315369261478,0.805,0.0542315369261477,13,2.91,1,48.389999999999986,10995.412000000042
2026-06-19 05:20:00+00:00,2026-06-19 05:15:00+00:00,2026-06-19 05:30:00+00:00,no,0.84,261,0.09587378640776699,0.165,0.054126213592233026,9,2.46,0,39.30000000000002,11034.712000000041
2026-06-19 05:38:00+00:00,2026-06-19 05:30:00+00:00,2026-06-19 05:45:00+00:00,no,0.53,416,0.4179254783484391,0.475,0.0320745216515609,6,7.26,1,-227.74,10806.972000000042
2026-06-19 05:48:00+00:00,2026-06-19 05:45:00+00:00,2026-06-19 06:00:00+00:00,yes,0.82,263,0.8820960698689956,0.815,0.042096069868995625,11,2.72,1,44.620000000000005,10851.592000000042
2026-06-19 06:03:00+00:00,2026-06-19 06:00:00+00:00,2026-06-19 06:15:00+00:00,yes,0.74,293,0.8114355231143552,0.735,0.05143552311435519,11,3.95,1,72.23,10923.822000000042
2026-06-19 06:15:00+00:00,2026-06-19 06:15:00+00:00,2026-06-19 06:30:00+00:00,no,0.65,336,0.2724968314321926,0.355,0.057503168567807364,14,5.36,0,112.24,11036.062000000042
2026-06-19 06:32:00+00:00,2026-06-19 06:30:00+00:00,2026-06-19 06:45:00+00:00,no,0.5700000000000001,387,0.36774941995359633,0.44,0.0422505800464036,12,6.64,0,159.76999999999998,11195.832000000042
2026-06-19 06:48:00+00:00,2026-06-19 06:45:00+00:00,2026-06-19 07:00:00+00:00,no,0.69,324,0.24461105904404878,0.315,0.045388940955951265,11,4.86,1,-228.42,10967.412000000042
2026-06-19 07:01:00+00:00,2026-06-19 07:00:00+00:00,2026-06-19 07:15:00+00:00,no,0.53,413,0.4179254783484391,0.48,0.0320745216515609,13,7.21,0,186.89999999999998,11154.312000000042
2026-06-19 07:15:00+00:00,2026-06-19 07:15:00+00:00,2026-06-19 07:30:00+00:00,yes,0.4,500,0.4897260273972603,0.395,0.06972602739726026,14,8.4,0,-208.4,10945.912000000042
2026-06-19 07:32:00+00:00,2026-06-19 07:30:00+00:00,2026-06-19 07:45:00+00:00,no,0.52,420,0.4179254783484391,0.485,0.042074521651560906,12,7.34,0,194.26,11140.172000000042
2026-06-19 07:47:00+00:00,2026-06-19 07:45:00+00:00,2026-06-19 08:00:00+00:00,no,0.43000000000000005,500,0.5054021608643458,0.575,0.044597839135654196,12,8.58,1,-223.58000000000004,10916.592000000042
2026-06-19 08:02:00+00:00,2026-06-19 08:00:00+00:00,2026-06-19 08:15:00+00:00,no,0.53,411,0.4179254783484391,0.475,0.0320745216515609,12,7.17,1,-225.0,10691.592000000042
2026-06-19 08:15:00+00:00,2026-06-19 08:15:00+00:00,2026-06-19 08:30:00+00:00,no,0.6,356,0.33787731256085685,0.405,0.04212268743914317,14,5.99,1,-219.59,10472.002000000042
2026-06-19 08:34:00+00:00,2026-06-19 08:30:00+00:00,2026-06-19 08:45:00+00:00,no,0.51,410,0.36774941995359633,0.495,0.10225058004640365,10,7.18,0,193.72,10665.722000000042
2026-06-19 08:47:00+00:00,2026-06-19 08:45:00+00:00,2026-06-19 09:00:00+00:00,no,0.42000000000000004,500,0.5054021608643458,0.585,0.054597839135654205,12,8.53,0,281.47,10947.192000000041
2026-06-19 09:02:00+00:00,2026-06-19 09:00:00+00:00,2026-06-19 09:15:00+00:00,no,0.39,500,0.5470085470085471,0.615,0.04299145299145292,12,8.33,0,296.67,11243.862000000041
2026-06-19 09:17:00+00:00,2026-06-19 09:15:00+00:00,2026-06-19 09:30:00+00:00,yes,0.53,424,0.606404958677686,0.525,0.056404958677685926,12,7.4,0,-232.12,11011.74200000004
2026-06-19 09:31:00+00:00,2026-06-19 09:30:00+00:00,2026-06-19 09:45:00+00:00,yes,0.61,361,0.6730769230769231,0.605,0.04307692307692314,13,6.02,1,134.76999999999998,11146.51200000004
2026-06-19 09:57:00+00:00,2026-06-19 09:45:00+00:00,2026-06-19 10:00:00+00:00,yes,0.096,500,0.14175654853620956,0.093,0.035756548536209555,2,3.04,0,-51.04,11095.47200000004
2026-06-19 10:15:00+00:00,2026-06-19 10:15:00+00:00,2026-06-19 10:30:00+00:00,no,0.56,396,0.36330935251798563,0.445,0.05669064748201437,14,6.84,0,167.39999999999998,11262.87200000004
2026-06-19 10:32:00+00:00,2026-06-19 10:30:00+00:00,2026-06-19 10:45:00+00:00,no,0.6699999999999999,336,0.2724968314321926,0.335,0.03750316856780746,12,5.21,0,105.67000000000003,11368.54200000004
2026-06-19 10:50:00+00:00,2026-06-19 10:45:00+00:00,2026-06-19 11:00:00+00:00,yes,0.73,311,0.8057142857142857,0.725,0.05571428571428573,9,4.3,1,79.67,11448.21200000004
2026-06-19 11:15:00+00:00,2026-06-19 11:15:00+00:00,2026-06-19 11:30:00+00:00,no,0.37,500,0.5470085470085471,0.635,0.06299145299145294,14,8.16,1,-193.16,11255.05200000004
2026-06-19 11:43:00+00:00,2026-06-19 11:30:00+00:00,2026-06-19 11:45:00+00:00,no,0.19999999999999996,500,0.7384284176533907,0.805,0.041571582346609307,1,5.6,1,-105.59999999999997,11149.45200000004
2026-06-19 11:50:00+00:00,2026-06-19 11:45:00+00:00,2026-06-19 12:00:00+00:00,no,0.5700000000000001,391,0.36774941995359633,0.435,0.0422505800464036,9,6.71,0,161.41999999999996,11310.87200000004
2026-06-19 12:04:00+00:00,2026-06-19 12:00:00+00:00,2026-06-19 12:15:00+00:00,yes,0.72,314,0.8057142857142857,0.715,0.06571428571428574,10,4.44,0,-230.51999999999998,11080.352000000039
2026-06-19 12:31:00+00:00,2026-06-19 12:30:00+00:00,2026-06-19 12:45:00+00:00,no,0.6799999999999999,325,0.24461105904404878,0.325,0.055388940955951274,13,4.96,0,99.04000000000003,11179.39200000004
2026-06-19 12:46:00+00:00,2026-06-19 12:45:00+00:00,2026-06-19 13:00:00+00:00,no,0.86,259,0.09587378640776699,0.14500000000000002,0.03412621359223301,13,2.19,1,-224.93,10954.46200000004
2026-06-19 13:03:00+00:00,2026-06-19 13:00:00+00:00,2026-06-19 13:15:00+00:00,no,0.5,438,0.4179254783484391,0.505,0.062074521651560924,11,7.67,0,211.33,11165.79200000004
2026-06-19 13:22:00+00:00,2026-06-19 13:15:00+00:00,2026-06-19 13:30:00+00:00,no,0.77,290,0.1792452830188679,0.24,0.030754716981132097,7,3.6,0,63.09999999999999,11228.89200000004
2026-06-19 13:37:00+00:00,2026-06-19 13:30:00+00:00,2026-06-19 13:45:00+00:00,yes,0.79,284,0.8820960698689956,0.785,0.07209606986899554,7,3.3,1,56.33999999999999,11285.23200000004
2026-06-19 13:45:00+00:00,2026-06-19 13:45:00+00:00,2026-06-19 14:00:00+00:00,yes,0.78,289,0.8820960698689956,0.775,0.08209606986899555,14,3.48,1,60.09999999999999,11345.33200000004
2026-06-19 14:00:00+00:00,2026-06-19 14:00:00+00:00,2026-06-19 14:15:00+00:00,no,0.6699999999999999,338,0.2724968314321926,0.335,0.03750316856780746,14,5.24,0,106.30000000000003,11451.63200000004
2026-06-19 14:23:00+00:00,2026-06-19 14:15:00+00:00,2026-06-19 14:30:00+00:00,yes,0.17,500,0.24461105904404878,0.16,0.06461105904404878,6,4.94,1,410.06,11861.69200000004
2026-06-19 14:35:00+00:00,2026-06-19 14:30:00+00:00,2026-06-19 14:45:00+00:00,no,0.35,500,0.5714285714285714,0.655,0.05857142857142862,9,7.97,1,-182.97,11678.72200000004
2026-06-19 14:47:00+00:00,2026-06-19 14:45:00+00:00,2026-06-19 15:00:00+00:00,no,0.53,440,0.4179254783484391,0.475,0.0320745216515609,12,7.68,0,199.11999999999998,11877.84200000004
2026-06-19 15:06:00+00:00,2026-06-19 15:00:00+00:00,2026-06-19 15:15:00+00:00,yes,0.57,416,0.6432748538011694,0.565,0.05327485380116949,8,7.14,0,-244.25999999999996,11633.58200000004
2026-06-19 15:16:00+00:00,2026-06-19 15:15:00+00:00,2026-06-19 15:30:00+00:00,no,0.5700000000000001,408,0.36774941995359633,0.435,0.0422505800464036,13,7.01,0,168.42999999999998,11802.01200000004
2026-06-19 15:31:00+00:00,2026-06-19 15:30:00+00:00,2026-06-19 15:45:00+00:00,yes,0.74,318,0.8057142857142857,0.735,0.04571428571428572,13,4.29,1,78.39,11880.40200000004
2026-06-19 16:23:00+00:00,2026-06-19 16:15:00+00:00,2026-06-19 16:30:00+00:00,yes,0.18,500,0.24461105904404878,0.175,0.04461105904404879,6,5.17,0,-95.17,11785.23200000004
2026-06-19 16:40:00+00:00,2026-06-19 16:30:00+00:00,2026-06-19 16:45:00+00:00,yes,0.12,500,0.24461105904404878,0.11499999999999999,0.1146110590440488,4,3.7,0,-63.7,11721.53200000004
2026-06-19 16:49:00+00:00,2026-06-19 16:45:00+00:00,2026-06-19 17:00:00+00:00,no,0.85,275,0.09587378640776699,0.155,0.04412621359223302,10,2.46,0,38.79,11760.32200000004
2026-06-19 17:11:00+00:00,2026-06-19 17:00:00+00:00,2026-06-19 17:15:00+00:00,no,0.24,500,0.6874003189792663,0.765,0.05259968102073366,3,6.39,1,-126.39,11633.93200000004
2026-06-19 17:18:00+00:00,2026-06-19 17:15:00+00:00,2026-06-19 17:30:00+00:00,yes,0.83,280,0.8820960698689956,0.825,0.04209606986899562,11,2.77,0,-235.17,11398.76200000004
2026-06-19 17:32:00+00:00,2026-06-19 17:30:00+00:00,2026-06-19 17:45:00+00:00,yes,0.75,303,0.8057142857142857,0.74,0.03571428571428571,12,3.98,1,71.77,11470.532000000041
2026-06-19 17:48:00+00:00,2026-06-19 17:45:00+00:00,2026-06-19 18:00:00+00:00,yes,0.82,279,0.8820960698689956,0.815,0.042096069868995625,11,2.89,1,47.33000000000003,11517.862000000041
2026-06-19 18:03:00+00:00,2026-06-19 18:00:00+00:00,2026-06-19 18:15:00+00:00,no,0.79,291,0.14175654853620956,0.215,0.0482434514637904,11,3.38,0,57.72999999999998,11575.59200000004
2026-06-19 18:15:00+00:00,2026-06-19 18:15:00+00:00,2026-06-19 18:30:00+00:00,no,0.55,420,0.36774941995359633,0.455,0.06225058004640362,14,7.28,0,181.71999999999997,11757.31200000004
2026-06-19 18:30:00+00:00,2026-06-19 18:30:00+00:00,2026-06-19 18:45:00+00:00,no,0.6,391,0.3076923076923077,0.405,0.07230769230769231,14,6.57,0,149.83,11907.14200000004
2026-06-19 18:48:00+00:00,2026-06-19 18:45:00+00:00,2026-06-19 19:00:00+00:00,no,0.39,500,0.5470085470085471,0.615,0.04299145299145292,11,8.33,1,-203.33,11703.81200000004
2026-06-19 19:06:00+00:00,2026-06-19 19:00:00+00:00,2026-06-19 19:15:00+00:00,no,0.85,275,0.09848484848484848,0.155,0.04151515151515151,8,2.46,0,38.79,11742.60200000004
2026-06-19 19:40:00+00:00,2026-06-19 19:30:00+00:00,2026-06-19 19:45:00+00:00,yes,0.26,500,0.3269230769230769,0.255,0.046923076923076915,4,6.74,1,363.26,12105.862000000041
2026-06-19 19:46:00+00:00,2026-06-19 19:45:00+00:00,2026-06-19 20:00:00+00:00,no,0.52,465,0.4179254783484391,0.485,0.042074521651560906,13,8.13,1,-249.93,11855.93200000004
2026-06-19 20:17:00+00:00,2026-06-19 20:15:00+00:00,2026-06-19 20:30:00+00:00,no,0.6699999999999999,353,0.2724968314321926,0.335,0.03750316856780746,12,5.47,1,-241.97999999999996,11613.952000000041
2026-06-19 20:42:00+00:00,2026-06-19 20:30:00+00:00,2026-06-19 20:45:00+00:00,yes,0.18,500,0.24461105904404878,0.175,0.04461105904404879,2,5.17,1,404.83,12018.782000000041
2026-06-19 20:45:00+00:00,2026-06-19 20:45:00+00:00,2026-06-19 21:00:00+00:00,yes,0.61,394,0.6874003189792663,0.605,0.057400318979266354,14,6.57,1,147.09,12165.872000000041
2026-06-19 21:01:00+00:00,2026-06-19 21:00:00+00:00,2026-06-19 21:15:00+00:00,no,0.6699999999999999,363,0.2724968314321926,0.335,0.03750316856780746,13,5.62,1,-248.82999999999998,11917.042000000041
2026-06-19 21:17:00+00:00,2026-06-19 21:15:00+00:00,2026-06-19 21:30:00+00:00,no,0.5800000000000001,410,0.36330935251798563,0.425,0.03669064748201435,12,7.0,0,165.19999999999996,12082.242000000042
2026-06-19 21:46:00+00:00,2026-06-19 21:45:00+00:00,2026-06-19 22:00:00+00:00,no,0.5,483,0.4179254783484391,0.505,0.062074521651560924,13,8.46,0,233.04,12315.282000000043
2026-06-19 22:00:00+00:00,2026-06-19 22:00:00+00:00,2026-06-19 22:15:00+00:00,yes,0.66,373,0.7576687116564419,0.655,0.07766871165644186,14,5.86,1,120.96,12436.242000000042
2026-06-19 22:18:00+00:00,2026-06-19 22:15:00+00:00,2026-06-19 22:30:00+00:00,yes,0.86,289,0.9228215767634855,0.855,0.05282157676348554,11,2.44,1,38.02000000000001,12474.262000000042
2026-06-19 22:30:00+00:00,2026-06-19 22:30:00+00:00,2026-06-19 22:45:00+00:00,no,0.61,408,0.33787731256085685,0.395,0.03212268743914316,14,6.8,1,-255.68,12218.582000000042
2026-06-19 22:50:00+00:00,2026-06-19 22:45:00+00:00,2026-06-19 23:00:00+00:00,yes,0.59,414,0.6432748538011694,0.585,0.03327485380116947,9,7.02,1,162.72,12381.302000000042
2026-06-19 23:01:00+00:00,2026-06-19 23:00:00+00:00,2026-06-19 23:15:00+00:00,no,0.5800000000000001,426,0.33787731256085685,0.425,0.06212268743914308,13,7.27,0,171.64999999999995,12552.952000000041
2026-06-19 23:21:00+00:00,2026-06-19 23:15:00+00:00,2026-06-19 23:30:00+00:00,no,0.42000000000000004,500,0.5054021608643458,0.59,0.054597839135654205,8,8.53,1,-218.53000000000003,12334.42200000004
2026-06-19 23:30:00+00:00,2026-06-19 23:30:00+00:00,2026-06-19 23:45:00+00:00,no,0.45999999999999996,500,0.4897260273972603,0.545,0.03027397260273969,14,8.7,1,-238.69999999999996,12095.72200000004
2026-06-19 23:45:00+00:00,2026-06-19 23:45:00+00:00,2026-06-20 00:00:00+00:00,no,0.5700000000000001,424,0.36774941995359633,0.435,0.0422505800464036,14,7.28,1,-248.96000000000004,11846.762000000039
2026-06-20 00:00:00+00:00,2026-06-20 00:00:00+00:00,2026-06-20 00:15:00+00:00,no,0.41000000000000003,500,0.5384615384615384,0.595,0.03153846153846153,14,8.47,0,286.53,12133.29200000004
2026-06-20 00:23:00+00:00,2026-06-20 00:15:00+00:00,2026-06-20 00:30:00+00:00,yes,0.25,500,0.33787731256085685,0.245,0.06787731256085684,6,6.57,1,368.43,12501.72200000004
2026-06-20 00:30:00+00:00,2026-06-20 00:30:00+00:00,2026-06-20 00:45:00+00:00,no,0.6599999999999999,378,0.2892857142857143,0.345,0.03071428571428571,14,5.94,0,122.58000000000004,12624.30200000004
2026-06-20 00:50:00+00:00,2026-06-20 00:45:00+00:00,2026-06-20 01:00:00+00:00,yes,0.25,500,0.30434782608695654,0.24,0.03434782608695654,9,6.57,0,-131.57,12492.73200000004
2026-06-20 01:24:00+00:00,2026-06-20 01:15:00+00:00,2026-06-20 01:30:00+00:00,no,0.52,480,0.4179254783484391,0.485,0.042074521651560906,5,8.39,1,-257.99,12234.74200000004
2026-06-20 01:32:00+00:00,2026-06-20 01:30:00+00:00,2026-06-20 01:45:00+00:00,yes,0.71,344,0.8057142857142857,0.705,0.07571428571428575,12,4.96,1,94.80000000000003,12329.54200000004
2026-06-20 01:46:00+00:00,2026-06-20 01:45:00+00:00,2026-06-20 02:00:00+00:00,no,0.56,440,0.37755102040816324,0.445,0.0424489795918367,13,7.59,1,-253.99000000000004,12075.55200000004
2026-06-20 02:01:00+00:00,2026-06-20 02:00:00+00:00,2026-06-20 02:15:00+00:00,no,0.5700000000000001,423,0.36330935251798563,0.435,0.04669064748201436,13,7.26,0,174.63,12250.182000000039
2026-06-20 02:16:00+00:00,2026-06-20 02:15:00+00:00,2026-06-20 02:30:00+00:00,no,0.61,401,0.33787731256085685,0.395,0.03212268743914316,13,6.68,0,149.71,12399.892000000038
2026-06-20 02:30:00+00:00,2026-06-20 02:30:00+00:00,2026-06-20 02:45:00+00:00,yes,0.65,381,0.7384284176533907,0.645,0.06842841765339071,14,6.07,0,-253.72,12146.172000000039
2026-06-20 02:46:00+00:00,2026-06-20 02:45:00+00:00,2026-06-20 03:00:00+00:00,no,0.31999999999999995,500,0.606404958677686,0.685,0.05359504132231409,13,7.62,0,332.38,12478.552000000038
2026-06-20 03:10:00+00:00,2026-06-20 03:00:00+00:00,2026-06-20 03:15:00+00:00,yes,0.26,500,0.33787731256085685,0.255,0.05787731256085683,4,6.74,1,363.26,12841.812000000038
2026-06-20 03:18:00+00:00,2026-06-20 03:15:00+00:00,2026-06-20 03:30:00+00:00,yes,0.73,351,0.8114355231143552,0.725,0.0614355231143552,11,4.85,1,89.91999999999999,12931.732000000038
2026-06-20 03:31:00+00:00,2026-06-20 03:30:00+00:00,2026-06-20 03:45:00+00:00,no,0.5700000000000001,453,0.36330935251798563,0.435,0.04669064748201436,13,7.78,1,-265.99,12665.742000000038
2026-06-20 03:45:00+00:00,2026-06-20 03:45:00+00:00,2026-06-20 04:00:00+00:00,no,0.54,469,0.3804347826086957,0.46499999999999997,0.059565217391304284,14,8.16,0,207.57999999999998,12873.322000000038
2026-06-20 04:01:00+00:00,2026-06-20 04:00:00+00:00,2026-06-20 04:15:00+00:00,no,0.56,459,0.37755102040816324,0.445,0.0424489795918367,13,7.92,0,194.04,13067.36200000004
2026-06-20 04:15:00+00:00,2026-06-20 04:15:00+00:00,2026-06-20 04:30:00+00:00,no,0.52,500,0.4179254783484391,0.485,0.042074521651560906,14,8.74,1,-268.74,12798.62200000004
2026-06-20 04:32:00+00:00,2026-06-20 04:30:00+00:00,2026-06-20 04:45:00+00:00,no,0.76,336,0.1792452830188679,0.245,0.0407547169811321,12,4.3,1,-259.66,12538.96200000004
2026-06-20 04:45:00+00:00,2026-06-20 04:45:00+00:00,2026-06-20 05:00:00+00:00,no,0.5700000000000001,439,0.37755102040816324,0.44,0.032448979591836694,14,7.54,0,181.23,12720.19200000004
2026-06-20 05:18:00+00:00,2026-06-20 05:15:00+00:00,2026-06-20 05:30:00+00:00,no,0.73,348,0.14175654853620956,0.275,0.10824345146379045,11,4.81,0,89.15,12809.342000000039
2026-06-20 05:39:00+00:00,2026-06-20 05:30:00+00:00,2026-06-20 05:45:00+00:00,no,0.19999999999999996,500,0.7384284176533907,0.805,0.041571582346609307,5,5.6,1,-105.59999999999997,12703.742000000038
2026-06-20 05:45:00+00:00,2026-06-20 05:45:00+00:00,2026-06-20 06:00:00+00:00,no,0.38,500,0.5384615384615384,0.625,0.061538461538461556,14,8.25,1,-198.25,12505.492000000038
2026-06-20 06:05:00+00:00,2026-06-20 06:00:00+00:00,2026-06-20 06:15:00+00:00,no,0.48,500,0.4179254783484391,0.525,0.08207452165156094,9,8.74,0,251.26,12756.752000000039
2026-06-20 06:15:00+00:00,2026-06-20 06:15:00+00:00,2026-06-20 06:30:00+00:00,no,0.5800000000000001,439,0.30434782608695654,0.425,0.09565217391304338,14,7.49,1,-262.11,12494.642000000038
2026-06-20 06:32:00+00:00,2026-06-20 06:30:00+00:00,2026-06-20 06:45:00+00:00,yes,0.45,500,0.5054021608643458,0.445,0.035402160864345736,12,8.67,1,266.33,12760.972000000038
2026-06-20 06:45:00+00:00,2026-06-20 06:45:00+00:00,2026-06-20 07:00:00+00:00,no,0.5800000000000001,440,0.36774941995359633,0.425,0.03225058004640359,14,7.51,0,177.28999999999996,12938.262000000039
2026-06-20 07:00:00+00:00,2026-06-20 07:00:00+00:00,2026-06-20 07:15:00+00:00,no,0.5800000000000001,446,0.36774941995359633,0.425,0.03225058004640359,14,7.61,0,179.70999999999998,13117.972000000038
2026-06-20 07:15:00+00:00,2026-06-20 07:15:00+00:00,2026-06-20 07:30:00+00:00,no,0.43000000000000005,500,0.5054021608643458,0.575,0.044597839135654196,14,8.58,1,-223.58000000000004,12894.392000000038
2026-06-20 07:30:00+00:00,2026-06-20 07:30:00+00:00,2026-06-20 07:45:00+00:00,no,0.35,500,0.5470085470085471,0.655,0.08299145299145295,14,7.97,0,317.03,13211.422000000039
2026-06-20 07:45:00+00:00,2026-06-20 07:45:00+00:00,2026-06-20 08:00:00+00:00,no,0.56,471,0.36330935251798563,0.445,0.05669064748201437,14,8.13,0,199.10999999999996,13410.53200000004
2026-06-20 08:00:00+00:00,2026-06-20 08:00:00+00:00,2026-06-20 08:15:00+00:00,no,0.62,432,0.2892857142857143,0.385,0.07071428571428563,14,7.13,0,157.03000000000003,13567.56200000004
2026-06-20 08:15:00+00:00,2026-06-20 08:15:00+00:00,2026-06-20 08:30:00+00:00,no,0.32999999999999996,500,0.606404958677686,0.675,0.04359504132231408,14,7.74,0,327.26,13894.82200000004
2026-06-20 08:35:00+00:00,2026-06-20 08:30:00+00:00,2026-06-20 08:45:00+00:00,yes,0.38,500,0.4897260273972603,0.375,0.08972602739726028,9,8.25,0,-198.25,13696.57200000004
2026-06-20 08:55:00+00:00,2026-06-20 08:45:00+00:00,2026-06-20 09:00:00+00:00,yes,0.16,500,0.24461105904404878,0.155,0.07461105904404879,4,4.71,0,-84.71,13611.862000000041
2026-06-20 09:02:00+00:00,2026-06-20 09:00:00+00:00,2026-06-20 09:15:00+00:00,yes,0.74,367,0.8057142857142857,0.735,0.04571428571428572,12,4.95,1,90.47000000000001,13702.33200000004
2026-06-20 09:16:00+00:00,2026-06-20 09:15:00+00:00,2026-06-20 09:30:00+00:00,no,0.39,500,0.5054021608643458,0.615,0.08459783913565423,13,8.33,1,-203.33,13499.00200000004
2026-06-20 09:30:00+00:00,2026-06-20 09:30:00+00:00,2026-06-20 09:45:00+00:00,no,0.44999999999999996,500,0.4179254783484391,0.56,0.11207452165156097,14,8.67,1,-233.66999999999996,13265.33200000004
2026-06-20 09:45:00+00:00,2026-06-20 09:45:00+00:00,2026-06-20 10:00:00+00:00,no,0.61,434,0.2892857142857143,0.395,0.08071428571428564,14,7.23,1,-271.97,12993.362000000041
2026-06-20 10:04:00+00:00,2026-06-20 10:00:00+00:00,2026-06-20 10:15:00+00:00,no,0.5800000000000001,448,0.36774941995359633,0.425,0.03225058004640359,10,7.64,0,180.51999999999998,13173.882000000041
2026-06-20 10:28:00+00:00,2026-06-20 10:15:00+00:00,2026-06-20 10:30:00+00:00,yes,0.018,500,0.0680379746835443,0.015,0.0400379746835443,1,0.62,0,-9.62,13164.26200000004
2026-06-20 10:45:00+00:00,2026-06-20 10:45:00+00:00,2026-06-20 11:00:00+00:00,yes,0.6,438,0.6874003189792663,0.595,0.06740031897926636,14,7.36,1,167.83999999999997,13332.10200000004
2026-06-20 11:03:00+00:00,2026-06-20 11:00:00+00:00,2026-06-20 11:15:00+00:00,no,0.56,476,0.36774941995359633,0.445,0.05225058004640361,11,8.22,1,-274.78000000000003,13057.32200000004
2026-06-20 11:19:00+00:00,2026-06-20 11:15:00+00:00,2026-06-20 11:30:00+00:00,no,0.43999999999999995,500,0.5054021608643458,0.565,0.0345978391356543,10,8.63,1,-228.62999999999997,12828.692000000041
2026-06-20 11:30:00+00:00,2026-06-20 11:30:00+00:00,2026-06-20 11:45:00+00:00,no,0.53,484,0.4179254783484391,0.475,0.0320745216515609,14,8.44,1,-264.96000000000004,12563.73200000004
2026-06-20 11:45:00+00:00,2026-06-20 11:45:00+00:00,2026-06-20 12:00:00+00:00,no,0.6,418,0.33787731256085685,0.405,0.04212268743914317,14,7.03,0,160.17000000000002,12723.90200000004
2026-06-20 12:06:00+00:00,2026-06-20 12:00:00+00:00,2026-06-20 12:15:00+00:00,yes,0.83,306,0.8820960698689956,0.825,0.04209606986899562,8,3.03,1,48.99000000000001,12772.89200000004
2026-06-20 12:23:00+00:00,2026-06-20 12:15:00+00:00,2026-06-20 12:30:00+00:00,yes,0.092,500,0.14175654853620956,0.091,0.03975654853620956,6,2.93,0,-48.93,12723.96200000004
2026-06-20 12:31:00+00:00,2026-06-20 12:30:00+00:00,2026-06-20 12:45:00+00:00,no,0.55,462,0.3804347826086957,0.455,0.049565217391304275,13,8.01,0,199.89,12923.852000000039
2026-06-20 12:47:00+00:00,2026-06-20 12:45:00+00:00,2026-06-20 13:00:00+00:00,no,0.5700000000000001,453,0.36774941995359633,0.435,0.0422505800464036,12,7.78,1,-265.99,12657.86200000004
2026-06-20 13:08:00+00:00,2026-06-20 13:00:00+00:00,2026-06-20 13:15:00+00:00,no,0.64,395,0.3076923076923077,0.365,0.03230769230769227,6,6.38,0,135.82,12793.682000000039
2026-06-20 13:16:00+00:00,2026-06-20 13:15:00+00:00,2026-06-20 13:30:00+00:00,yes,0.59,433,0.6432748538011694,0.585,0.03327485380116947,13,7.34,0,-262.81,12530.87200000004
2026-06-20 13:31:00+00:00,2026-06-20 13:30:00+00:00,2026-06-20 13:45:00+00:00,yes,0.75,334,0.8114355231143552,0.745,0.04143552311435518,13,4.39,1,79.11,12609.98200000004
2026-06-20 13:48:00+00:00,2026-06-20 13:45:00+00:00,2026-06-20 14:00:00+00:00,yes,0.59,427,0.6432748538011694,0.585,0.03327485380116947,11,7.24,0,-259.16999999999996,12350.81200000004
2026-06-20 14:17:00+00:00,2026-06-20 14:15:00+00:00,2026-06-20 14:30:00+00:00,yes,0.76,325,0.8114355231143552,0.755,0.03143552311435517,12,4.15,1,73.85,12424.66200000004
2026-06-20 14:35:00+00:00,2026-06-20 14:30:00+00:00,2026-06-20 14:45:00+00:00,yes,0.87,285,0.9150326797385621,0.865,0.03503267973856206,9,2.26,1,34.79000000000001,12459.452000000041
2026-06-20 15:00:00+00:00,2026-06-20 15:00:00+00:00,2026-06-20 15:15:00+00:00,no,0.55,453,0.36330935251798563,0.455,0.06669064748201438,14,7.85,1,-257.00000000000006,12202.452000000041
2026-06-20 15:18:00+00:00,2026-06-20 15:15:00+00:00,2026-06-20 15:30:00+00:00,yes,0.86,283,0.9228215767634855,0.855,0.05282157676348554,11,2.39,1,37.230000000000004,12239.68200000004
2026-06-20 15:37:00+00:00,2026-06-20 15:30:00+00:00,2026-06-20 15:45:00+00:00,yes,0.18,500,0.24461105904404878,0.175,0.04461105904404879,7,5.17,0,-95.17,12144.51200000004
2026-06-20 15:47:00+00:00,2026-06-20 15:45:00+00:00,2026-06-20 16:00:00+00:00,no,0.20999999999999996,500,0.7384284176533907,0.795,0.0315715823466093,12,5.81,1,-110.80999999999999,12033.702000000041
2026-06-20 16:04:00+00:00,2026-06-20 16:00:00+00:00,2026-06-20 16:15:00+00:00,no,0.84,286,0.09848484848484848,0.165,0.05151515151515152,10,2.7,0,43.06000000000002,12076.76200000004
2026-06-20 16:27:00+00:00,2026-06-20 16:15:00+00:00,2026-06-20 16:30:00+00:00,no,0.33999999999999997,500,0.606404958677686,0.665,0.03359504132231407,2,7.86,1,-177.85999999999999,11898.90200000004
2026-06-20 16:41:00+00:00,2026-06-20 16:30:00+00:00,2026-06-20 16:45:00+00:00,no,0.44999999999999996,500,0.4179254783484391,0.555,0.11207452165156097,3,8.67,1,-233.66999999999996,11665.23200000004
2026-06-20 16:48:00+00:00,2026-06-20 16:45:00+00:00,2026-06-20 17:00:00+00:00,no,0.53,440,0.4179254783484391,0.475,0.0320745216515609,11,7.68,1,-240.88000000000002,11424.35200000004
2026-06-20 17:02:00+00:00,2026-06-20 17:00:00+00:00,2026-06-20 17:15:00+00:00,no,0.6799999999999999,336,0.24461105904404878,0.325,0.055388940955951274,12,5.12,0,102.4,11526.75200000004
2026-06-20 17:16:00+00:00,2026-06-20 17:15:00+00:00,2026-06-20 17:30:00+00:00,no,0.78,295,0.14175654853620956,0.225,0.05824345146379041,13,3.55,1,-233.65,11293.10200000004
2026-06-20 17:30:00+00:00,2026-06-20 17:30:00+00:00,2026-06-20 17:45:00+00:00,no,0.38,500,0.47522935779816516,0.625,0.12477064220183477,14,8.25,0,301.75,11594.85200000004
2026-06-20 17:53:00+00:00,2026-06-20 17:45:00+00:00,2026-06-20 18:00:00+00:00,no,0.56,414,0.36774941995359633,0.445,0.05225058004640361,6,7.15,0,175.00999999999996,11769.862000000041
2026-06-20 18:02:00+00:00,2026-06-20 18:00:00+00:00,2026-06-20 18:15:00+00:00,yes,0.74,318,0.8057142857142857,0.735,0.04571428571428572,12,4.29,0,-239.60999999999999,11530.25200000004
2026-06-20 18:15:00+00:00,2026-06-20 18:15:00+00:00,2026-06-20 18:30:00+00:00,no,0.37,500,0.5470085470085471,0.635,0.06299145299145294,14,8.16,1,-193.16,11337.09200000004
2026-06-20 18:31:00+00:00,2026-06-20 18:30:00+00:00,2026-06-20 18:45:00+00:00,no,0.56,404,0.3804347826086957,0.445,0.039565217391304267,13,6.97,0,170.79,11507.882000000041
2026-06-20 18:48:00+00:00,2026-06-20 18:45:00+00:00,2026-06-20 19:00:00+00:00,no,0.48,479,0.4179254783484391,0.525,0.08207452165156094,11,8.37,0,240.71,11748.59200000004
2026-06-20 19:00:00+00:00,2026-06-20 19:00:00+00:00,2026-06-20 19:15:00+00:00,yes,0.62,378,0.6874003189792663,0.61,0.047400318979266345,14,6.24,1,137.4,11885.99200000004
2026-06-20 19:18:00+00:00,2026-06-20 19:15:00+00:00,2026-06-20 19:30:00+00:00,no,0.6599999999999999,360,0.2724968314321926,0.345,0.047503168567807466,11,5.66,0,116.74000000000004,12002.73200000004
2026-06-20 19:30:00+00:00,2026-06-20 19:30:00+00:00,2026-06-20 19:45:00+00:00,no,0.5,480,0.4179254783484391,0.505,0.062074521651560924,14,8.4,1,-248.4,11754.33200000004
2026-06-20 19:49:00+00:00,2026-06-20 19:45:00+00:00,2026-06-20 20:00:00+00:00,no,0.56,419,0.37755102040816324,0.445,0.0424489795918367,10,7.23,0,177.13,11931.46200000004
2026-06-20 20:01:00+00:00,2026-06-20 20:00:00+00:00,2026-06-20 20:15:00+00:00,yes,0.63,378,0.7576687116564419,0.625,0.10766871165644189,13,6.17,1,133.69,12065.15200000004
2026-06-20 20:15:00+00:00,2026-06-20 20:15:00+00:00,2026-06-20 20:30:00+00:00,no,0.5700000000000001,423,0.36774941995359633,0.435,0.0422505800464036,14,7.26,0,174.63,12239.78200000004
2026-06-20 20:30:00+00:00,2026-06-20 20:30:00+00:00,2026-06-20 20:45:00+00:00,no,0.52,470,0.36774941995359633,0.485,0.09225058004640364,14,8.22,0,217.38,12457.162000000038
2026-06-20 20:45:00+00:00,2026-06-20 20:45:00+00:00,2026-06-20 21:00:00+00:00,yes,0.68,366,0.7384284176533907,0.675,0.03842841765339068,14,5.58,1,111.53999999999998,12568.70200000004
2026-06-20 21:01:00+00:00,2026-06-20 21:00:00+00:00,2026-06-20 21:15:00+00:00,yes,0.72,349,0.8057142857142857,0.715,0.06571428571428574,13,4.93,1,92.78999999999999,12661.49200000004
2026-06-20 21:15:00+00:00,2026-06-20 21:15:00+00:00,2026-06-20 21:30:00+00:00,no,0.74,342,0.17857142857142858,0.265,0.0614285714285714,14,4.61,0,84.31000000000002,12745.80200000004
2026-06-20 21:45:00+00:00,2026-06-20 21:45:00+00:00,2026-06-20 22:00:00+00:00,no,0.61,417,0.33787731256085685,0.395,0.03212268743914316,14,6.95,0,155.68,12901.48200000004
2026-06-20 22:02:00+00:00,2026-06-20 22:00:00+00:00,2026-06-20 22:15:00+00:00,no,0.73,353,0.1792452830188679,0.275,0.07075471698113213,12,4.88,1,-262.57,12638.91200000004
2026-06-20 22:18:00+00:00,2026-06-20 22:15:00+00:00,2026-06-20 22:30:00+00:00,no,0.72,351,0.1792452830188679,0.28500000000000003,0.08075471698113214,11,4.96,1,-257.68,12381.23200000004
2026-06-20 22:31:00+00:00,2026-06-20 22:30:00+00:00,2026-06-20 22:45:00+00:00,no,0.5,495,0.4179254783484391,0.505,0.062074521651560924,13,8.67,0,238.83,12620.06200000004
2026-06-20 22:45:00+00:00,2026-06-20 22:45:00+00:00,2026-06-20 23:00:00+00:00,no,0.49,500,0.36774941995359633,0.515,0.12225058004640367,14,8.75,1,-253.75,12366.31200000004
2026-06-20 23:07:00+00:00,2026-06-20 23:00:00+00:00,2026-06-20 23:15:00+00:00,yes,0.3,500,0.36774941995359633,0.295,0.04774941995359634,7,7.35,0,-157.35,12208.96200000004
2026-06-20 23:15:00+00:00,2026-06-20 23:15:00+00:00,2026-06-20 23:30:00+00:00,no,0.5,488,0.4179254783484391,0.505,0.062074521651560924,14,8.54,0,235.46,12444.422000000039
2026-06-20 23:31:00+00:00,2026-06-20 23:30:00+00:00,2026-06-20 23:45:00+00:00,yes,0.76,327,0.8114355231143552,0.755,0.03143552311435517,13,4.18,1,74.29999999999998,12518.722000000038
2026-06-20 23:45:00+00:00,2026-06-20 23:45:00+00:00,2026-06-21 00:00:00+00:00,no,0.43999999999999995,500,0.5054021608643458,0.565,0.0345978391356543,14,8.63,0,271.37,12790.092000000039
2026-06-21 00:00:00+00:00,2026-06-21 00:00:00+00:00,2026-06-21 00:15:00+00:00,yes,0.36,500,0.4179254783484391,0.355,0.03792547834843908,14,8.07,0,-188.07,12602.022000000039
2026-06-21 00:15:00+00:00,2026-06-21 00:15:00+00:00,2026-06-21 00:30:00+00:00,no,0.53,475,0.36774941995359633,0.475,0.08225058004640363,14,8.29,1,-260.04,12341.982000000038
2026-06-21 00:30:00+00:00,2026-06-21 00:30:00+00:00,2026-06-21 00:45:00+00:00,no,0.5800000000000001,425,0.36774941995359633,0.425,0.03225058004640359,14,7.25,1,-253.75000000000003,12088.232000000038
2026-06-21 00:45:00+00:00,2026-06-21 00:45:00+00:00,2026-06-21 01:00:00+00:00,no,0.6699999999999999,360,0.2724968314321926,0.335,0.03750316856780746,14,5.58,0,113.22000000000001,12201.452000000038
2026-06-21 01:00:00+00:00,2026-06-21 01:00:00+00:00,2026-06-21 01:15:00+00:00,no,0.5800000000000001,420,0.33787731256085685,0.425,0.06212268743914308,14,7.17,0,169.23,12370.682000000037
2026-06-21 01:17:00+00:00,2026-06-21 01:15:00+00:00,2026-06-21 01:30:00+00:00,no,0.52,475,0.4179254783484391,0.485,0.042074521651560906,12,8.3,0,219.7,12590.382000000038
2026-06-21 01:30:00+00:00,2026-06-21 01:30:00+00:00,2026-06-21 01:45:00+00:00,no,0.45999999999999996,500,0.36774941995359633,0.545,0.1522505800464037,14,8.7,1,-238.69999999999996,12351.682000000037
2026-06-21 01:45:00+00:00,2026-06-21 01:45:00+00:00,2026-06-21 02:00:00+00:00,no,0.31000000000000005,500,0.5470085470085471,0.695,0.12299145299145288,14,7.49,1,-162.49000000000004,12189.192000000037
2026-06-21 02:00:00+00:00,2026-06-21 02:00:00+00:00,2026-06-21 02:15:00+00:00,yes,0.35,500,0.4179254783484391,0.345,0.04792547834843909,14,7.97,1,317.03,12506.222000000038
2026-06-21 02:15:00+00:00,2026-06-21 02:15:00+00:00,2026-06-21 02:30:00+00:00,no,0.5700000000000001,438,0.2724968314321926,0.435,0.13750316856780734,14,7.52,0,180.81999999999996,12687.042000000038
2026-06-21 02:34:00+00:00,2026-06-21 02:30:00+00:00,2026-06-21 02:45:00+00:00,yes,0.65,390,0.7384284176533907,0.645,0.06842841765339071,10,6.22,1,130.28,12817.322000000038
2026-06-21 02:46:00+00:00,2026-06-21 02:45:00+00:00,2026-06-21 03:00:00+00:00,yes,0.53,483,0.5847457627118644,0.525,0.03474576271186437,13,8.43,1,218.57999999999998,13035.902000000038
2026-06-21 03:04:00+00:00,2026-06-21 03:00:00+00:00,2026-06-21 03:15:00+00:00,yes,0.41,500,0.5054021608643458,0.405,0.07540216086434577,10,8.47,1,286.53,13322.432000000039
2026-06-21 03:16:00+00:00,2026-06-21 03:15:00+00:00,2026-06-21 03:30:00+00:00,no,0.62,429,0.2892857142857143,0.385,0.07071428571428563,13,7.08,1,-273.06,13049.37200000004
2026-06-21 03:33:00+00:00,2026-06-21 03:30:00+00:00,2026-06-21 03:45:00+00:00,no,0.55,474,0.36774941995359633,0.455,0.06225058004640362,11,8.22,1,-268.9200000000001,12780.45200000004
2026-06-21 03:53:00+00:00,2026-06-21 03:45:00+00:00,2026-06-21 04:00:00+00:00,yes,0.26,500,0.33787731256085685,0.255,0.05787731256085683,6,6.74,0,-136.74,12643.71200000004
2026-06-21 04:09:00+00:00,2026-06-21 04:00:00+00:00,2026-06-21 04:15:00+00:00,yes,0.22,500,0.2892857142857143,0.215,0.04928571428571431,5,6.01,0,-116.01,12527.70200000004
2026-06-21 04:15:00+00:00,2026-06-21 04:15:00+00:00,2026-06-21 04:30:00+00:00,no,0.42000000000000004,500,0.5207667731629394,0.59,0.039233226837060556,14,8.53,1,-218.53000000000003,12309.172000000039
2026-06-21 04:30:00+00:00,2026-06-21 04:30:00+00:00,2026-06-21 04:45:00+00:00,no,0.5900000000000001,417,0.33787731256085685,0.415,0.05212268743914307,14,7.07,0,163.89999999999998,12473.072000000038
2026-06-21 05:04:00+00:00,2026-06-21 05:00:00+00:00,2026-06-21 05:15:00+00:00,no,0.5700000000000001,437,0.36774941995359633,0.435,0.0422505800464036,10,7.5,0,180.40999999999997,12653.482000000038
2026-06-21 05:20:00+00:00,2026-06-21 05:15:00+00:00,2026-06-21 05:30:00+00:00,yes,0.43,500,0.5054021608643458,0.425,0.055402160864345754,9,8.58,1,276.42,12929.902000000038
2026-06-21 05:35:00+00:00,2026-06-21 05:30:00+00:00,2026-06-21 05:45:00+00:00,no,0.37,500,0.5470085470085471,0.635,0.06299145299145294,9,8.16,1,-193.16,12736.742000000038
2026-06-21 05:45:00+00:00,2026-06-21 05:45:00+00:00,2026-06-21 06:00:00+00:00,no,0.6699999999999999,380,0.2724968314321926,0.335,0.03750316856780746,14,5.89,0,119.51000000000003,12856.252000000039
2026-06-21 06:00:00+00:00,2026-06-21 06:00:00+00:00,2026-06-21 06:15:00+00:00,no,0.5,500,0.4179254783484391,0.505,0.062074521651560924,14,8.75,0,241.25,13097.502000000039
2026-06-21 06:16:00+00:00,2026-06-21 06:15:00+00:00,2026-06-21 06:30:00+00:00,yes,0.73,358,0.8057142857142857,0.725,0.05571428571428573,13,4.94,1,91.72000000000003,13189.222000000038
2026-06-21 06:30:00+00:00,2026-06-21 06:30:00+00:00,2026-06-21 06:45:00+00:00,no,0.6699999999999999,393,0.24461105904404878,0.335,0.06538894095595128,14,6.09,1,-269.3999999999999,12919.822000000038
2026-06-21 06:45:00+00:00,2026-06-21 06:45:00+00:00,2026-06-21 07:00:00+00:00,no,0.41000000000000003,500,0.5054021608643458,0.595,0.06459783913565421,14,8.47,0,286.53,13206.352000000039
2026-06-21 07:00:00+00:00,2026-06-21 07:00:00+00:00,2026-06-21 07:15:00+00:00,no,0.39,500,0.5054021608643458,0.615,0.08459783913565423,14,8.33,0,296.67,13503.022000000039
2026-06-21 07:16:00+00:00,2026-06-21 07:15:00+00:00,2026-06-21 07:30:00+00:00,no,0.53,500,0.4179254783484391,0.475,0.0320745216515609,13,8.72,0,226.28,13729.30200000004
2026-06-21 07:40:00+00:00,2026-06-21 07:30:00+00:00,2026-06-21 07:45:00+00:00,no,0.22999999999999998,500,0.6874003189792663,0.775,0.06259968102073367,4,6.2,1,-121.19999999999999,13608.102000000039
2026-06-21 07:45:00+00:00,2026-06-21 07:45:00+00:00,2026-06-21 08:00:00+00:00,no,0.29000000000000004,500,0.5470085470085471,0.715,0.1429914529914529,14,7.21,0,347.79,13955.89200000004
2026-06-21 08:01:00+00:00,2026-06-21 08:00:00+00:00,2026-06-21 08:15:00+00:00,yes,0.6,465,0.6874003189792663,0.595,0.06740031897926636,13,7.82,0,-286.82,13669.07200000004
2026-06-21 08:19:00+00:00,2026-06-21 08:15:00+00:00,2026-06-21 08:30:00+00:00,yes,0.15,500,0.24461105904404878,0.14500000000000002,0.0846110590440488,10,4.47,0,-79.47,13589.60200000004
2026-06-21 08:30:00+00:00,2026-06-21 08:30:00+00:00,2026-06-21 08:45:00+00:00,yes,0.61,445,0.6730769230769231,0.605,0.04307692307692314,14,7.42,0,-278.87,13310.73200000004
2026-06-21 08:46:00+00:00,2026-06-21 08:45:00+00:00,2026-06-21 09:00:00+00:00,yes,0.43,500,0.5054021608643458,0.425,0.055402160864345754,13,8.58,1,276.42,13587.15200000004
2026-06-21 09:07:00+00:00,2026-06-21 09:00:00+00:00,2026-06-21 09:15:00+00:00,yes,0.19,500,0.24461105904404878,0.185,0.03461105904404878,7,5.39,0,-100.39,13486.76200000004
2026-06-21 09:15:00+00:00,2026-06-21 09:15:00+00:00,2026-06-21 09:30:00+00:00,yes,0.44,500,0.5054021608643458,0.43,0.045402160864345745,14,8.63,1,271.37,13758.132000000041
2026-06-21 09:31:00+00:00,2026-06-21 09:30:00+00:00,2026-06-21 09:45:00+00:00,no,0.32999999999999996,500,0.606404958677686,0.675,0.04359504132231408,13,7.74,1,-172.73999999999998,13585.392000000042
2026-06-21 09:48:00+00:00,2026-06-21 09:45:00+00:00,2026-06-21 10:00:00+00:00,no,0.39,500,0.5470085470085471,0.615,0.04299145299145292,11,8.33,1,-203.33,13382.062000000042
2026-06-21 10:00:00+00:00,2026-06-21 10:00:00+00:00,2026-06-21 10:15:00+00:00,no,0.53,500,0.4179254783484391,0.475,0.0320745216515609,14,8.72,1,-273.72,13108.342000000042
2026-06-21 10:17:00+00:00,2026-06-21 10:15:00+00:00,2026-06-21 10:30:00+00:00,no,0.52,500,0.4179254783484391,0.485,0.042074521651560906,12,8.74,1,-268.74,12839.602000000043
2026-06-21 10:31:00+00:00,2026-06-21 10:30:00+00:00,2026-06-21 10:45:00+00:00,no,0.5,500,0.4179254783484391,0.505,0.062074521651560924,13,8.75,1,-258.75,12580.852000000043
2026-06-21 10:45:00+00:00,2026-06-21 10:45:00+00:00,2026-06-21 11:00:00+00:00,no,0.51,493,0.36774941995359633,0.495,0.10225058004640365,14,8.63,0,232.94,12813.792000000043
2026-06-21 11:01:00+00:00,2026-06-21 11:00:00+00:00,2026-06-21 11:15:00+00:00,yes,0.83,308,0.9150326797385621,0.825,0.0750326797385621,13,3.05,1,49.31000000000002,12863.102000000043
2026-06-21 11:20:00+00:00,2026-06-21 11:15:00+00:00,2026-06-21 11:30:00+00:00,no,0.9,285,0.05847953216374269,0.10500000000000001,0.03152046783625729,9,1.8,0,26.7,12889.802000000043
2026-06-21 11:49:00+00:00,2026-06-21 11:45:00+00:00,2026-06-21 12:00:00+00:00,no,0.4,500,0.5470085470085471,0.605,0.03299145299145291,10,8.4,0,291.6,13181.402000000044
2026-06-21 12:07:00+00:00,2026-06-21 12:00:00+00:00,2026-06-21 12:15:00+00:00,no,0.26,500,0.6614583333333334,0.745,0.05854166666666662,7,6.74,0,363.26,13544.662000000044
2026-06-21 12:38:00+00:00,2026-06-21 12:30:00+00:00,2026-06-21 12:45:00+00:00,yes,0.23,500,0.30434782608695654,0.225,0.05434782608695653,6,6.2,1,378.8,13923.462000000043
2026-06-21 12:49:00+00:00,2026-06-21 12:45:00+00:00,2026-06-21 13:00:00+00:00,no,0.44999999999999996,500,0.47522935779816516,0.555,0.05477064220183482,10,8.67,1,-233.66999999999996,13689.792000000043
2026-06-21 13:00:00+00:00,2026-06-21 13:00:00+00:00,2026-06-21 13:15:00+00:00,no,0.5800000000000001,472,0.33787731256085685,0.425,0.06212268743914308,14,8.05,0,190.18999999999994,13879.982000000044
2026-06-21 13:18:00+00:00,2026-06-21 13:15:00+00:00,2026-06-21 13:30:00+00:00,yes,0.7,396,0.7576687116564419,0.695,0.037668711656441936,11,5.83,1,112.97000000000001,13992.952000000043
2026-06-21 13:31:00+00:00,2026-06-21 13:30:00+00:00,2026-06-21 13:45:00+00:00,no,0.77,363,0.17857142857142858,0.235,0.031428571428571375,13,4.51,0,78.98,14071.932000000043
2026-06-21 14:05:00+00:00,2026-06-21 14:00:00+00:00,2026-06-21 14:15:00+00:00,no,0.62,453,0.3269230769230769,0.385,0.03307692307692313,9,7.48,0,164.66,14236.592000000042
2026-06-21 14:23:00+00:00,2026-06-21 14:15:00+00:00,2026-06-21 14:30:00+00:00,yes,0.43,500,0.5054021608643458,0.425,0.055402160864345754,6,8.58,0,-223.58,14013.012000000042
2026-06-21 14:31:00+00:00,2026-06-21 14:30:00+00:00,2026-06-21 14:45:00+00:00,no,0.5800000000000001,483,0.36774941995359633,0.425,0.03225058004640359,13,8.24,1,-288.38000000000005,13724.632000000043
2026-06-21 14:50:00+00:00,2026-06-21 14:45:00+00:00,2026-06-21 15:00:00+00:00,yes,0.55,499,0.606404958677686,0.545,0.03640495867768591,9,8.65,1,215.89999999999995,13940.532000000043
2026-06-21 15:08:00+00:00,2026-06-21 15:00:00+00:00,2026-06-21 15:15:00+00:00,no,0.19999999999999996,500,0.6874003189792663,0.805,0.0925996810207337,6,5.6,1,-105.59999999999997,13834.932000000043
2026-06-21 15:17:00+00:00,2026-06-21 15:15:00+00:00,2026-06-21 15:30:00+00:00,no,0.4,500,0.5470085470085471,0.605,0.03299145299145291,12,8.4,1,-208.4,13626.532000000043
2026-06-21 15:34:00+00:00,2026-06-21 15:30:00+00:00,2026-06-21 15:45:00+00:00,no,0.84,324,0.09587378640776699,0.165,0.054126213592233026,10,3.05,1,-275.21,13351.322000000044
2026-06-21 15:45:00+00:00,2026-06-21 15:45:00+00:00,2026-06-21 16:00:00+00:00,no,0.55,485,0.36774941995359633,0.455,0.06225058004640362,14,8.41,0,209.84,13561.162000000044
2026-06-21 16:08:00+00:00,2026-06-21 16:00:00+00:00,2026-06-21 16:15:00+00:00,yes,0.18,500,0.24461105904404878,0.175,0.04461105904404879,6,5.17,0,-95.17,13465.992000000044
2026-06-21 16:30:00+00:00,2026-06-21 16:30:00+00:00,2026-06-21 16:45:00+00:00,no,0.5800000000000001,464,0.36774941995359633,0.425,0.03225058004640359,14,7.92,0,186.96,13652.952000000043
2026-06-21 16:49:00+00:00,2026-06-21 16:45:00+00:00,2026-06-21 17:00:00+00:00,no,0.20999999999999996,500,0.7384284176533907,0.795,0.0315715823466093,10,5.81,1,-110.80999999999999,13542.142000000043
2026-06-21 17:05:00+00:00,2026-06-21 17:00:00+00:00,2026-06-21 17:15:00+00:00,no,0.14,500,0.8114355231143552,0.865,0.0385644768856448,9,4.22,1,-74.22,13467.922000000044
2026-06-21 17:35:00+00:00,2026-06-21 17:30:00+00:00,2026-06-21 17:45:00+00:00,yes,0.19,500,0.24461105904404878,0.18,0.03461105904404878,9,5.39,1,399.61,13867.532000000045
2026-06-21 18:21:00+00:00,2026-06-21 18:15:00+00:00,2026-06-21 18:30:00+00:00,no,0.14,500,0.8057142857142857,0.865,0.04428571428571427,8,4.22,1,-74.22,13793.312000000045
2026-06-21 18:48:00+00:00,2026-06-21 18:45:00+00:00,2026-06-21 19:00:00+00:00,no,0.44999999999999996,500,0.4897260273972603,0.555,0.0402739726027397,11,8.67,1,-233.66999999999996,13559.642000000045
2026-06-21 19:00:00+00:00,2026-06-21 19:00:00+00:00,2026-06-21 19:15:00+00:00,no,0.22999999999999998,500,0.6432748538011694,0.775,0.10672514619883057,14,6.2,1,-121.19999999999999,13438.442000000045
2026-06-21 19:25:00+00:00,2026-06-21 19:15:00+00:00,2026-06-21 19:30:00+00:00,no,0.39,500,0.4897260273972603,0.615,0.10027397260273964,4,8.33,0,296.67,13735.112000000045
2026-06-21 19:35:00+00:00,2026-06-21 19:30:00+00:00,2026-06-21 19:45:00+00:00,yes,0.23,500,0.2892857142857143,0.225,0.0392857142857143,9,6.2,1,378.8,14113.912000000044
2026-06-21 19:53:00+00:00,2026-06-21 19:45:00+00:00,2026-06-21 20:00:00+00:00,yes,0.42,500,0.47522935779816516,0.415,0.035229357798165176,6,8.53,0,-218.53,13895.382000000043
2026-06-21 20:04:00+00:00,2026-06-21 20:00:00+00:00,2026-06-21 20:15:00+00:00,yes,0.43,500,0.5054021608643458,0.425,0.055402160864345754,10,8.58,0,-223.58,13671.802000000043
2026-06-21 20:15:00+00:00,2026-06-21 20:15:00+00:00,2026-06-21 20:30:00+00:00,no,0.39,500,0.5384615384615384,0.615,0.05153846153846155,14,8.33,0,296.67,13968.472000000043
2026-06-21 20:30:00+00:00,2026-06-21 20:30:00+00:00,2026-06-21 20:45:00+00:00,no,0.31999999999999995,500,0.606404958677686,0.685,0.05359504132231409,14,7.62,0,332.38,14300.852000000043
2026-06-21 21:04:00+00:00,2026-06-21 21:00:00+00:00,2026-06-21 21:15:00+00:00,no,0.51,500,0.4179254783484391,0.5,0.052074521651560915,10,8.75,0,236.25,14537.102000000043
2026-06-21 21:17:00+00:00,2026-06-21 21:15:00+00:00,2026-06-21 21:30:00+00:00,yes,0.42,500,0.47522935779816516,0.415,0.035229357798165176,12,8.53,1,281.47,14818.572000000042
2026-06-21 21:31:00+00:00,2026-06-21 21:30:00+00:00,2026-06-21 21:45:00+00:00,yes,0.67,442,0.7384284176533907,0.665,0.04842841765339069,13,6.85,1,139.00999999999996,14957.582000000042
2026-06-21 21:51:00+00:00,2026-06-21 21:45:00+00:00,2026-06-21 22:00:00+00:00,yes,0.19,500,0.24461105904404878,0.185,0.03461105904404878,8,5.39,0,-100.39,14857.192000000043
2026-06-21 22:02:00+00:00,2026-06-21 22:00:00+00:00,2026-06-21 22:15:00+00:00,yes,0.41,500,0.4897260273972603,0.405,0.05972602739726031,12,8.47,0,-213.47,14643.722000000043
2026-06-21 22:23:00+00:00,2026-06-21 22:15:00+00:00,2026-06-21 22:30:00+00:00,no,0.03700000000000003,500,0.9228215767634855,0.9644999999999999,0.030178423236514436,6,1.25,1,-19.750000000000018,14623.972000000043
2026-06-21 22:30:00+00:00,2026-06-21 22:30:00+00:00,2026-06-21 22:45:00+00:00,yes,0.18,500,0.24461105904404878,0.175,0.04461105904404879,14,5.17,0,-95.17,14528.802000000043
2026-06-21 23:01:00+00:00,2026-06-21 23:00:00+00:00,2026-06-21 23:15:00+00:00,no,0.88,330,0.07971014492753623,0.125,0.03028985507246374,13,2.44,0,37.160000000000025,14565.962000000043
2026-06-21 23:15:00+00:00,2026-06-21 23:15:00+00:00,2026-06-21 23:30:00+00:00,no,0.54,500,0.36774941995359633,0.46499999999999997,0.07225058004640363,14,8.7,0,221.3,14787.262000000042
2026-06-21 23:31:00+00:00,2026-06-21 23:30:00+00:00,2026-06-21 23:45:00+00:00,no,0.86,343,0.09587378640776699,0.14500000000000002,0.03412621359223301,13,2.9,0,45.11999999999998,14832.382000000043
2026-06-21 23:49:00+00:00,2026-06-21 23:45:00+00:00,2026-06-22 00:00:00+00:00,no,0.39,500,0.5470085470085471,0.615,0.04299145299145292,10,8.33,0,296.67,15129.052000000043
2026-06-22 00:00:00+00:00,2026-06-22 00:00:00+00:00,2026-06-22 00:15:00+00:00,no,0.29000000000000004,500,0.6555269922879178,0.715,0.034473007712082185,14,7.21,1,-152.21000000000004,14976.842000000044
2026-06-22 00:17:00+00:00,2026-06-22 00:15:00+00:00,2026-06-22 00:30:00+00:00,yes,0.76,394,0.8114355231143552,0.755,0.03143552311435517,12,5.04,1,89.52,15066.362000000045
2026-06-22 00:30:00+00:00,2026-06-22 00:30:00+00:00,2026-06-22 00:45:00+00:00,no,0.43999999999999995,500,0.5054021608643458,0.565,0.0345978391356543,14,8.63,1,-228.62999999999997,14837.732000000045
2026-06-22 00:45:00+00:00,2026-06-22 00:45:00+00:00,2026-06-22 01:00:00+00:00,no,0.5700000000000001,500,0.37755102040816324,0.435,0.032448979591836694,14,8.58,0,206.41999999999993,15044.152000000046
2026-06-22 01:12:00+00:00,2026-06-22 01:00:00+00:00,2026-06-22 01:15:00+00:00,yes,0.39,500,0.5207667731629394,0.385,0.11076677316293938,2,8.33,0,-203.33,14840.822000000046
2026-06-22 01:17:00+00:00,2026-06-22 01:15:00+00:00,2026-06-22 01:30:00+00:00,yes,0.88,337,0.9228215767634855,0.875,0.03282157676348552,12,2.5,1,37.94,14878.762000000046
2026-06-22 01:30:00+00:00,2026-06-22 01:30:00+00:00,2026-06-22 01:45:00+00:00,no,0.37,500,0.5470085470085471,0.635,0.06299145299145294,14,8.16,0,306.84,15185.602000000046
2026-06-22 01:49:00+00:00,2026-06-22 01:45:00+00:00,2026-06-22 02:00:00+00:00,no,0.20999999999999996,500,0.7384284176533907,0.795,0.0315715823466093,10,5.81,1,-110.80999999999999,15074.792000000047
2026-06-22 02:03:00+00:00,2026-06-22 02:00:00+00:00,2026-06-22 02:15:00+00:00,no,0.56,500,0.36774941995359633,0.445,0.05225058004640361,11,8.63,0,211.37,15286.162000000048
2026-06-22 02:27:00+00:00,2026-06-22 02:15:00+00:00,2026-06-22 02:30:00+00:00,yes,0.22,500,0.3269230769230769,0.215,0.08692307692307692,2,6.01,1,383.99,15670.152000000047
2026-06-22 02:38:00+00:00,2026-06-22 02:30:00+00:00,2026-06-22 02:45:00+00:00,yes,0.23,500,0.2892857142857143,0.225,0.0392857142857143,6,6.2,0,-121.2,15548.952000000047
2026-06-22 02:47:00+00:00,2026-06-22 02:45:00+00:00,2026-06-22 03:00:00+00:00,no,0.74,420,0.1792452830188679,0.265,0.06075471698113212,12,5.66,0,103.53999999999999,15652.492000000047
2026-06-22 03:02:00+00:00,2026-06-22 03:00:00+00:00,2026-06-22 03:15:00+00:00,yes,0.19,500,0.24461105904404878,0.185,0.03461105904404878,12,5.39,0,-100.39,15552.102000000048
2026-06-22 03:39:00+00:00,2026-06-22 03:30:00+00:00,2026-06-22 03:45:00+00:00,yes,0.23,500,0.2892857142857143,0.225,0.0392857142857143,5,6.2,0,-121.2,15430.902000000047
2026-06-22 04:09:00+00:00,2026-06-22 04:00:00+00:00,2026-06-22 04:15:00+00:00,yes,0.28,500,0.33787731256085685,0.275,0.037877312560856816,5,7.06,1,352.94,15783.842000000048
2026-06-22 04:25:00+00:00,2026-06-22 04:15:00+00:00,2026-06-22 04:30:00+00:00,yes,0.22,500,0.2724968314321926,0.215,0.032496831432192605,4,6.01,0,-116.01,15667.832000000048
2026-06-22 04:35:00+00:00,2026-06-22 04:30:00+00:00,2026-06-22 04:45:00+00:00,no,0.25,500,0.6874003189792663,0.755,0.04259968102073365,9,6.57,1,-131.57,15536.262000000048
2026-06-22 04:45:00+00:00,2026-06-22 04:45:00+00:00,2026-06-22 05:00:00+00:00,no,0.39,500,0.5470085470085471,0.615,0.04299145299145292,14,8.33,1,-203.33,15332.932000000048
2026-06-22 05:01:00+00:00,2026-06-22 05:00:00+00:00,2026-06-22 05:15:00+00:00,no,0.56,500,0.36774941995359633,0.445,0.05225058004640361,13,8.63,1,-288.63,15044.302000000049
2026-06-22 05:15:00+00:00,2026-06-22 05:15:00+00:00,2026-06-22 05:30:00+00:00,no,0.69,436,0.25806451612903225,0.315,0.0319354838709678,14,6.53,0,128.63000000000002,15172.932000000048
2026-06-22 05:39:00+00:00,2026-06-22 05:30:00+00:00,2026-06-22 05:45:00+00:00,yes,0.53,500,0.5847457627118644,0.525,0.03474576271186437,5,8.72,1,226.28,15399.212000000049
2026-06-22 05:46:00+00:00,2026-06-22 05:45:00+00:00,2026-06-22 06:00:00+00:00,no,0.6599999999999999,466,0.2724968314321926,0.345,0.047503168567807466,13,7.32,0,151.12000000000006,15550.33200000005
2026-06-22 06:00:00+00:00,2026-06-22 06:00:00+00:00,2026-06-22 06:15:00+00:00,no,0.52,500,0.4179254783484391,0.485,0.042074521651560906,14,8.74,0,231.26,15781.59200000005
2026-06-22 06:17:00+00:00,2026-06-22 06:15:00+00:00,2026-06-22 06:30:00+00:00,no,0.6699999999999999,471,0.2724968314321926,0.335,0.03750316856780746,12,7.29,0,148.14000000000001,15929.732000000049
2026-06-22 06:56:00+00:00,2026-06-22 06:45:00+00:00,2026-06-22 07:00:00+00:00,yes,0.11,500,0.24461105904404878,0.10500000000000001,0.1246110590440488,3,3.43,0,-58.43,15871.302000000049
2026-06-22 07:00:00+00:00,2026-06-22 07:00:00+00:00,2026-06-22 07:15:00+00:00,yes,0.35,500,0.4179254783484391,0.345,0.04792547834843909,14,7.97,1,317.03,16188.33200000005
2026-06-22 07:24:00+00:00,2026-06-22 07:15:00+00:00,2026-06-22 07:30:00+00:00,no,0.29000000000000004,500,0.6555269922879178,0.715,0.034473007712082185,5,7.21,1,-152.21000000000004,16036.12200000005
2026-06-22 07:39:00+00:00,2026-06-22 07:30:00+00:00,2026-06-22 07:45:00+00:00,no,0.10999999999999999,500,0.8114355231143552,0.895,0.06856447688564483,5,3.43,0,441.57,16477.69200000005
2026-06-22 07:46:00+00:00,2026-06-22 07:45:00+00:00,2026-06-22 08:00:00+00:00,no,0.45999999999999996,500,0.4897260273972603,0.545,0.03027397260273969,13,8.7,0,261.3,16738.99200000005
2026-06-22 08:04:00+00:00,2026-06-22 08:00:00+00:00,2026-06-22 08:15:00+00:00,no,0.85,393,0.09587378640776699,0.155,0.04412621359223302,10,3.51,1,-337.56,16401.432000000048
2026-06-22 08:15:00+00:00,2026-06-22 08:15:00+00:00,2026-06-22 08:30:00+00:00,no,0.31999999999999995,500,0.5847457627118644,0.685,0.07525423728813564,14,7.62,0,332.38,16733.81200000005
2026-06-22 08:32:00+00:00,2026-06-22 08:30:00+00:00,2026-06-22 08:45:00+00:00,no,0.38,500,0.5470085470085471,0.625,0.05299145299145293,12,8.25,1,-198.25,16535.56200000005
2026-06-22 08:51:00+00:00,2026-06-22 08:45:00+00:00,2026-06-22 09:00:00+00:00,no,0.86,384,0.09587378640776699,0.14500000000000002,0.03412621359223301,8,3.24,0,50.51999999999999,16586.08200000005
2026-06-22 09:01:00+00:00,2026-06-22 09:00:00+00:00,2026-06-22 09:15:00+00:00,no,0.37,500,0.5470085470085471,0.635,0.06299145299145294,13,8.16,1,-193.16,16392.92200000005
2026-06-22 09:16:00+00:00,2026-06-22 09:15:00+00:00,2026-06-22 09:30:00+00:00,no,0.54,500,0.3804347826086957,0.46499999999999997,0.059565217391304284,13,8.7,0,221.3,16614.22200000005
2026-06-22 09:36:00+00:00,2026-06-22 09:30:00+00:00,2026-06-22 09:45:00+00:00,yes,0.45,500,0.5054021608643458,0.445,0.035402160864345736,8,8.67,1,266.33,16880.55200000005
2026-06-22 09:54:00+00:00,2026-06-22 09:45:00+00:00,2026-06-22 10:00:00+00:00,yes,0.74,456,0.8057142857142857,0.735,0.04571428571428572,5,6.15,1,112.41,16992.96200000005
2026-06-22 10:00:00+00:00,2026-06-22 10:00:00+00:00,2026-06-22 10:15:00+00:00,no,0.52,500,0.4179254783484391,0.485,0.042074521651560906,14,8.74,1,-268.74,16724.22200000005
2026-06-22 10:19:00+00:00,2026-06-22 10:15:00+00:00,2026-06-22 10:30:00+00:00,no,0.81,412,0.09848484848484848,0.195,0.07151515151515143,10,4.44,0,73.83999999999997,16798.06200000005
2026-06-22 10:30:00+00:00,2026-06-22 10:30:00+00:00,2026-06-22 10:45:00+00:00,no,0.62,500,0.3269230769230769,0.385,0.03307692307692313,14,8.25,0,181.75,16979.81200000005
2026-06-22 10:47:00+00:00,2026-06-22 10:45:00+00:00,2026-06-22 11:00:00+00:00,yes,0.75,452,0.8057142857142857,0.74,0.03571428571428571,12,5.94,1,107.06,17086.87200000005
2026-06-22 11:01:00+00:00,2026-06-22 11:00:00+00:00,2026-06-22 11:15:00+00:00,no,0.56,500,0.3804347826086957,0.445,0.039565217391304267,13,8.63,1,-288.63,16798.24200000005
2026-06-22 11:21:00+00:00,2026-06-22 11:15:00+00:00,2026-06-22 11:30:00+00:00,yes,0.1,500,0.1792452830188679,0.0995,0.06924528301886791,8,3.15,1,446.85,17245.092000000048
2026-06-22 11:31:00+00:00,2026-06-22 11:30:00+00:00,2026-06-22 11:45:00+00:00,no,0.29000000000000004,500,0.6432748538011694,0.715,0.04672514619883052,13,7.21,1,-152.21000000000004,17092.88200000005
2026-06-22 11:47:00+00:00,2026-06-22 11:45:00+00:00,2026-06-22 12:00:00+00:00,no,0.53,500,0.4179254783484391,0.475,0.0320745216515609,12,8.72,1,-273.72,16819.162000000048
2026-06-22 12:00:00+00:00,2026-06-22 12:00:00+00:00,2026-06-22 12:15:00+00:00,no,0.61,500,0.33787731256085685,0.395,0.03212268743914316,14,8.33,1,-313.33,16505.832000000046
2026-06-22 12:15:00+00:00,2026-06-22 12:15:00+00:00,2026-06-22 12:30:00+00:00,no,0.52,500,0.3804347826086957,0.485,0.0795652173913043,14,8.74,1,-268.74,16237.092000000046
2026-06-22 12:32:00+00:00,2026-06-22 12:30:00+00:00,2026-06-22 12:45:00+00:00,no,0.6,500,0.33787731256085685,0.405,0.04212268743914317,12,8.4,1,-308.4,15928.692000000046
2026-06-22 12:46:00+00:00,2026-06-22 12:45:00+00:00,2026-06-22 13:00:00+00:00,no,0.44999999999999996,500,0.4179254783484391,0.555,0.11207452165156097,13,8.67,1,-233.66999999999996,15695.022000000046
2026-06-22 13:01:00+00:00,2026-06-22 13:00:00+00:00,2026-06-22 13:15:00+00:00,no,0.74,424,0.14175654853620956,0.265,0.09824345146379045,13,5.72,0,104.52000000000001,15799.542000000047
2026-06-22 13:15:00+00:00,2026-06-22 13:15:00+00:00,2026-06-22 13:30:00+00:00,no,0.62,500,0.30434782608695654,0.385,0.05565217391304346,14,8.25,0,181.75,15981.292000000047
2026-06-22 13:31:00+00:00,2026-06-22 13:30:00+00:00,2026-06-22 13:45:00+00:00,yes,0.75,426,0.8057142857142857,0.745,0.03571428571428571,13,5.6,1,100.9,16082.192000000046
2026-06-22 13:48:00+00:00,2026-06-22 13:45:00+00:00,2026-06-22 14:00:00+00:00,yes,0.58,500,0.6432748538011694,0.575,0.04327485380116948,11,8.53,1,201.47,16283.662000000046
2026-06-22 14:00:00+00:00,2026-06-22 14:00:00+00:00,2026-06-22 14:15:00+00:00,no,0.5800000000000001,500,0.33787731256085685,0.425,0.06212268743914308,14,8.53,0,201.46999999999994,16485.132000000045
2026-06-22 14:17:00+00:00,2026-06-22 14:15:00+00:00,2026-06-22 14:30:00+00:00,no,0.79,417,0.14175654853620956,0.215,0.0482434514637904,12,4.85,0,82.72,16567.852000000046
2026-06-22 14:53:00+00:00,2026-06-22 14:45:00+00:00,2026-06-22 15:00:00+00:00,no,0.20999999999999996,500,0.7384284176533907,0.795,0.0315715823466093,6,5.81,1,-110.80999999999999,16457.042000000045
2026-06-22 15:02:00+00:00,2026-06-22 15:00:00+00:00,2026-06-22 15:15:00+00:00,yes,0.8,411,0.8820960698689956,0.795,0.06209606986899553,12,4.61,1,77.58999999999999,16534.632000000045
2026-06-22 15:21:00+00:00,2026-06-22 15:15:00+00:00,2026-06-22 15:30:00+00:00,no,0.85,389,0.09848484848484848,0.155,0.04151515151515151,8,3.48,0,54.870000000000026,16589.502000000044
2026-06-22 15:30:00+00:00,2026-06-22 15:30:00+00:00,2026-06-22 15:45:00+00:00,no,0.47,500,0.47522935779816516,0.535,0.0347706422018348,14,8.72,1,-243.72,16345.782000000045
2026-06-22 16:05:00+00:00,2026-06-22 16:00:00+00:00,2026-06-22 16:15:00+00:00,no,0.86,380,0.09587378640776699,0.14500000000000002,0.03412621359223301,9,3.21,0,49.98999999999999,16395.772000000044
2026-06-22 16:28:00+00:00,2026-06-22 16:15:00+00:00,2026-06-22 16:30:00+00:00,yes,0.014,500,0.05847953216374269,0.0125,0.034479532163742686,1,0.49,0,-7.49,16388.282000000043
2026-06-22 17:01:00+00:00,2026-06-22 17:00:00+00:00,2026-06-22 17:15:00+00:00,yes,0.27,500,0.33787731256085685,0.265,0.047877312560856825,13,6.9,0,-141.9,16246.382000000043
2026-06-22 17:33:00+00:00,2026-06-22 17:30:00+00:00,2026-06-22 17:45:00+00:00,no,0.8,406,0.14175654853620956,0.20500000000000002,0.03824345146379039,11,4.55,0,76.64999999999999,16323.032000000043
2026-06-22 17:49:00+00:00,2026-06-22 17:45:00+00:00,2026-06-22 18:00:00+00:00,no,0.18999999999999995,500,0.7576687116564419,0.815,0.032331288343558154,10,5.39,1,-100.38999999999997,16222.642000000043
2026-06-22 18:07:00+00:00,2026-06-22 18:00:00+00:00,2026-06-22 18:15:00+00:00,no,0.14,500,0.8114355231143552,0.865,0.0385644768856448,7,4.22,1,-74.22,16148.422000000044
2026-06-22 18:39:00+00:00,2026-06-22 18:30:00+00:00,2026-06-22 18:45:00+00:00,yes,0.15,500,0.24461105904404878,0.14500000000000002,0.0846110590440488,5,4.47,0,-79.47,16068.952000000045
2026-06-22 18:47:00+00:00,2026-06-22 18:45:00+00:00,2026-06-22 19:00:00+00:00,yes,0.27,500,0.3269230769230769,0.265,0.036923076923076906,12,6.9,0,-141.9,15927.052000000045
2026-06-22 19:09:00+00:00,2026-06-22 19:00:00+00:00,2026-06-22 19:15:00+00:00,yes,0.27,500,0.33787731256085685,0.265,0.047877312560856825,5,6.9,1,358.1,16285.152000000046
2026-06-22 19:18:00+00:00,2026-06-22 19:15:00+00:00,2026-06-22 19:30:00+00:00,yes,0.42,500,0.47522935779816516,0.415,0.035229357798165176,11,8.53,0,-218.53,16066.622000000045
2026-06-22 19:36:00+00:00,2026-06-22 19:30:00+00:00,2026-06-22 19:45:00+00:00,no,0.20999999999999996,500,0.7384284176533907,0.795,0.0315715823466093,8,5.81,1,-110.80999999999999,15955.812000000045
2026-06-22 20:02:00+00:00,2026-06-22 20:00:00+00:00,2026-06-22 20:15:00+00:00,yes,0.84,379,0.8842315369261478,0.835,0.03423153692614778,12,3.57,1,57.069999999999986,16012.882000000045
2026-06-22 20:21:00+00:00,2026-06-22 20:15:00+00:00,2026-06-22 20:30:00+00:00,yes,0.16,500,0.24461105904404878,0.155,0.07461105904404879,8,4.71,0,-84.71,15928.172000000046
2026-06-22 20:33:00+00:00,2026-06-22 20:30:00+00:00,2026-06-22 20:45:00+00:00,no,0.20999999999999996,500,0.7384284176533907,0.795,0.0315715823466093,11,5.81,1,-110.80999999999999,15817.362000000046
2026-06-22 21:19:00+00:00,2026-06-22 21:15:00+00:00,2026-06-22 21:30:00+00:00,yes,0.19,500,0.24461105904404878,0.185,0.03461105904404878,10,5.39,0,-100.39,15716.972000000047
2026-06-22 21:51:00+00:00,2026-06-22 21:45:00+00:00,2026-06-22 22:00:00+00:00,no,0.12,500,0.8114355231143552,0.885,0.05856447688564482,8,3.7,1,-63.7,15653.272000000046
2026-06-22 22:00:00+00:00,2026-06-22 22:00:00+00:00,2026-06-22 22:15:00+00:00,no,0.43000000000000005,500,0.5054021608643458,0.575,0.044597839135654196,14,8.58,1,-223.58000000000004,15429.692000000046
2026-06-22 22:19:00+00:00,2026-06-22 22:15:00+00:00,2026-06-22 22:30:00+00:00,yes,0.19,500,0.24461105904404878,0.185,0.03461105904404878,10,5.39,0,-100.39,15329.302000000047
2026-06-22 22:30:00+00:00,2026-06-22 22:30:00+00:00,2026-06-22 22:45:00+00:00,no,0.5800000000000001,500,0.36774941995359633,0.425,0.03225058004640359,14,8.53,0,201.46999999999994,15530.772000000046
2026-06-22 23:07:00+00:00,2026-06-22 23:00:00+00:00,2026-06-22 23:15:00+00:00,no,0.43999999999999995,500,0.5054021608643458,0.565,0.0345978391356543,7,8.63,0,271.37,15802.142000000047
2026-06-22 23:15:00+00:00,2026-06-22 23:15:00+00:00,2026-06-22 23:30:00+00:00,yes,0.28,500,0.33787731256085685,0.27,0.037877312560856816,14,7.06,1,352.94,16155.082000000048
2026-06-22 23:45:00+00:00,2026-06-22 23:45:00+00:00,2026-06-23 00:00:00+00:00,no,0.51,500,0.4179254783484391,0.495,0.052074521651560915,14,8.75,1,-263.75,15891.332000000048
2026-06-23 00:16:00+00:00,2026-06-23 00:15:00+00:00,2026-06-23 00:30:00+00:00,no,0.5,500,0.37755102040816324,0.505,0.10244897959183676,13,8.75,0,241.25,16132.582000000048
2026-06-23 00:31:00+00:00,2026-06-23 00:30:00+00:00,2026-06-23 00:45:00+00:00,yes,0.84,384,0.9150326797385621,0.835,0.0650326797385621,13,3.62,1,57.82,16190.402000000047
2026-06-23 01:01:00+00:00,2026-06-23 01:00:00+00:00,2026-06-23 01:15:00+00:00,yes,0.85,380,0.9228215767634855,0.845,0.06282157676348556,13,3.4,1,53.6,16244.002000000048
2026-06-23 01:15:00+00:00,2026-06-23 01:15:00+00:00,2026-06-23 01:30:00+00:00,no,0.55,500,0.3804347826086957,0.455,0.049565217391304275,14,8.67,0,216.33,16460.33200000005
2026-06-23 01:31:00+00:00,2026-06-23 01:30:00+00:00,2026-06-23 01:45:00+00:00,no,0.39,500,0.5470085470085471,0.62,0.04299145299145292,13,8.33,0,296.67,16757.002000000048
2026-06-23 01:45:00+00:00,2026-06-23 01:45:00+00:00,2026-06-23 02:00:00+00:00,yes,0.31,500,0.36774941995359633,0.305,0.03774941995359633,14,7.49,1,337.51,17094.512000000046
2026-06-23 02:08:00+00:00,2026-06-23 02:00:00+00:00,2026-06-23 02:15:00+00:00,yes,0.1,500,0.14175654853620956,0.0995,0.03175654853620955,6,3.15,0,-53.15,17041.362000000045
2026-06-23 02:23:00+00:00,2026-06-23 02:15:00+00:00,2026-06-23 02:30:00+00:00,no,0.18999999999999995,500,0.7576687116564419,0.8200000000000001,0.032331288343558154,6,5.39,1,-100.38999999999997,16940.972000000045
2026-06-23 02:41:00+00:00,2026-06-23 02:30:00+00:00,2026-06-23 02:45:00+00:00,yes,0.88,385,0.9228215767634855,0.875,0.03282157676348552,3,2.85,1,43.34999999999999,16984.322000000044
2026-06-23 02:51:00+00:00,2026-06-23 02:45:00+00:00,2026-06-23 03:00:00+00:00,yes,0.46,500,0.5207667731629394,0.455,0.040766773162939376,8,8.7,0,-238.7,16745.622000000043
2026-06-23 03:02:00+00:00,2026-06-23 03:00:00+00:00,2026-06-23 03:15:00+00:00,no,0.89,376,0.0680379746835443,0.11499999999999999,0.03196202531645565,12,2.58,0,38.780000000000015,16784.402000000042
2026-06-23 03:20:00+00:00,2026-06-23 03:15:00+00:00,2026-06-23 03:30:00+00:00,no,0.28,500,0.6614583333333334,0.725,0.0385416666666666,9,7.06,1,-147.06,16637.34200000004
2026-06-23 03:30:00+00:00,2026-06-23 03:30:00+00:00,2026-06-23 03:45:00+00:00,no,0.6799999999999999,489,0.24461105904404878,0.325,0.055388940955951274,14,7.45,0,149.03000000000003,16786.37200000004
2026-06-23 03:45:00+00:00,2026-06-23 03:45:00+00:00,2026-06-23 04:00:00+00:00,no,0.36,500,0.5470085470085471,0.645,0.07299145299145295,14,8.07,1,-188.07,16598.30200000004
2026-06-23 04:00:00+00:00,2026-06-23 04:00:00+00:00,2026-06-23 04:15:00+00:00,no,0.35,500,0.5470085470085471,0.655,0.08299145299145295,14,7.97,0,317.03,16915.33200000004
2026-06-23 04:15:00+00:00,2026-06-23 04:15:00+00:00,2026-06-23 04:30:00+00:00,no,0.61,500,0.33787731256085685,0.395,0.03212268743914316,14,8.33,0,186.67,17102.002000000037
2026-06-23 05:00:00+00:00,2026-06-23 05:00:00+00:00,2026-06-23 05:15:00+00:00,yes,0.5,500,0.5714285714285714,0.495,0.05142857142857139,14,8.75,0,-258.75,16843.252000000037
2026-06-23 05:31:00+00:00,2026-06-23 05:30:00+00:00,2026-06-23 05:45:00+00:00,yes,0.67,500,0.7384284176533907,0.665,0.04842841765339069,13,7.74,0,-342.74,16500.512000000035
2026-06-23 05:50:00+00:00,2026-06-23 05:45:00+00:00,2026-06-23 06:00:00+00:00,yes,0.48,500,0.5384615384615384,0.475,0.03846153846153845,9,8.74,0,-248.74,16251.772000000035
2026-06-23 06:06:00+00:00,2026-06-23 06:00:00+00:00,2026-06-23 06:15:00+00:00,no,0.86,377,0.09587378640776699,0.14500000000000002,0.03412621359223301,8,3.18,0,49.60000000000003,16301.372000000036
2026-06-23 06:19:00+00:00,2026-06-23 06:15:00+00:00,2026-06-23 06:30:00+00:00,no,0.8,407,0.14175654853620956,0.20500000000000002,0.03824345146379039,10,4.56,0,76.83999999999997,16378.212000000036
2026-06-23 06:36:00+00:00,2026-06-23 06:30:00+00:00,2026-06-23 06:45:00+00:00,yes,0.84,389,0.8842315369261478,0.835,0.03423153692614778,8,3.66,1,58.58000000000001,16436.792000000038
2026-06-23 06:49:00+00:00,2026-06-23 06:45:00+00:00,2026-06-23 07:00:00+00:00,yes,0.42,500,0.47522935779816516,0.415,0.035229357798165176,10,8.53,1,281.47,16718.26200000004
2026-06-23 07:07:00+00:00,2026-06-23 07:00:00+00:00,2026-06-23 07:15:00+00:00,yes,0.74,451,0.8057142857142857,0.735,0.04571428571428572,7,6.08,1,111.17999999999999,16829.44200000004
2026-06-23 07:15:00+00:00,2026-06-23 07:15:00+00:00,2026-06-23 07:30:00+00:00,no,0.53,500,0.4179254783484391,0.475,0.0320745216515609,14,8.72,0,226.28,17055.722000000038
2026-06-23 07:32:00+00:00,2026-06-23 07:30:00+00:00,2026-06-23 07:45:00+00:00,no,0.84,406,0.09848484848484848,0.165,0.05151515151515152,12,3.82,0,61.140000000000036,17116.862000000037
2026-06-23 08:00:00+00:00,2026-06-23 08:00:00+00:00,2026-06-23 08:15:00+00:00,no,0.4,500,0.5470085470085471,0.61,0.03299145299145291,14,8.4,0,291.6,17408.462000000036
2026-06-23 08:15:00+00:00,2026-06-23 08:15:00+00:00,2026-06-23 08:30:00+00:00,no,0.5800000000000001,500,0.36774941995359633,0.425,0.03225058004640359,14,8.53,0,201.46999999999994,17609.932000000037
2026-06-23 08:30:00+00:00,2026-06-23 08:30:00+00:00,2026-06-23 08:45:00+00:00,yes,0.65,500,0.7384284176533907,0.645,0.06842841765339071,14,7.97,1,167.03,17776.962000000036
2026-06-23 08:48:00+00:00,2026-06-23 08:45:00+00:00,2026-06-23 09:00:00+00:00,yes,0.27,500,0.33787731256085685,0.265,0.047877312560856825,11,6.9,0,-141.9,17635.062000000034
2026-06-23 09:24:00+00:00,2026-06-23 09:15:00+00:00,2026-06-23 09:30:00+00:00,no,0.14,500,0.8114355231143552,0.865,0.0385644768856448,5,4.22,1,-74.22,17560.842000000033
2026-06-23 09:30:00+00:00,2026-06-23 09:30:00+00:00,2026-06-23 09:45:00+00:00,no,0.6599999999999999,500,0.2724968314321926,0.345,0.047503168567807466,14,7.86,0,162.14000000000004,17722.982000000033
2026-06-23 10:00:00+00:00,2026-06-23 10:00:00+00:00,2026-06-23 10:15:00+00:00,yes,0.59,500,0.6432748538011694,0.585,0.03327485380116947,14,8.47,1,196.53,17919.51200000003
2026-06-23 10:33:00+00:00,2026-06-23 10:30:00+00:00,2026-06-23 10:45:00+00:00,yes,0.28,500,0.33787731256085685,0.275,0.037877312560856816,11,7.06,0,-147.06,17772.45200000003
2026-06-23 10:47:00+00:00,2026-06-23 10:45:00+00:00,2026-06-23 11:00:00+00:00,yes,0.59,500,0.6432748538011694,0.585,0.03327485380116947,12,8.47,1,196.53,17968.98200000003
2026-06-23 11:05:00+00:00,2026-06-23 11:00:00+00:00,2026-06-23 11:15:00+00:00,no,0.52,500,0.4179254783484391,0.485,0.042074521651560906,9,8.74,1,-268.74,17700.242000000027
2026-06-23 11:31:00+00:00,2026-06-23 11:30:00+00:00,2026-06-23 11:45:00+00:00,no,0.38,500,0.5470085470085471,0.625,0.05299145299145293,13,8.25,1,-198.25,17501.992000000027
2026-06-23 12:01:00+00:00,2026-06-23 12:00:00+00:00,2026-06-23 12:15:00+00:00,no,0.39,500,0.5054021608643458,0.615,0.08459783913565423,13,8.33,0,296.67,17798.662000000026
2026-06-23 12:16:00+00:00,2026-06-23 12:15:00+00:00,2026-06-23 12:30:00+00:00,no,0.53,500,0.4179254783484391,0.475,0.0320745216515609,13,8.72,0,226.28,18024.942000000025
2026-06-23 12:30:00+00:00,2026-06-23 12:30:00+00:00,2026-06-23 12:45:00+00:00,yes,0.75,480,0.8114355231143552,0.745,0.04143552311435518,14,6.3,0,-366.3,17658.642000000025
2026-06-23 12:53:00+00:00,2026-06-23 12:45:00+00:00,2026-06-23 13:00:00+00:00,yes,0.19,500,0.24461105904404878,0.185,0.03461105904404878,6,5.39,0,-100.39,17558.252000000026
2026-06-23 13:01:00+00:00,2026-06-23 13:00:00+00:00,2026-06-23 13:15:00+00:00,yes,0.55,500,0.606404958677686,0.545,0.03640495867768591,13,8.67,0,-283.67,17274.582000000028
2026-06-23 13:20:00+00:00,2026-06-23 13:15:00+00:00,2026-06-23 13:30:00+00:00,yes,0.25,500,0.33787731256085685,0.245,0.06787731256085684,9,6.57,0,-131.57,17143.012000000028
2026-06-23 13:31:00+00:00,2026-06-23 13:30:00+00:00,2026-06-23 13:45:00+00:00,yes,0.78,439,0.8820960698689956,0.775,0.08209606986899555,13,5.28,1,91.29999999999998,17234.312000000027
2026-06-23 13:46:00+00:00,2026-06-23 13:45:00+00:00,2026-06-23 14:00:00+00:00,yes,0.24,500,0.30434782608695654,0.235,0.044347826086956546,13,6.39,1,373.61,17607.922000000028
2026-06-23 14:00:00+00:00,2026-06-23 14:00:00+00:00,2026-06-23 14:15:00+00:00,no,0.39,500,0.5470085470085471,0.615,0.04299145299145292,14,8.33,1,-203.33,17404.592000000026
2026-06-23 14:15:00+00:00,2026-06-23 14:15:00+00:00,2026-06-23 14:30:00+00:00,no,0.30000000000000004,500,0.5470085470085471,0.705,0.1329914529914529,14,7.35,0,342.65,17747.242000000027
2026-06-23 14:32:00+00:00,2026-06-23 14:30:00+00:00,2026-06-23 14:45:00+00:00,yes,0.29,500,0.36330935251798563,0.28500000000000003,0.053309352517985645,12,7.21,1,347.79,18095.03200000003
2026-06-23 14:57:00+00:00,2026-06-23 14:45:00+00:00,2026-06-23 15:00:00+00:00,yes,0.4,500,0.47522935779816516,0.395,0.05522935779816514,2,8.4,0,-208.4,17886.632000000027
2026-06-23 15:33:00+00:00,2026-06-23 15:30:00+00:00,2026-06-23 15:45:00+00:00,yes,0.87,411,0.9150326797385621,0.865,0.03503267973856206,11,3.26,1,50.17000000000001,17936.802000000025
2026-06-23 15:46:00+00:00,2026-06-23 15:45:00+00:00,2026-06-23 16:00:00+00:00,yes,0.42,500,0.47522935779816516,0.415,0.035229357798165176,13,8.53,1,281.47,18218.272000000026
2026-06-23 16:03:00+00:00,2026-06-23 16:00:00+00:00,2026-06-23 16:15:00+00:00,no,0.61,500,0.33787731256085685,0.395,0.03212268743914316,11,8.33,1,-313.33,17904.942000000025
2026-06-23 16:15:00+00:00,2026-06-23 16:15:00+00:00,2026-06-23 16:30:00+00:00,no,0.61,500,0.33787731256085685,0.395,0.03212268743914316,14,8.33,0,186.67,18091.612000000023
2026-06-23 16:38:00+00:00,2026-06-23 16:30:00+00:00,2026-06-23 16:45:00+00:00,no,0.43000000000000005,500,0.5054021608643458,0.575,0.044597839135654196,6,8.58,1,-223.58000000000004,17868.03200000002
2026-06-23 17:11:00+00:00,2026-06-23 17:00:00+00:00,2026-06-23 17:15:00+00:00,yes,0.13,500,0.24461105904404878,0.125,0.10461105904404878,3,3.96,0,-68.96,17799.072000000022
2026-06-23 17:31:00+00:00,2026-06-23 17:30:00+00:00,2026-06-23 17:45:00+00:00,no,0.85,418,0.09587378640776699,0.155,0.04412621359223302,13,3.74,0,58.95999999999999,17858.03200000002
2026-06-23 17:52:00+00:00,2026-06-23 17:45:00+00:00,2026-06-23 18:00:00+00:00,yes,0.19,500,0.24461105904404878,0.185,0.03461105904404878,7,5.39,0,-100.39,17757.64200000002
2026-06-23 18:00:00+00:00,2026-06-23 18:00:00+00:00,2026-06-23 18:15:00+00:00,yes,0.75,473,0.8057142857142857,0.745,0.03571428571428571,14,6.21,1,112.04,17869.682000000023
2026-06-23 18:21:00+00:00,2026-06-23 18:15:00+00:00,2026-06-23 18:30:00+00:00,yes,0.28,500,0.33787731256085685,0.275,0.037877312560856816,8,7.06,0,-147.06,17722.62200000002
2026-06-23 18:33:00+00:00,2026-06-23 18:30:00+00:00,2026-06-23 18:45:00+00:00,yes,0.19,500,0.24461105904404878,0.185,0.03461105904404878,11,5.39,0,-100.39,17622.23200000002
2026-06-23 18:48:00+00:00,2026-06-23 18:45:00+00:00,2026-06-23 19:00:00+00:00,yes,0.58,500,0.6432748538011694,0.575,0.04327485380116948,11,8.53,1,201.47,17823.702000000023
2026-06-23 19:19:00+00:00,2026-06-23 19:15:00+00:00,2026-06-23 19:30:00+00:00,yes,0.19,500,0.24461105904404878,0.185,0.03461105904404878,10,5.39,1,399.61,18223.312000000024
2026-06-23 19:32:00+00:00,2026-06-23 19:30:00+00:00,2026-06-23 19:45:00+00:00,yes,0.48,500,0.5470085470085471,0.475,0.04700854700854708,12,8.74,0,-248.74,17974.572000000022
2026-06-23 19:48:00+00:00,2026-06-23 19:45:00+00:00,2026-06-23 20:00:00+00:00,yes,0.27,500,0.33787731256085685,0.265,0.047877312560856825,11,6.9,1,358.1,18332.67200000002
2026-06-23 20:00:00+00:00,2026-06-23 20:00:00+00:00,2026-06-23 20:15:00+00:00,yes,0.79,464,0.8820960698689956,0.785,0.07209606986899554,14,5.39,1,92.05,18424.72200000002
2026-06-23 20:20:00+00:00,2026-06-23 20:15:00+00:00,2026-06-23 20:30:00+00:00,yes,0.58,500,0.6432748538011694,0.575,0.04327485380116948,9,8.53,1,201.47,18626.19200000002
2026-06-23 20:39:00+00:00,2026-06-23 20:30:00+00:00,2026-06-23 20:45:00+00:00,yes,0.41,500,0.4897260273972603,0.405,0.05972602739726031,5,8.47,0,-213.47,18412.72200000002
2026-06-23 20:48:00+00:00,2026-06-23 20:45:00+00:00,2026-06-23 21:00:00+00:00,no,0.75,491,0.1792452830188679,0.255,0.05075471698113211,11,6.45,0,116.3,18529.02200000002
2026-06-23 21:07:00+00:00,2026-06-23 21:00:00+00:00,2026-06-23 21:15:00+00:00,yes,0.88,421,0.9228215767634855,0.875,0.03282157676348552,7,3.12,1,47.399999999999984,18576.42200000002
2026-06-23 21:25:00+00:00,2026-06-23 21:15:00+00:00,2026-06-23 21:30:00+00:00,no,0.10999999999999999,500,0.8114355231143552,0.897,0.06856447688564483,4,3.43,1,-58.42999999999999,18517.99200000002
2026-06-23 21:30:00+00:00,2026-06-23 21:30:00+00:00,2026-06-23 21:45:00+00:00,no,0.41000000000000003,500,0.5054021608643458,0.6,0.06459783913565421,14,8.47,1,-213.47000000000003,18304.52200000002
2026-06-23 21:46:00+00:00,2026-06-23 21:45:00+00:00,2026-06-23 22:00:00+00:00,no,0.42000000000000004,500,0.5207667731629394,0.585,0.039233226837060556,13,8.53,0,281.47,18585.99200000002
2026-06-23 22:03:00+00:00,2026-06-23 22:00:00+00:00,2026-06-23 22:15:00+00:00,yes,0.81,458,0.8842315369261478,0.805,0.0542315369261477,11,4.94,1,82.07999999999998,18668.072000000022
2026-06-23 22:16:00+00:00,2026-06-23 22:15:00+00:00,2026-06-23 22:30:00+00:00,no,0.55,500,0.3804347826086957,0.455,0.049565217391304275,13,8.67,0,216.33,18884.402000000024
2026-06-23 22:31:00+00:00,2026-06-23 22:30:00+00:00,2026-06-23 22:45:00+00:00,yes,0.43,500,0.4897260273972603,0.425,0.03972602739726029,13,8.58,0,-223.58,18660.822000000022
2026-06-23 22:58:00+00:00,2026-06-23 22:45:00+00:00,2026-06-23 23:00:00+00:00,no,0.02300000000000002,500,0.9228215767634855,0.9775,0.04417842323651445,1,0.79,1,-12.29000000000001,18648.53200000002
2026-06-23 23:11:00+00:00,2026-06-23 23:00:00+00:00,2026-06-23 23:15:00+00:00,yes,0.07,500,0.14175654853620956,0.069,0.06175654853620955,3,2.28,0,-37.28,18611.252000000022
2026-06-23 23:19:00+00:00,2026-06-23 23:15:00+00:00,2026-06-23 23:30:00+00:00,no,0.18000000000000005,500,0.7384284176533907,0.825,0.06157158234660921,10,5.17,1,-95.17000000000003,18516.082000000024
2026-06-23 23:30:00+00:00,2026-06-23 23:30:00+00:00,2026-06-23 23:45:00+00:00,no,0.56,500,0.33787731256085685,0.445,0.0821226874391431,14,8.63,0,211.37,18727.452000000023
2026-06-24 00:00:00+00:00,2026-06-24 00:00:00+00:00,2026-06-24 00:15:00+00:00,no,0.26,500,0.6874003189792663,0.745,0.03259968102073364,14,6.74,1,-136.74,18590.71200000002
2026-06-24 00:15:00+00:00,2026-06-24 00:15:00+00:00,2026-06-24 00:30:00+00:00,no,0.37,500,0.5207667731629394,0.635,0.0892332268370606,14,8.16,0,306.84,18897.55200000002
2026-06-24 00:37:00+00:00,2026-06-24 00:30:00+00:00,2026-06-24 00:45:00+00:00,yes,0.82,460,0.8842315369261478,0.815,0.0442315369261478,7,4.76,1,78.04,18975.592000000022
2026-06-24 00:45:00+00:00,2026-06-24 00:45:00+00:00,2026-06-24 01:00:00+00:00,no,0.6599999999999999,500,0.24461105904404878,0.345,0.07538894095595129,14,7.86,1,-337.85999999999996,18637.73200000002
2026-06-24 01:00:00+00:00,2026-06-24 01:00:00+00:00,2026-06-24 01:15:00+00:00,no,0.53,500,0.4179254783484391,0.475,0.0320745216515609,14,8.72,0,226.28,18864.01200000002
2026-06-24 01:25:00+00:00,2026-06-24 01:15:00+00:00,2026-06-24 01:30:00+00:00,yes,0.08,500,0.14175654853620956,0.0795,0.051756548536209555,4,2.58,0,-42.58,18821.43200000002
2026-06-24 01:41:00+00:00,2026-06-24 01:30:00+00:00,2026-06-24 01:45:00+00:00,no,0.20999999999999996,500,0.6555269922879178,0.795,0.11447300771208226,3,5.81,1,-110.80999999999999,18710.622000000018
2026-06-24 01:49:00+00:00,2026-06-24 01:45:00+00:00,2026-06-24 02:00:00+00:00,no,0.39,500,0.5470085470085471,0.615,0.04299145299145292,10,8.33,0,296.67,19007.292000000016
2026-06-24 02:02:00+00:00,2026-06-24 02:00:00+00:00,2026-06-24 02:15:00+00:00,no,0.5700000000000001,500,0.36774941995359633,0.435,0.0422505800464036,12,8.58,0,206.41999999999993,19213.712000000014
2026-06-24 02:16:00+00:00,2026-06-24 02:15:00+00:00,2026-06-24 02:30:00+00:00,no,0.5700000000000001,500,0.36774941995359633,0.435,0.0422505800464036,13,8.58,0,206.41999999999993,19420.132000000012
2026-06-24 02:41:00+00:00,2026-06-24 02:30:00+00:00,2026-06-24 02:45:00+00:00,yes,0.7,500,0.7576687116564419,0.695,0.037668711656441936,3,7.35,0,-357.35,19062.782000000014
2026-06-24 02:52:00+00:00,2026-06-24 02:45:00+00:00,2026-06-24 03:00:00+00:00,yes,0.36,500,0.4179254783484391,0.355,0.03792547834843908,7,8.07,0,-188.07,18874.712000000014
2026-06-24 03:01:00+00:00,2026-06-24 03:00:00+00:00,2026-06-24 03:15:00+00:00,no,0.31999999999999995,500,0.606404958677686,0.685,0.05359504132231409,13,7.62,0,332.38,19207.092000000015
2026-06-24 03:17:00+00:00,2026-06-24 03:15:00+00:00,2026-06-24 03:30:00+00:00,no,0.85,451,0.09587378640776699,0.155,0.04412621359223302,12,4.03,1,-387.37999999999994,18819.712000000014
2026-06-24 03:32:00+00:00,2026-06-24 03:30:00+00:00,2026-06-24 03:45:00+00:00,yes,0.82,459,0.8820960698689956,0.815,0.042096069868995625,12,4.75,1,77.87,18897.582000000013
2026-06-24 03:51:00+00:00,2026-06-24 03:45:00+00:00,2026-06-24 04:00:00+00:00,no,0.51,500,0.4179254783484391,0.495,0.052074521651560915,8,8.75,0,236.25,19133.832000000013
2026-06-24 04:04:00+00:00,2026-06-24 04:00:00+00:00,2026-06-24 04:15:00+00:00,no,0.85,450,0.09587378640776699,0.155,0.04412621359223302,10,4.02,0,63.480000000000004,19197.312000000013
2026-06-24 04:19:00+00:00,2026-06-24 04:15:00+00:00,2026-06-24 04:30:00+00:00,no,0.6599999999999999,500,0.2724968314321926,0.345,0.047503168567807466,10,7.86,0,162.14000000000004,19359.452000000012
2026-06-24 04:33:00+00:00,2026-06-24 04:30:00+00:00,2026-06-24 04:45:00+00:00,yes,0.84,460,0.8842315369261478,0.835,0.03423153692614778,11,4.33,1,69.27000000000002,19428.722000000012
2026-06-24 05:03:00+00:00,2026-06-24 05:00:00+00:00,2026-06-24 05:15:00+00:00,yes,0.75,500,0.8057142857142857,0.745,0.03571428571428571,11,6.57,1,118.43,19547.152000000013
2026-06-24 05:18:00+00:00,2026-06-24 05:15:00+00:00,2026-06-24 05:30:00+00:00,yes,0.82,476,0.8842315369261478,0.815,0.0442315369261478,11,4.92,1,80.76,19627.91200000001
2026-06-24 05:51:00+00:00,2026-06-24 05:45:00+00:00,2026-06-24 06:00:00+00:00,yes,0.18,500,0.2724968314321926,0.175,0.07249683143219261,8,5.17,0,-95.17,19532.742000000013
2026-06-24 06:01:00+00:00,2026-06-24 06:00:00+00:00,2026-06-24 06:15:00+00:00,no,0.8,488,0.14175654853620956,0.20500000000000002,0.03824345146379039,13,5.47,0,92.12999999999997,19624.872000000014
2026-06-24 06:24:00+00:00,2026-06-24 06:15:00+00:00,2026-06-24 06:30:00+00:00,no,0.41000000000000003,500,0.5207667731629394,0.595,0.049233226837060565,5,8.47,1,-213.47000000000003,19411.402000000013
2026-06-24 06:40:00+00:00,2026-06-24 06:30:00+00:00,2026-06-24 06:45:00+00:00,yes,0.43,500,0.5207667731629394,0.425,0.0707667731629394,4,8.58,0,-223.58,19187.82200000001
2026-06-24 06:45:00+00:00,2026-06-24 06:45:00+00:00,2026-06-24 07:00:00+00:00,no,0.6699999999999999,500,0.2724968314321926,0.335,0.03750316856780746,14,7.74,0,157.26000000000005,19345.08200000001
2026-06-24 07:02:00+00:00,2026-06-24 07:00:00+00:00,2026-06-24 07:15:00+00:00,no,0.61,500,0.33787731256085685,0.395,0.03212268743914316,12,8.33,1,-313.33,19031.752000000008
2026-06-24 07:19:00+00:00,2026-06-24 07:15:00+00:00,2026-06-24 07:30:00+00:00,no,0.8,475,0.14175654853620956,0.20500000000000002,0.03824345146379039,10,5.32,0,89.68,19121.432000000008
2026-06-24 07:36:00+00:00,2026-06-24 07:30:00+00:00,2026-06-24 07:45:00+00:00,no,0.6599999999999999,500,0.2724968314321926,0.345,0.047503168567807466,8,7.86,0,162.14000000000004,19283.572000000007
2026-06-24 07:50:00+00:00,2026-06-24 07:45:00+00:00,2026-06-24 08:00:00+00:00,yes,0.42,500,0.47522935779816516,0.415,0.035229357798165176,9,8.53,0,-218.53,19065.04200000001
2026-06-24 08:03:00+00:00,2026-06-24 08:00:00+00:00,2026-06-24 08:15:00+00:00,yes,0.66,500,0.7384284176533907,0.655,0.0584284176533907,11,7.86,1,162.14,19227.182000000008
2026-06-24 08:18:00+00:00,2026-06-24 08:15:00+00:00,2026-06-24 08:30:00+00:00,yes,0.71,500,0.8820960698689956,0.705,0.15209606986899563,11,7.21,1,137.79,19364.97200000001
2026-06-24 08:31:00+00:00,2026-06-24 08:30:00+00:00,2026-06-24 08:45:00+00:00,no,0.5,500,0.4179254783484391,0.505,0.062074521651560924,13,8.75,1,-258.75,19106.22200000001
2026-06-24 08:48:00+00:00,2026-06-24 08:45:00+00:00,2026-06-24 09:00:00+00:00,no,0.5700000000000001,500,0.36774941995359633,0.435,0.0422505800464036,11,8.58,1,-293.58000000000004,18812.642000000007
2026-06-24 09:01:00+00:00,2026-06-24 09:00:00+00:00,2026-06-24 09:15:00+00:00,no,0.79,476,0.14175654853620956,0.215,0.0482434514637904,13,5.53,0,94.42999999999998,18907.072000000007
2026-06-24 09:43:00+00:00,2026-06-24 09:30:00+00:00,2026-06-24 09:45:00+00:00,yes,0.005,500,0.05847953216374269,0.0035,0.04347953216374269,1,0.18,0,-2.68,18904.392000000007
2026-06-24 09:53:00+00:00,2026-06-24 09:45:00+00:00,2026-06-24 10:00:00+00:00,no,0.18999999999999995,500,0.7384284176533907,0.815,0.051571582346609315,6,5.39,1,-100.38999999999997,18804.002000000008
2026-06-24 10:02:00+00:00,2026-06-24 10:00:00+00:00,2026-06-24 10:15:00+00:00,no,0.87,432,0.0680379746835443,0.135,0.05196202531645567,12,3.43,0,52.730000000000025,18856.732000000007
2026-06-24 10:25:00+00:00,2026-06-24 10:15:00+00:00,2026-06-24 10:30:00+00:00,yes,0.15,500,0.22727272727272727,0.14500000000000002,0.06727272727272728,4,4.47,0,-79.47,18777.262000000006
2026-06-24 11:16:00+00:00,2026-06-24 11:15:00+00:00,2026-06-24 11:30:00+00:00,yes,0.49,500,0.5470085470085471,0.485,0.03700854700854707,13,8.75,1,246.25,19023.512000000006
2026-06-24 11:45:00+00:00,2026-06-24 11:45:00+00:00,2026-06-24 12:00:00+00:00,no,0.35,500,0.5207667731629394,0.655,0.10923322683706062,14,7.97,1,-182.97,18840.542000000005
2026-06-24 12:00:00+00:00,2026-06-24 12:00:00+00:00,2026-06-24 12:15:00+00:00,no,0.64,500,0.3076923076923077,0.37,0.03230769230769227,14,8.07,0,171.93,19012.472000000005
2026-06-24 12:22:00+00:00,2026-06-24 12:15:00+00:00,2026-06-24 12:30:00+00:00,yes,0.17,500,0.24461105904404878,0.165,0.06461105904404878,7,4.94,0,-89.94,18922.532000000007
2026-06-24 12:30:00+00:00,2026-06-24 12:30:00+00:00,2026-06-24 12:45:00+00:00,no,0.55,500,0.36774941995359633,0.455,0.06225058004640362,14,8.67,1,-283.67,18638.86200000001
2026-06-24 12:49:00+00:00,2026-06-24 12:45:00+00:00,2026-06-24 13:00:00+00:00,no,0.8,465,0.14175654853620956,0.20500000000000002,0.03824345146379039,10,5.21,0,87.79,18726.65200000001
2026-06-24 13:25:00+00:00,2026-06-24 13:15:00+00:00,2026-06-24 13:30:00+00:00,yes,0.069,500,0.14175654853620956,0.066,0.06275654853620956,4,2.25,0,-36.75,18689.90200000001
2026-06-24 13:32:00+00:00,2026-06-24 13:30:00+00:00,2026-06-24 13:45:00+00:00,yes,0.63,500,0.6874003189792663,0.625,0.037400318979266337,12,8.16,0,-323.16,18366.74200000001
2026-06-24 13:51:00+00:00,2026-06-24 13:45:00+00:00,2026-06-24 14:00:00+00:00,yes,0.75,489,0.8057142857142857,0.745,0.03571428571428571,8,6.42,0,-373.17,17993.57200000001
2026-06-24 14:05:00+00:00,2026-06-24 14:00:00+00:00,2026-06-24 14:15:00+00:00,yes,0.53,500,0.606404958677686,0.525,0.056404958677685926,9,8.72,0,-273.72,17719.85200000001
2026-06-24 14:27:00+00:00,2026-06-24 14:15:00+00:00,2026-06-24 14:30:00+00:00,no,0.10999999999999999,500,0.8114355231143552,0.895,0.06856447688564483,2,3.43,1,-58.42999999999999,17661.42200000001
2026-06-24 14:31:00+00:00,2026-06-24 14:30:00+00:00,2026-06-24 14:45:00+00:00,yes,0.75,470,0.8057142857142857,0.745,0.03571428571428571,13,6.17,0,-358.67,17302.75200000001
2026-06-24 14:46:00+00:00,2026-06-24 14:45:00+00:00,2026-06-24 15:00:00+00:00,yes,0.6,500,0.6555269922879178,0.595,0.035526992287917794,13,8.4,0,-308.4,16994.35200000001
2026-06-24 15:00:00+00:00,2026-06-24 15:00:00+00:00,2026-06-24 15:15:00+00:00,no,0.51,500,0.4179254783484391,0.495,0.052074521651560915,14,8.75,0,236.25,17230.60200000001
2026-06-24 15:18:00+00:00,2026-06-24 15:15:00+00:00,2026-06-24 15:30:00+00:00,yes,0.58,500,0.6432748538011694,0.575,0.04327485380116948,11,8.53,0,-298.53,16932.07200000001
2026-06-24 15:48:00+00:00,2026-06-24 15:45:00+00:00,2026-06-24 16:00:00+00:00,no,0.87,389,0.0680379746835443,0.135,0.05196202531645567,11,3.08,0,47.489999999999995,16979.562000000013
2026-06-24 16:00:00+00:00,2026-06-24 16:00:00+00:00,2026-06-24 16:15:00+00:00,yes,0.58,500,0.6432748538011694,0.575,0.04327485380116948,14,8.53,1,201.47,17181.032000000014
2026-06-24 16:17:00+00:00,2026-06-24 16:15:00+00:00,2026-06-24 16:30:00+00:00,yes,0.41,500,0.47522935779816516,0.405,0.045229357798165185,12,8.47,1,286.53,17467.562000000013
2026-06-24 16:47:00+00:00,2026-06-24 16:45:00+00:00,2026-06-24 17:00:00+00:00,no,0.85,411,0.09848484848484848,0.155,0.04151515151515151,12,3.67,0,57.98000000000003,17525.542000000012
2026-06-24 17:00:00+00:00,2026-06-24 17:00:00+00:00,2026-06-24 17:15:00+00:00,yes,0.58,500,0.6432748538011694,0.575,0.04327485380116948,14,8.53,0,-298.53,17227.012000000013
2026-06-24 17:17:00+00:00,2026-06-24 17:15:00+00:00,2026-06-24 17:30:00+00:00,yes,0.34,500,0.4179254783484391,0.335,0.057925478348439044,12,7.86,0,-177.86,17049.152000000013
2026-06-24 17:30:00+00:00,2026-06-24 17:30:00+00:00,2026-06-24 17:45:00+00:00,yes,0.45,500,0.5207667731629394,0.445,0.050766773162939385,14,8.67,0,-233.67,16815.482000000015
2026-06-24 17:56:00+00:00,2026-06-24 17:45:00+00:00,2026-06-24 18:00:00+00:00,no,0.14,500,0.8114355231143552,0.865,0.0385644768856448,3,4.22,1,-74.22,16741.262000000013
2026-06-24 18:00:00+00:00,2026-06-24 18:00:00+00:00,2026-06-24 18:15:00+00:00,yes,0.57,500,0.6432748538011694,0.565,0.05327485380116949,14,8.58,1,206.42,16947.68200000001
2026-06-24 18:19:00+00:00,2026-06-24 18:15:00+00:00,2026-06-24 18:30:00+00:00,yes,0.88,385,0.9228215767634855,0.875,0.03282157676348552,10,2.85,1,43.34999999999999,16991.03200000001
2026-06-24 18:31:00+00:00,2026-06-24 18:30:00+00:00,2026-06-24 18:45:00+00:00,no,0.55,500,0.3804347826086957,0.455,0.049565217391304275,13,8.67,0,216.33,17207.362000000012
2026-06-24 18:47:00+00:00,2026-06-24 18:45:00+00:00,2026-06-24 19:00:00+00:00,no,0.45999999999999996,500,0.4179254783484391,0.545,0.10207452165156096,12,8.7,1,-238.69999999999996,16968.66200000001
2026-06-24 19:01:00+00:00,2026-06-24 19:00:00+00:00,2026-06-24 19:15:00+00:00,no,0.38,500,0.5470085470085471,0.625,0.05299145299145293,13,8.25,1,-198.25,16770.41200000001
2026-06-24 19:25:00+00:00,2026-06-24 19:15:00+00:00,2026-06-24 19:30:00+00:00,yes,0.88,381,0.9228215767634855,0.875,0.03282157676348552,4,2.82,1,42.89999999999997,16813.312000000013
2026-06-24 19:30:00+00:00,2026-06-24 19:30:00+00:00,2026-06-24 19:45:00+00:00,no,0.5700000000000001,500,0.36774941995359633,0.435,0.0422505800464036,14,8.58,0,206.41999999999993,17019.73200000001
2026-06-24 20:16:00+00:00,2026-06-24 20:15:00+00:00,2026-06-24 20:30:00+00:00,no,0.6599999999999999,500,0.2724968314321926,0.345,0.047503168567807466,13,7.86,1,-337.85999999999996,16681.87200000001
2026-06-24 20:30:00+00:00,2026-06-24 20:30:00+00:00,2026-06-24 20:45:00+00:00,no,0.52,500,0.4179254783484391,0.485,0.042074521651560906,14,8.74,1,-268.74,16413.13200000001
2026-06-24 20:46:00+00:00,2026-06-24 20:45:00+00:00,2026-06-24 21:00:00+00:00,no,0.32999999999999996,500,0.606404958677686,0.675,0.04359504132231408,13,7.74,1,-172.73999999999998,16240.392000000009
2026-06-24 21:19:00+00:00,2026-06-24 21:15:00+00:00,2026-06-24 21:30:00+00:00,no,0.18999999999999995,500,0.7384284176533907,0.815,0.051571582346609315,10,5.39,1,-100.38999999999997,16140.00200000001
2026-06-24 21:36:00+00:00,2026-06-24 21:30:00+00:00,2026-06-24 21:45:00+00:00,no,0.14,500,0.8114355231143552,0.865,0.0385644768856448,8,4.22,1,-74.22,16065.78200000001
2026-06-24 21:45:00+00:00,2026-06-24 21:45:00+00:00,2026-06-24 22:00:00+00:00,no,0.43000000000000005,500,0.4179254783484391,0.575,0.1320745216515609,14,8.58,0,276.42,16342.20200000001
2026-06-24 22:00:00+00:00,2026-06-24 22:00:00+00:00,2026-06-24 22:15:00+00:00,no,0.43000000000000005,500,0.4897260273972603,0.575,0.0602739726027396,14,8.58,0,276.42,16618.62200000001
2026-06-24 22:19:00+00:00,2026-06-24 22:15:00+00:00,2026-06-24 22:30:00+00:00,no,0.79,420,0.15730337078651685,0.215,0.03269662921348317,10,4.88,0,83.32,16701.94200000001
2026-06-24 22:32:00+00:00,2026-06-24 22:30:00+00:00,2026-06-24 22:45:00+00:00,yes,0.67,498,0.7384284176533907,0.665,0.04842841765339069,12,7.71,1,156.62999999999997,16858.57200000001
2026-06-24 22:55:00+00:00,2026-06-24 22:45:00+00:00,2026-06-24 23:00:00+00:00,no,0.62,500,0.2892857142857143,0.385,0.07071428571428563,4,8.25,0,181.75,17040.32200000001
2026-06-24 23:01:00+00:00,2026-06-24 23:00:00+00:00,2026-06-24 23:15:00+00:00,no,0.52,500,0.4179254783484391,0.485,0.042074521651560906,13,8.74,1,-268.74,16771.58200000001
2026-06-24 23:15:00+00:00,2026-06-24 23:15:00+00:00,2026-06-24 23:30:00+00:00,no,0.37,500,0.5470085470085471,0.635,0.06299145299145294,14,8.16,1,-193.16,16578.42200000001
2026-06-24 23:41:00+00:00,2026-06-24 23:30:00+00:00,2026-06-24 23:45:00+00:00,no,0.20999999999999996,500,0.7384284176533907,0.795,0.0315715823466093,3,5.81,1,-110.80999999999999,16467.61200000001
2026-06-24 23:45:00+00:00,2026-06-24 23:45:00+00:00,2026-06-25 00:00:00+00:00,no,0.33999999999999997,500,0.606404958677686,0.665,0.03359504132231407,14,7.86,1,-177.85999999999999,16289.752000000008
2026-06-25 00:00:00+00:00,2026-06-25 00:00:00+00:00,2026-06-25 00:15:00+00:00,no,0.55,500,0.36774941995359633,0.455,0.06225058004640362,14,8.67,1,-283.67,16006.082000000008
2026-06-25 00:15:00+00:00,2026-06-25 00:15:00+00:00,2026-06-25 00:30:00+00:00,no,0.6,500,0.33787731256085685,0.405,0.04212268743914317,14,8.4,0,191.6,16197.682000000008
2026-06-25 00:35:00+00:00,2026-06-25 00:30:00+00:00,2026-06-25 00:45:00+00:00,no,0.52,500,0.4179254783484391,0.485,0.042074521651560906,9,8.74,0,231.26,16428.942000000006
2026-06-25 01:03:00+00:00,2026-06-25 01:00:00+00:00,2026-06-25 01:15:00+00:00,no,0.42000000000000004,500,0.5207667731629394,0.585,0.039233226837060556,11,8.53,0,281.47,16710.412000000008
2026-06-25 01:17:00+00:00,2026-06-25 01:15:00+00:00,2026-06-25 01:30:00+00:00,yes,0.67,498,0.7384284176533907,0.665,0.04842841765339069,12,7.71,1,156.62999999999997,16867.04200000001
2026-06-25 01:32:00+00:00,2026-06-25 01:30:00+00:00,2026-06-25 01:45:00+00:00,no,0.43999999999999995,500,0.5054021608643458,0.565,0.0345978391356543,12,8.63,0,271.37,17138.412000000008
2026-06-25 01:45:00+00:00,2026-06-25 01:45:00+00:00,2026-06-25 02:00:00+00:00,no,0.52,500,0.4179254783484391,0.485,0.042074521651560906,14,8.74,1,-268.74,16869.672000000006
2026-06-25 02:00:00+00:00,2026-06-25 02:00:00+00:00,2026-06-25 02:15:00+00:00,no,0.55,500,0.36330935251798563,0.455,0.06669064748201438,14,8.67,0,216.33,17086.002000000008
2026-06-25 02:16:00+00:00,2026-06-25 02:15:00+00:00,2026-06-25 02:30:00+00:00,yes,0.59,500,0.6432748538011694,0.585,0.03327485380116947,13,8.47,1,196.53,17282.532000000007
2026-06-25 02:52:00+00:00,2026-06-25 02:45:00+00:00,2026-06-25 03:00:00+00:00,yes,0.29,500,0.36774941995359633,0.28500000000000003,0.05774941995359635,7,7.21,1,347.79,17630.322000000007
2026-06-25 03:09:00+00:00,2026-06-25 03:00:00+00:00,2026-06-25 03:15:00+00:00,yes,0.67,500,0.7384284176533907,0.665,0.04842841765339069,5,7.74,0,-342.74,17287.582000000006
2026-06-25 03:35:00+00:00,2026-06-25 03:30:00+00:00,2026-06-25 03:45:00+00:00,yes,0.17,500,0.24461105904404878,0.165,0.06461105904404878,9,4.94,0,-89.94,17197.642000000007
2026-06-25 03:47:00+00:00,2026-06-25 03:45:00+00:00,2026-06-25 04:00:00+00:00,yes,0.6,500,0.6555269922879178,0.595,0.035526992287917794,12,8.4,1,191.6,17389.242000000006
2026-06-25 04:10:00+00:00,2026-06-25 04:00:00+00:00,2026-06-25 04:15:00+00:00,yes,0.072,500,0.15730337078651685,0.0715,0.07530337078651686,4,2.34,0,-38.34,17350.902000000006
2026-06-25 04:15:00+00:00,2026-06-25 04:15:00+00:00,2026-06-25 04:30:00+00:00,no,0.47,500,0.47522935779816516,0.54,0.0347706422018348,14,8.72,1,-243.72,17107.182000000004
2026-06-25 04:33:00+00:00,2026-06-25 04:30:00+00:00,2026-06-25 04:45:00+00:00,no,0.8,427,0.14175654853620956,0.20500000000000002,0.03824345146379039,11,4.79,1,-346.39000000000004,16760.792000000005
2026-06-25 04:45:00+00:00,2026-06-25 04:45:00+00:00,2026-06-25 05:00:00+00:00,no,0.33999999999999997,500,0.606404958677686,0.665,0.03359504132231407,14,7.86,1,-177.85999999999999,16582.932000000004
2026-06-25 05:00:00+00:00,2026-06-25 05:00:00+00:00,2026-06-25 05:15:00+00:00,no,0.6799999999999999,487,0.24461105904404878,0.325,0.055388940955951274,14,7.42,1,-338.58,16244.352000000004
2026-06-25 05:15:00+00:00,2026-06-25 05:15:00+00:00,2026-06-25 05:30:00+00:00,no,0.6699999999999999,484,0.2724968314321926,0.335,0.03750316856780746,14,7.5,0,152.22000000000003,16396.572000000004
2026-06-25 05:31:00+00:00,2026-06-25 05:30:00+00:00,2026-06-25 05:45:00+00:00,no,0.44999999999999996,500,0.4179254783484391,0.56,0.11207452165156097,13,8.67,0,266.33,16662.902000000006
2026-06-25 05:45:00+00:00,2026-06-25 05:45:00+00:00,2026-06-25 06:00:00+00:00,no,0.6699999999999999,497,0.2724968314321926,0.335,0.03750316856780746,14,7.7,1,-340.68999999999994,16322.212000000005
2026-06-25 06:00:00+00:00,2026-06-25 06:00:00+00:00,2026-06-25 06:15:00+00:00,no,0.35,500,0.5470085470085471,0.66,0.08299145299145295,14,7.97,1,-182.97,16139.242000000006
2026-06-25 06:15:00+00:00,2026-06-25 06:15:00+00:00,2026-06-25 06:30:00+00:00,no,0.48,500,0.4179254783484391,0.525,0.08207452165156094,14,8.74,0,251.26,16390.502000000004
2026-06-25 09:06:00+00:00,2026-06-25 09:00:00+00:00,2026-06-25 09:15:00+00:00,no,0.20999999999999996,500,0.7384284176533907,0.795,0.0315715823466093,8,5.81,1,-110.80999999999999,16279.692000000005
2026-06-25 09:30:00+00:00,2026-06-25 09:30:00+00:00,2026-06-25 09:45:00+00:00,no,0.25,500,0.6874003189792663,0.755,0.04259968102073365,14,6.57,1,-131.57,16148.122000000005
2026-06-25 09:45:00+00:00,2026-06-25 09:45:00+00:00,2026-06-25 10:00:00+00:00,no,0.49,500,0.4179254783484391,0.515,0.07207452165156093,14,8.75,0,246.25,16394.372000000003
2026-06-25 10:34:00+00:00,2026-06-25 10:30:00+00:00,2026-06-25 10:45:00+00:00,yes,0.27,500,0.33787731256085685,0.265,0.047877312560856825,10,6.9,0,-141.9,16252.472000000003
2026-06-25 10:46:00+00:00,2026-06-25 10:45:00+00:00,2026-06-25 11:00:00+00:00,no,0.86,377,0.09587378640776699,0.14500000000000002,0.03412621359223301,13,3.18,0,49.60000000000003,16302.072000000004
2026-06-25 11:01:00+00:00,2026-06-25 11:00:00+00:00,2026-06-25 11:15:00+00:00,yes,0.73,446,0.8057142857142857,0.725,0.05571428571428573,13,6.16,0,-331.74,15970.332000000004
2026-06-25 11:16:00+00:00,2026-06-25 11:15:00+00:00,2026-06-25 11:30:00+00:00,no,0.25,500,0.6874003189792663,0.755,0.04259968102073365,13,6.57,0,368.43,16338.762000000004
2026-06-25 11:56:00+00:00,2026-06-25 11:45:00+00:00,2026-06-25 12:00:00+00:00,yes,0.031,500,0.09587378640776699,0.03,0.05487378640776699,3,1.06,0,-16.56,16322.202000000005
2026-06-25 12:03:00+00:00,2026-06-25 12:00:00+00:00,2026-06-25 12:15:00+00:00,no,0.6,500,0.33787731256085685,0.405,0.04212268743914317,11,8.4,0,191.6,16513.802000000003
2026-06-25 12:31:00+00:00,2026-06-25 12:30:00+00:00,2026-06-25 12:45:00+00:00,no,0.13,500,0.8114355231143552,0.875,0.04856447688564481,13,3.96,1,-68.96,16444.842000000004
2026-06-25 12:51:00+00:00,2026-06-25 12:45:00+00:00,2026-06-25 13:00:00+00:00,no,0.38,500,0.5470085470085471,0.625,0.05299145299145293,8,8.25,0,301.75,16746.592000000004
2026-06-25 13:02:00+00:00,2026-06-25 13:00:00+00:00,2026-06-25 13:15:00+00:00,yes,0.59,500,0.6432748538011694,0.585,0.03327485380116947,12,8.47,1,196.53,16943.122000000003
2026-06-25 13:30:00+00:00,2026-06-25 13:30:00+00:00,2026-06-25 13:45:00+00:00,no,0.64,500,0.2724968314321926,0.365,0.06750316856780737,14,8.07,0,171.93,17115.052000000003
2026-06-25 14:01:00+00:00,2026-06-25 14:00:00+00:00,2026-06-25 14:15:00+00:00,no,0.13,500,0.8114355231143552,0.875,0.04856447688564481,13,3.96,1,-68.96,17046.092000000004
2026-06-25 14:26:00+00:00,2026-06-25 14:15:00+00:00,2026-06-25 14:30:00+00:00,no,0.18000000000000005,500,0.6874003189792663,0.825,0.1125996810207336,3,5.17,1,-95.17000000000003,16950.922000000006
2026-06-25 14:32:00+00:00,2026-06-25 14:30:00+00:00,2026-06-25 14:45:00+00:00,no,0.26,500,0.6874003189792663,0.75,0.03259968102073364,12,6.74,1,-136.74,16814.182000000004
2026-06-25 14:52:00+00:00,2026-06-25 14:45:00+00:00,2026-06-25 15:00:00+00:00,no,0.13,500,0.8057142857142857,0.875,0.05428571428571428,7,3.96,1,-68.96,16745.222000000005
2026-06-25 15:02:00+00:00,2026-06-25 15:00:00+00:00,2026-06-25 15:15:00+00:00,yes,0.19,500,0.24461105904404878,0.185,0.03461105904404878,12,5.39,0,-100.39,16644.832000000006
2026-06-25 15:22:00+00:00,2026-06-25 15:15:00+00:00,2026-06-25 15:30:00+00:00,no,0.26,500,0.6874003189792663,0.745,0.03259968102073364,7,6.74,1,-136.74,16508.092000000004
2026-06-25 15:37:00+00:00,2026-06-25 15:30:00+00:00,2026-06-25 15:45:00+00:00,no,0.30000000000000004,500,0.6432748538011694,0.705,0.03672514619883051,7,7.35,0,342.65,16850.742000000006
2026-06-25 16:01:00+00:00,2026-06-25 16:00:00+00:00,2026-06-25 16:15:00+00:00,no,0.56,500,0.36774941995359633,0.445,0.05225058004640361,13,8.63,1,-288.63,16562.112000000005
2026-06-25 16:15:00+00:00,2026-06-25 16:15:00+00:00,2026-06-25 16:30:00+00:00,no,0.54,500,0.36774941995359633,0.47,0.07225058004640363,14,8.7,0,221.3,16783.412000000004
2026-06-25 16:57:00+00:00,2026-06-25 16:45:00+00:00,2026-06-25 17:00:00+00:00,no,0.19999999999999996,500,0.7384284176533907,0.805,0.041571582346609307,2,5.6,1,-105.59999999999997,16677.812000000005
2026-06-25 17:00:00+00:00,2026-06-25 17:00:00+00:00,2026-06-25 17:15:00+00:00,no,0.42000000000000004,500,0.5207667731629394,0.585,0.039233226837060556,14,8.53,1,-218.53000000000003,16459.282000000007
2026-06-25 17:19:00+00:00,2026-06-25 17:15:00+00:00,2026-06-25 17:30:00+00:00,no,0.43999999999999995,500,0.5054021608643458,0.565,0.0345978391356543,10,8.63,1,-228.62999999999997,16230.652000000007
2026-06-25 17:35:00+00:00,2026-06-25 17:30:00+00:00,2026-06-25 17:45:00+00:00,yes,0.47,500,0.5207667731629394,0.46499999999999997,0.030766773162939427,9,8.72,1,256.28,16486.932000000008
2026-06-25 17:53:00+00:00,2026-06-25 17:45:00+00:00,2026-06-25 18:00:00+00:00,yes,0.59,500,0.6432748538011694,0.585,0.03327485380116947,6,8.47,1,196.53,16683.462000000007
2026-06-25 18:01:00+00:00,2026-06-25 18:00:00+00:00,2026-06-25 18:15:00+00:00,yes,0.66,500,0.7384284176533907,0.655,0.0584284176533907,13,7.86,0,-337.86,16345.602000000006
2026-06-25 18:58:00+00:00,2026-06-25 18:45:00+00:00,2026-06-25 19:00:00+00:00,no,0.0020000000000000018,500,0.9228215767634855,0.9984999999999999,0.06517842323651447,1,0.07,1,-1.070000000000001,16344.532000000007
2026-06-25 19:18:00+00:00,2026-06-25 19:15:00+00:00,2026-06-25 19:30:00+00:00,yes,0.42,500,0.47522935779816516,0.415,0.035229357798165176,11,8.53,1,281.47,16626.002000000008
2026-06-25 19:39:00+00:00,2026-06-25 19:30:00+00:00,2026-06-25 19:45:00+00:00,no,0.20999999999999996,500,0.7384284176533907,0.795,0.0315715823466093,5,5.81,0,389.19,17015.192000000006
2026-06-25 19:48:00+00:00,2026-06-25 19:45:00+00:00,2026-06-25 20:00:00+00:00,no,0.79,430,0.14175654853620956,0.215,0.0482434514637904,11,5.0,1,-344.7,16670.492000000006
2026-06-25 20:00:00+00:00,2026-06-25 20:00:00+00:00,2026-06-25 20:15:00+00:00,yes,0.83,401,0.8820960698689956,0.825,0.04209606986899562,14,3.97,1,64.20000000000002,16734.692000000006
2026-06-25 20:22:00+00:00,2026-06-25 20:15:00+00:00,2026-06-25 20:30:00+00:00,no,0.25,500,0.6874003189792663,0.755,0.04259968102073365,7,6.57,1,-131.57,16603.122000000007
2026-06-25 20:35:00+00:00,2026-06-25 20:30:00+00:00,2026-06-25 20:45:00+00:00,yes,0.22,500,0.2724968314321926,0.215,0.032496831432192605,9,6.01,0,-116.01,16487.11200000001
2026-06-25 20:49:00+00:00,2026-06-25 20:45:00+00:00,2026-06-25 21:00:00+00:00,yes,0.24,500,0.3269230769230769,0.235,0.06692307692307693,10,6.39,0,-126.39,16360.722000000009
2026-06-25 21:06:00+00:00,2026-06-25 21:00:00+00:00,2026-06-25 21:15:00+00:00,yes,0.82,399,0.8820960698689956,0.815,0.042096069868995625,8,4.13,1,67.69,16428.412000000008
2026-06-25 21:45:00+00:00,2026-06-25 21:45:00+00:00,2026-06-25 22:00:00+00:00,no,0.37,500,0.5470085470085471,0.635,0.06299145299145294,14,8.16,1,-193.16,16235.252000000008
2026-06-25 22:00:00+00:00,2026-06-25 22:00:00+00:00,2026-06-25 22:15:00+00:00,no,0.6799999999999999,477,0.24461105904404878,0.325,0.055388940955951274,14,7.27,0,145.37000000000003,16380.622000000008
2026-06-25 22:21:00+00:00,2026-06-25 22:15:00+00:00,2026-06-25 22:30:00+00:00,yes,0.19,500,0.24461105904404878,0.185,0.03461105904404878,8,5.39,0,-100.39,16280.232000000009
2026-06-25 22:41:00+00:00,2026-06-25 22:30:00+00:00,2026-06-25 22:45:00+00:00,no,0.32999999999999996,500,0.606404958677686,0.675,0.04359504132231408,3,7.74,0,327.26,16607.49200000001
2026-06-25 22:48:00+00:00,2026-06-25 22:45:00+00:00,2026-06-25 23:00:00+00:00,no,0.53,500,0.4179254783484391,0.475,0.0320745216515609,11,8.72,1,-273.72,16333.77200000001
2026-06-25 23:00:00+00:00,2026-06-25 23:00:00+00:00,2026-06-25 23:15:00+00:00,no,0.43999999999999995,500,0.5054021608643458,0.5700000000000001,0.0345978391356543,14,8.63,1,-228.62999999999997,16105.14200000001
2026-06-25 23:18:00+00:00,2026-06-25 23:15:00+00:00,2026-06-25 23:30:00+00:00,yes,0.88,366,0.9228215767634855,0.875,0.03282157676348552,11,2.71,1,41.210000000000015,16146.35200000001
2026-06-25 23:32:00+00:00,2026-06-25 23:30:00+00:00,2026-06-25 23:45:00+00:00,no,0.4,500,0.5207667731629394,0.605,0.059233226837060574,12,8.4,0,291.6,16437.95200000001
2026-06-25 23:48:00+00:00,2026-06-25 23:45:00+00:00,2026-06-26 00:00:00+00:00,no,0.85,386,0.09848484848484848,0.155,0.04151515151515151,11,3.45,0,54.45000000000003,16492.40200000001
2026-06-26 00:01:00+00:00,2026-06-26 00:00:00+00:00,2026-06-26 00:15:00+00:00,no,0.54,500,0.37755102040816324,0.46499999999999997,0.06244897959183672,13,8.7,1,-278.7,16213.702000000008
2026-06-26 00:32:00+00:00,2026-06-26 00:30:00+00:00,2026-06-26 00:45:00+00:00,no,0.52,500,0.4179254783484391,0.485,0.042074521651560906,12,8.74,1,-268.74,15944.962000000009
2026-06-26 00:46:00+00:00,2026-06-26 00:45:00+00:00,2026-06-26 01:00:00+00:00,no,0.51,500,0.4179254783484391,0.495,0.052074521651560915,13,8.75,0,236.25,16181.212000000009
2026-06-26 01:12:00+00:00,2026-06-26 01:00:00+00:00,2026-06-26 01:15:00+00:00,yes,0.14,500,0.24461105904404878,0.13,0.09461105904404878,2,4.22,0,-74.22,16106.99200000001
2026-06-26 01:23:00+00:00,2026-06-26 01:15:00+00:00,2026-06-26 01:30:00+00:00,yes,0.095,500,0.14175654853620956,0.0925,0.036756548536209556,6,3.01,0,-50.51,16056.482000000009
2026-06-26 01:45:00+00:00,2026-06-26 01:45:00+00:00,2026-06-26 02:00:00+00:00,yes,0.54,500,0.606404958677686,0.535,0.04640495867768592,14,8.7,1,221.3,16277.782000000008
2026-06-26 02:00:00+00:00,2026-06-26 02:00:00+00:00,2026-06-26 02:15:00+00:00,no,0.43999999999999995,500,0.5054021608643458,0.565,0.0345978391356543,14,8.63,0,271.37,16549.15200000001
2026-06-26 02:15:00+00:00,2026-06-26 02:15:00+00:00,2026-06-26 02:30:00+00:00,yes,0.58,500,0.6555269922879178,0.575,0.05552699228791781,14,8.53,1,201.47,16750.62200000001
2026-06-26 02:31:00+00:00,2026-06-26 02:30:00+00:00,2026-06-26 02:45:00+00:00,yes,0.66,500,0.7384284176533907,0.655,0.0584284176533907,13,7.86,0,-337.86,16412.76200000001
2026-06-26 03:07:00+00:00,2026-06-26 03:00:00+00:00,2026-06-26 03:15:00+00:00,yes,0.65,500,0.7384284176533907,0.645,0.06842841765339071,7,7.97,1,167.03,16579.79200000001
2026-06-26 03:45:00+00:00,2026-06-26 03:45:00+00:00,2026-06-26 04:00:00+00:00,yes,0.82,404,0.8820960698689956,0.815,0.042096069868995625,14,4.18,1,68.54000000000002,16648.33200000001
2026-06-26 04:01:00+00:00,2026-06-26 04:00:00+00:00,2026-06-26 04:15:00+00:00,no,0.5900000000000001,500,0.33787731256085685,0.415,0.05212268743914307,13,8.47,0,196.52999999999994,16844.86200000001
2026-06-26 04:22:00+00:00,2026-06-26 04:15:00+00:00,2026-06-26 04:30:00+00:00,no,0.22999999999999998,500,0.6874003189792663,0.78,0.06259968102073367,7,6.2,1,-121.19999999999999,16723.662000000008
2026-06-26 04:30:00+00:00,2026-06-26 04:30:00+00:00,2026-06-26 04:45:00+00:00,no,0.52,500,0.4179254783484391,0.485,0.042074521651560906,14,8.74,0,231.26,16954.922000000006
2026-06-26 04:45:00+00:00,2026-06-26 04:45:00+00:00,2026-06-26 05:00:00+00:00,no,0.47,500,0.47522935779816516,0.535,0.0347706422018348,14,8.72,0,256.28,17211.202000000005
2026-06-26 05:00:00+00:00,2026-06-26 05:00:00+00:00,2026-06-26 05:15:00+00:00,no,0.5700000000000001,500,0.36774941995359633,0.435,0.0422505800464036,14,8.58,1,-293.58000000000004,16917.622000000003
2026-06-26 05:17:00+00:00,2026-06-26 05:15:00+00:00,2026-06-26 05:30:00+00:00,no,0.45999999999999996,500,0.4897260273972603,0.545,0.03027397260273969,12,8.7,1,-238.69999999999996,16678.922000000002
2026-06-26 05:38:00+00:00,2026-06-26 05:30:00+00:00,2026-06-26 05:45:00+00:00,no,0.5,500,0.4179254783484391,0.505,0.062074521651560924,6,8.75,0,241.25,16920.172000000002
2026-06-26 05:46:00+00:00,2026-06-26 05:45:00+00:00,2026-06-26 06:00:00+00:00,no,0.76,445,0.1792452830188679,0.245,0.0407547169811321,13,5.69,1,-343.89,16576.282000000003
2026-06-26 06:01:00+00:00,2026-06-26 06:00:00+00:00,2026-06-26 06:15:00+00:00,no,0.81,409,0.09587378640776699,0.195,0.07412621359223294,13,4.41,0,73.29999999999998,16649.582000000002
2026-06-26 06:17:00+00:00,2026-06-26 06:15:00+00:00,2026-06-26 06:30:00+00:00,yes,0.55,500,0.606404958677686,0.545,0.03640495867768591,12,8.67,1,216.33,16865.912000000004
2026-06-26 06:33:00+00:00,2026-06-26 06:30:00+00:00,2026-06-26 06:45:00+00:00,no,0.56,500,0.36774941995359633,0.445,0.05225058004640361,11,8.63,1,-288.63,16577.282000000003
2026-06-26 06:45:00+00:00,2026-06-26 06:45:00+00:00,2026-06-26 07:00:00+00:00,no,0.5700000000000001,500,0.33787731256085685,0.435,0.07212268743914309,14,8.58,0,206.41999999999993,16783.702
2026-06-26 07:00:00+00:00,2026-06-26 07:00:00+00:00,2026-06-26 07:15:00+00:00,no,0.55,500,0.36330935251798563,0.455,0.06669064748201438,14,8.67,1,-283.67,16500.032000000003
2026-06-26 07:25:00+00:00,2026-06-26 07:15:00+00:00,2026-06-26 07:30:00+00:00,no,0.20999999999999996,500,0.7384284176533907,0.795,0.0315715823466093,4,5.81,1,-110.80999999999999,16389.222
2026-06-26 07:30:00+00:00,2026-06-26 07:30:00+00:00,2026-06-26 07:45:00+00:00,no,0.41000000000000003,500,0.5207667731629394,0.595,0.049233226837060565,14,8.47,1,-213.47000000000003,16175.752000000002
2026-06-26 07:45:00+00:00,2026-06-26 07:45:00+00:00,2026-06-26 08:00:00+00:00,no,0.77,420,0.1792452830188679,0.235,0.030754716981132097,14,5.21,0,91.38999999999997,16267.142000000002
2026-06-26 08:01:00+00:00,2026-06-26 08:00:00+00:00,2026-06-26 08:15:00+00:00,no,0.78,417,0.14175654853620956,0.225,0.05824345146379041,13,5.01,0,86.73,16353.872000000001
2026-06-26 08:19:00+00:00,2026-06-26 08:15:00+00:00,2026-06-26 08:30:00+00:00,no,0.69,474,0.25806451612903225,0.315,0.0319354838709678,10,7.1,1,-334.16,16019.712000000001
2026-06-26 08:36:00+00:00,2026-06-26 08:30:00+00:00,2026-06-26 08:45:00+00:00,no,0.81,395,0.09848484848484848,0.195,0.07151515151515143,8,4.26,0,70.78999999999995,16090.502
2026-06-26 08:46:00+00:00,2026-06-26 08:45:00+00:00,2026-06-26 09:00:00+00:00,no,0.26,500,0.6874003189792663,0.745,0.03259968102073364,13,6.74,1,-136.74,15953.762
2026-06-26 09:03:00+00:00,2026-06-26 09:00:00+00:00,2026-06-26 09:15:00+00:00,no,0.85,375,0.09848484848484848,0.155,0.04151515151515151,11,3.35,0,52.9,16006.662
2026-06-26 09:19:00+00:00,2026-06-26 09:15:00+00:00,2026-06-26 09:30:00+00:00,yes,0.36,500,0.4179254783484391,0.355,0.03792547834843908,10,8.07,0,-188.07,15818.592
2026-06-26 09:33:00+00:00,2026-06-26 09:30:00+00:00,2026-06-26 09:45:00+00:00,no,0.77,410,0.1792452830188679,0.235,0.030754716981132097,11,5.09,0,89.21000000000001,15907.802
2026-06-26 09:48:00+00:00,2026-06-26 09:45:00+00:00,2026-06-26 10:00:00+00:00,yes,0.18,500,0.24461105904404878,0.175,0.04461105904404879,11,5.17,0,-95.17,15812.632
2026-06-26 10:00:00+00:00,2026-06-26 10:00:00+00:00,2026-06-26 10:15:00+00:00,yes,0.51,500,0.606404958677686,0.505,0.07640495867768594,14,8.75,1,236.25,16048.882
2026-06-26 10:17:00+00:00,2026-06-26 10:15:00+00:00,2026-06-26 10:30:00+00:00,yes,0.58,500,0.6432748538011694,0.575,0.04327485380116948,12,8.53,0,-298.53,15750.351999999999
2026-06-26 10:30:00+00:00,2026-06-26 10:30:00+00:00,2026-06-26 10:45:00+00:00,yes,0.45,500,0.5054021608643458,0.445,0.035402160864345736,14,8.67,0,-233.67,15516.681999999999
2026-06-26 10:46:00+00:00,2026-06-26 10:45:00+00:00,2026-06-26 11:00:00+00:00,yes,0.25,500,0.33787731256085685,0.245,0.06787731256085684,13,6.57,0,-131.57,15385.112
2026-06-26 11:00:00+00:00,2026-06-26 11:00:00+00:00,2026-06-26 11:15:00+00:00,yes,0.45,500,0.5207667731629394,0.445,0.050766773162939385,14,8.67,1,266.33,15651.442
2026-06-26 11:17:00+00:00,2026-06-26 11:15:00+00:00,2026-06-26 11:30:00+00:00,yes,0.18,500,0.2724968314321926,0.16999999999999998,0.07249683143219261,12,5.17,0,-95.17,15556.271999999999
2026-06-26 11:40:00+00:00,2026-06-26 11:30:00+00:00,2026-06-26 11:45:00+00:00,no,0.32999999999999996,500,0.606404958677686,0.675,0.04359504132231408,4,7.74,1,-172.73999999999998,15383.532
2026-06-26 12:16:00+00:00,2026-06-26 12:15:00+00:00,2026-06-26 12:30:00+00:00,yes,0.72,427,0.8114355231143552,0.715,0.0714355231143552,13,6.03,1,113.53,15497.062
2026-06-26 12:30:00+00:00,2026-06-26 12:30:00+00:00,2026-06-26 12:45:00+00:00,no,0.5,500,0.4179254783484391,0.51,0.062074521651560924,14,8.75,0,241.25,15738.312
2026-06-26 12:45:00+00:00,2026-06-26 12:45:00+00:00,2026-06-26 13:00:00+00:00,yes,0.79,398,0.8820960698689956,0.785,0.07209606986899554,14,4.63,1,78.94999999999999,15817.262
2026-06-26 13:00:00+00:00,2026-06-26 13:00:00+00:00,2026-06-26 13:15:00+00:00,yes,0.49,500,0.5470085470085471,0.485,0.03700854700854707,14,8.75,0,-253.75,15563.512
2026-06-26 13:16:00+00:00,2026-06-26 13:15:00+00:00,2026-06-26 13:30:00+00:00,yes,0.36,500,0.4179254783484391,0.355,0.03792547834843908,13,8.07,0,-188.07,15375.442000000001
2026-06-26 13:30:00+00:00,2026-06-26 13:30:00+00:00,2026-06-26 13:45:00+00:00,yes,0.59,500,0.6432748538011694,0.585,0.03327485380116947,14,8.47,1,196.53,15571.972000000002
2026-06-26 14:00:00+00:00,2026-06-26 14:00:00+00:00,2026-06-26 14:15:00+00:00,no,0.51,500,0.36330935251798563,0.495,0.10669064748201441,14,8.75,0,236.25,15808.222000000002
2026-06-26 14:17:00+00:00,2026-06-26 14:15:00+00:00,2026-06-26 14:30:00+00:00,no,0.64,494,0.3076923076923077,0.365,0.03230769230769227,12,7.97,1,-324.13000000000005,15484.092000000002
2026-06-26 14:33:00+00:00,2026-06-26 14:30:00+00:00,2026-06-26 14:45:00+00:00,no,0.86,360,0.09848484848484848,0.14500000000000002,0.0315151515151515,11,3.04,0,47.35999999999998,15531.452000000003
2026-06-26 14:48:00+00:00,2026-06-26 14:45:00+00:00,2026-06-26 15:00:00+00:00,yes,0.87,357,0.9228215767634855,0.865,0.04282157676348553,11,2.83,1,43.58000000000003,15575.032000000003
2026-06-26 15:02:00+00:00,2026-06-26 15:00:00+00:00,2026-06-26 15:15:00+00:00,yes,0.6,500,0.6555269922879178,0.595,0.035526992287917794,12,8.4,1,191.6,15766.632000000003
2026-06-26 15:50:00+00:00,2026-06-26 15:45:00+00:00,2026-06-26 16:00:00+00:00,no,0.61,500,0.33787731256085685,0.395,0.03212268743914316,9,8.33,0,186.67,15953.302000000003
2026-06-26 16:01:00+00:00,2026-06-26 16:00:00+00:00,2026-06-26 16:15:00+00:00,no,0.38,500,0.5470085470085471,0.625,0.05299145299145293,13,8.25,0,301.75,16255.052000000003
2026-06-26 16:26:00+00:00,2026-06-26 16:15:00+00:00,2026-06-26 16:30:00+00:00,yes,0.014,500,0.05847953216374269,0.0135,0.034479532163742686,3,0.49,0,-7.49,16247.562000000004
2026-06-26 16:31:00+00:00,2026-06-26 16:30:00+00:00,2026-06-26 16:45:00+00:00,yes,0.68,477,0.7384284176533907,0.675,0.03842841765339068,13,7.27,1,145.36999999999998,16392.932000000004
2026-06-26 16:46:00+00:00,2026-06-26 16:45:00+00:00,2026-06-26 17:00:00+00:00,yes,0.42,500,0.4897260273972603,0.415,0.0497260273972603,13,8.53,0,-218.53,16174.402000000004
2026-06-26 17:05:00+00:00,2026-06-26 17:00:00+00:00,2026-06-26 17:15:00+00:00,yes,0.83,389,0.875,0.825,0.03500000000000004,9,3.85,1,62.279999999999994,16236.682000000004
2026-06-26 17:32:00+00:00,2026-06-26 17:30:00+00:00,2026-06-26 17:45:00+00:00,no,0.53,500,0.4179254783484391,0.475,0.0320745216515609,12,8.72,0,226.28,16462.962000000003
2026-06-26 17:58:00+00:00,2026-06-26 17:45:00+00:00,2026-06-26 18:00:00+00:00,yes,0.052,500,0.24461105904404878,0.0515,0.18261105904404878,1,1.73,0,-27.73,16435.232000000004
2026-06-26 18:06:00+00:00,2026-06-26 18:00:00+00:00,2026-06-26 18:15:00+00:00,yes,0.8,410,0.8820960698689956,0.795,0.06209606986899553,8,4.6,1,77.4,16512.632000000005
2026-06-26 18:23:00+00:00,2026-06-26 18:15:00+00:00,2026-06-26 18:30:00+00:00,yes,0.18,500,0.24461105904404878,0.175,0.04461105904404879,6,5.17,0,-95.17,16417.462000000007
2026-06-26 18:32:00+00:00,2026-06-26 18:30:00+00:00,2026-06-26 18:45:00+00:00,yes,0.43,500,0.5054021608643458,0.425,0.055402160864345754,12,8.58,0,-223.58,16193.882000000007
2026-06-26 19:15:00+00:00,2026-06-26 19:15:00+00:00,2026-06-26 19:30:00+00:00,yes,0.3,500,0.36330935251798563,0.295,0.043309352517985636,14,7.35,0,-157.35,16036.532000000007
2026-06-26 19:35:00+00:00,2026-06-26 19:30:00+00:00,2026-06-26 19:45:00+00:00,no,0.16000000000000003,500,0.7576687116564419,0.845,0.07233128834355808,9,4.71,0,415.29,16451.822000000007
2026-06-26 19:45:00+00:00,2026-06-26 19:45:00+00:00,2026-06-26 20:00:00+00:00,yes,0.45,500,0.5054021608643458,0.445,0.035402160864345736,14,8.67,0,-233.67,16218.152000000007
2026-06-26 20:00:00+00:00,2026-06-26 20:00:00+00:00,2026-06-26 20:15:00+00:00,yes,0.58,500,0.6874003189792663,0.575,0.08740031897926638,14,8.53,0,-298.53,15919.622000000007
2026-06-26 20:31:00+00:00,2026-06-26 20:30:00+00:00,2026-06-26 20:45:00+00:00,no,0.85,374,0.09848484848484848,0.155,0.04151515151515151,13,3.34,0,52.76000000000002,15972.382000000007
2026-06-26 20:54:00+00:00,2026-06-26 20:45:00+00:00,2026-06-26 21:00:00+00:00,no,0.07199999999999995,500,0.8842315369261478,0.9285000000000001,0.03376846307385229,5,2.34,1,-38.339999999999975,15934.042000000007
2026-06-26 21:12:00+00:00,2026-06-26 21:00:00+00:00,2026-06-26 21:15:00+00:00,yes,0.46,500,0.5207667731629394,0.455,0.040766773162939376,2,8.7,1,261.3,16195.342000000006
2026-06-26 21:22:00+00:00,2026-06-26 21:15:00+00:00,2026-06-26 21:30:00+00:00,yes,0.82,395,0.8820960698689956,0.81,0.042096069868995625,7,4.09,1,67.01000000000002,16262.352000000006
2026-06-26 21:31:00+00:00,2026-06-26 21:30:00+00:00,2026-06-26 21:45:00+00:00,yes,0.68,478,0.7576687116564419,0.675,0.05766871165644184,13,7.29,1,145.67,16408.022000000004
2026-06-26 21:47:00+00:00,2026-06-26 21:45:00+00:00,2026-06-26 22:00:00+00:00,no,0.8,410,0.14175654853620956,0.20500000000000002,0.03824345146379039,12,4.6,0,77.4,16485.422000000006
2026-06-26 22:08:00+00:00,2026-06-26 22:00:00+00:00,2026-06-26 22:15:00+00:00,yes,0.13,500,0.1792452830188679,0.125,0.039245283018867906,6,3.96,0,-68.96,16416.462000000007
2026-06-26 22:28:00+00:00,2026-06-26 22:15:00+00:00,2026-06-26 22:30:00+00:00,no,0.02400000000000002,500,0.9228215767634855,0.978,0.04317842323651445,1,0.82,1,-12.820000000000011,16403.642000000007
2026-06-26 22:30:00+00:00,2026-06-26 22:30:00+00:00,2026-06-26 22:45:00+00:00,no,0.5700000000000001,500,0.36774941995359633,0.435,0.0422505800464036,14,8.58,1,-293.58000000000004,16110.062000000007
2026-06-26 22:45:00+00:00,2026-06-26 22:45:00+00:00,2026-06-26 23:00:00+00:00,no,0.6599999999999999,488,0.2892857142857143,0.345,0.03071428571428571,14,7.67,1,-329.75,15780.312000000007
2026-06-26 23:00:00+00:00,2026-06-26 23:00:00+00:00,2026-06-26 23:15:00+00:00,no,0.48,500,0.4179254783484391,0.525,0.08207452165156094,14,8.74,1,-248.74,15531.572000000007
2026-06-26 23:15:00+00:00,2026-06-26 23:15:00+00:00,2026-06-26 23:30:00+00:00,no,0.51,500,0.4179254783484391,0.495,0.052074521651560915,14,8.75,0,236.25,15767.822000000007
2026-06-26 23:47:00+00:00,2026-06-26 23:45:00+00:00,2026-06-27 00:00:00+00:00,no,0.52,500,0.4179254783484391,0.485,0.042074521651560906,12,8.74,1,-268.74,15499.082000000008
2026-06-27 00:01:00+00:00,2026-06-27 00:00:00+00:00,2026-06-27 00:15:00+00:00,no,0.61,500,0.33787731256085685,0.395,0.03212268743914316,13,8.33,1,-313.33,15185.752000000008
2026-06-27 00:15:00+00:00,2026-06-27 00:15:00+00:00,2026-06-27 00:30:00+00:00,no,0.7,433,0.24461105904404878,0.305,0.035388940955951256,14,6.37,0,123.53000000000003,15309.282000000008
2026-06-27 00:31:00+00:00,2026-06-27 00:30:00+00:00,2026-06-27 00:45:00+00:00,no,0.85,360,0.09587378640776699,0.155,0.04412621359223302,13,3.22,0,50.78,15360.062000000009
2026-06-27 00:46:00+00:00,2026-06-27 00:45:00+00:00,2026-06-27 01:00:00+00:00,no,0.44999999999999996,500,0.4897260273972603,0.555,0.0402739726027397,13,8.67,1,-233.66999999999996,15126.392000000009
2026-06-27 01:00:00+00:00,2026-06-27 01:00:00+00:00,2026-06-27 01:15:00+00:00,no,0.45999999999999996,500,0.4179254783484391,0.545,0.10207452165156096,14,8.7,0,261.3,15387.692000000008
2026-06-27 01:16:00+00:00,2026-06-27 01:15:00+00:00,2026-06-27 01:30:00+00:00,yes,0.42,500,0.47522935779816516,0.415,0.035229357798165176,13,8.53,1,281.47,15669.162000000008
2026-06-27 01:30:00+00:00,2026-06-27 01:30:00+00:00,2026-06-27 01:45:00+00:00,no,0.64,489,0.30434782608695654,0.365,0.03565217391304344,14,7.89,0,168.15000000000003,15837.312000000007
2026-06-27 01:47:00+00:00,2026-06-27 01:45:00+00:00,2026-06-27 02:00:00+00:00,yes,0.48,500,0.5470085470085471,0.475,0.04700854700854708,12,8.74,0,-248.74,15588.572000000007
2026-06-27 02:07:00+00:00,2026-06-27 02:00:00+00:00,2026-06-27 02:15:00+00:00,yes,0.74,421,0.8057142857142857,0.735,0.04571428571428572,7,5.68,1,103.77999999999997,15692.352000000008
2026-06-27 02:34:00+00:00,2026-06-27 02:30:00+00:00,2026-06-27 02:45:00+00:00,no,0.52,500,0.4179254783484391,0.485,0.042074521651560906,10,8.74,0,231.26,15923.612000000008
2026-06-27 03:03:00+00:00,2026-06-27 03:00:00+00:00,2026-06-27 03:15:00+00:00,no,0.4,500,0.5470085470085471,0.605,0.03299145299145291,11,8.4,0,291.6,16215.212000000009
2026-06-27 03:15:00+00:00,2026-06-27 03:15:00+00:00,2026-06-27 03:30:00+00:00,no,0.32999999999999996,500,0.606404958677686,0.675,0.04359504132231408,14,7.74,1,-172.73999999999998,16042.472000000009
2026-06-27 03:30:00+00:00,2026-06-27 03:30:00+00:00,2026-06-27 03:45:00+00:00,no,0.38,500,0.5470085470085471,0.625,0.05299145299145293,14,8.25,0,301.75,16344.222000000009
2026-06-27 03:53:00+00:00,2026-06-27 03:45:00+00:00,2026-06-27 04:00:00+00:00,yes,0.18,500,0.2724968314321926,0.175,0.07249683143219261,6,5.17,0,-95.17,16249.052000000009
2026-06-27 04:15:00+00:00,2026-06-27 04:15:00+00:00,2026-06-27 04:30:00+00:00,no,0.6599999999999999,492,0.2892857142857143,0.345,0.03071428571428571,14,7.73,0,159.55000000000004,16408.60200000001
2026-06-27 04:30:00+00:00,2026-06-27 04:30:00+00:00,2026-06-27 04:45:00+00:00,no,0.53,500,0.4179254783484391,0.475,0.0320745216515609,14,8.72,0,226.28,16634.88200000001
2026-06-27 04:49:00+00:00,2026-06-27 04:45:00+00:00,2026-06-27 05:00:00+00:00,no,0.84,396,0.09587378640776699,0.165,0.054126213592233026,10,3.73,0,59.63000000000002,16694.51200000001
2026-06-27 05:05:00+00:00,2026-06-27 05:00:00+00:00,2026-06-27 05:15:00+00:00,no,0.41000000000000003,500,0.5384615384615384,0.595,0.03153846153846153,9,8.47,1,-213.47000000000003,16481.04200000001
2026-06-27 05:15:00+00:00,2026-06-27 05:15:00+00:00,2026-06-27 05:30:00+00:00,no,0.6599999999999999,499,0.2724968314321926,0.345,0.047503168567807466,14,7.84,0,161.82000000000002,16642.86200000001
2026-06-27 05:30:00+00:00,2026-06-27 05:30:00+00:00,2026-06-27 05:45:00+00:00,no,0.39,500,0.5470085470085471,0.615,0.04299145299145292,14,8.33,1,-203.33,16439.532000000007
2026-06-27 05:45:00+00:00,2026-06-27 05:45:00+00:00,2026-06-27 06:00:00+00:00,no,0.42000000000000004,500,0.4897260273972603,0.59,0.07027397260273961,14,8.53,1,-218.53000000000003,16221.002000000006
2026-06-27 06:03:00+00:00,2026-06-27 06:00:00+00:00,2026-06-27 06:15:00+00:00,yes,0.18,500,0.24461105904404878,0.16999999999999998,0.04461105904404879,11,5.17,0,-95.17,16125.832000000006
2026-06-27 06:19:00+00:00,2026-06-27 06:15:00+00:00,2026-06-27 06:30:00+00:00,yes,0.75,430,0.8057142857142857,0.745,0.03571428571428571,10,5.65,1,101.85,16227.682000000006
2026-06-27 06:30:00+00:00,2026-06-27 06:30:00+00:00,2026-06-27 06:45:00+00:00,yes,0.81,400,0.8820960698689956,0.805,0.05209606986899552,14,4.31,1,71.69,16299.372000000007
2026-06-27 06:45:00+00:00,2026-06-27 06:45:00+00:00,2026-06-27 07:00:00+00:00,yes,0.53,500,0.606404958677686,0.525,0.056404958677685926,14,8.72,0,-273.72,16025.652000000007
2026-06-27 07:03:00+00:00,2026-06-27 07:00:00+00:00,2026-06-27 07:15:00+00:00,yes,0.25,500,0.3269230769230769,0.245,0.05692307692307692,11,6.57,0,-131.57,15894.082000000008
2026-06-27 07:36:00+00:00,2026-06-27 07:30:00+00:00,2026-06-27 07:45:00+00:00,yes,0.3,500,0.36330935251798563,0.295,0.043309352517985636,8,7.35,1,342.65,16236.732000000007
2026-06-27 07:45:00+00:00,2026-06-27 07:45:00+00:00,2026-06-27 08:00:00+00:00,yes,0.56,500,0.6555269922879178,0.555,0.07552699228791772,14,8.63,1,211.37,16448.102000000006
2026-06-27 08:09:00+00:00,2026-06-27 08:00:00+00:00,2026-06-27 08:15:00+00:00,yes,0.19,500,0.24461105904404878,0.185,0.03461105904404878,5,5.39,0,-100.39,16347.712000000007
2026-06-27 08:16:00+00:00,2026-06-27 08:15:00+00:00,2026-06-27 08:30:00+00:00,no,0.39,500,0.5470085470085471,0.615,0.04299145299145292,13,8.33,0,296.67,16644.382000000005
2026-06-27 08:30:00+00:00,2026-06-27 08:30:00+00:00,2026-06-27 08:45:00+00:00,no,0.43999999999999995,500,0.5054021608643458,0.565,0.0345978391356543,14,8.63,0,271.37,16915.752000000004
2026-06-27 09:08:00+00:00,2026-06-27 09:00:00+00:00,2026-06-27 09:15:00+00:00,yes,0.57,500,0.6432748538011694,0.565,0.05327485380116949,6,8.58,0,-293.58,16622.172000000002
2026-06-27 09:22:00+00:00,2026-06-27 09:15:00+00:00,2026-06-27 09:30:00+00:00,yes,0.18,500,0.2724968314321926,0.175,0.07249683143219261,7,5.17,1,404.83,17027.002000000004
2026-06-27 09:30:00+00:00,2026-06-27 09:30:00+00:00,2026-06-27 09:45:00+00:00,no,0.43000000000000005,500,0.5054021608643458,0.575,0.044597839135654196,14,8.58,1,-223.58000000000004,16803.422000000002
2026-06-27 09:45:00+00:00,2026-06-27 09:45:00+00:00,2026-06-27 10:00:00+00:00,yes,0.62,500,0.6874003189792663,0.615,0.047400318979266345,14,8.25,1,181.75,16985.172000000002
2026-06-27 10:04:00+00:00,2026-06-27 10:00:00+00:00,2026-06-27 10:15:00+00:00,yes,0.49,500,0.606404958677686,0.485,0.09640495867768596,10,8.75,1,246.25,17231.422000000002
2026-06-27 10:18:00+00:00,2026-06-27 10:15:00+00:00,2026-06-27 10:30:00+00:00,no,0.65,500,0.2892857142857143,0.355,0.040714285714285606,11,7.97,0,167.03,17398.452
2026-06-27 10:30:00+00:00,2026-06-27 10:30:00+00:00,2026-06-27 10:45:00+00:00,no,0.5900000000000001,500,0.33787731256085685,0.415,0.05212268743914307,14,8.47,0,196.52999999999994,17594.982
2026-06-27 10:45:00+00:00,2026-06-27 10:45:00+00:00,2026-06-27 11:00:00+00:00,no,0.43999999999999995,500,0.5054021608643458,0.565,0.0345978391356543,14,8.63,0,271.37,17866.352
2026-06-27 11:01:00+00:00,2026-06-27 11:00:00+00:00,2026-06-27 11:15:00+00:00,no,0.51,500,0.4179254783484391,0.495,0.052074521651560915,13,8.75,0,236.25,18102.602
2026-06-27 11:36:00+00:00,2026-06-27 11:30:00+00:00,2026-06-27 11:45:00+00:00,yes,0.55,500,0.606404958677686,0.545,0.03640495867768591,8,8.67,1,216.33,18318.932
2026-06-27 11:50:00+00:00,2026-06-27 11:45:00+00:00,2026-06-27 12:00:00+00:00,no,0.15000000000000002,500,0.8057142857142857,0.855,0.03428571428571426,9,4.47,1,-79.47000000000001,18239.462
2026-06-27 12:01:00+00:00,2026-06-27 12:00:00+00:00,2026-06-27 12:15:00+00:00,no,0.5700000000000001,500,0.36774941995359633,0.435,0.0422505800464036,13,8.58,0,206.41999999999993,18445.881999999998
2026-06-27 12:22:00+00:00,2026-06-27 12:15:00+00:00,2026-06-27 12:30:00+00:00,no,0.19999999999999996,500,0.7384284176533907,0.805,0.041571582346609307,7,5.6,1,-105.59999999999997,18340.282
2026-06-27 12:31:00+00:00,2026-06-27 12:30:00+00:00,2026-06-27 12:45:00+00:00,yes,0.79,464,0.8820960698689956,0.785,0.07209606986899554,13,5.39,1,92.05,18432.332
2026-06-27 12:51:00+00:00,2026-06-27 12:45:00+00:00,2026-06-27 13:00:00+00:00,yes,0.82,449,0.8820960698689956,0.815,0.042096069868995625,8,4.64,1,76.18000000000005,18508.512
2026-06-27 13:04:00+00:00,2026-06-27 13:00:00+00:00,2026-06-27 13:15:00+00:00,no,0.42000000000000004,500,0.5054021608643458,0.585,0.054597839135654205,10,8.53,1,-218.53000000000003,18289.982
2026-06-27 13:16:00+00:00,2026-06-27 13:15:00+00:00,2026-06-27 13:30:00+00:00,no,0.65,500,0.2892857142857143,0.355,0.040714285714285606,13,7.97,1,-332.97,17957.012
2026-06-27 13:30:00+00:00,2026-06-27 13:30:00+00:00,2026-06-27 13:45:00+00:00,no,0.53,500,0.4179254783484391,0.475,0.0320745216515609,14,8.72,1,-273.72,17683.291999999998
2026-06-27 14:06:00+00:00,2026-06-27 14:00:00+00:00,2026-06-27 14:15:00+00:00,yes,0.27,500,0.3269230769230769,0.265,0.036923076923076906,8,6.9,1,358.1,18041.391999999996
2026-06-27 14:22:00+00:00,2026-06-27 14:15:00+00:00,2026-06-27 14:30:00+00:00,yes,0.038,500,0.09587378640776699,0.0375,0.04787378640776699,7,1.28,0,-20.28,18021.111999999997
2026-06-27 14:30:00+00:00,2026-06-27 14:30:00+00:00,2026-06-27 14:45:00+00:00,no,0.43999999999999995,500,0.5054021608643458,0.565,0.0345978391356543,14,8.63,1,-228.62999999999997,17792.481999999996
2026-06-27 14:55:00+00:00,2026-06-27 14:45:00+00:00,2026-06-27 15:00:00+00:00,yes,0.11,500,0.1792452830188679,0.10500000000000001,0.05924528301886791,4,3.43,0,-58.43,17734.051999999996
2026-06-27 15:17:00+00:00,2026-06-27 15:15:00+00:00,2026-06-27 15:30:00+00:00,no,0.85,417,0.09587378640776699,0.155,0.04412621359223302,12,3.73,0,58.820000000000014,17792.871999999996
2026-06-27 15:33:00+00:00,2026-06-27 15:30:00+00:00,2026-06-27 15:45:00+00:00,no,0.52,500,0.4179254783484391,0.485,0.042074521651560906,11,8.74,0,231.26,18024.131999999994
2026-06-27 15:49:00+00:00,2026-06-27 15:45:00+00:00,2026-06-27 16:00:00+00:00,no,0.53,500,0.4179254783484391,0.475,0.0320745216515609,10,8.72,1,-273.72,17750.411999999993
2026-06-27 16:02:00+00:00,2026-06-27 16:00:00+00:00,2026-06-27 16:15:00+00:00,no,0.64,500,0.2724968314321926,0.365,0.06750316856780737,12,8.07,0,171.93,17922.341999999993
2026-06-27 16:26:00+00:00,2026-06-27 16:15:00+00:00,2026-06-27 16:30:00+00:00,yes,0.015,500,0.05847953216374269,0.0135,0.033479532163742685,3,0.52,0,-8.02,17914.321999999993
2026-06-27 16:33:00+00:00,2026-06-27 16:30:00+00:00,2026-06-27 16:45:00+00:00,no,0.6699999999999999,500,0.2724968314321926,0.335,0.03750316856780746,11,7.74,1,-342.73999999999995,17571.58199999999
2026-06-27 16:45:00+00:00,2026-06-27 16:45:00+00:00,2026-06-27 17:00:00+00:00,no,0.5700000000000001,500,0.36774941995359633,0.435,0.0422505800464036,14,8.58,1,-293.58000000000004,17278.00199999999
2026-06-27 17:21:00+00:00,2026-06-27 17:15:00+00:00,2026-06-27 17:30:00+00:00,no,0.25,500,0.6874003189792663,0.76,0.04259968102073365,8,6.57,1,-131.57,17146.43199999999
2026-06-27 17:40:00+00:00,2026-06-27 17:30:00+00:00,2026-06-27 17:45:00+00:00,no,0.18999999999999995,500,0.7384284176533907,0.815,0.051571582346609315,4,5.39,1,-100.38999999999997,17046.04199999999
2026-06-27 17:52:00+00:00,2026-06-27 17:45:00+00:00,2026-06-27 18:00:00+00:00,no,0.32999999999999996,500,0.606404958677686,0.675,0.04359504132231408,7,7.74,0,327.26,17373.30199999999
2026-06-27 18:03:00+00:00,2026-06-27 18:00:00+00:00,2026-06-27 18:15:00+00:00,no,0.84,413,0.09587378640776699,0.165,0.054126213592233026,11,3.89,0,62.19000000000004,17435.491999999987
2026-06-27 18:25:00+00:00,2026-06-27 18:15:00+00:00,2026-06-27 18:30:00+00:00,yes,0.12,500,0.17857142857142858,0.11499999999999999,0.04857142857142858,4,3.7,0,-63.7,17371.791999999987
2026-06-27 18:35:00+00:00,2026-06-27 18:30:00+00:00,2026-06-27 18:45:00+00:00,yes,0.88,394,0.9228215767634855,0.875,0.03282157676348552,9,2.92,1,44.35999999999997,17416.151999999987
2026-06-27 18:45:00+00:00,2026-06-27 18:45:00+00:00,2026-06-27 19:00:00+00:00,no,0.47,500,0.4179254783484391,0.535,0.09207452165156095,14,8.72,0,256.28,17672.431999999986
2026-06-27 19:00:00+00:00,2026-06-27 19:00:00+00:00,2026-06-27 19:15:00+00:00,no,0.33999999999999997,500,0.606404958677686,0.665,0.03359504132231407,14,7.86,1,-177.85999999999999,17494.571999999986
2026-06-27 19:15:00+00:00,2026-06-27 19:15:00+00:00,2026-06-27 19:30:00+00:00,no,0.6,500,0.33787731256085685,0.405,0.04212268743914317,14,8.4,0,191.6,17686.171999999984
2026-06-27 19:32:00+00:00,2026-06-27 19:30:00+00:00,2026-06-27 19:45:00+00:00,no,0.86,411,0.09587378640776699,0.14500000000000002,0.03412621359223301,12,3.47,0,54.07000000000002,17740.241999999984
2026-06-27 19:57:00+00:00,2026-06-27 19:45:00+00:00,2026-06-27 20:00:00+00:00,yes,0.2,500,0.2724968314321926,0.195,0.052496831432192595,2,5.6,0,-105.6,17634.641999999985
2026-06-27 20:23:00+00:00,2026-06-27 20:15:00+00:00,2026-06-27 20:30:00+00:00,yes,0.59,500,0.6432748538011694,0.585,0.03327485380116947,6,8.47,1,196.53,17831.171999999984
2026-06-27 20:33:00+00:00,2026-06-27 20:30:00+00:00,2026-06-27 20:45:00+00:00,no,0.51,500,0.4179254783484391,0.495,0.052074521651560915,11,8.75,0,236.25,18067.421999999984
2026-06-27 20:47:00+00:00,2026-06-27 20:45:00+00:00,2026-06-27 21:00:00+00:00,yes,0.81,446,0.8842315369261478,0.805,0.0542315369261477,12,4.81,1,79.92999999999995,18147.351999999984
2026-06-27 21:01:00+00:00,2026-06-27 21:00:00+00:00,2026-06-27 21:15:00+00:00,yes,0.83,437,0.8842315369261478,0.825,0.04423153692614779,13,4.32,1,69.97000000000003,18217.321999999986
2026-06-27 21:15:00+00:00,2026-06-27 21:15:00+00:00,2026-06-27 21:30:00+00:00,no,0.56,500,0.36774941995359633,0.445,0.05225058004640361,14,8.63,1,-288.63,17928.691999999985
2026-06-27 21:32:00+00:00,2026-06-27 21:30:00+00:00,2026-06-27 21:45:00+00:00,no,0.33999999999999997,500,0.606404958677686,0.67,0.03359504132231407,12,7.86,0,322.14,18250.831999999984
2026-06-27 21:45:00+00:00,2026-06-27 21:45:00+00:00,2026-06-27 22:00:00+00:00,yes,0.55,500,0.606404958677686,0.545,0.03640495867768591,14,8.67,0,-283.67,17967.161999999986
2026-06-27 22:03:00+00:00,2026-06-27 22:00:00+00:00,2026-06-27 22:15:00+00:00,no,0.83,432,0.09848484848484848,0.175,0.06151515151515153,11,4.27,0,69.17,18036.331999999984
2026-06-27 22:15:00+00:00,2026-06-27 22:15:00+00:00,2026-06-27 22:30:00+00:00,yes,0.19,500,0.24461105904404878,0.185,0.03461105904404878,14,5.39,1,399.61,18435.941999999985
2026-06-27 22:42:00+00:00,2026-06-27 22:30:00+00:00,2026-06-27 22:45:00+00:00,no,0.08499999999999996,500,0.7576687116564419,0.916,0.14733128834355813,2,2.73,1,-45.22999999999998,18390.711999999985
2026-06-27 22:53:00+00:00,2026-06-27 22:45:00+00:00,2026-06-27 23:00:00+00:00,no,0.26,500,0.6730769230769231,0.745,0.04692307692307686,6,6.74,1,-136.74,18253.971999999983
2026-06-27 23:06:00+00:00,2026-06-27 23:00:00+00:00,2026-06-27 23:15:00+00:00,yes,0.84,434,0.8820960698689956,0.835,0.03209606986899561,8,4.09,0,-368.65,17885.321999999982
2026-06-27 23:55:00+00:00,2026-06-27 23:45:00+00:00,2026-06-28 00:00:00+00:00,yes,0.55,500,0.606404958677686,0.545,0.03640495867768591,4,8.67,0,-283.67,17601.651999999984
2026-06-28 00:00:00+00:00,2026-06-28 00:00:00+00:00,2026-06-28 00:15:00+00:00,no,0.39,500,0.5470085470085471,0.62,0.04299145299145292,14,8.33,1,-203.33,17398.321999999982
2026-06-28 00:39:00+00:00,2026-06-28 00:30:00+00:00,2026-06-28 00:45:00+00:00,yes,0.21,500,0.3076923076923077,0.20500000000000002,0.07769230769230771,5,5.81,0,-110.81,17287.51199999998
2026-06-28 00:45:00+00:00,2026-06-28 00:45:00+00:00,2026-06-28 01:00:00+00:00,no,0.42000000000000004,500,0.47522935779816516,0.585,0.08477064220183474,14,8.53,1,-218.53000000000003,17068.98199999998
2026-06-28 01:01:00+00:00,2026-06-28 01:00:00+00:00,2026-06-28 01:15:00+00:00,yes,0.42,500,0.4897260273972603,0.415,0.0497260273972603,13,8.53,0,-218.53,16850.451999999983
2026-06-28 01:15:00+00:00,2026-06-28 01:15:00+00:00,2026-06-28 01:30:00+00:00,no,0.4,500,0.5470085470085471,0.605,0.03299145299145291,14,8.4,1,-208.4,16642.05199999998
2026-06-28 01:39:00+00:00,2026-06-28 01:30:00+00:00,2026-06-28 01:45:00+00:00,no,0.17000000000000004,500,0.7576687116564419,0.835,0.06233128834355806,5,4.94,1,-89.94000000000001,16552.111999999983
2026-06-28 01:45:00+00:00,2026-06-28 01:45:00+00:00,2026-06-28 02:00:00+00:00,no,0.56,500,0.36774941995359633,0.445,0.05225058004640361,14,8.63,0,211.37,16763.48199999998
2026-06-28 02:03:00+00:00,2026-06-28 02:00:00+00:00,2026-06-28 02:15:00+00:00,yes,0.83,403,0.8820960698689956,0.825,0.04209606986899562,11,3.99,1,64.52,16828.001999999982
2026-06-28 02:15:00+00:00,2026-06-28 02:15:00+00:00,2026-06-28 02:30:00+00:00,no,0.53,500,0.4179254783484391,0.475,0.0320745216515609,14,8.72,0,226.28,17054.28199999998
2026-06-28 02:37:00+00:00,2026-06-28 02:30:00+00:00,2026-06-28 02:45:00+00:00,no,0.18999999999999995,500,0.7576687116564419,0.815,0.032331288343558154,7,5.39,1,-100.38999999999997,16953.89199999998
2026-06-28 02:46:00+00:00,2026-06-28 02:45:00+00:00,2026-06-28 03:00:00+00:00,no,0.33999999999999997,500,0.606404958677686,0.665,0.03359504132231407,13,7.86,1,-177.85999999999999,16776.03199999998
2026-06-28 03:01:00+00:00,2026-06-28 03:00:00+00:00,2026-06-28 03:15:00+00:00,yes,0.59,500,0.6432748538011694,0.585,0.03327485380116947,13,8.47,1,196.53,16972.56199999998
2026-06-28 03:23:00+00:00,2026-06-28 03:15:00+00:00,2026-06-28 03:30:00+00:00,yes,0.41,500,0.47522935779816516,0.405,0.045229357798165185,6,8.47,1,286.53,17259.09199999998
2026-06-28 03:30:00+00:00,2026-06-28 03:30:00+00:00,2026-06-28 03:45:00+00:00,no,0.53,500,0.4179254783484391,0.475,0.0320745216515609,14,8.72,0,226.28,17485.371999999978
2026-06-28 03:55:00+00:00,2026-06-28 03:45:00+00:00,2026-06-28 04:00:00+00:00,yes,0.17,500,0.24461105904404878,0.165,0.06461105904404878,4,4.94,1,410.06,17895.43199999998
2026-06-28 04:01:00+00:00,2026-06-28 04:00:00+00:00,2026-06-28 04:15:00+00:00,yes,0.55,500,0.606404958677686,0.545,0.03640495867768591,13,8.67,1,216.33,18111.76199999998
2026-06-28 04:18:00+00:00,2026-06-28 04:15:00+00:00,2026-06-28 04:30:00+00:00,no,0.41000000000000003,500,0.5207667731629394,0.595,0.049233226837060565,11,8.47,0,286.53,18398.29199999998
2026-06-28 04:31:00+00:00,2026-06-28 04:30:00+00:00,2026-06-28 04:45:00+00:00,no,0.7,500,0.24461105904404878,0.305,0.035388940955951256,13,7.35,0,142.65,18540.94199999998
2026-06-28 04:45:00+00:00,2026-06-28 04:45:00+00:00,2026-06-28 05:00:00+00:00,no,0.54,500,0.3804347826086957,0.46499999999999997,0.059565217391304284,14,8.7,0,221.3,18762.24199999998
2026-06-28 05:02:00+00:00,2026-06-28 05:00:00+00:00,2026-06-28 05:15:00+00:00,no,0.76,493,0.1792452830188679,0.245,0.0407547169811321,12,6.3,0,112.02,18874.26199999998
2026-06-28 05:19:00+00:00,2026-06-28 05:15:00+00:00,2026-06-28 05:30:00+00:00,yes,0.56,500,0.6432748538011694,0.555,0.06327485380116939,10,8.63,0,-288.63,18585.63199999998
2026-06-28 05:54:00+00:00,2026-06-28 05:45:00+00:00,2026-06-28 06:00:00+00:00,no,0.07399999999999995,500,0.8842315369261478,0.9265000000000001,0.03176846307385229,5,2.4,1,-39.39999999999998,18546.231999999978
2026-06-28 06:00:00+00:00,2026-06-28 06:00:00+00:00,2026-06-28 06:15:00+00:00,no,0.31999999999999995,500,0.606404958677686,0.685,0.05359504132231409,14,7.62,0,332.38,18878.61199999998
2026-06-28 06:17:00+00:00,2026-06-28 06:15:00+00:00,2026-06-28 06:30:00+00:00,no,0.52,500,0.4179254783484391,0.485,0.042074521651560906,12,8.74,1,-268.74,18609.871999999978
2026-06-28 06:35:00+00:00,2026-06-28 06:30:00+00:00,2026-06-28 06:45:00+00:00,yes,0.83,448,0.8820960698689956,0.825,0.04209606986899562,9,4.43,1,71.73000000000002,18681.601999999977
2026-06-28 06:55:00+00:00,2026-06-28 06:45:00+00:00,2026-06-28 07:00:00+00:00,no,0.24,500,0.6614583333333334,0.765,0.07854166666666663,4,6.39,1,-126.39,18555.211999999978
2026-06-28 07:05:00+00:00,2026-06-28 07:00:00+00:00,2026-06-28 07:15:00+00:00,yes,0.88,421,0.9228215767634855,0.875,0.03282157676348552,9,3.12,1,47.399999999999984,18602.61199999998
2026-06-28 07:15:00+00:00,2026-06-28 07:15:00+00:00,2026-06-28 07:30:00+00:00,no,0.51,500,0.4179254783484391,0.495,0.052074521651560915,14,8.75,0,236.25,18838.86199999998
2026-06-28 07:33:00+00:00,2026-06-28 07:30:00+00:00,2026-06-28 07:45:00+00:00,no,0.33999999999999997,500,0.606404958677686,0.665,0.03359504132231407,11,7.86,1,-177.85999999999999,18661.00199999998
2026-06-28 07:45:00+00:00,2026-06-28 07:45:00+00:00,2026-06-28 08:00:00+00:00,no,0.38,500,0.4897260273972603,0.625,0.11027397260273965,14,8.25,0,301.75,18962.75199999998
2026-06-28 08:00:00+00:00,2026-06-28 08:00:00+00:00,2026-06-28 08:15:00+00:00,no,0.49,500,0.36774941995359633,0.515,0.12225058004640367,14,8.75,0,246.25,19209.00199999998
2026-06-28 08:15:00+00:00,2026-06-28 08:15:00+00:00,2026-06-28 08:30:00+00:00,no,0.5700000000000001,500,0.36774941995359633,0.435,0.0422505800464036,14,8.58,1,-293.58000000000004,18915.421999999977
2026-06-28 08:33:00+00:00,2026-06-28 08:30:00+00:00,2026-06-28 08:45:00+00:00,no,0.43999999999999995,500,0.5054021608643458,0.565,0.0345978391356543,11,8.63,1,-228.62999999999997,18686.791999999976
2026-06-28 08:45:00+00:00,2026-06-28 08:45:00+00:00,2026-06-28 09:00:00+00:00,no,0.39,500,0.5470085470085471,0.615,0.04299145299145292,14,8.33,0,296.67,18983.461999999974
2026-06-28 09:03:00+00:00,2026-06-28 09:00:00+00:00,2026-06-28 09:15:00+00:00,yes,0.14,500,0.24461105904404878,0.135,0.09461105904404878,11,4.22,0,-74.22,18909.241999999973
2026-06-28 09:19:00+00:00,2026-06-28 09:15:00+00:00,2026-06-28 09:30:00+00:00,yes,0.36,500,0.4179254783484391,0.355,0.03792547834843908,10,8.07,0,-188.07,18721.171999999973
2026-06-28 10:12:00+00:00,2026-06-28 10:00:00+00:00,2026-06-28 10:15:00+00:00,yes,0.65,500,0.7576687116564419,0.645,0.08766871165644187,2,7.97,0,-332.97,18388.201999999972
2026-06-28 10:33:00+00:00,2026-06-28 10:30:00+00:00,2026-06-28 10:45:00+00:00,yes,0.41,500,0.47522935779816516,0.405,0.045229357798165185,11,8.47,1,286.53,18674.73199999997
2026-06-28 11:07:00+00:00,2026-06-28 11:00:00+00:00,2026-06-28 11:15:00+00:00,no,0.17000000000000004,500,0.7576687116564419,0.835,0.06233128834355806,7,4.94,0,410.06,19084.791999999972
2026-06-28 11:32:00+00:00,2026-06-28 11:30:00+00:00,2026-06-28 11:45:00+00:00,no,0.52,500,0.4179254783484391,0.485,0.042074521651560906,12,8.74,0,231.26,19316.05199999997
2026-06-28 11:46:00+00:00,2026-06-28 11:45:00+00:00,2026-06-28 12:00:00+00:00,no,0.61,500,0.33787731256085685,0.395,0.03212268743914316,13,8.33,1,-313.33,19002.72199999997
2026-06-28 12:01:00+00:00,2026-06-28 12:00:00+00:00,2026-06-28 12:15:00+00:00,no,0.53,500,0.4179254783484391,0.475,0.0320745216515609,13,8.72,0,226.28,19229.001999999968
2026-06-28 12:17:00+00:00,2026-06-28 12:15:00+00:00,2026-06-28 12:30:00+00:00,no,0.85,452,0.09587378640776699,0.155,0.04412621359223302,12,4.04,1,-388.24,18840.761999999966
2026-06-28 12:30:00+00:00,2026-06-28 12:30:00+00:00,2026-06-28 12:45:00+00:00,yes,0.82,459,0.8820960698689956,0.815,0.042096069868995625,14,4.75,0,-381.13,18459.631999999965
2026-06-28 13:24:00+00:00,2026-06-28 13:15:00+00:00,2026-06-28 13:30:00+00:00,no,0.18000000000000005,500,0.7576687116564419,0.825,0.04233128834355805,5,5.17,1,-95.17000000000003,18364.461999999967
2026-06-28 13:31:00+00:00,2026-06-28 13:30:00+00:00,2026-06-28 13:45:00+00:00,yes,0.68,500,0.7384284176533907,0.675,0.03842841765339068,13,7.62,1,152.38,18516.841999999968
2026-06-28 13:54:00+00:00,2026-06-28 13:45:00+00:00,2026-06-28 14:00:00+00:00,yes,0.22,500,0.2724968314321926,0.215,0.032496831432192605,5,6.01,0,-116.01,18400.83199999997
2026-06-28 14:15:00+00:00,2026-06-28 14:15:00+00:00,2026-06-28 14:30:00+00:00,no,0.51,500,0.4179254783484391,0.495,0.052074521651560915,14,8.75,0,236.25,18637.08199999997
2026-06-28 14:38:00+00:00,2026-06-28 14:30:00+00:00,2026-06-28 14:45:00+00:00,no,0.8,465,0.14175654853620956,0.20500000000000002,0.03824345146379039,6,5.21,0,87.79,18724.87199999997
2026-06-28 14:45:00+00:00,2026-06-28 14:45:00+00:00,2026-06-28 15:00:00+00:00,no,0.5700000000000001,500,0.36774941995359633,0.435,0.0422505800464036,14,8.58,0,206.41999999999993,18931.29199999997
2026-06-28 15:05:00+00:00,2026-06-28 15:00:00+00:00,2026-06-28 15:15:00+00:00,yes,0.67,500,0.7384284176533907,0.665,0.04842841765339069,9,7.74,1,157.26,19088.551999999967
2026-06-28 15:19:00+00:00,2026-06-28 15:15:00+00:00,2026-06-28 15:30:00+00:00,no,0.37,500,0.5470085470085471,0.635,0.06299145299145294,10,8.16,0,306.84,19395.391999999967
2026-06-28 15:34:00+00:00,2026-06-28 15:30:00+00:00,2026-06-28 15:45:00+00:00,yes,0.72,500,0.8057142857142857,0.715,0.06571428571428574,10,7.06,0,-367.06,19028.331999999966
2026-06-28 16:15:00+00:00,2026-06-28 16:15:00+00:00,2026-06-28 16:30:00+00:00,no,0.53,500,0.4179254783484391,0.475,0.0320745216515609,14,8.72,0,226.28,19254.611999999965
2026-06-28 16:33:00+00:00,2026-06-28 16:30:00+00:00,2026-06-28 16:45:00+00:00,no,0.6699999999999999,500,0.2724968314321926,0.335,0.03750316856780746,11,7.74,0,157.26000000000005,19411.871999999963
2026-06-28 16:47:00+00:00,2026-06-28 16:45:00+00:00,2026-06-28 17:00:00+00:00,yes,0.65,500,0.7384284176533907,0.645,0.06842841765339071,12,7.97,1,167.03,19578.901999999962
2026-06-28 17:08:00+00:00,2026-06-28 17:00:00+00:00,2026-06-28 17:15:00+00:00,yes,0.87,450,0.9150326797385621,0.865,0.03503267973856206,6,3.57,0,-395.07,19183.831999999962
2026-06-28 17:27:00+00:00,2026-06-28 17:15:00+00:00,2026-06-28 17:30:00+00:00,yes,0.17,500,0.24461105904404878,0.165,0.06461105904404878,2,4.94,0,-89.94,19093.891999999963
2026-06-28 17:48:00+00:00,2026-06-28 17:45:00+00:00,2026-06-28 18:00:00+00:00,yes,0.41,500,0.47522935779816516,0.405,0.045229357798165185,11,8.47,1,286.53,19380.421999999962
2026-06-28 18:01:00+00:00,2026-06-28 18:00:00+00:00,2026-06-28 18:15:00+00:00,yes,0.76,500,0.8114355231143552,0.755,0.03143552311435517,13,6.39,1,113.61,19494.031999999963
2026-06-28 18:25:00+00:00,2026-06-28 18:15:00+00:00,2026-06-28 18:30:00+00:00,yes,0.66,500,0.7384284176533907,0.655,0.0584284176533907,4,7.86,0,-337.86,19156.171999999962
2026-06-28 18:36:00+00:00,2026-06-28 18:30:00+00:00,2026-06-28 18:45:00+00:00,no,0.55,500,0.36774941995359633,0.455,0.06225058004640362,8,8.67,0,216.33,19372.501999999964
2026-06-28 18:49:00+00:00,2026-06-28 18:45:00+00:00,2026-06-28 19:00:00+00:00,no,0.83,466,0.09587378640776699,0.175,0.06412621359223304,10,4.61,1,-391.39,18981.111999999965
2026-06-28 19:03:00+00:00,2026-06-28 19:00:00+00:00,2026-06-28 19:15:00+00:00,no,0.88,431,0.0680379746835443,0.125,0.04196202531645566,11,3.19,0,48.52999999999997,19029.641999999963
2026-06-28 19:24:00+00:00,2026-06-28 19:15:00+00:00,2026-06-28 19:30:00+00:00,yes,0.54,500,0.606404958677686,0.535,0.04640495867768592,5,8.7,1,221.3,19250.941999999963
2026-06-28 19:32:00+00:00,2026-06-28 19:30:00+00:00,2026-06-28 19:45:00+00:00,yes,0.83,463,0.8842315369261478,0.825,0.04423153692614779,12,4.58,0,-388.86999999999995,18862.071999999964
2026-06-28 19:45:00+00:00,2026-06-28 19:45:00+00:00,2026-06-28 20:00:00+00:00,yes,0.28,500,0.33787731256085685,0.275,0.037877312560856816,14,7.06,1,352.94,19215.011999999962
2026-06-28 20:15:00+00:00,2026-06-28 20:15:00+00:00,2026-06-28 20:30:00+00:00,yes,0.6,500,0.6555269922879178,0.595,0.035526992287917794,14,8.4,1,191.6,19406.61199999996
2026-06-28 20:33:00+00:00,2026-06-28 20:30:00+00:00,2026-06-28 20:45:00+00:00,no,0.76,500,0.1792452830188679,0.245,0.0407547169811321,11,6.39,0,113.61,19520.22199999996
2026-06-28 20:57:00+00:00,2026-06-28 20:45:00+00:00,2026-06-28 21:00:00+00:00,yes,0.095,500,0.24461105904404878,0.0945,0.13961105904404877,2,3.01,0,-50.51,19469.711999999963
2026-06-28 21:07:00+00:00,2026-06-28 21:00:00+00:00,2026-06-28 21:15:00+00:00,yes,0.87,447,0.9228215767634855,0.865,0.04282157676348553,7,3.54,1,54.570000000000014,19524.281999999963
2026-06-28 21:22:00+00:00,2026-06-28 21:15:00+00:00,2026-06-28 21:30:00+00:00,no,0.61,500,0.33787731256085685,0.395,0.03212268743914316,7,8.33,1,-313.33,19210.95199999996
2026-06-28 21:30:00+00:00,2026-06-28 21:30:00+00:00,2026-06-28 21:45:00+00:00,no,0.51,500,0.4179254783484391,0.495,0.052074521651560915,14,8.75,0,236.25,19447.20199999996
2026-06-28 21:45:00+00:00,2026-06-28 21:45:00+00:00,2026-06-28 22:00:00+00:00,no,0.53,500,0.3804347826086957,0.475,0.0695652173913043,14,8.72,0,226.28,19673.48199999996
2026-06-28 22:32:00+00:00,2026-06-28 22:30:00+00:00,2026-06-28 22:45:00+00:00,yes,0.42,500,0.47522935779816516,0.415,0.035229357798165176,12,8.53,0,-218.53,19454.95199999996
2026-06-28 22:51:00+00:00,2026-06-28 22:45:00+00:00,2026-06-28 23:00:00+00:00,yes,0.46,500,0.5470085470085471,0.455,0.06700854700854704,8,8.7,0,-238.7,19216.25199999996
2026-06-28 23:00:00+00:00,2026-06-28 23:00:00+00:00,2026-06-28 23:15:00+00:00,yes,0.58,500,0.6555269922879178,0.575,0.05552699228791781,14,8.53,1,201.47,19417.72199999996
2026-06-28 23:45:00+00:00,2026-06-28 23:45:00+00:00,2026-06-29 00:00:00+00:00,no,0.55,500,0.36330935251798563,0.455,0.06669064748201438,14,8.67,0,216.33,19634.051999999963
2026-06-29 00:01:00+00:00,2026-06-29 00:00:00+00:00,2026-06-29 00:15:00+00:00,no,0.8200000000000001,478,0.09587378640776699,0.185,0.06412621359223293,13,4.94,1,-396.90000000000003,19237.151999999962
2026-06-29 00:33:00+00:00,2026-06-29 00:30:00+00:00,2026-06-29 00:45:00+00:00,yes,0.22,500,0.2724968314321926,0.215,0.032496831432192605,11,6.01,1,383.99,19621.141999999963
2026-06-29 00:46:00+00:00,2026-06-29 00:45:00+00:00,2026-06-29 01:00:00+00:00,yes,0.42,500,0.47522935779816516,0.415,0.035229357798165176,13,8.53,1,281.47,19902.611999999965
2026-06-29 01:03:00+00:00,2026-06-29 01:00:00+00:00,2026-06-29 01:15:00+00:00,no,0.85,468,0.09587378640776699,0.155,0.04412621359223302,11,4.18,0,66.01999999999998,19968.631999999965
2026-06-29 01:20:00+00:00,2026-06-29 01:15:00+00:00,2026-06-29 01:30:00+00:00,no,0.86,464,0.09587378640776699,0.14500000000000002,0.03412621359223301,9,3.92,0,61.03999999999998,20029.671999999966
2026-06-29 01:37:00+00:00,2026-06-29 01:30:00+00:00,2026-06-29 01:45:00+00:00,no,0.14,500,0.8114355231143552,0.865,0.0385644768856448,7,4.22,1,-74.22,19955.451999999965
2026-06-29 01:54:00+00:00,2026-06-29 01:45:00+00:00,2026-06-29 02:00:00+00:00,yes,0.22,500,0.2724968314321926,0.215,0.032496831432192605,5,6.01,0,-116.01,19839.441999999966
2026-06-29 02:01:00+00:00,2026-06-29 02:00:00+00:00,2026-06-29 02:15:00+00:00,no,0.43999999999999995,500,0.5054021608643458,0.565,0.0345978391356543,13,8.63,0,271.37,20110.811999999965
2026-06-29 02:38:00+00:00,2026-06-29 02:30:00+00:00,2026-06-29 02:45:00+00:00,yes,0.84,478,0.8820960698689956,0.835,0.03209606986899561,6,4.5,1,71.98000000000002,20182.791999999965
2026-06-29 02:45:00+00:00,2026-06-29 02:45:00+00:00,2026-06-29 03:00:00+00:00,no,0.49,500,0.4444444444444444,0.515,0.045555555555555585,14,8.75,0,246.25,20429.041999999965
2026-06-29 03:02:00+00:00,2026-06-29 03:00:00+00:00,2026-06-29 03:15:00+00:00,yes,0.82,498,0.8820960698689956,0.815,0.042096069868995625,12,5.15,1,84.49000000000004,20513.531999999967
2026-06-29 03:17:00+00:00,2026-06-29 03:15:00+00:00,2026-06-29 03:30:00+00:00,no,0.53,500,0.4179254783484391,0.475,0.0320745216515609,12,8.72,1,-273.72,20239.811999999965
2026-06-29 03:32:00+00:00,2026-06-29 03:30:00+00:00,2026-06-29 03:45:00+00:00,no,0.84,481,0.09848484848484848,0.165,0.05151515151515152,12,4.53,0,72.43000000000004,20312.241999999966
2026-06-29 04:02:00+00:00,2026-06-29 04:00:00+00:00,2026-06-29 04:15:00+00:00,no,0.61,500,0.33787731256085685,0.395,0.03212268743914316,12,8.33,0,186.67,20498.911999999964
2026-06-29 04:25:00+00:00,2026-06-29 04:15:00+00:00,2026-06-29 04:30:00+00:00,yes,0.84,488,0.8842315369261478,0.835,0.03423153692614778,4,4.6,1,73.48000000000005,20572.391999999963
2026-06-29 04:37:00+00:00,2026-06-29 04:30:00+00:00,2026-06-29 04:45:00+00:00,no,0.86,478,0.09587378640776699,0.15000000000000002,0.03412621359223301,7,4.03,0,62.890000000000015,20635.281999999963
2026-06-29 04:45:00+00:00,2026-06-29 04:45:00+00:00,2026-06-29 05:00:00+00:00,no,0.45999999999999996,500,0.47522935779816516,0.545,0.04477064220183481,14,8.7,1,-238.69999999999996,20396.581999999962
2026-06-29 05:18:00+00:00,2026-06-29 05:15:00+00:00,2026-06-29 05:30:00+00:00,no,0.25,500,0.6874003189792663,0.755,0.04259968102073365,11,6.57,1,-131.57,20265.011999999962
2026-06-29 05:30:00+00:00,2026-06-29 05:30:00+00:00,2026-06-29 05:45:00+00:00,no,0.5700000000000001,500,0.36774941995359633,0.435,0.0422505800464036,14,8.58,1,-293.58000000000004,19971.43199999996
2026-06-29 05:46:00+00:00,2026-06-29 05:45:00+00:00,2026-06-29 06:00:00+00:00,yes,0.69,500,0.7576687116564419,0.685,0.047668711656441945,13,7.49,1,147.51,20118.94199999996
2026-06-29 06:00:00+00:00,2026-06-29 06:00:00+00:00,2026-06-29 06:15:00+00:00,no,0.31999999999999995,500,0.606404958677686,0.685,0.05359504132231409,14,7.62,1,-167.61999999999998,19951.32199999996
2026-06-29 06:15:00+00:00,2026-06-29 06:15:00+00:00,2026-06-29 06:30:00+00:00,no,0.61,500,0.33787731256085685,0.395,0.03212268743914316,14,8.33,1,-313.33,19637.99199999996
2026-06-29 06:35:00+00:00,2026-06-29 06:30:00+00:00,2026-06-29 06:45:00+00:00,yes,0.22,500,0.2724968314321926,0.215,0.032496831432192605,9,6.01,0,-116.01,19521.98199999996
2026-06-29 06:54:00+00:00,2026-06-29 06:45:00+00:00,2026-06-29 07:00:00+00:00,no,0.17000000000000004,500,0.7576687116564419,0.835,0.06233128834355806,5,4.94,1,-89.94000000000001,19432.04199999996
2026-06-29 07:01:00+00:00,2026-06-29 07:00:00+00:00,2026-06-29 07:15:00+00:00,no,0.85,457,0.09587378640776699,0.155,0.04412621359223302,13,4.08,0,64.47000000000001,19496.511999999962
2026-06-29 07:16:00+00:00,2026-06-29 07:15:00+00:00,2026-06-29 07:30:00+00:00,yes,0.8,487,0.8820960698689956,0.795,0.06209606986899553,13,5.46,1,91.93999999999998,19588.45199999996
2026-06-29 07:37:00+00:00,2026-06-29 07:30:00+00:00,2026-06-29 07:45:00+00:00,yes,0.34,500,0.4179254783484391,0.335,0.057925478348439044,7,7.86,0,-177.86,19410.59199999996
2026-06-29 07:45:00+00:00,2026-06-29 07:45:00+00:00,2026-06-29 08:00:00+00:00,no,0.52,500,0.4179254783484391,0.485,0.042074521651560906,14,8.74,0,231.26,19641.85199999996
2026-06-29 08:00:00+00:00,2026-06-29 08:00:00+00:00,2026-06-29 08:15:00+00:00,no,0.5700000000000001,500,0.36774941995359633,0.435,0.0422505800464036,14,8.58,0,206.41999999999993,19848.271999999957
2026-06-29 08:21:00+00:00,2026-06-29 08:15:00+00:00,2026-06-29 08:30:00+00:00,no,0.27,500,0.6730769230769231,0.735,0.03692307692307685,8,6.9,0,358.1,20206.371999999956
2026-06-29 08:40:00+00:00,2026-06-29 08:30:00+00:00,2026-06-29 08:45:00+00:00,no,0.25,500,0.6874003189792663,0.755,0.04259968102073365,4,6.57,1,-131.57,20074.801999999956
2026-06-29 08:54:00+00:00,2026-06-29 08:45:00+00:00,2026-06-29 09:00:00+00:00,no,0.32999999999999996,500,0.606404958677686,0.675,0.04359504132231408,5,7.74,0,327.26,20402.061999999954
2026-06-29 09:03:00+00:00,2026-06-29 09:00:00+00:00,2026-06-29 09:15:00+00:00,yes,0.45,500,0.5054021608643458,0.445,0.035402160864345736,11,8.67,1,266.33,20668.391999999956
2026-06-29 09:15:00+00:00,2026-06-29 09:15:00+00:00,2026-06-29 09:30:00+00:00,yes,0.76,500,0.8114355231143552,0.755,0.03143552311435517,14,6.39,1,113.61,20782.001999999957
2026-06-29 09:48:00+00:00,2026-06-29 09:45:00+00:00,2026-06-29 10:00:00+00:00,no,0.28,500,0.6555269922879178,0.725,0.044473007712082194,11,7.06,1,-147.06,20634.941999999955
2026-06-29 10:02:00+00:00,2026-06-29 10:00:00+00:00,2026-06-29 10:15:00+00:00,yes,0.85,485,0.9228215767634855,0.845,0.06282157676348556,12,4.33,1,68.42,20703.361999999954
2026-06-29 10:28:00+00:00,2026-06-29 10:15:00+00:00,2026-06-29 10:30:00+00:00,yes,0.23,500,0.3804347826086957,0.225,0.13043478260869568,1,6.2,0,-121.2,20582.161999999953
2026-06-29 10:32:00+00:00,2026-06-29 10:30:00+00:00,2026-06-29 10:45:00+00:00,no,0.76,500,0.14175654853620956,0.245,0.07824345146379043,12,6.39,0,113.61,20695.771999999954
2026-06-29 10:47:00+00:00,2026-06-29 10:45:00+00:00,2026-06-29 11:00:00+00:00,no,0.61,500,0.33787731256085685,0.395,0.03212268743914316,12,8.33,0,186.67,20882.44199999995
2026-06-29 11:00:00+00:00,2026-06-29 11:00:00+00:00,2026-06-29 11:15:00+00:00,no,0.45999999999999996,500,0.4897260273972603,0.545,0.03027397260273969,14,8.7,0,261.3,21143.74199999995
2026-06-29 11:23:00+00:00,2026-06-29 11:15:00+00:00,2026-06-29 11:30:00+00:00,no,0.83,500,0.09848484848484848,0.175,0.06151515151515153,6,4.94,1,-419.94,20723.801999999952
2026-06-29 11:35:00+00:00,2026-06-29 11:30:00+00:00,2026-06-29 11:45:00+00:00,no,0.53,500,0.36774941995359633,0.475,0.08225058004640363,9,8.72,0,226.28,20950.08199999995
2026-06-29 11:47:00+00:00,2026-06-29 11:45:00+00:00,2026-06-29 12:00:00+00:00,no,0.42000000000000004,500,0.5207667731629394,0.585,0.039233226837060556,12,8.53,1,-218.53000000000003,20731.551999999952
2026-06-29 12:15:00+00:00,2026-06-29 12:15:00+00:00,2026-06-29 12:30:00+00:00,no,0.6,500,0.3076923076923077,0.405,0.07230769230769231,14,8.4,0,191.6,20923.15199999995
2026-06-29 12:30:00+00:00,2026-06-29 12:30:00+00:00,2026-06-29 12:45:00+00:00,no,0.5,500,0.4179254783484391,0.505,0.062074521651560924,14,8.75,0,241.25,21164.40199999995
2026-06-29 12:58:00+00:00,2026-06-29 12:45:00+00:00,2026-06-29 13:00:00+00:00,no,0.37,500,0.5207667731629394,0.635,0.0892332268370606,1,8.16,1,-193.16,20971.24199999995
2026-06-29 13:16:00+00:00,2026-06-29 13:15:00+00:00,2026-06-29 13:30:00+00:00,yes,0.47,500,0.5207667731629394,0.46499999999999997,0.030766773162939427,13,8.72,0,-243.72,20727.52199999995
2026-06-29 13:30:00+00:00,2026-06-29 13:30:00+00:00,2026-06-29 13:45:00+00:00,yes,0.65,500,0.7384284176533907,0.645,0.06842841765339071,14,7.97,0,-332.97,20394.55199999995
2026-06-29 13:45:00+00:00,2026-06-29 13:45:00+00:00,2026-06-29 14:00:00+00:00,yes,0.59,500,0.6432748538011694,0.585,0.03327485380116947,14,8.47,1,196.53,20591.081999999948
2026-06-29 14:40:00+00:00,2026-06-29 14:30:00+00:00,2026-06-29 14:45:00+00:00,yes,0.28,500,0.33787731256085685,0.275,0.037877312560856816,4,7.06,0,-147.06,20444.021999999946
2026-06-29 14:48:00+00:00,2026-06-29 14:45:00+00:00,2026-06-29 15:00:00+00:00,no,0.6,500,0.33787731256085685,0.405,0.04212268743914317,11,8.4,1,-308.4,20135.621999999945
2026-06-29 15:03:00+00:00,2026-06-29 15:00:00+00:00,2026-06-29 15:15:00+00:00,yes,0.19,500,0.24461105904404878,0.185,0.03461105904404878,11,5.39,0,-100.39,20035.231999999945
2026-06-29 15:19:00+00:00,2026-06-29 15:15:00+00:00,2026-06-29 15:30:00+00:00,yes,0.83,482,0.8820960698689956,0.825,0.04209606986899562,10,4.77,1,77.17,20112.401999999944
2026-06-29 15:31:00+00:00,2026-06-29 15:30:00+00:00,2026-06-29 15:45:00+00:00,yes,0.74,500,0.8057142857142857,0.735,0.04571428571428572,13,6.74,1,123.26,20235.661999999942
2026-06-29 15:55:00+00:00,2026-06-29 15:45:00+00:00,2026-06-29 16:00:00+00:00,yes,0.84,481,0.8820960698689956,0.835,0.03209606986899561,4,4.53,1,72.43000000000004,20308.091999999942
2026-06-29 16:00:00+00:00,2026-06-29 16:00:00+00:00,2026-06-29 16:15:00+00:00,no,0.56,500,0.3804347826086957,0.445,0.039565217391304267,14,8.63,0,211.37,20519.46199999994
2026-06-29 16:51:00+00:00,2026-06-29 16:45:00+00:00,2026-06-29 17:00:00+00:00,no,0.51,500,0.4179254783484391,0.495,0.052074521651560915,8,8.75,1,-263.75,20255.71199999994
2026-06-29 17:15:00+00:00,2026-06-29 17:15:00+00:00,2026-06-29 17:30:00+00:00,yes,0.66,500,0.7384284176533907,0.655,0.0584284176533907,14,7.86,1,162.14,20417.85199999994
2026-06-29 17:30:00+00:00,2026-06-29 17:30:00+00:00,2026-06-29 17:45:00+00:00,no,0.26,500,0.6874003189792663,0.745,0.03259968102073364,14,6.74,1,-136.74,20281.11199999994
2026-06-29 17:45:00+00:00,2026-06-29 17:45:00+00:00,2026-06-29 18:00:00+00:00,no,0.36,500,0.5470085470085471,0.645,0.07299145299145295,14,8.07,0,311.93,20593.04199999994
2026-06-29 18:30:00+00:00,2026-06-29 18:30:00+00:00,2026-06-29 18:45:00+00:00,yes,0.55,500,0.606404958677686,0.545,0.03640495867768591,14,8.67,0,-283.67,20309.37199999994
2026-06-29 18:51:00+00:00,2026-06-29 18:45:00+00:00,2026-06-29 19:00:00+00:00,yes,0.22,500,0.2724968314321926,0.215,0.032496831432192605,8,6.01,1,383.99,20693.361999999943
2026-06-29 19:03:00+00:00,2026-06-29 19:00:00+00:00,2026-06-29 19:15:00+00:00,no,0.8200000000000001,500,0.09848484848484848,0.185,0.061515151515151426,11,5.17,0,84.82999999999994,20778.191999999945
2026-06-29 19:33:00+00:00,2026-06-29 19:30:00+00:00,2026-06-29 19:45:00+00:00,no,0.86,483,0.09848484848484848,0.14500000000000002,0.0315151515151515,11,4.08,0,63.540000000000006,20841.731999999945
2026-06-29 19:45:00+00:00,2026-06-29 19:45:00+00:00,2026-06-29 20:00:00+00:00,yes,0.62,500,0.6730769230769231,0.615,0.03307692307692313,14,8.25,1,181.75,21023.481999999945
2026-06-29 20:08:00+00:00,2026-06-29 20:00:00+00:00,2026-06-29 20:15:00+00:00,no,0.4,500,0.5470085470085471,0.605,0.03299145299145291,6,8.4,0,291.6,21315.081999999944
2026-06-29 20:20:00+00:00,2026-06-29 20:15:00+00:00,2026-06-29 20:30:00+00:00,no,0.64,500,0.2892857142857143,0.365,0.050714285714285615,9,8.07,0,171.93,21487.011999999944
2026-06-29 20:41:00+00:00,2026-06-29 20:30:00+00:00,2026-06-29 20:45:00+00:00,yes,0.87,493,0.9150326797385621,0.865,0.03503267973856206,3,3.91,1,60.17999999999998,21547.191999999945
2026-06-29 20:51:00+00:00,2026-06-29 20:45:00+00:00,2026-06-29 21:00:00+00:00,no,0.89,484,0.0680379746835443,0.12,0.03196202531645565,8,3.32,0,49.92000000000001,21597.111999999943
2026-06-29 21:07:00+00:00,2026-06-29 21:00:00+00:00,2026-06-29 21:15:00+00:00,yes,0.72,500,0.8057142857142857,0.715,0.06571428571428574,7,7.06,1,132.94,21730.05199999994
2026-06-29 21:20:00+00:00,2026-06-29 21:15:00+00:00,2026-06-29 21:30:00+00:00,no,0.85,500,0.09587378640776699,0.155,0.04412621359223302,9,4.47,0,70.53,21800.58199999994
2026-06-29 21:32:00+00:00,2026-06-29 21:30:00+00:00,2026-06-29 21:45:00+00:00,yes,0.82,500,0.875,0.815,0.035000000000000045,12,5.17,1,84.83,21885.411999999942
2026-06-29 21:57:00+00:00,2026-06-29 21:45:00+00:00,2026-06-29 22:00:00+00:00,no,0.17000000000000004,500,0.7384284176533907,0.835,0.08157158234660923,2,4.94,1,-89.94000000000001,21795.471999999943
2026-06-29 22:02:00+00:00,2026-06-29 22:00:00+00:00,2026-06-29 22:15:00+00:00,no,0.53,500,0.4179254783484391,0.475,0.0320745216515609,12,8.72,0,226.28,22021.751999999942
2026-06-29 22:16:00+00:00,2026-06-29 22:15:00+00:00,2026-06-29 22:30:00+00:00,no,0.38,500,0.5470085470085471,0.625,0.05299145299145293,13,8.25,0,301.75,22323.501999999942
2026-06-29 22:48:00+00:00,2026-06-29 22:45:00+00:00,2026-06-29 23:00:00+00:00,no,0.43999999999999995,500,0.5054021608643458,0.565,0.0345978391356543,11,8.63,0,271.37,22594.87199999994
2026-06-29 23:06:00+00:00,2026-06-29 23:00:00+00:00,2026-06-29 23:15:00+00:00,no,0.56,500,0.3769559032716927,0.445,0.04304409672830724,8,8.63,0,211.37,22806.24199999994
2026-06-29 23:17:00+00:00,2026-06-29 23:15:00+00:00,2026-06-29 23:30:00+00:00,no,0.54,500,0.3968253968253968,0.46499999999999997,0.04317460317460321,12,8.7,0,221.3,23027.54199999994
2026-06-29 23:35:00+00:00,2026-06-29 23:30:00+00:00,2026-06-29 23:45:00+00:00,yes,0.64,500,0.6934306569343066,0.635,0.03343065693430659,9,8.07,1,171.93,23199.47199999994
2026-06-30 00:00:00+00:00,2026-06-30 00:00:00+00:00,2026-06-30 00:15:00+00:00,no,0.53,500,0.35533707865168535,0.475,0.09466292134831457,14,8.72,0,226.28,23425.75199999994
2026-06-30 00:20:00+00:00,2026-06-30 00:15:00+00:00,2026-06-30 00:30:00+00:00,no,0.75,500,0.1712707182320442,0.255,0.05872928176795579,9,6.57,0,118.43,23544.18199999994
2026-06-30 00:33:00+00:00,2026-06-30 00:30:00+00:00,2026-06-30 00:45:00+00:00,yes,0.2,500,0.2954822954822955,0.195,0.07548229548229547,11,5.6,0,-105.6,23438.58199999994
2026-06-30 00:46:00+00:00,2026-06-30 00:45:00+00:00,2026-06-30 01:00:00+00:00,yes,0.84,500,0.8868613138686131,0.835,0.03686131386861314,13,4.71,1,75.29,23513.87199999994
2026-06-30 01:04:00+00:00,2026-06-30 01:00:00+00:00,2026-06-30 01:15:00+00:00,yes,0.56,500,0.6244604316546764,0.555,0.044460431654676294,10,8.63,0,-288.63,23225.24199999994
2026-06-30 01:16:00+00:00,2026-06-30 01:15:00+00:00,2026-06-30 01:30:00+00:00,yes,0.76,500,0.844903988183161,0.755,0.06490398818316102,13,6.39,1,113.61,23338.85199999994
2026-06-30 01:36:00+00:00,2026-06-30 01:30:00+00:00,2026-06-30 01:45:00+00:00,yes,0.18,500,0.23809523809523808,0.175,0.038095238095238085,8,5.17,0,-95.17,23243.681999999942
2026-06-30 01:51:00+00:00,2026-06-30 01:45:00+00:00,2026-06-30 02:00:00+00:00,no,0.15000000000000002,500,0.8005115089514067,0.855,0.03948849104859332,8,4.47,1,-79.47000000000001,23164.21199999994
2026-06-30 02:15:00+00:00,2026-06-30 02:15:00+00:00,2026-06-30 02:30:00+00:00,yes,0.43,500,0.48412698412698413,0.425,0.03412698412698413,14,8.58,1,276.42,23440.63199999994
2026-06-30 02:31:00+00:00,2026-06-30 02:30:00+00:00,2026-06-30 02:45:00+00:00,yes,0.3,500,0.3769559032716927,0.295,0.05695590327169271,13,7.35,1,342.65,23783.28199999994
2026-06-30 02:45:00+00:00,2026-06-30 02:45:00+00:00,2026-06-30 03:00:00+00:00,yes,0.54,500,0.6023391812865497,0.53,0.04233918128654969,14,8.7,0,-278.7,23504.58199999994
2026-06-30 03:00:00+00:00,2026-06-30 03:00:00+00:00,2026-06-30 03:15:00+00:00,yes,0.47,500,0.5637393767705381,0.46499999999999997,0.07373937677053811,14,8.72,0,-243.72,23260.86199999994
2026-06-30 03:15:00+00:00,2026-06-30 03:15:00+00:00,2026-06-30 03:30:00+00:00,no,0.55,500,0.3769559032716927,0.455,0.05304409672830725,14,8.67,0,216.33,23477.19199999994
2026-06-30 03:30:00+00:00,2026-06-30 03:30:00+00:00,2026-06-30 03:45:00+00:00,yes,0.3,500,0.3769559032716927,0.295,0.05695590327169271,14,7.35,0,-157.35,23319.841999999942
2026-06-30 03:52:00+00:00,2026-06-30 03:45:00+00:00,2026-06-30 04:00:00+00:00,yes,0.057,500,0.09895833333333333,0.056,0.031958333333333325,7,1.89,0,-30.39,23289.451999999943
2026-06-30 04:16:00+00:00,2026-06-30 04:15:00+00:00,2026-06-30 04:30:00+00:00,yes,0.21,500,0.2954822954822955,0.20500000000000002,0.06548229548229549,13,5.81,1,389.19,23678.64199999994
2026-06-30 04:41:00+00:00,2026-06-30 04:30:00+00:00,2026-06-30 04:45:00+00:00,no,0.43000000000000005,500,0.48412698412698413,0.575,0.06587301587301576,3,8.58,1,-223.58000000000004,23455.06199999994
2026-06-30 04:46:00+00:00,2026-06-30 04:45:00+00:00,2026-06-30 05:00:00+00:00,no,0.55,500,0.3769559032716927,0.455,0.05304409672830725,13,8.67,0,216.33,23671.39199999994
2026-06-30 05:00:00+00:00,2026-06-30 05:00:00+00:00,2026-06-30 05:15:00+00:00,yes,0.63,500,0.6934306569343066,0.625,0.0434306569343066,14,8.16,0,-323.16,23348.23199999994
2026-06-30 05:18:00+00:00,2026-06-30 05:15:00+00:00,2026-06-30 05:30:00+00:00,no,0.5700000000000001,500,0.3769559032716927,0.435,0.03304409672830723,11,8.58,0,206.41999999999993,23554.65199999994
2026-06-30 05:38:00+00:00,2026-06-30 05:30:00+00:00,2026-06-30 05:45:00+00:00,yes,0.81,500,0.8705357142857143,0.805,0.040535714285714244,6,5.39,1,89.61,23644.26199999994
2026-06-30 05:45:00+00:00,2026-06-30 05:45:00+00:00,2026-06-30 06:00:00+00:00,no,0.56,500,0.3769559032716927,0.445,0.04304409672830724,14,8.63,1,-288.63,23355.63199999994
2026-06-30 06:03:00+00:00,2026-06-30 06:00:00+00:00,2026-06-30 06:15:00+00:00,no,0.79,500,0.1,0.215,0.08999999999999998,11,5.81,0,99.19,23454.82199999994
2026-06-30 06:57:00+00:00,2026-06-30 06:45:00+00:00,2026-06-30 07:00:00+00:00,yes,0.57,500,0.6339066339066338,0.565,0.043906633906633866,2,8.58,0,-293.58,23161.241999999937
2026-06-30 07:20:00+00:00,2026-06-30 07:15:00+00:00,2026-06-30 07:30:00+00:00,no,0.54,500,0.3769559032716927,0.46499999999999997,0.06304409672830726,9,8.7,0,221.3,23382.541999999936
2026-06-30 07:39:00+00:00,2026-06-30 07:30:00+00:00,2026-06-30 07:45:00+00:00,no,0.41000000000000003,500,0.48656716417910445,0.595,0.08343283582089546,5,8.47,1,-213.47000000000003,23169.071999999935
2026-06-30 07:45:00+00:00,2026-06-30 07:45:00+00:00,2026-06-30 08:00:00+00:00,no,0.5,500,0.41366223908918404,0.505,0.06633776091081602,14,8.75,1,-258.75,22910.321999999935
2026-06-30 08:00:00+00:00,2026-06-30 08:00:00+00:00,2026-06-30 08:15:00+00:00,no,0.45999999999999996,500,0.4854014598540146,0.545,0.034598540145985415,14,8.7,0,261.3,23171.621999999934
2026-06-30 08:34:00+00:00,2026-06-30 08:30:00+00:00,2026-06-30 08:45:00+00:00,no,0.85,500,0.10497237569060773,0.155,0.03502762430939233,10,4.47,0,70.53,23242.151999999933
2026-06-30 08:47:00+00:00,2026-06-30 08:45:00+00:00,2026-06-30 09:00:00+00:00,yes,0.43,500,0.4854014598540146,0.425,0.03540145985401462,12,8.58,1,276.42,23518.57199999993
2026-06-30 09:06:00+00:00,2026-06-30 09:00:00+00:00,2026-06-30 09:15:00+00:00,yes,0.71,500,0.7649769585253456,0.705,0.03497695852534567,8,7.21,1,137.79,23656.361999999932
2026-06-30 09:20:00+00:00,2026-06-30 09:15:00+00:00,2026-06-30 09:30:00+00:00,yes,0.093,500,0.1510791366906475,0.0925,0.048079136690647485,9,2.96,0,-49.46,23606.901999999933
2026-06-30 09:33:00+00:00,2026-06-30 09:30:00+00:00,2026-06-30 09:45:00+00:00,yes,0.29,500,0.35533707865168535,0.28500000000000003,0.04533707865168536,11,7.21,1,347.79,23954.691999999934
2026-06-30 09:50:00+00:00,2026-06-30 09:45:00+00:00,2026-06-30 10:00:00+00:00,yes,0.77,500,0.8705357142857143,0.765,0.08053571428571428,9,6.2,1,108.8,24063.491999999933
2026-06-30 10:02:00+00:00,2026-06-30 10:00:00+00:00,2026-06-30 10:15:00+00:00,yes,0.55,500,0.6244604316546764,0.545,0.0544604316546763,12,8.67,0,-283.67,23779.821999999935
2026-06-30 10:20:00+00:00,2026-06-30 10:15:00+00:00,2026-06-30 10:30:00+00:00,no,0.52,500,0.3769559032716927,0.485,0.08304409672830727,9,8.74,1,-268.74,23511.081999999933
2026-06-30 10:33:00+00:00,2026-06-30 10:30:00+00:00,2026-06-30 10:45:00+00:00,no,0.6699999999999999,500,0.25412541254125415,0.335,0.055874587458745864,11,7.74,0,157.26000000000005,23668.34199999993
2026-06-30 10:49:00+00:00,2026-06-30 10:45:00+00:00,2026-06-30 11:00:00+00:00,no,0.5700000000000001,500,0.3769559032716927,0.435,0.03304409672830723,10,8.58,1,-293.58000000000004,23374.76199999993
2026-06-30 11:02:00+00:00,2026-06-30 11:00:00+00:00,2026-06-30 11:15:00+00:00,yes,0.53,500,0.6244604316546764,0.525,0.07446043165467632,12,8.72,1,226.28,23601.04199999993
2026-06-30 11:32:00+00:00,2026-06-30 11:30:00+00:00,2026-06-30 11:45:00+00:00,no,0.74,500,0.1510791366906475,0.265,0.08892086330935257,12,6.74,1,-376.74,23224.301999999927
2026-06-30 11:45:00+00:00,2026-06-30 11:45:00+00:00,2026-06-30 12:00:00+00:00,yes,0.63,500,0.6934306569343066,0.625,0.0434306569343066,14,8.16,0,-323.16,22901.141999999927
2026-06-30 12:02:00+00:00,2026-06-30 12:00:00+00:00,2026-06-30 12:15:00+00:00,no,0.8,500,0.11290322580645161,0.20500000000000002,0.06709677419354833,12,5.6,0,94.4,22995.54199999993
2026-06-30 12:17:00+00:00,2026-06-30 12:15:00+00:00,2026-06-30 12:30:00+00:00,yes,0.57,500,0.6339066339066338,0.565,0.043906633906633866,12,8.58,0,-293.58,22701.961999999927
2026-06-30 12:43:00+00:00,2026-06-30 12:30:00+00:00,2026-06-30 12:45:00+00:00,yes,0.037,500,0.08585858585858586,0.036000000000000004,0.038858585858585856,1,1.25,0,-19.75,22682.211999999927
2026-06-30 12:48:00+00:00,2026-06-30 12:45:00+00:00,2026-06-30 13:00:00+00:00,no,0.901,500,0.05612244897959184,0.0995,0.03287755102040813,11,3.13,0,46.37,22728.581999999926
2026-06-30 13:00:00+00:00,2026-06-30 13:00:00+00:00,2026-06-30 13:15:00+00:00,yes,0.56,500,0.6934306569343066,0.555,0.11343065693430655,14,8.63,1,211.37,22939.951999999925
2026-06-30 13:26:00+00:00,2026-06-30 13:15:00+00:00,2026-06-30 13:30:00+00:00,no,0.22999999999999998,500,0.6934306569343066,0.775,0.0565693430656934,3,6.2,1,-121.19999999999999,22818.751999999924
2026-06-30 13:30:00+00:00,2026-06-30 13:30:00+00:00,2026-06-30 13:45:00+00:00,yes,0.8,500,0.8705357142857143,0.795,0.05053571428571425,14,5.6,1,94.4,22913.151999999925
2026-06-30 13:51:00+00:00,2026-06-30 13:45:00+00:00,2026-06-30 14:00:00+00:00,yes,0.83,500,0.8733624454148472,0.825,0.03336244541484724,8,4.94,1,80.06,22993.211999999927
2026-06-30 14:47:00+00:00,2026-06-30 14:45:00+00:00,2026-06-30 15:00:00+00:00,yes,0.19,500,0.25412541254125415,0.185,0.04412541254125414,12,5.39,0,-100.39,22892.821999999927
2026-06-30 15:00:00+00:00,2026-06-30 15:00:00+00:00,2026-06-30 15:15:00+00:00,yes,0.48,500,0.5637393767705381,0.475,0.0637393767705381,14,8.74,0,-248.74,22644.081999999926
2026-06-30 15:23:00+00:00,2026-06-30 15:15:00+00:00,2026-06-30 15:30:00+00:00,yes,0.29,500,0.35533707865168535,0.28500000000000003,0.04533707865168536,6,7.21,0,-152.21,22491.871999999927
2026-06-30 15:41:00+00:00,2026-06-30 15:30:00+00:00,2026-06-30 15:45:00+00:00,no,0.52,500,0.41366223908918404,0.485,0.046337760910816,3,8.74,1,-268.74,22223.131999999925
2026-06-30 15:56:00+00:00,2026-06-30 15:45:00+00:00,2026-06-30 16:00:00+00:00,no,0.16000000000000003,500,0.7649769585253456,0.85,0.06502304147465433,3,4.71,0,415.29,22638.421999999926
2026-06-30 16:04:00+00:00,2026-06-30 16:00:00+00:00,2026-06-30 16:15:00+00:00,no,0.22999999999999998,500,0.7073991031390134,0.775,0.04260089686098657,10,6.2,1,-121.19999999999999,22517.221999999925
2026-06-30 16:16:00+00:00,2026-06-30 16:15:00+00:00,2026-06-30 16:30:00+00:00,yes,0.51,500,0.5637393767705381,0.505,0.03373937677053808,13,8.75,0,-263.75,22253.471999999925
2026-06-30 16:34:00+00:00,2026-06-30 16:30:00+00:00,2026-06-30 16:45:00+00:00,yes,0.77,500,0.8266666666666667,0.765,0.03666666666666664,10,6.2,1,108.8,22362.271999999924
2026-06-30 17:05:00+00:00,2026-06-30 17:00:00+00:00,2026-06-30 17:15:00+00:00,no,0.38,500,0.5637393767705381,0.625,0.0362606232294619,9,8.25,0,301.75,22664.021999999924
2026-06-30 17:23:00+00:00,2026-06-30 17:15:00+00:00,2026-06-30 17:30:00+00:00,no,0.45999999999999996,500,0.48656716417910445,0.545,0.033432835820895526,6,8.7,0,261.3,22925.321999999924
2026-06-30 17:43:00+00:00,2026-06-30 17:30:00+00:00,2026-06-30 17:45:00+00:00,yes,0.082,500,0.1712707182320442,0.0815,0.07927071823204421,1,2.64,0,-43.64,22881.681999999924
2026-06-30 18:01:00+00:00,2026-06-30 18:00:00+00:00,2026-06-30 18:15:00+00:00,no,0.52,500,0.41366223908918404,0.485,0.046337760910816,13,8.74,1,-268.74,22612.941999999923
2026-06-30 18:17:00+00:00,2026-06-30 18:15:00+00:00,2026-06-30 18:30:00+00:00,yes,0.69,500,0.7526501766784452,0.685,0.0426501766784453,12,7.49,1,147.51,22760.45199999992
2026-06-30 18:35:00+00:00,2026-06-30 18:30:00+00:00,2026-06-30 18:45:00+00:00,yes,0.29,500,0.35533707865168535,0.28500000000000003,0.04533707865168536,9,7.21,0,-152.21,22608.241999999922
2026-06-30 18:47:00+00:00,2026-06-30 18:45:00+00:00,2026-06-30 19:00:00+00:00,yes,0.82,500,0.8868613138686131,0.815,0.046861313868613155,12,5.17,1,84.83,22693.071999999924
2026-06-30 19:01:00+00:00,2026-06-30 19:00:00+00:00,2026-06-30 19:15:00+00:00,no,0.53,500,0.41366223908918404,0.475,0.03633776091081599,13,8.72,0,226.28,22919.351999999923
2026-06-30 19:27:00+00:00,2026-06-30 19:15:00+00:00,2026-06-30 19:30:00+00:00,yes,0.36,500,0.472,0.355,0.09199999999999998,2,8.07,1,311.93,23231.281999999923
2026-06-30 19:33:00+00:00,2026-06-30 19:30:00+00:00,2026-06-30 19:45:00+00:00,yes,0.82,500,0.8868613138686131,0.815,0.046861313868613155,11,5.17,1,84.83,23316.111999999925
2026-06-30 19:48:00+00:00,2026-06-30 19:45:00+00:00,2026-06-30 20:00:00+00:00,yes,0.63,500,0.6934306569343066,0.625,0.0434306569343066,11,8.16,1,176.84,23492.951999999925
2026-06-30 20:09:00+00:00,2026-06-30 20:00:00+00:00,2026-06-30 20:15:00+00:00,yes,0.74,500,0.8005115089514067,0.735,0.04051150895140666,5,6.74,1,123.26,23616.211999999923
2026-06-30 20:15:00+00:00,2026-06-30 20:15:00+00:00,2026-06-30 20:30:00+00:00,no,0.53,500,0.3968253968253968,0.475,0.05317460317460322,14,8.72,0,226.28,23842.491999999922
2026-06-30 20:32:00+00:00,2026-06-30 20:30:00+00:00,2026-06-30 20:45:00+00:00,no,0.79,500,0.1510791366906475,0.215,0.03892086330935253,12,5.81,0,99.19,23941.68199999992
2026-06-30 20:47:00+00:00,2026-06-30 20:45:00+00:00,2026-06-30 21:00:00+00:00,yes,0.83,500,0.8868613138686131,0.825,0.04686131386861315,12,4.94,1,80.06,24021.741999999922
2026-06-30 21:08:00+00:00,2026-06-30 21:00:00+00:00,2026-06-30 21:15:00+00:00,yes,0.22,500,0.2954822954822955,0.215,0.05548229548229548,6,6.01,0,-116.01,23905.731999999924
2026-06-30 21:16:00+00:00,2026-06-30 21:15:00+00:00,2026-06-30 21:30:00+00:00,yes,0.62,500,0.6934306569343066,0.615,0.05343065693430661,13,8.25,1,181.75,24087.481999999924
2026-06-30 21:37:00+00:00,2026-06-30 21:30:00+00:00,2026-06-30 21:45:00+00:00,yes,0.79,500,0.844903988183161,0.785,0.034903988183161,7,5.81,1,99.19,24186.671999999922
2026-06-30 21:46:00+00:00,2026-06-30 21:45:00+00:00,2026-06-30 22:00:00+00:00,no,0.53,500,0.41366223908918404,0.475,0.03633776091081599,13,8.72,1,-273.72,23912.95199999992
2026-06-30 22:01:00+00:00,2026-06-30 22:00:00+00:00,2026-06-30 22:15:00+00:00,yes,0.74,500,0.844903988183161,0.735,0.08490398818316104,13,6.74,1,123.26,24036.21199999992
2026-06-30 22:15:00+00:00,2026-06-30 22:15:00+00:00,2026-06-30 22:30:00+00:00,yes,0.55,500,0.6875,0.545,0.11749999999999995,14,8.67,0,-283.67,23752.54199999992
2026-06-30 22:55:00+00:00,2026-06-30 22:45:00+00:00,2026-06-30 23:00:00+00:00,yes,0.31,500,0.3769559032716927,0.305,0.0469559032716927,4,7.49,1,337.51,24090.05199999992
2026-06-30 23:01:00+00:00,2026-06-30 23:00:00+00:00,2026-06-30 23:15:00+00:00,no,0.47,500,0.41366223908918404,0.535,0.09633776091081604,13,8.72,0,256.28,24346.33199999992
2026-06-30 23:24:00+00:00,2026-06-30 23:15:00+00:00,2026-06-30 23:30:00+00:00,yes,0.78,500,0.844903988183161,0.775,0.044903988183161006,5,6.01,1,103.99,24450.32199999992
2026-06-30 23:33:00+00:00,2026-06-30 23:30:00+00:00,2026-06-30 23:45:00+00:00,no,0.55,500,0.3968253968253968,0.455,0.033174603174603204,11,8.67,0,216.33,24666.651999999922
2026-06-30 23:45:00+00:00,2026-06-30 23:45:00+00:00,2026-07-01 00:00:00+00:00,no,0.52,500,0.3769559032716927,0.485,0.08304409672830727,14,8.74,1,-268.74,24397.91199999992
2026-07-01 00:01:00+00:00,2026-07-01 00:00:00+00:00,2026-07-01 00:15:00+00:00,yes,0.64,500,0.6934306569343066,0.635,0.03343065693430659,13,8.07,1,171.93,24569.84199999992
2026-07-01 00:16:00+00:00,2026-07-01 00:15:00+00:00,2026-07-01 00:30:00+00:00,no,0.5700000000000001,500,0.3769559032716927,0.435,0.03304409672830723,13,8.58,0,206.41999999999993,24776.26199999992
2026-07-01 00:36:00+00:00,2026-07-01 00:30:00+00:00,2026-07-01 00:45:00+00:00,no,0.21999999999999997,500,0.7073991031390134,0.785,0.05260089686098658,8,6.01,1,-116.00999999999999,24660.25199999992
2026-07-01 00:46:00+00:00,2026-07-01 00:45:00+00:00,2026-07-01 01:00:00+00:00,no,0.43000000000000005,500,0.5080645161290321,0.575,0.04193548387096781,13,8.58,1,-223.58000000000004,24436.67199999992
2026-07-01 01:00:00+00:00,2026-07-01 01:00:00+00:00,2026-07-01 01:15:00+00:00,no,0.54,500,0.3769559032716927,0.46499999999999997,0.06304409672830726,14,8.7,0,221.3,24657.971999999918
2026-07-01 01:20:00+00:00,2026-07-01 01:15:00+00:00,2026-07-01 01:30:00+00:00,no,0.15000000000000002,500,0.8005115089514067,0.855,0.03948849104859332,9,4.47,1,-79.47000000000001,24578.501999999917
2026-07-01 01:45:00+00:00,2026-07-01 01:45:00+00:00,2026-07-01 02:00:00+00:00,no,0.52,500,0.3769559032716927,0.485,0.08304409672830727,14,8.74,0,231.26,24809.761999999915
2026-07-01 02:08:00+00:00,2026-07-01 02:00:00+00:00,2026-07-01 02:15:00+00:00,yes,0.11,500,0.1712707182320442,0.10500000000000001,0.0512707182320442,6,3.43,1,441.57,25251.331999999915
2026-07-01 02:25:00+00:00,2026-07-01 02:15:00+00:00,2026-07-01 02:30:00+00:00,no,0.07099999999999995,500,0.8868613138686131,0.9295,0.032138686131386936,4,2.31,1,-37.80999999999998,25213.521999999914
2026-07-01 02:30:00+00:00,2026-07-01 02:30:00+00:00,2026-07-01 02:45:00+00:00,no,0.39,500,0.48656716417910445,0.615,0.10343283582089548,14,8.33,1,-203.33,25010.19199999991
2026-07-01 02:48:00+00:00,2026-07-01 02:45:00+00:00,2026-07-01 03:00:00+00:00,no,0.64,500,0.2954822954822955,0.365,0.04451770451770444,11,8.07,0,171.93,25182.121999999912
2026-07-01 03:30:00+00:00,2026-07-01 03:30:00+00:00,2026-07-01 03:45:00+00:00,no,0.43999999999999995,500,0.5080645161290321,0.5700000000000001,0.03193548387096791,14,8.63,1,-228.62999999999997,24953.49199999991
2026-07-01 04:03:00+00:00,2026-07-01 04:00:00+00:00,2026-07-01 04:15:00+00:00,no,0.85,500,0.10497237569060773,0.155,0.03502762430939233,11,4.47,0,70.53,25024.02199999991
2026-07-01 04:30:00+00:00,2026-07-01 04:30:00+00:00,2026-07-01 04:45:00+00:00,no,0.52,500,0.3769559032716927,0.485,0.08304409672830727,14,8.74,1,-268.74,24755.28199999991
2026-07-01 04:52:00+00:00,2026-07-01 04:45:00+00:00,2026-07-01 05:00:00+00:00,no,0.47,500,0.472,0.535,0.03800000000000005,7,8.72,0,256.28,25011.561999999907
2026-07-01 05:01:00+00:00,2026-07-01 05:00:00+00:00,2026-07-01 05:15:00+00:00,no,0.63,500,0.2954822954822955,0.375,0.05451770451770445,13,8.16,0,176.84,25188.401999999907
2026-07-01 05:24:00+00:00,2026-07-01 05:15:00+00:00,2026-07-01 05:30:00+00:00,yes,0.2,500,0.25412541254125415,0.195,0.03412541254125413,5,5.6,0,-105.6,25082.80199999991
2026-07-01 05:30:00+00:00,2026-07-01 05:30:00+00:00,2026-07-01 05:45:00+00:00,no,0.51,500,0.41366223908918404,0.495,0.05633776091081601,14,8.75,1,-263.75,24819.05199999991
2026-07-01 05:45:00+00:00,2026-07-01 05:45:00+00:00,2026-07-01 06:00:00+00:00,no,0.44999999999999996,500,0.4854014598540146,0.555,0.044598540145985424,14,8.67,0,266.33,25085.38199999991
2026-07-01 06:01:00+00:00,2026-07-01 06:00:00+00:00,2026-07-01 06:15:00+00:00,no,0.77,500,0.1510791366906475,0.235,0.05892086330935255,13,6.2,0,108.8,25194.18199999991
2026-07-01 06:45:00+00:00,2026-07-01 06:45:00+00:00,2026-07-01 07:00:00+00:00,yes,0.5,500,0.5637393767705381,0.495,0.04373937677053809,14,8.75,1,241.25,25435.43199999991
2026-07-01 07:00:00+00:00,2026-07-01 07:00:00+00:00,2026-07-01 07:15:00+00:00,no,0.52,500,0.42857142857142855,0.485,0.031428571428571375,14,8.74,0,231.26,25666.691999999908
2026-07-01 07:15:00+00:00,2026-07-01 07:15:00+00:00,2026-07-01 07:30:00+00:00,yes,0.51,500,0.5637393767705381,0.505,0.03373937677053808,14,8.75,1,236.25,25902.941999999908
2026-07-01 07:39:00+00:00,2026-07-01 07:30:00+00:00,2026-07-01 07:45:00+00:00,yes,0.23,500,0.2954822954822955,0.225,0.04548229548229547,5,6.2,0,-121.2,25781.741999999907
2026-07-01 07:45:00+00:00,2026-07-01 07:45:00+00:00,2026-07-01 08:00:00+00:00,no,0.45999999999999996,500,0.48412698412698413,0.545,0.03587301587301585,14,8.7,1,-238.69999999999996,25543.041999999907
2026-07-01 08:00:00+00:00,2026-07-01 08:00:00+00:00,2026-07-01 08:15:00+00:00,no,0.55,500,0.3769559032716927,0.455,0.05304409672830725,14,8.67,0,216.33,25759.37199999991
2026-07-01 08:15:00+00:00,2026-07-01 08:15:00+00:00,2026-07-01 08:30:00+00:00,no,0.53,500,0.3968253968253968,0.475,0.05317460317460322,14,8.72,0,226.28,25985.651999999907
2026-07-01 08:35:00+00:00,2026-07-01 08:30:00+00:00,2026-07-01 08:45:00+00:00,yes,0.32,500,0.3769559032716927,0.315,0.036955903271692694,9,7.62,1,332.38,26318.03199999991
2026-07-01 09:03:00+00:00,2026-07-01 09:00:00+00:00,2026-07-01 09:15:00+00:00,no,0.69,500,0.25412541254125415,0.315,0.035874587458745846,11,7.49,0,147.51,26465.541999999907
2026-07-01 09:33:00+00:00,2026-07-01 09:30:00+00:00,2026-07-01 09:45:00+00:00,yes,0.73,500,0.8005115089514067,0.725,0.05051150895140667,11,6.9,0,-371.9,26093.641999999905
2026-07-01 09:48:00+00:00,2026-07-01 09:45:00+00:00,2026-07-01 10:00:00+00:00,no,0.53,500,0.41366223908918404,0.475,0.03633776091081599,11,8.72,1,-273.72,25819.921999999904
2026-07-01 10:00:00+00:00,2026-07-01 10:00:00+00:00,2026-07-01 10:15:00+00:00,no,0.74,500,0.1712707182320442,0.265,0.0687292817679558,14,6.74,0,123.26,25943.181999999902
2026-07-01 10:16:00+00:00,2026-07-01 10:15:00+00:00,2026-07-01 10:30:00+00:00,no,0.5,500,0.41366223908918404,0.505,0.06633776091081602,13,8.75,0,241.25,26184.431999999902
2026-07-01 10:38:00+00:00,2026-07-01 10:30:00+00:00,2026-07-01 10:45:00+00:00,yes,0.29,500,0.35533707865168535,0.28500000000000003,0.04533707865168536,6,7.21,0,-152.21,26032.221999999903
2026-07-01 10:45:00+00:00,2026-07-01 10:45:00+00:00,2026-07-01 11:00:00+00:00,yes,0.63,500,0.7073991031390134,0.625,0.05739910313901343,14,8.16,1,176.84,26209.061999999903
2026-07-01 11:00:00+00:00,2026-07-01 11:00:00+00:00,2026-07-01 11:15:00+00:00,no,0.62,500,0.2954822954822955,0.39,0.06451770451770446,14,8.25,1,-318.25,25890.811999999903
2026-07-01 11:15:00+00:00,2026-07-01 11:15:00+00:00,2026-07-01 11:30:00+00:00,no,0.51,500,0.41366223908918404,0.495,0.05633776091081601,14,8.75,0,236.25,26127.061999999903
2026-07-01 11:35:00+00:00,2026-07-01 11:30:00+00:00,2026-07-01 11:45:00+00:00,yes,0.55,500,0.6244604316546764,0.545,0.0544604316546763,9,8.67,0,-283.67,25843.391999999905
2026-07-01 11:45:00+00:00,2026-07-01 11:45:00+00:00,2026-07-01 12:00:00+00:00,no,0.45999999999999996,500,0.48656716417910445,0.55,0.033432835820895526,14,8.7,0,261.3,26104.691999999905
2026-07-01 12:02:00+00:00,2026-07-01 12:00:00+00:00,2026-07-01 12:15:00+00:00,no,0.79,500,0.1510791366906475,0.215,0.03892086330935253,12,5.81,0,99.19,26203.881999999903
2026-07-01 12:15:00+00:00,2026-07-01 12:15:00+00:00,2026-07-01 12:30:00+00:00,yes,0.77,500,0.844903988183161,0.765,0.054903988183161015,14,6.2,1,108.8,26312.681999999902
2026-07-01 13:00:00+00:00,2026-07-01 13:00:00+00:00,2026-07-01 13:15:00+00:00,yes,0.73,500,0.7910447761194029,0.725,0.04104477611940295,14,6.9,1,128.1,26440.7819999999
2026-07-01 13:15:00+00:00,2026-07-01 13:15:00+00:00,2026-07-01 13:30:00+00:00,yes,0.51,500,0.5637393767705381,0.505,0.03373937677053808,14,8.75,1,236.25,26677.0319999999
2026-07-01 13:30:00+00:00,2026-07-01 13:30:00+00:00,2026-07-01 13:45:00+00:00,no,0.53,500,0.3769559032716927,0.475,0.07304409672830726,14,8.72,1,-273.72,26403.3119999999
2026-07-01 14:00:00+00:00,2026-07-01 14:00:00+00:00,2026-07-01 14:15:00+00:00,no,0.5700000000000001,500,0.2954822954822955,0.435,0.11451770451770439,14,8.58,1,-293.58000000000004,26109.731999999898
2026-07-01 14:15:00+00:00,2026-07-01 14:15:00+00:00,2026-07-01 14:30:00+00:00,no,0.5900000000000001,500,0.3275862068965517,0.415,0.062413793103448204,14,8.47,0,196.52999999999994,26306.261999999897
2026-07-01 14:30:00+00:00,2026-07-01 14:30:00+00:00,2026-07-01 14:45:00+00:00,no,0.7,500,0.248868778280543,0.305,0.031131221719457054,14,7.35,0,142.65,26448.9119999999
2026-07-01 14:54:00+00:00,2026-07-01 14:45:00+00:00,2026-07-01 15:00:00+00:00,no,0.37,500,0.5637393767705381,0.635,0.04626062322946191,5,8.16,0,306.84,26755.7519999999
2026-07-01 15:00:00+00:00,2026-07-01 15:00:00+00:00,2026-07-01 15:15:00+00:00,no,0.45999999999999996,500,0.48656716417910445,0.545,0.033432835820895526,14,8.7,1,-238.69999999999996,26517.051999999898
2026-07-01 15:15:00+00:00,2026-07-01 15:15:00+00:00,2026-07-01 15:30:00+00:00,no,0.56,500,0.3769559032716927,0.445,0.04304409672830724,14,8.63,1,-288.63,26228.421999999897
2026-07-01 15:40:00+00:00,2026-07-01 15:30:00+00:00,2026-07-01 15:45:00+00:00,yes,0.038,500,0.08585858585858586,0.037,0.037858585858585855,4,1.28,0,-20.28,26208.141999999898
2026-07-01 15:47:00+00:00,2026-07-01 15:45:00+00:00,2026-07-01 16:00:00+00:00,no,0.45999999999999996,500,0.48656716417910445,0.545,0.033432835820895526,12,8.7,0,261.3,26469.441999999897
2026-07-01 16:12:00+00:00,2026-07-01 16:00:00+00:00,2026-07-01 16:15:00+00:00,yes,0.28,500,0.3769559032716927,0.275,0.07695590327169267,2,7.06,0,-147.06,26322.381999999896
2026-07-01 16:45:00+00:00,2026-07-01 16:45:00+00:00,2026-07-01 17:00:00+00:00,no,0.56,500,0.3769559032716927,0.445,0.04304409672830724,14,8.63,0,211.37,26533.751999999895
2026-07-01 17:00:00+00:00,2026-07-01 17:00:00+00:00,2026-07-01 17:15:00+00:00,no,0.5700000000000001,500,0.3769559032716927,0.435,0.03304409672830723,14,8.58,0,206.41999999999993,26740.171999999893
2026-07-01 17:45:00+00:00,2026-07-01 17:45:00+00:00,2026-07-01 18:00:00+00:00,no,0.42000000000000004,500,0.5080645161290321,0.585,0.051935483870967816,14,8.53,1,-218.53000000000003,26521.641999999894
2026-07-01 18:00:00+00:00,2026-07-01 18:00:00+00:00,2026-07-01 18:15:00+00:00,no,0.55,500,0.3769559032716927,0.455,0.05304409672830725,14,8.67,0,216.33,26737.971999999896
2026-07-01 18:18:00+00:00,2026-07-01 18:15:00+00:00,2026-07-01 18:30:00+00:00,yes,0.7,500,0.7526501766784452,0.695,0.03265017667844529,11,7.35,1,142.65,26880.621999999898
2026-07-01 18:30:00+00:00,2026-07-01 18:30:00+00:00,2026-07-01 18:45:00+00:00,no,0.5700000000000001,500,0.3769559032716927,0.435,0.03304409672830723,14,8.58,1,-293.58000000000004,26587.041999999896
2026-07-01 18:45:00+00:00,2026-07-01 18:45:00+00:00,2026-07-01 19:00:00+00:00,no,0.51,500,0.3769559032716927,0.495,0.09304409672830728,14,8.75,0,236.25,26823.291999999896
2026-07-01 19:18:00+00:00,2026-07-01 19:15:00+00:00,2026-07-01 19:30:00+00:00,no,0.52,500,0.41366223908918404,0.485,0.046337760910816,11,8.74,0,231.26,27054.551999999894
2026-07-01 19:35:00+00:00,2026-07-01 19:30:00+00:00,2026-07-01 19:45:00+00:00,no,0.18000000000000005,500,0.7649769585253456,0.825,0.03502304147465431,9,5.17,1,-95.17000000000003,26959.381999999896
2026-07-01 20:06:00+00:00,2026-07-01 20:00:00+00:00,2026-07-01 20:15:00+00:00,yes,0.24,500,0.2954822954822955,0.235,0.03548229548229549,8,6.39,0,-126.39,26832.991999999897
2026-07-01 20:15:00+00:00,2026-07-01 20:15:00+00:00,2026-07-01 20:30:00+00:00,yes,0.32,500,0.3769559032716927,0.315,0.036955903271692694,14,7.62,0,-167.62,26665.371999999898
2026-07-01 20:46:00+00:00,2026-07-01 20:45:00+00:00,2026-07-01 21:00:00+00:00,yes,0.51,500,0.5637393767705381,0.505,0.03373937677053808,13,8.75,1,236.25,26901.621999999898
2026-07-01 21:30:00+00:00,2026-07-01 21:30:00+00:00,2026-07-01 21:45:00+00:00,no,0.35,500,0.5637393767705381,0.655,0.06626062322946193,14,7.97,1,-182.97,26718.651999999896
2026-07-01 21:45:00+00:00,2026-07-01 21:45:00+00:00,2026-07-01 22:00:00+00:00,no,0.56,500,0.3769559032716927,0.45,0.04304409672830724,14,8.63,0,211.37,26930.021999999895
2026-07-01 22:01:00+00:00,2026-07-01 22:00:00+00:00,2026-07-01 22:15:00+00:00,no,0.55,500,0.3769559032716927,0.455,0.05304409672830725,13,8.67,0,216.33,27146.351999999897
2026-07-01 22:15:00+00:00,2026-07-01 22:15:00+00:00,2026-07-01 22:30:00+00:00,no,0.56,500,0.3769559032716927,0.445,0.04304409672830724,14,8.63,0,211.37,27357.721999999896
2026-07-01 22:34:00+00:00,2026-07-01 22:30:00+00:00,2026-07-01 22:45:00+00:00,yes,0.17,500,0.248868778280543,0.165,0.06886877828054298,10,4.94,0,-89.94,27267.781999999897
2026-07-01 22:56:00+00:00,2026-07-01 22:45:00+00:00,2026-07-01 23:00:00+00:00,yes,0.19,500,0.248868778280543,0.185,0.038868778280542984,3,5.39,0,-100.39,27167.391999999898
2026-07-01 23:02:00+00:00,2026-07-01 23:00:00+00:00,2026-07-01 23:15:00+00:00,no,0.85,500,0.09895833333333333,0.155,0.04104166666666665,12,4.47,0,70.53,27237.921999999897
2026-07-01 23:20:00+00:00,2026-07-01 23:15:00+00:00,2026-07-01 23:30:00+00:00,no,0.24,500,0.7073991031390134,0.765,0.032600896860986564,9,6.39,0,373.61,27611.531999999897
2026-07-01 23:30:00+00:00,2026-07-01 23:30:00+00:00,2026-07-01 23:45:00+00:00,no,0.37,500,0.5637393767705381,0.635,0.04626062322946191,14,8.16,0,306.84,27918.371999999898
2026-07-01 23:45:00+00:00,2026-07-01 23:45:00+00:00,2026-07-02 00:00:00+00:00,yes,0.25,500,0.35533707865168535,0.245,0.08533707865168534,14,6.57,0,-131.57,27786.801999999898
2026-07-02 00:00:00+00:00,2026-07-02 00:00:00+00:00,2026-07-02 00:15:00+00:00,no,0.6,500,0.2954822954822955,0.405,0.08451770451770448,14,8.4,0,191.6,27978.401999999896
2026-07-02 00:46:00+00:00,2026-07-02 00:45:00+00:00,2026-07-02 01:00:00+00:00,yes,0.79,500,0.844903988183161,0.785,0.034903988183161,13,5.81,1,99.19,28077.591999999895
2026-07-02 01:15:00+00:00,2026-07-02 01:15:00+00:00,2026-07-02 01:30:00+00:00,no,0.44999999999999996,500,0.48656716417910445,0.555,0.043432835820895535,14,8.67,1,-233.66999999999996,27843.921999999897
2026-07-02 01:46:00+00:00,2026-07-02 01:45:00+00:00,2026-07-02 02:00:00+00:00,no,0.18000000000000005,500,0.7073991031390134,0.825,0.0926008968609865,13,5.17,0,404.83,28248.7519999999
2026-07-02 02:04:00+00:00,2026-07-02 02:00:00+00:00,2026-07-02 02:15:00+00:00,no,0.43999999999999995,500,0.48656716417910445,0.5700000000000001,0.053432835820895544,10,8.63,0,271.37,28520.121999999898
2026-07-02 02:50:00+00:00,2026-07-02 02:45:00+00:00,2026-07-02 03:00:00+00:00,no,0.5700000000000001,500,0.3769559032716927,0.435,0.03304409672830723,9,8.58,1,-293.58000000000004,28226.541999999896
2026-07-02 03:00:00+00:00,2026-07-02 03:00:00+00:00,2026-07-02 03:15:00+00:00,no,0.5700000000000001,500,0.3769559032716927,0.435,0.03304409672830723,14,8.58,1,-293.58000000000004,27932.961999999894
2026-07-02 03:15:00+00:00,2026-07-02 03:15:00+00:00,2026-07-02 03:30:00+00:00,no,0.5,500,0.3968253968253968,0.505,0.08317460317460325,14,8.75,1,-258.75,27674.211999999894
2026-07-02 03:32:00+00:00,2026-07-02 03:30:00+00:00,2026-07-02 03:45:00+00:00,no,0.5700000000000001,500,0.3769559032716927,0.435,0.03304409672830723,12,8.58,1,-293.58000000000004,27380.631999999892
2026-07-02 03:47:00+00:00,2026-07-02 03:45:00+00:00,2026-07-02 04:00:00+00:00,no,0.53,500,0.3769559032716927,0.475,0.07304409672830726,12,8.72,1,-273.72,27106.91199999989
2026-07-02 04:00:00+00:00,2026-07-02 04:00:00+00:00,2026-07-02 04:15:00+00:00,no,0.73,500,0.1963470319634703,0.275,0.05365296803652965,14,6.9,0,128.1,27235.01199999989
2026-07-02 04:15:00+00:00,2026-07-02 04:15:00+00:00,2026-07-02 04:30:00+00:00,no,0.64,500,0.2954822954822955,0.365,0.04451770451770444,14,8.07,0,171.93,27406.94199999989
2026-07-02 04:30:00+00:00,2026-07-02 04:30:00+00:00,2026-07-02 04:45:00+00:00,no,0.53,500,0.41366223908918404,0.475,0.03633776091081599,14,8.72,0,226.28,27633.22199999989
2026-07-02 04:48:00+00:00,2026-07-02 04:45:00+00:00,2026-07-02 05:00:00+00:00,no,0.43999999999999995,500,0.5080645161290321,0.565,0.03193548387096791,11,8.63,1,-228.62999999999997,27404.591999999888
2026-07-02 05:01:00+00:00,2026-07-02 05:00:00+00:00,2026-07-02 05:15:00+00:00,no,0.85,500,0.08585858585858586,0.155,0.054141414141414164,13,4.47,1,-429.47,26975.121999999887
2026-07-02 05:15:00+00:00,2026-07-02 05:15:00+00:00,2026-07-02 05:30:00+00:00,no,0.48,500,0.41366223908918404,0.525,0.08633776091081603,14,8.74,0,251.26,27226.381999999885
2026-07-02 05:33:00+00:00,2026-07-02 05:30:00+00:00,2026-07-02 05:45:00+00:00,no,0.52,500,0.41366223908918404,0.485,0.046337760910816,11,8.74,0,231.26,27457.641999999883
2026-07-02 05:50:00+00:00,2026-07-02 05:45:00+00:00,2026-07-02 06:00:00+00:00,no,0.89,500,0.05612244897959184,0.11499999999999999,0.04387755102040814,9,3.43,0,51.57,27509.211999999883
2026-07-02 06:02:00+00:00,2026-07-02 06:00:00+00:00,2026-07-02 06:15:00+00:00,no,0.5700000000000001,500,0.3769559032716927,0.435,0.03304409672830723,12,8.58,0,206.41999999999993,27715.63199999988
2026-07-02 06:16:00+00:00,2026-07-02 06:15:00+00:00,2026-07-02 06:30:00+00:00,yes,0.55,500,0.6590909090909091,0.545,0.08909090909090901,13,8.67,1,216.33,27931.961999999883
2026-07-02 06:31:00+00:00,2026-07-02 06:30:00+00:00,2026-07-02 06:45:00+00:00,yes,0.75,500,0.8266666666666667,0.745,0.05666666666666666,13,6.57,1,118.43,28050.391999999883
2026-07-02 09:02:00+00:00,2026-07-02 09:00:00+00:00,2026-07-02 09:15:00+00:00,no,0.55,500,0.3769559032716927,0.455,0.05304409672830725,12,8.67,0,216.33,28266.721999999885
2026-07-02 09:34:00+00:00,2026-07-02 09:30:00+00:00,2026-07-02 09:45:00+00:00,yes,0.81,500,0.9330357142857143,0.805,0.10303571428571424,10,5.39,1,89.61,28356.331999999886
2026-07-02 09:46:00+00:00,2026-07-02 09:45:00+00:00,2026-07-02 10:00:00+00:00,no,0.86,500,0.08585858585858586,0.14500000000000002,0.044141414141414155,13,4.22,1,-434.22,27922.111999999885
2026-07-02 10:01:00+00:00,2026-07-02 10:00:00+00:00,2026-07-02 10:15:00+00:00,no,0.65,500,0.2954822954822955,0.355,0.03451770451770443,13,7.97,1,-332.97,27589.141999999883
2026-07-02 10:15:00+00:00,2026-07-02 10:15:00+00:00,2026-07-02 10:30:00+00:00,no,0.43999999999999995,500,0.48412698412698413,0.5700000000000001,0.055873015873015866,14,8.63,0,271.37,27860.511999999882
2026-07-02 10:30:00+00:00,2026-07-02 10:30:00+00:00,2026-07-02 10:45:00+00:00,no,0.33999999999999997,500,0.6023391812865497,0.665,0.0376608187134503,14,7.86,1,-177.85999999999999,27682.65199999988
2026-07-02 10:45:00+00:00,2026-07-02 10:45:00+00:00,2026-07-02 11:00:00+00:00,no,0.51,500,0.3769559032716927,0.495,0.09304409672830728,14,8.75,1,-263.75,27418.90199999988
2026-07-02 11:00:00+00:00,2026-07-02 11:00:00+00:00,2026-07-02 11:15:00+00:00,no,0.45999999999999996,500,0.41366223908918404,0.545,0.10633776091081605,14,8.7,1,-238.69999999999996,27180.20199999988
2026-07-02 11:15:00+00:00,2026-07-02 11:15:00+00:00,2026-07-02 11:30:00+00:00,no,0.51,500,0.3769559032716927,0.495,0.09304409672830728,14,8.75,1,-263.75,26916.45199999988
2026-07-02 11:30:00+00:00,2026-07-02 11:30:00+00:00,2026-07-02 11:45:00+00:00,no,0.54,500,0.3769559032716927,0.46499999999999997,0.06304409672830726,14,8.7,1,-278.7,26637.75199999988
2026-07-02 11:49:00+00:00,2026-07-02 11:45:00+00:00,2026-07-02 12:00:00+00:00,no,0.64,500,0.2777777777777778,0.365,0.06222222222222219,10,8.07,1,-328.07,26309.68199999988
2026-07-02 12:00:00+00:00,2026-07-02 12:00:00+00:00,2026-07-02 12:15:00+00:00,no,0.51,500,0.3769559032716927,0.495,0.09304409672830728,14,8.75,1,-263.75,26045.93199999988
2026-07-02 12:15:00+00:00,2026-07-02 12:15:00+00:00,2026-07-02 12:30:00+00:00,no,0.55,500,0.3769559032716927,0.455,0.05304409672830725,14,8.67,0,216.33,26262.261999999882
2026-07-02 12:30:00+00:00,2026-07-02 12:30:00+00:00,2026-07-02 12:45:00+00:00,yes,0.79,500,0.8868613138686131,0.785,0.07686131386861307,14,5.81,1,99.19,26361.45199999988
2026-07-02 12:45:00+00:00,2026-07-02 12:45:00+00:00,2026-07-02 13:00:00+00:00,no,0.44999999999999996,500,0.4854014598540146,0.555,0.044598540145985424,14,8.67,1,-233.66999999999996,26127.781999999883
2026-07-02 13:01:00+00:00,2026-07-02 13:00:00+00:00,2026-07-02 13:15:00+00:00,no,0.55,500,0.3769559032716927,0.455,0.05304409672830725,13,8.67,1,-283.67,25844.111999999885
2026-07-02 13:17:00+00:00,2026-07-02 13:15:00+00:00,2026-07-02 13:30:00+00:00,no,0.36,500,0.5637393767705381,0.645,0.05626062322946192,12,8.07,0,311.93,26156.041999999885
2026-07-02 13:30:00+00:00,2026-07-02 13:30:00+00:00,2026-07-02 13:45:00+00:00,no,0.56,500,0.3769559032716927,0.445,0.04304409672830724,14,8.63,1,-288.63,25867.411999999884
2026-07-02 13:45:00+00:00,2026-07-02 13:45:00+00:00,2026-07-02 14:00:00+00:00,no,0.62,500,0.3275862068965517,0.385,0.03241379310344829,14,8.25,0,181.75,26049.161999999884
2026-07-02 14:00:00+00:00,2026-07-02 14:00:00+00:00,2026-07-02 14:15:00+00:00,no,0.55,500,0.3769559032716927,0.455,0.05304409672830725,14,8.67,1,-283.67,25765.491999999886
2026-07-02 14:15:00+00:00,2026-07-02 14:15:00+00:00,2026-07-02 14:30:00+00:00,no,0.54,500,0.3769559032716927,0.46499999999999997,0.06304409672830726,14,8.7,0,221.3,25986.791999999885
2026-07-02 14:31:00+00:00,2026-07-02 14:30:00+00:00,2026-07-02 14:45:00+00:00,yes,0.64,500,0.6934306569343066,0.635,0.03343065693430659,13,8.07,0,-328.07,25658.721999999885
2026-07-02 14:48:00+00:00,2026-07-02 14:45:00+00:00,2026-07-02 15:00:00+00:00,yes,0.64,500,0.6934306569343066,0.635,0.03343065693430659,11,8.07,1,171.93,25830.651999999885
2026-07-02 15:01:00+00:00,2026-07-02 15:00:00+00:00,2026-07-02 15:15:00+00:00,yes,0.57,500,0.6244604316546764,0.565,0.034460431654676396,13,8.58,0,-293.58,25537.071999999884
2026-07-02 15:41:00+00:00,2026-07-02 15:30:00+00:00,2026-07-02 15:45:00+00:00,yes,0.16,500,0.248868778280543,0.155,0.07886877828054299,3,4.71,0,-84.71,25452.361999999885
2026-07-02 16:15:00+00:00,2026-07-02 16:15:00+00:00,2026-07-02 16:30:00+00:00,no,0.86,500,0.1,0.14500000000000002,0.030000000000000034,14,4.22,0,65.78,25518.141999999883
2026-07-02 16:34:00+00:00,2026-07-02 16:30:00+00:00,2026-07-02 16:45:00+00:00,no,0.21999999999999997,500,0.7276119402985076,0.785,0.0323880597014924,10,6.01,1,-116.00999999999999,25402.131999999885
2026-07-02 17:05:00+00:00,2026-07-02 17:00:00+00:00,2026-07-02 17:15:00+00:00,yes,0.8,500,0.8705357142857143,0.795,0.05053571428571425,9,5.6,1,94.4,25496.531999999886
2026-07-02 17:21:00+00:00,2026-07-02 17:15:00+00:00,2026-07-02 17:30:00+00:00,yes,0.79,500,0.844903988183161,0.785,0.034903988183161,8,5.81,1,99.19,25595.721999999885
2026-07-02 18:03:00+00:00,2026-07-02 18:00:00+00:00,2026-07-02 18:15:00+00:00,yes,0.76,500,0.844903988183161,0.755,0.06490398818316102,11,6.39,1,113.61,25709.331999999886
2026-07-02 18:16:00+00:00,2026-07-02 18:15:00+00:00,2026-07-02 18:30:00+00:00,no,0.6599999999999999,500,0.25412541254125415,0.345,0.06587458745874587,13,7.86,1,-337.85999999999996,25371.471999999885
2026-07-02 18:30:00+00:00,2026-07-02 18:30:00+00:00,2026-07-02 18:45:00+00:00,no,0.43000000000000005,500,0.4854014598540146,0.575,0.06459854014598533,14,8.58,0,276.42,25647.891999999883
2026-07-02 18:49:00+00:00,2026-07-02 18:45:00+00:00,2026-07-02 19:00:00+00:00,yes,0.79,500,0.844903988183161,0.785,0.034903988183161,10,5.81,0,-400.81,25247.081999999882
2026-07-02 19:31:00+00:00,2026-07-02 19:30:00+00:00,2026-07-02 19:45:00+00:00,no,0.5700000000000001,500,0.3769559032716927,0.44,0.03304409672830723,13,8.58,0,206.41999999999993,25453.50199999988
2026-07-02 19:45:00+00:00,2026-07-02 19:45:00+00:00,2026-07-02 20:00:00+00:00,yes,0.55,500,0.6023391812865497,0.545,0.03233918128654968,14,8.67,0,-283.67,25169.831999999882
2026-07-02 20:05:00+00:00,2026-07-02 20:00:00+00:00,2026-07-02 20:15:00+00:00,no,0.5700000000000001,500,0.3769559032716927,0.435,0.03304409672830723,9,8.58,0,206.41999999999993,25376.25199999988
2026-07-02 20:25:00+00:00,2026-07-02 20:15:00+00:00,2026-07-02 20:30:00+00:00,yes,0.3,500,0.35533707865168535,0.295,0.03533707865168535,4,7.35,0,-157.35,25218.90199999988
2026-07-02 20:48:00+00:00,2026-07-02 20:45:00+00:00,2026-07-02 21:00:00+00:00,yes,0.64,500,0.6934306569343066,0.635,0.03343065693430659,11,8.07,1,171.93,25390.831999999882
2026-07-02 21:00:00+00:00,2026-07-02 21:00:00+00:00,2026-07-02 21:15:00+00:00,no,0.56,500,0.3769559032716927,0.445,0.04304409672830724,14,8.63,0,211.37,25602.20199999988
2026-07-02 21:27:00+00:00,2026-07-02 21:15:00+00:00,2026-07-02 21:30:00+00:00,no,0.19999999999999996,500,0.7276119402985076,0.805,0.05238805970149242,2,5.6,1,-105.59999999999997,25496.601999999883
2026-07-02 21:30:00+00:00,2026-07-02 21:30:00+00:00,2026-07-02 21:45:00+00:00,yes,0.42,500,0.48412698412698413,0.415,0.04412698412698414,14,8.53,0,-218.53,25278.071999999884
2026-07-02 21:46:00+00:00,2026-07-02 21:45:00+00:00,2026-07-02 22:00:00+00:00,no,0.54,500,0.3968253968253968,0.46499999999999997,0.04317460317460321,13,8.7,1,-278.7,24999.371999999883
2026-07-02 22:06:00+00:00,2026-07-02 22:00:00+00:00,2026-07-02 22:15:00+00:00,no,0.85,500,0.1,0.155,0.04000000000000004,8,4.47,0,70.53,25069.90199999988
2026-07-02 22:19:00+00:00,2026-07-02 22:15:00+00:00,2026-07-02 22:30:00+00:00,yes,0.79,500,0.844903988183161,0.785,0.034903988183161,10,5.81,0,-400.81,24669.09199999988
2026-07-02 22:35:00+00:00,2026-07-02 22:30:00+00:00,2026-07-02 22:45:00+00:00,yes,0.63,500,0.6934306569343066,0.625,0.0434306569343066,9,8.16,0,-323.16,24345.93199999988
2026-07-02 22:45:00+00:00,2026-07-02 22:45:00+00:00,2026-07-02 23:00:00+00:00,no,0.5700000000000001,500,0.3769559032716927,0.435,0.03304409672830723,14,8.58,0,206.41999999999993,24552.35199999988
2026-07-02 23:02:00+00:00,2026-07-02 23:00:00+00:00,2026-07-02 23:15:00+00:00,no,0.86,500,0.09895833333333333,0.14500000000000002,0.03104166666666664,12,4.22,0,65.78,24618.131999999878
2026-07-02 23:15:00+00:00,2026-07-02 23:15:00+00:00,2026-07-02 23:30:00+00:00,yes,0.62,500,0.6934306569343066,0.615,0.05343065693430661,14,8.25,1,181.75,24799.881999999878
2026-07-03 00:00:00+00:00,2026-07-03 00:00:00+00:00,2026-07-03 00:15:00+00:00,no,0.56,500,0.35533707865168535,0.445,0.06466292134831454,14,8.63,0,211.37,25011.251999999877
2026-07-03 00:43:00+00:00,2026-07-03 00:30:00+00:00,2026-07-03 00:45:00+00:00,no,0.19999999999999996,500,0.5637393767705381,0.805,0.21626062322946196,1,5.6,1,-105.59999999999997,24905.651999999878
2026-07-03 00:50:00+00:00,2026-07-03 00:45:00+00:00,2026-07-03 01:00:00+00:00,yes,0.83,500,0.8705357142857143,0.825,0.03053571428571434,9,4.94,0,-419.94,24485.71199999988
2026-07-03 01:03:00+00:00,2026-07-03 01:00:00+00:00,2026-07-03 01:15:00+00:00,yes,0.82,500,0.8733624454148472,0.815,0.033362445414847244,11,5.17,1,84.83,24570.54199999988
2026-07-03 01:18:00+00:00,2026-07-03 01:15:00+00:00,2026-07-03 01:30:00+00:00,no,0.86,500,0.09895833333333333,0.14500000000000002,0.03104166666666664,11,4.22,0,65.78,24636.32199999988
2026-07-03 01:30:00+00:00,2026-07-03 01:30:00+00:00,2026-07-03 01:45:00+00:00,no,0.56,500,0.3769559032716927,0.445,0.04304409672830724,14,8.63,1,-288.63,24347.69199999988
2026-07-03 01:48:00+00:00,2026-07-03 01:45:00+00:00,2026-07-03 02:00:00+00:00,no,0.65,500,0.2954822954822955,0.355,0.03451770451770443,11,7.97,0,167.03,24514.721999999878
2026-07-03 02:00:00+00:00,2026-07-03 02:00:00+00:00,2026-07-03 02:15:00+00:00,no,0.39,500,0.48412698412698413,0.615,0.1058730158730158,14,8.33,0,296.67,24811.391999999876
2026-07-03 02:21:00+00:00,2026-07-03 02:15:00+00:00,2026-07-03 02:30:00+00:00,no,0.22999999999999998,500,0.7073991031390134,0.775,0.04260089686098657,8,6.2,0,378.8,25190.191999999875
2026-07-03 02:30:00+00:00,2026-07-03 02:30:00+00:00,2026-07-03 02:45:00+00:00,no,0.78,500,0.1510791366906475,0.225,0.04892086330935254,14,6.01,0,103.99,25294.181999999877
2026-07-03 03:02:00+00:00,2026-07-03 03:00:00+00:00,2026-07-03 03:15:00+00:00,no,0.64,500,0.2954822954822955,0.365,0.04451770451770444,12,8.07,0,171.93,25466.111999999877
2026-07-03 03:52:00+00:00,2026-07-03 03:45:00+00:00,2026-07-03 04:00:00+00:00,yes,0.28,500,0.35533707865168535,0.275,0.055337078651685315,7,7.06,1,352.94,25819.051999999876
2026-07-03 04:02:00+00:00,2026-07-03 04:00:00+00:00,2026-07-03 04:15:00+00:00,no,0.43000000000000005,500,0.5080645161290321,0.575,0.04193548387096781,12,8.58,0,276.42,26095.471999999874
2026-07-03 04:17:00+00:00,2026-07-03 04:15:00+00:00,2026-07-03 04:30:00+00:00,no,0.76,500,0.1712707182320442,0.245,0.04872928176795578,12,6.39,1,-386.39,25709.081999999875
2026-07-03 04:33:00+00:00,2026-07-03 04:30:00+00:00,2026-07-03 04:45:00+00:00,no,0.53,500,0.3769559032716927,0.475,0.07304409672830726,11,8.72,1,-273.72,25435.361999999874
2026-07-03 04:45:00+00:00,2026-07-03 04:45:00+00:00,2026-07-03 05:00:00+00:00,no,0.61,500,0.3275862068965517,0.4,0.0424137931034483,14,8.33,0,186.67,25622.031999999872
2026-07-03 05:00:00+00:00,2026-07-03 05:00:00+00:00,2026-07-03 05:15:00+00:00,no,0.43999999999999995,500,0.48412698412698413,0.565,0.055873015873015866,14,8.63,1,-228.62999999999997,25393.40199999987
2026-07-03 05:18:00+00:00,2026-07-03 05:15:00+00:00,2026-07-03 05:30:00+00:00,yes,0.82,500,0.9265175718849841,0.815,0.08651757188498412,11,5.17,1,84.83,25478.231999999873
2026-07-03 05:30:00+00:00,2026-07-03 05:30:00+00:00,2026-07-03 05:45:00+00:00,no,0.55,500,0.3769559032716927,0.455,0.05304409672830725,14,8.67,1,-283.67,25194.561999999874
2026-07-03 05:48:00+00:00,2026-07-03 05:45:00+00:00,2026-07-03 06:00:00+00:00,no,0.55,500,0.3769559032716927,0.455,0.05304409672830725,11,8.67,1,-283.67,24910.891999999876
2026-07-03 06:01:00+00:00,2026-07-03 06:00:00+00:00,2026-07-03 06:15:00+00:00,no,0.5,500,0.45,0.505,0.030000000000000044,13,8.75,1,-258.75,24652.141999999876
2026-07-03 06:15:00+00:00,2026-07-03 06:15:00+00:00,2026-07-03 06:30:00+00:00,no,0.53,500,0.41366223908918404,0.475,0.03633776091081599,14,8.72,0,226.28,24878.421999999875
2026-07-03 06:31:00+00:00,2026-07-03 06:30:00+00:00,2026-07-03 06:45:00+00:00,yes,0.76,500,0.844903988183161,0.755,0.06490398818316102,13,6.39,0,-386.39,24492.031999999876
2026-07-03 06:48:00+00:00,2026-07-03 06:45:00+00:00,2026-07-03 07:00:00+00:00,yes,0.57,500,0.6244604316546764,0.565,0.034460431654676396,11,8.58,1,206.42,24698.451999999874
2026-07-03 07:01:00+00:00,2026-07-03 07:00:00+00:00,2026-07-03 07:15:00+00:00,no,0.54,500,0.3880597014925373,0.46499999999999997,0.05194029850746264,13,8.7,0,221.3,24919.751999999873
2026-07-03 07:20:00+00:00,2026-07-03 07:15:00+00:00,2026-07-03 07:30:00+00:00,yes,0.79,500,0.844903988183161,0.785,0.034903988183161,9,5.81,1,99.19,25018.94199999987
2026-07-03 07:32:00+00:00,2026-07-03 07:30:00+00:00,2026-07-03 07:45:00+00:00,no,0.42000000000000004,500,0.5080645161290321,0.585,0.051935483870967816,12,8.53,1,-218.53000000000003,24800.411999999873
2026-07-03 08:04:00+00:00,2026-07-03 08:00:00+00:00,2026-07-03 08:15:00+00:00,no,0.5700000000000001,500,0.3769559032716927,0.435,0.03304409672830723,10,8.58,0,206.41999999999993,25006.83199999987
2026-07-03 08:16:00+00:00,2026-07-03 08:15:00+00:00,2026-07-03 08:30:00+00:00,yes,0.65,500,0.7073991031390134,0.645,0.037399103139013415,13,7.97,1,167.03,25173.86199999987
2026-07-03 08:30:00+00:00,2026-07-03 08:30:00+00:00,2026-07-03 08:45:00+00:00,no,0.74,500,0.1963470319634703,0.265,0.04365296803652964,14,6.74,1,-376.74,24797.12199999987
2026-07-03 08:45:00+00:00,2026-07-03 08:45:00+00:00,2026-07-03 09:00:00+00:00,no,0.63,500,0.2954822954822955,0.375,0.05451770451770445,14,8.16,0,176.84,24973.96199999987
2026-07-03 09:02:00+00:00,2026-07-03 09:00:00+00:00,2026-07-03 09:15:00+00:00,yes,0.62,500,0.6875,0.615,0.0475,12,8.25,1,181.75,25155.71199999987
2026-07-03 09:21:00+00:00,2026-07-03 09:15:00+00:00,2026-07-03 09:30:00+00:00,yes,0.61,500,0.6934306569343066,0.605,0.06343065693430662,8,8.33,1,186.67,25342.381999999867
2026-07-03 09:32:00+00:00,2026-07-03 09:30:00+00:00,2026-07-03 09:45:00+00:00,no,0.53,500,0.3769559032716927,0.475,0.07304409672830726,12,8.72,0,226.28,25568.661999999866
2026-07-03 09:46:00+00:00,2026-07-03 09:45:00+00:00,2026-07-03 10:00:00+00:00,yes,0.79,500,0.844903988183161,0.785,0.034903988183161,13,5.81,1,99.19,25667.851999999864
2026-07-03 10:00:00+00:00,2026-07-03 10:00:00+00:00,2026-07-03 10:15:00+00:00,yes,0.56,500,0.6339066339066338,0.555,0.053906633906633764,14,8.63,1,211.37,25879.221999999863
2026-07-03 10:17:00+00:00,2026-07-03 10:15:00+00:00,2026-07-03 10:30:00+00:00,no,0.71,500,0.1963470319634703,0.295,0.07365296803652967,12,7.21,1,-362.21,25517.011999999864
2026-07-03 10:37:00+00:00,2026-07-03 10:30:00+00:00,2026-07-03 10:45:00+00:00,yes,0.88,500,0.9330357142857143,0.875,0.043035714285714295,7,3.7,1,56.3,25573.311999999863
2026-07-03 10:48:00+00:00,2026-07-03 10:45:00+00:00,2026-07-03 11:00:00+00:00,yes,0.3,500,0.35533707865168535,0.295,0.03533707865168535,11,7.35,0,-157.35,25415.961999999865
2026-07-03 11:00:00+00:00,2026-07-03 11:00:00+00:00,2026-07-03 11:15:00+00:00,no,0.64,500,0.2954822954822955,0.37,0.04451770451770444,14,8.07,1,-328.07,25087.891999999865
2026-07-03 11:16:00+00:00,2026-07-03 11:15:00+00:00,2026-07-03 11:30:00+00:00,no,0.5700000000000001,500,0.3769559032716927,0.435,0.03304409672830723,13,8.58,0,206.41999999999993,25294.311999999863
2026-07-03 11:37:00+00:00,2026-07-03 11:30:00+00:00,2026-07-03 11:45:00+00:00,yes,0.11,500,0.1510791366906475,0.10500000000000001,0.031079136690647484,7,3.43,0,-58.43,25235.881999999863
2026-07-03 11:47:00+00:00,2026-07-03 11:45:00+00:00,2026-07-03 12:00:00+00:00,yes,0.84,500,0.8868613138686131,0.835,0.03686131386861314,12,4.71,1,75.29,25311.171999999864
2026-07-03 12:01:00+00:00,2026-07-03 12:00:00+00:00,2026-07-03 12:15:00+00:00,yes,0.8,500,0.8868613138686131,0.795,0.06686131386861306,13,5.6,1,94.4,25405.571999999866
2026-07-03 12:18:00+00:00,2026-07-03 12:15:00+00:00,2026-07-03 12:30:00+00:00,no,0.87,500,0.08585858585858586,0.135,0.034141414141414146,11,3.96,0,61.04,25466.611999999866
2026-07-03 12:40:00+00:00,2026-07-03 12:30:00+00:00,2026-07-03 12:45:00+00:00,yes,0.43,500,0.48656716417910445,0.425,0.03656716417910445,4,8.58,0,-223.58,25243.031999999865
2026-07-03 13:06:00+00:00,2026-07-03 13:00:00+00:00,2026-07-03 13:15:00+00:00,no,0.43000000000000005,500,0.5080645161290321,0.575,0.04193548387096781,8,8.58,1,-223.58000000000004,25019.451999999863
2026-07-03 13:19:00+00:00,2026-07-03 13:15:00+00:00,2026-07-03 13:30:00+00:00,no,0.7,500,0.248868778280543,0.305,0.031131221719457054,10,7.35,1,-357.35,24662.101999999864
2026-07-03 13:30:00+00:00,2026-07-03 13:30:00+00:00,2026-07-03 13:45:00+00:00,no,0.64,500,0.25412541254125415,0.365,0.08587458745874578,14,8.07,1,-328.07,24334.031999999865
2026-07-03 13:45:00+00:00,2026-07-03 13:45:00+00:00,2026-07-03 14:00:00+00:00,no,0.5700000000000001,500,0.3769559032716927,0.435,0.03304409672830723,14,8.58,0,206.41999999999993,24540.451999999863
2026-07-03 14:00:00+00:00,2026-07-03 14:00:00+00:00,2026-07-03 14:15:00+00:00,no,0.85,500,0.10497237569060773,0.155,0.03502762430939233,14,4.47,0,70.53,24610.98199999986
2026-07-03 14:20:00+00:00,2026-07-03 14:15:00+00:00,2026-07-03 14:30:00+00:00,no,0.20999999999999996,500,0.6934306569343066,0.795,0.07656934306569342,9,5.81,1,-110.80999999999999,24500.17199999986
2026-07-03 14:45:00+00:00,2026-07-03 14:45:00+00:00,2026-07-03 15:00:00+00:00,yes,0.64,500,0.6934306569343066,0.635,0.03343065693430659,14,8.07,1,171.93,24672.10199999986
2026-07-03 15:45:00+00:00,2026-07-03 15:45:00+00:00,2026-07-03 16:00:00+00:00,yes,0.61,500,0.7073991031390134,0.605,0.07739910313901345,14,8.33,1,186.67,24858.77199999986
2026-07-03 16:13:00+00:00,2026-07-03 16:00:00+00:00,2026-07-03 16:15:00+00:00,no,0.13,500,0.8005115089514067,0.875,0.059488491048593335,1,3.96,1,-68.96,24789.81199999986
2026-07-03 16:33:00+00:00,2026-07-03 16:30:00+00:00,2026-07-03 16:45:00+00:00,no,0.83,500,0.11290322580645161,0.175,0.047096774193548414,11,4.94,0,80.06,24869.87199999986
2026-07-03 16:52:00+00:00,2026-07-03 16:45:00+00:00,2026-07-03 17:00:00+00:00,yes,0.49,500,0.6339066339066338,0.485,0.12390663390663383,7,8.75,1,246.25,25116.12199999986
2026-07-03 17:00:00+00:00,2026-07-03 17:00:00+00:00,2026-07-03 17:15:00+00:00,yes,0.62,500,0.6934306569343066,0.615,0.05343065693430661,14,8.25,1,181.75,25297.87199999986
2026-07-03 17:21:00+00:00,2026-07-03 17:15:00+00:00,2026-07-03 17:30:00+00:00,yes,0.42,500,0.472,0.415,0.03199999999999999,8,8.53,0,-218.53,25079.341999999862
2026-07-03 17:50:00+00:00,2026-07-03 17:45:00+00:00,2026-07-03 18:00:00+00:00,no,0.86,500,0.08585858585858586,0.14500000000000002,0.044141414141414155,9,4.22,0,65.78,25145.12199999986
2026-07-03 18:00:00+00:00,2026-07-03 18:00:00+00:00,2026-07-03 18:15:00+00:00,no,0.52,500,0.3769559032716927,0.485,0.08304409672830727,14,8.74,0,231.26,25376.38199999986
2026-07-03 18:16:00+00:00,2026-07-03 18:15:00+00:00,2026-07-03 18:30:00+00:00,no,0.53,500,0.3769559032716927,0.475,0.07304409672830726,13,8.72,1,-273.72,25102.66199999986
2026-07-03 18:33:00+00:00,2026-07-03 18:30:00+00:00,2026-07-03 18:45:00+00:00,no,0.38,500,0.5637393767705381,0.625,0.0362606232294619,11,8.25,1,-198.25,24904.41199999986
2026-07-03 18:45:00+00:00,2026-07-03 18:45:00+00:00,2026-07-03 19:00:00+00:00,no,0.53,500,0.3769559032716927,0.475,0.07304409672830726,14,8.72,0,226.28,25130.691999999857
2026-07-03 19:01:00+00:00,2026-07-03 19:00:00+00:00,2026-07-03 19:15:00+00:00,no,0.55,500,0.3769559032716927,0.455,0.05304409672830725,13,8.67,0,216.33,25347.02199999986
2026-07-03 19:16:00+00:00,2026-07-03 19:15:00+00:00,2026-07-03 19:30:00+00:00,yes,0.79,500,0.844903988183161,0.785,0.034903988183161,13,5.81,1,99.19,25446.211999999858
2026-07-03 19:37:00+00:00,2026-07-03 19:30:00+00:00,2026-07-03 19:45:00+00:00,no,0.56,500,0.3769559032716927,0.445,0.04304409672830724,7,8.63,1,-288.63,25157.581999999857
2026-07-03 19:48:00+00:00,2026-07-03 19:45:00+00:00,2026-07-03 20:00:00+00:00,no,0.52,500,0.41366223908918404,0.485,0.046337760910816,11,8.74,0,231.26,25388.841999999855
2026-07-03 20:05:00+00:00,2026-07-03 20:00:00+00:00,2026-07-03 20:15:00+00:00,yes,0.52,500,0.6023391812865497,0.515,0.06233918128654971,9,8.74,1,231.26,25620.101999999853
2026-07-03 20:15:00+00:00,2026-07-03 20:15:00+00:00,2026-07-03 20:30:00+00:00,no,0.52,500,0.41366223908918404,0.485,0.046337760910816,14,8.74,1,-268.74,25351.361999999852
2026-07-03 20:30:00+00:00,2026-07-03 20:30:00+00:00,2026-07-03 20:45:00+00:00,no,0.53,500,0.3769559032716927,0.475,0.07304409672830726,14,8.72,1,-273.72,25077.64199999985
2026-07-03 20:45:00+00:00,2026-07-03 20:45:00+00:00,2026-07-03 21:00:00+00:00,no,0.26,500,0.6339066339066338,0.745,0.08609336609336617,14,6.74,1,-136.74,24940.90199999985
2026-07-03 21:15:00+00:00,2026-07-03 21:15:00+00:00,2026-07-03 21:30:00+00:00,no,0.55,500,0.3769559032716927,0.455,0.05304409672830725,14,8.67,0,216.33,25157.23199999985
2026-07-03 21:30:00+00:00,2026-07-03 21:30:00+00:00,2026-07-03 21:45:00+00:00,no,0.52,500,0.42857142857142855,0.485,0.031428571428571375,14,8.74,0,231.26,25388.49199999985
2026-07-03 21:47:00+00:00,2026-07-03 21:45:00+00:00,2026-07-03 22:00:00+00:00,yes,0.78,500,0.8733624454148472,0.775,0.07336244541484717,12,6.01,1,103.99,25492.48199999985
2026-07-03 22:00:00+00:00,2026-07-03 22:00:00+00:00,2026-07-03 22:15:00+00:00,no,0.55,500,0.3769559032716927,0.45999999999999996,0.05304409672830725,14,8.67,0,216.33,25708.811999999853
2026-07-03 22:15:00+00:00,2026-07-03 22:15:00+00:00,2026-07-03 22:30:00+00:00,no,0.43000000000000005,500,0.5080645161290321,0.575,0.04193548387096781,14,8.58,1,-223.58000000000004,25485.23199999985
2026-07-03 22:31:00+00:00,2026-07-03 22:30:00+00:00,2026-07-03 22:45:00+00:00,no,0.78,500,0.1510791366906475,0.225,0.04892086330935254,13,6.01,0,103.99,25589.221999999852
2026-07-03 22:48:00+00:00,2026-07-03 22:45:00+00:00,2026-07-03 23:00:00+00:00,no,0.5700000000000001,500,0.35533707865168535,0.435,0.05466292134831453,11,8.58,0,206.41999999999993,25795.64199999985
2026-07-03 23:00:00+00:00,2026-07-03 23:00:00+00:00,2026-07-03 23:15:00+00:00,no,0.55,500,0.3769559032716927,0.455,0.05304409672830725,14,8.67,0,216.33,26011.971999999852
2026-07-03 23:16:00+00:00,2026-07-03 23:15:00+00:00,2026-07-03 23:30:00+00:00,yes,0.83,500,0.8868613138686131,0.825,0.04686131386861315,13,4.94,1,80.06,26092.031999999854
2026-07-03 23:30:00+00:00,2026-07-03 23:30:00+00:00,2026-07-03 23:45:00+00:00,no,0.31000000000000005,500,0.6339066339066338,0.695,0.03609336609336612,14,7.49,1,-162.49000000000004,25929.541999999852
2026-07-03 23:45:00+00:00,2026-07-03 23:45:00+00:00,2026-07-04 00:00:00+00:00,no,0.64,500,0.2954822954822955,0.365,0.04451770451770444,14,8.07,0,171.93,26101.471999999852
2026-07-04 00:03:00+00:00,2026-07-04 00:00:00+00:00,2026-07-04 00:15:00+00:00,yes,0.43,500,0.48412698412698413,0.425,0.03412698412698413,11,8.58,1,276.42,26377.89199999985
2026-07-04 00:21:00+00:00,2026-07-04 00:15:00+00:00,2026-07-04 00:30:00+00:00,yes,0.11,500,0.1712707182320442,0.10500000000000001,0.0512707182320442,8,3.43,0,-58.43,26319.46199999985
2026-07-04 00:30:00+00:00,2026-07-04 00:30:00+00:00,2026-07-04 00:45:00+00:00,no,0.37,500,0.5637393767705381,0.635,0.04626062322946191,14,8.16,0,306.84,26626.30199999985
2026-07-04 00:48:00+00:00,2026-07-04 00:45:00+00:00,2026-07-04 01:00:00+00:00,yes,0.83,500,0.8705357142857143,0.8200000000000001,0.03053571428571434,11,4.94,1,80.06,26706.361999999852
2026-07-04 01:24:00+00:00,2026-07-04 01:15:00+00:00,2026-07-04 01:30:00+00:00,yes,0.19,500,0.248868778280543,0.185,0.038868778280542984,5,5.39,0,-100.39,26605.971999999852
2026-07-04 01:37:00+00:00,2026-07-04 01:30:00+00:00,2026-07-04 01:45:00+00:00,yes,0.61,500,0.6934306569343066,0.605,0.06343065693430662,7,8.33,0,-313.33,26292.64199999985
2026-07-04 01:55:00+00:00,2026-07-04 01:45:00+00:00,2026-07-04 02:00:00+00:00,no,0.08799999999999997,500,0.844903988183161,0.914,0.057096011816838994,4,2.81,1,-46.80999999999999,26245.83199999985
2026-07-04 02:30:00+00:00,2026-07-04 02:30:00+00:00,2026-07-04 02:45:00+00:00,no,0.64,500,0.2777777777777778,0.365,0.06222222222222219,14,8.07,1,-328.07,25917.76199999985
2026-07-04 02:47:00+00:00,2026-07-04 02:45:00+00:00,2026-07-04 03:00:00+00:00,no,0.52,500,0.41366223908918404,0.485,0.046337760910816,12,8.74,1,-268.74,25649.021999999848
2026-07-04 03:12:00+00:00,2026-07-04 03:00:00+00:00,2026-07-04 03:15:00+00:00,yes,0.26,500,0.35533707865168535,0.25,0.07533707865168533,2,6.74,1,363.26,26012.281999999846
2026-07-04 03:15:00+00:00,2026-07-04 03:15:00+00:00,2026-07-04 03:30:00+00:00,no,0.56,500,0.3769559032716927,0.445,0.04304409672830724,14,8.63,0,211.37,26223.651999999845
2026-07-04 03:30:00+00:00,2026-07-04 03:30:00+00:00,2026-07-04 03:45:00+00:00,no,0.5,500,0.3769559032716927,0.51,0.10304409672830729,14,8.75,1,-258.75,25964.901999999845
2026-07-04 03:45:00+00:00,2026-07-04 03:45:00+00:00,2026-07-04 04:00:00+00:00,no,0.53,500,0.3769559032716927,0.48,0.07304409672830726,14,8.72,0,226.28,26191.181999999844
2026-07-04 04:04:00+00:00,2026-07-04 04:00:00+00:00,2026-07-04 04:15:00+00:00,no,0.65,500,0.2954822954822955,0.355,0.03451770451770443,10,7.97,1,-332.97,25858.211999999843
2026-07-04 04:31:00+00:00,2026-07-04 04:30:00+00:00,2026-07-04 04:45:00+00:00,no,0.56,500,0.3769559032716927,0.445,0.04304409672830724,13,8.63,1,-288.63,25569.581999999842
2026-07-04 04:45:00+00:00,2026-07-04 04:45:00+00:00,2026-07-04 05:00:00+00:00,no,0.31999999999999995,500,0.6244604316546764,0.685,0.035539568345323694,14,7.62,0,332.38,25901.961999999843
2026-07-04 05:00:00+00:00,2026-07-04 05:00:00+00:00,2026-07-04 05:15:00+00:00,no,0.6699999999999999,500,0.1963470319634703,0.335,0.1136529680365297,14,7.74,0,157.26000000000005,26059.22199999984
2026-07-04 05:16:00+00:00,2026-07-04 05:15:00+00:00,2026-07-04 05:30:00+00:00,no,0.5700000000000001,500,0.3769559032716927,0.435,0.03304409672830723,13,8.58,0,206.41999999999993,26265.64199999984
2026-07-04 05:34:00+00:00,2026-07-04 05:30:00+00:00,2026-07-04 05:45:00+00:00,no,0.55,500,0.3769559032716927,0.455,0.05304409672830725,10,8.67,1,-283.67,25981.97199999984
2026-07-04 05:46:00+00:00,2026-07-04 05:45:00+00:00,2026-07-04 06:00:00+00:00,yes,0.64,500,0.6934306569343066,0.635,0.03343065693430659,13,8.07,0,-328.07,25653.90199999984
2026-07-04 06:12:00+00:00,2026-07-04 06:00:00+00:00,2026-07-04 06:15:00+00:00,no,0.08999999999999997,500,0.844903988183161,0.9125000000000001,0.05509601181683899,2,2.87,0,452.13,26106.031999999843
2026-07-04 06:18:00+00:00,2026-07-04 06:15:00+00:00,2026-07-04 06:30:00+00:00,yes,0.47,500,0.5637393767705381,0.46499999999999997,0.07373937677053811,11,8.72,0,-243.72,25862.31199999984
2026-07-04 06:31:00+00:00,2026-07-04 06:30:00+00:00,2026-07-04 06:45:00+00:00,yes,0.82,500,0.8733624454148472,0.815,0.033362445414847244,13,5.17,1,84.83,25947.141999999843
2026-07-04 06:46:00+00:00,2026-07-04 06:45:00+00:00,2026-07-04 07:00:00+00:00,yes,0.63,500,0.6934306569343066,0.62,0.0434306569343066,13,8.16,1,176.84,26123.981999999844
2026-07-04 07:08:00+00:00,2026-07-04 07:00:00+00:00,2026-07-04 07:15:00+00:00,no,0.85,500,0.10497237569060773,0.16,0.03502762430939233,6,4.47,1,-429.47,25694.511999999842
2026-07-04 07:15:00+00:00,2026-07-04 07:15:00+00:00,2026-07-04 07:30:00+00:00,no,0.54,500,0.3769559032716927,0.47,0.06304409672830726,14,8.7,1,-278.7,25415.81199999984
2026-07-04 07:35:00+00:00,2026-07-04 07:30:00+00:00,2026-07-04 07:45:00+00:00,no,0.84,500,0.11290322580645161,0.165,0.037096774193548405,9,4.71,0,75.29,25491.101999999843
2026-07-04 07:47:00+00:00,2026-07-04 07:45:00+00:00,2026-07-04 08:00:00+00:00,yes,0.83,500,0.8733624454148472,0.825,0.03336244541484724,12,4.94,1,80.06,25571.161999999844
2026-07-04 08:02:00+00:00,2026-07-04 08:00:00+00:00,2026-07-04 08:15:00+00:00,no,0.74,500,0.1712707182320442,0.265,0.0687292817679558,12,6.74,0,123.26,25694.421999999842
2026-07-04 08:15:00+00:00,2026-07-04 08:15:00+00:00,2026-07-04 08:30:00+00:00,no,0.56,500,0.3769559032716927,0.445,0.04304409672830724,14,8.63,1,-288.63,25405.79199999984
2026-07-04 08:33:00+00:00,2026-07-04 08:30:00+00:00,2026-07-04 08:45:00+00:00,yes,0.76,500,0.844903988183161,0.755,0.06490398818316102,11,6.39,1,113.61,25519.40199999984
2026-07-04 08:57:00+00:00,2026-07-04 08:45:00+00:00,2026-07-04 09:00:00+00:00,no,0.85,500,0.09895833333333333,0.155,0.04104166666666665,2,4.47,0,70.53,25589.93199999984
2026-07-04 09:03:00+00:00,2026-07-04 09:00:00+00:00,2026-07-04 09:15:00+00:00,no,0.81,500,0.10497237569060773,0.195,0.06502762430939225,11,5.39,0,89.61,25679.54199999984
2026-07-04 09:20:00+00:00,2026-07-04 09:15:00+00:00,2026-07-04 09:30:00+00:00,yes,0.29,500,0.35533707865168535,0.28500000000000003,0.04533707865168536,9,7.21,0,-152.21,25527.331999999842
2026-07-04 09:34:00+00:00,2026-07-04 09:30:00+00:00,2026-07-04 09:45:00+00:00,no,0.63,500,0.2954822954822955,0.375,0.05451770451770445,10,8.16,0,176.84,25704.171999999842
2026-07-04 09:49:00+00:00,2026-07-04 09:45:00+00:00,2026-07-04 10:00:00+00:00,yes,0.84,500,0.8868613138686131,0.835,0.03686131386861314,10,4.71,1,75.29,25779.461999999843
2026-07-04 10:00:00+00:00,2026-07-04 10:00:00+00:00,2026-07-04 10:15:00+00:00,no,0.51,500,0.3769559032716927,0.495,0.09304409672830728,14,8.75,0,236.25,26015.711999999843
2026-07-04 10:15:00+00:00,2026-07-04 10:15:00+00:00,2026-07-04 10:30:00+00:00,no,0.64,500,0.2954822954822955,0.365,0.04451770451770444,14,8.07,1,-328.07,25687.641999999843
2026-07-04 10:30:00+00:00,2026-07-04 10:30:00+00:00,2026-07-04 10:45:00+00:00,no,0.52,500,0.3769559032716927,0.485,0.08304409672830727,14,8.74,0,231.26,25918.90199999984
2026-07-04 10:45:00+00:00,2026-07-04 10:45:00+00:00,2026-07-04 11:00:00+00:00,no,0.45999999999999996,500,0.48412698412698413,0.545,0.03587301587301585,14,8.7,1,-238.69999999999996,25680.20199999984
2026-07-04 11:00:00+00:00,2026-07-04 11:00:00+00:00,2026-07-04 11:15:00+00:00,no,0.77,500,0.1510791366906475,0.235,0.05892086330935255,14,6.2,0,108.8,25789.00199999984
2026-07-04 11:16:00+00:00,2026-07-04 11:15:00+00:00,2026-07-04 11:30:00+00:00,yes,0.77,500,0.844903988183161,0.765,0.054903988183161015,13,6.2,0,-391.2,25397.80199999984
2026-07-04 11:33:00+00:00,2026-07-04 11:30:00+00:00,2026-07-04 11:45:00+00:00,yes,0.86,500,0.9265175718849841,0.855,0.05651757188498408,11,4.22,1,65.78,25463.58199999984
2026-07-04 11:45:00+00:00,2026-07-04 11:45:00+00:00,2026-07-04 12:00:00+00:00,no,0.5700000000000001,500,0.3769559032716927,0.435,0.03304409672830723,14,8.58,0,206.41999999999993,25670.001999999837
2026-07-04 12:01:00+00:00,2026-07-04 12:00:00+00:00,2026-07-04 12:15:00+00:00,yes,0.77,500,0.844903988183161,0.765,0.054903988183161015,13,6.2,1,108.8,25778.801999999836
2026-07-04 12:17:00+00:00,2026-07-04 12:15:00+00:00,2026-07-04 12:30:00+00:00,no,0.52,500,0.3769559032716927,0.485,0.08304409672830727,12,8.74,1,-268.74,25510.061999999834
2026-07-04 12:30:00+00:00,2026-07-04 12:30:00+00:00,2026-07-04 12:45:00+00:00,no,0.54,500,0.3769559032716927,0.46499999999999997,0.06304409672830726,14,8.7,1,-278.7,25231.361999999834
2026-07-04 12:45:00+00:00,2026-07-04 12:45:00+00:00,2026-07-04 13:00:00+00:00,no,0.41000000000000003,500,0.4855305466237942,0.595,0.08446945337620572,14,8.47,1,-213.47000000000003,25017.891999999832
2026-07-04 13:00:00+00:00,2026-07-04 13:00:00+00:00,2026-07-04 13:15:00+00:00,no,0.75,500,0.1712707182320442,0.255,0.05872928176795579,14,6.57,0,118.43,25136.321999999833
2026-07-04 13:15:00+00:00,2026-07-04 13:15:00+00:00,2026-07-04 13:30:00+00:00,no,0.30000000000000004,500,0.5637393767705381,0.705,0.11626062322946186,14,7.35,1,-157.35000000000002,24978.971999999834
2026-07-04 13:35:00+00:00,2026-07-04 13:30:00+00:00,2026-07-04 13:45:00+00:00,yes,0.12,500,0.1712707182320442,0.11499999999999999,0.04127071823204421,9,3.7,0,-63.7,24915.271999999833
2026-07-04 13:46:00+00:00,2026-07-04 13:45:00+00:00,2026-07-04 14:00:00+00:00,no,0.6599999999999999,500,0.25412541254125415,0.345,0.06587458745874587,13,7.86,0,162.14000000000004,25077.411999999833
2026-07-04 14:01:00+00:00,2026-07-04 14:00:00+00:00,2026-07-04 14:15:00+00:00,yes,0.76,500,0.844903988183161,0.755,0.06490398818316102,13,6.39,1,113.61,25191.021999999833
2026-07-04 14:17:00+00:00,2026-07-04 14:15:00+00:00,2026-07-04 14:30:00+00:00,no,0.37,500,0.5637393767705381,0.635,0.04626062322946191,12,8.16,0,306.84,25497.861999999834
2026-07-04 14:30:00+00:00,2026-07-04 14:30:00+00:00,2026-07-04 14:45:00+00:00,no,0.52,500,0.3769559032716927,0.485,0.08304409672830727,14,8.74,1,-268.74,25229.121999999832
2026-07-04 14:47:00+00:00,2026-07-04 14:45:00+00:00,2026-07-04 15:00:00+00:00,yes,0.6,500,0.6934306569343066,0.595,0.07343065693430663,12,8.4,1,191.6,25420.72199999983
2026-07-04 15:02:00+00:00,2026-07-04 15:00:00+00:00,2026-07-04 15:15:00+00:00,yes,0.6,500,0.6934306569343066,0.595,0.07343065693430663,12,8.4,1,191.6,25612.32199999983
2026-07-04 15:21:00+00:00,2026-07-04 15:15:00+00:00,2026-07-04 15:30:00+00:00,no,0.38,500,0.5637393767705381,0.625,0.0362606232294619,8,8.25,1,-198.25,25414.07199999983
2026-07-04 15:31:00+00:00,2026-07-04 15:30:00+00:00,2026-07-04 15:45:00+00:00,no,0.62,500,0.2954822954822955,0.385,0.06451770451770446,13,8.25,1,-318.25,25095.82199999983
2026-07-04 15:50:00+00:00,2026-07-04 15:45:00+00:00,2026-07-04 16:00:00+00:00,no,0.4,500,0.5080645161290321,0.61,0.07193548387096783,9,8.4,1,-208.4,24887.421999999828
2026-07-04 16:16:00+00:00,2026-07-04 16:15:00+00:00,2026-07-04 16:30:00+00:00,yes,0.51,500,0.5637393767705381,0.5,0.03373937677053808,13,8.75,1,236.25,25123.671999999828
2026-07-04 16:33:00+00:00,2026-07-04 16:30:00+00:00,2026-07-04 16:45:00+00:00,yes,0.74,500,0.844903988183161,0.735,0.08490398818316104,11,6.74,1,123.26,25246.931999999826
2026-07-04 16:51:00+00:00,2026-07-04 16:45:00+00:00,2026-07-04 17:00:00+00:00,yes,0.8,500,0.8705357142857143,0.795,0.05053571428571425,8,5.6,1,94.4,25341.331999999828
2026-07-04 17:01:00+00:00,2026-07-04 17:00:00+00:00,2026-07-04 17:15:00+00:00,no,0.86,500,0.08585858585858586,0.14500000000000002,0.044141414141414155,13,4.22,0,65.78,25407.111999999826
2026-07-04 17:16:00+00:00,2026-07-04 17:15:00+00:00,2026-07-04 17:30:00+00:00,yes,0.79,500,0.844903988183161,0.785,0.034903988183161,13,5.81,1,99.19,25506.301999999825
2026-07-04 17:31:00+00:00,2026-07-04 17:30:00+00:00,2026-07-04 17:45:00+00:00,yes,0.82,500,0.8705357142857143,0.815,0.03053571428571435,13,5.17,1,84.83,25591.131999999827
2026-07-04 17:45:00+00:00,2026-07-04 17:45:00+00:00,2026-07-04 18:00:00+00:00,no,0.33999999999999997,500,0.5757575757575758,0.665,0.06424242424242423,14,7.86,1,-177.85999999999999,25413.271999999826
2026-07-04 18:00:00+00:00,2026-07-04 18:00:00+00:00,2026-07-04 18:15:00+00:00,no,0.6799999999999999,500,0.25412541254125415,0.325,0.045874587458745855,14,7.62,1,-347.61999999999995,25065.651999999827
2026-07-04 18:15:00+00:00,2026-07-04 18:15:00+00:00,2026-07-04 18:30:00+00:00,no,0.52,500,0.41366223908918404,0.485,0.046337760910816,14,8.74,0,231.26,25296.911999999826
2026-07-04 18:30:00+00:00,2026-07-04 18:30:00+00:00,2026-07-04 18:45:00+00:00,no,0.5,500,0.3769559032716927,0.505,0.10304409672830729,14,8.75,0,241.25,25538.161999999826
2026-07-04 18:45:00+00:00,2026-07-04 18:45:00+00:00,2026-07-04 19:00:00+00:00,yes,0.57,500,0.6244604316546764,0.56,0.034460431654676396,14,8.58,1,206.42,25744.581999999824
2026-07-04 19:01:00+00:00,2026-07-04 19:00:00+00:00,2026-07-04 19:15:00+00:00,yes,0.81,500,0.8733624454148472,0.805,0.04336244541484714,13,5.39,1,89.61,25834.191999999824
2026-07-04 19:17:00+00:00,2026-07-04 19:15:00+00:00,2026-07-04 19:30:00+00:00,yes,0.75,500,0.844903988183161,0.745,0.07490398818316103,12,6.57,1,118.43,25952.621999999825
2026-07-04 19:30:00+00:00,2026-07-04 19:30:00+00:00,2026-07-04 19:45:00+00:00,no,0.6599999999999999,500,0.25412541254125415,0.345,0.06587458745874587,14,7.86,1,-337.85999999999996,25614.761999999824
2026-07-04 19:47:00+00:00,2026-07-04 19:45:00+00:00,2026-07-04 20:00:00+00:00,no,0.69,500,0.25412541254125415,0.315,0.035874587458745846,12,7.49,0,147.51,25762.271999999823
2026-07-04 20:02:00+00:00,2026-07-04 20:00:00+00:00,2026-07-04 20:15:00+00:00,yes,0.81,500,0.8733624454148472,0.805,0.04336244541484714,12,5.39,1,89.61,25851.881999999823
2026-07-04 20:18:00+00:00,2026-07-04 20:15:00+00:00,2026-07-04 20:30:00+00:00,no,0.89,500,0.05612244897959184,0.11499999999999999,0.04387755102040814,11,3.43,0,51.57,25903.451999999823
2026-07-04 20:51:00+00:00,2026-07-04 20:45:00+00:00,2026-07-04 21:00:00+00:00,no,0.25,500,0.6934306569343066,0.755,0.036569343065693385,8,6.57,0,368.43,26271.881999999823
2026-07-04 21:00:00+00:00,2026-07-04 21:00:00+00:00,2026-07-04 21:15:00+00:00,no,0.54,500,0.3968253968253968,0.46499999999999997,0.04317460317460321,14,8.7,1,-278.7,25993.181999999822
2026-07-04 21:15:00+00:00,2026-07-04 21:15:00+00:00,2026-07-04 21:30:00+00:00,no,0.43000000000000005,500,0.5080645161290321,0.575,0.04193548387096781,14,8.58,1,-223.58000000000004,25769.60199999982
2026-07-04 21:31:00+00:00,2026-07-04 21:30:00+00:00,2026-07-04 21:45:00+00:00,no,0.43999999999999995,500,0.4854014598540146,0.5700000000000001,0.05459854014598543,13,8.63,0,271.37,26040.97199999982
2026-07-04 21:57:00+00:00,2026-07-04 21:45:00+00:00,2026-07-04 22:00:00+00:00,no,0.05400000000000005,500,0.8868613138686131,0.9495,0.04913868613138684,2,1.79,0,471.21,26512.18199999982
2026-07-04 22:06:00+00:00,2026-07-04 22:00:00+00:00,2026-07-04 22:15:00+00:00,no,0.86,500,0.09895833333333333,0.15000000000000002,0.03104166666666664,8,4.22,0,65.78,26577.961999999818
2026-07-04 22:22:00+00:00,2026-07-04 22:15:00+00:00,2026-07-04 22:30:00+00:00,yes,0.22,500,0.35533707865168535,0.215,0.11533707865168534,7,6.01,0,-116.01,26461.95199999982
2026-07-04 22:30:00+00:00,2026-07-04 22:30:00+00:00,2026-07-04 22:45:00+00:00,no,0.38,500,0.5637393767705381,0.625,0.0362606232294619,14,8.25,0,301.75,26763.70199999982
2026-07-04 22:45:00+00:00,2026-07-04 22:45:00+00:00,2026-07-04 23:00:00+00:00,yes,0.42,500,0.4855305466237942,0.415,0.0455305466237942,14,8.53,0,-218.53,26545.17199999982
2026-07-04 23:00:00+00:00,2026-07-04 23:00:00+00:00,2026-07-04 23:15:00+00:00,no,0.56,500,0.3769559032716927,0.445,0.04304409672830724,14,8.63,0,211.37,26756.54199999982
2026-07-04 23:18:00+00:00,2026-07-04 23:15:00+00:00,2026-07-04 23:30:00+00:00,yes,0.46,500,0.5637393767705381,0.455,0.08373937677053807,11,8.7,1,261.3,27017.84199999982
2026-07-04 23:32:00+00:00,2026-07-04 23:30:00+00:00,2026-07-04 23:45:00+00:00,yes,0.7,500,0.8005115089514067,0.695,0.0805115089514067,12,7.35,1,142.65,27160.49199999982
2026-07-04 23:45:00+00:00,2026-07-04 23:45:00+00:00,2026-07-05 00:00:00+00:00,no,0.45999999999999996,500,0.4855305466237942,0.55,0.034469453376205786,14,8.7,0,261.3,27421.79199999982
2026-07-05 00:01:00+00:00,2026-07-05 00:00:00+00:00,2026-07-05 00:15:00+00:00,no,0.85,500,0.08585858585858586,0.155,0.054141414141414164,13,4.47,0,70.53,27492.32199999982
2026-07-05 00:15:00+00:00,2026-07-05 00:15:00+00:00,2026-07-05 00:30:00+00:00,no,0.53,500,0.41366223908918404,0.475,0.03633776091081599,14,8.72,0,226.28,27718.601999999817
2026-07-05 00:48:00+00:00,2026-07-05 00:45:00+00:00,2026-07-05 01:00:00+00:00,no,0.8200000000000001,500,0.11290322580645161,0.185,0.04709677419354831,11,5.17,0,84.82999999999994,27803.43199999982
2026-07-05 01:00:00+00:00,2026-07-05 01:00:00+00:00,2026-07-05 01:15:00+00:00,yes,0.63,500,0.6934306569343066,0.625,0.0434306569343066,14,8.16,1,176.84,27980.27199999982
2026-07-05 01:16:00+00:00,2026-07-05 01:15:00+00:00,2026-07-05 01:30:00+00:00,yes,0.19,500,0.25412541254125415,0.185,0.04412541254125414,13,5.39,0,-100.39,27879.88199999982
2026-07-05 01:30:00+00:00,2026-07-05 01:30:00+00:00,2026-07-05 01:45:00+00:00,yes,0.25,500,0.3275862068965517,0.245,0.05758620689655171,14,6.57,0,-131.57,27748.31199999982
2026-07-05 01:48:00+00:00,2026-07-05 01:45:00+00:00,2026-07-05 02:00:00+00:00,no,0.51,500,0.41366223908918404,0.495,0.05633776091081601,11,8.75,1,-263.75,27484.56199999982
2026-07-05 02:00:00+00:00,2026-07-05 02:00:00+00:00,2026-07-05 02:15:00+00:00,yes,0.57,500,0.6244604316546764,0.56,0.034460431654676396,14,8.58,0,-293.58,27190.981999999818
2026-07-05 02:19:00+00:00,2026-07-05 02:15:00+00:00,2026-07-05 02:30:00+00:00,yes,0.56,500,0.6244604316546764,0.555,0.044460431654676294,10,8.63,0,-288.63,26902.351999999817
2026-07-05 02:31:00+00:00,2026-07-05 02:30:00+00:00,2026-07-05 02:45:00+00:00,no,0.43999999999999995,500,0.5080645161290321,0.565,0.03193548387096791,13,8.63,0,271.37,27173.721999999816
2026-07-05 02:45:00+00:00,2026-07-05 02:45:00+00:00,2026-07-05 03:00:00+00:00,yes,0.53,500,0.6339066339066338,0.525,0.08390663390663379,14,8.72,1,226.28,27400.001999999815
2026-07-05 03:04:00+00:00,2026-07-05 03:00:00+00:00,2026-07-05 03:15:00+00:00,yes,0.83,500,0.8733624454148472,0.825,0.03336244541484724,10,4.94,1,80.06,27480.061999999816
2026-07-05 03:15:00+00:00,2026-07-05 03:15:00+00:00,2026-07-05 03:30:00+00:00,no,0.55,500,0.3968253968253968,0.455,0.033174603174603204,14,8.67,0,216.33,27696.391999999818
2026-07-05 03:47:00+00:00,2026-07-05 03:45:00+00:00,2026-07-05 04:00:00+00:00,yes,0.75,500,0.8005115089514067,0.745,0.030511508951406658,12,6.57,1,118.43,27814.82199999982
2026-07-05 04:00:00+00:00,2026-07-05 04:00:00+00:00,2026-07-05 04:15:00+00:00,no,0.77,500,0.1712707182320442,0.235,0.03872928176795577,14,6.2,1,-391.2,27423.621999999817
2026-07-05 04:15:00+00:00,2026-07-05 04:15:00+00:00,2026-07-05 04:30:00+00:00,no,0.45999999999999996,500,0.4855305466237942,0.545,0.034469453376205786,14,8.7,1,-238.69999999999996,27184.921999999817
2026-07-05 04:30:00+00:00,2026-07-05 04:30:00+00:00,2026-07-05 04:45:00+00:00,no,0.44999999999999996,500,0.48656716417910445,0.555,0.043432835820895535,14,8.67,1,-233.66999999999996,26951.25199999982
2026-07-05 04:45:00+00:00,2026-07-05 04:45:00+00:00,2026-07-05 05:00:00+00:00,no,0.52,500,0.41366223908918404,0.485,0.046337760910816,14,8.74,0,231.26,27182.511999999817
2026-07-05 05:02:00+00:00,2026-07-05 05:00:00+00:00,2026-07-05 05:15:00+00:00,no,0.86,500,0.09895833333333333,0.14500000000000002,0.03104166666666664,12,4.22,0,65.78,27248.291999999816
2026-07-05 05:21:00+00:00,2026-07-05 05:15:00+00:00,2026-07-05 05:30:00+00:00,yes,0.63,500,0.7073991031390134,0.625,0.05739910313901343,8,8.16,1,176.84,27425.131999999816
2026-07-05 05:31:00+00:00,2026-07-05 05:30:00+00:00,2026-07-05 05:45:00+00:00,yes,0.77,500,0.844903988183161,0.765,0.054903988183161015,13,6.2,0,-391.2,27033.931999999815
2026-07-05 06:03:00+00:00,2026-07-05 06:00:00+00:00,2026-07-05 06:15:00+00:00,no,0.86,500,0.08585858585858586,0.14500000000000002,0.044141414141414155,11,4.22,0,65.78,27099.711999999814
2026-07-05 06:17:00+00:00,2026-07-05 06:15:00+00:00,2026-07-05 06:30:00+00:00,no,0.51,500,0.41366223908918404,0.495,0.05633776091081601,12,8.75,1,-263.75,26835.961999999814
2026-07-05 06:34:00+00:00,2026-07-05 06:30:00+00:00,2026-07-05 06:45:00+00:00,yes,0.79,500,0.844903988183161,0.785,0.034903988183161,10,5.81,0,-400.81,26435.151999999813
2026-07-05 06:45:00+00:00,2026-07-05 06:45:00+00:00,2026-07-05 07:00:00+00:00,no,0.56,500,0.3769559032716927,0.445,0.04304409672830724,14,8.63,1,-288.63,26146.52199999981
2026-07-05 07:03:00+00:00,2026-07-05 07:00:00+00:00,2026-07-05 07:15:00+00:00,yes,0.64,500,0.6934306569343066,0.635,0.03343065693430659,11,8.07,0,-328.07,25818.451999999812
2026-07-05 07:15:00+00:00,2026-07-05 07:15:00+00:00,2026-07-05 07:30:00+00:00,no,0.6699999999999999,500,0.248868778280543,0.335,0.06113122171945708,14,7.74,0,157.26000000000005,25975.71199999981
2026-07-05 07:32:00+00:00,2026-07-05 07:30:00+00:00,2026-07-05 07:45:00+00:00,yes,0.79,500,0.8705357142857143,0.785,0.06053571428571426,12,5.81,1,99.19,26074.90199999981
2026-07-05 07:45:00+00:00,2026-07-05 07:45:00+00:00,2026-07-05 08:00:00+00:00,no,0.53,500,0.3769559032716927,0.475,0.07304409672830726,14,8.72,1,-273.72,25801.181999999808
2026-07-05 08:00:00+00:00,2026-07-05 08:00:00+00:00,2026-07-05 08:15:00+00:00,no,0.36,500,0.5637393767705381,0.645,0.05626062322946192,14,8.07,0,311.93,26113.111999999808
2026-07-05 08:15:00+00:00,2026-07-05 08:15:00+00:00,2026-07-05 08:30:00+00:00,no,0.5,500,0.41366223908918404,0.505,0.06633776091081602,14,8.75,0,241.25,26354.361999999808
2026-07-05 08:34:00+00:00,2026-07-05 08:30:00+00:00,2026-07-05 08:45:00+00:00,no,0.44999999999999996,500,0.4855305466237942,0.555,0.044469453376205795,10,8.67,1,-233.66999999999996,26120.69199999981
2026-07-05 08:48:00+00:00,2026-07-05 08:45:00+00:00,2026-07-05 09:00:00+00:00,yes,0.64,500,0.6934306569343066,0.635,0.03343065693430659,11,8.07,0,-328.07,25792.62199999981
2026-07-05 09:16:00+00:00,2026-07-05 09:15:00+00:00,2026-07-05 09:30:00+00:00,yes,0.42,500,0.48412698412698413,0.415,0.04412698412698414,13,8.53,0,-218.53,25574.09199999981
2026-07-05 09:32:00+00:00,2026-07-05 09:30:00+00:00,2026-07-05 09:45:00+00:00,yes,0.49,500,0.5637393767705381,0.485,0.0537393767705381,12,8.75,0,-253.75,25320.34199999981
2026-07-05 09:45:00+00:00,2026-07-05 09:45:00+00:00,2026-07-05 10:00:00+00:00,yes,0.79,500,0.844903988183161,0.785,0.034903988183161,14,5.81,1,99.19,25419.53199999981
2026-07-05 10:18:00+00:00,2026-07-05 10:15:00+00:00,2026-07-05 10:30:00+00:00,yes,0.32,500,0.3769559032716927,0.315,0.036955903271692694,11,7.62,1,332.38,25751.91199999981
2026-07-05 10:34:00+00:00,2026-07-05 10:30:00+00:00,2026-07-05 10:45:00+00:00,yes,0.29,500,0.35533707865168535,0.28500000000000003,0.04533707865168536,10,7.21,0,-152.21,25599.701999999812
2026-07-05 10:45:00+00:00,2026-07-05 10:45:00+00:00,2026-07-05 11:00:00+00:00,no,0.53,500,0.3769559032716927,0.475,0.07304409672830726,14,8.72,1,-273.72,25325.98199999981
2026-07-05 11:01:00+00:00,2026-07-05 11:00:00+00:00,2026-07-05 11:15:00+00:00,no,0.5900000000000001,500,0.35533707865168535,0.415,0.034662921348314515,13,8.47,0,196.52999999999994,25522.51199999981
2026-07-05 11:32:00+00:00,2026-07-05 11:30:00+00:00,2026-07-05 11:45:00+00:00,yes,0.82,500,0.8733624454148472,0.815,0.033362445414847244,12,5.17,1,84.83,25607.34199999981
2026-07-05 11:48:00+00:00,2026-07-05 11:45:00+00:00,2026-07-05 12:00:00+00:00,yes,0.58,500,0.7073991031390134,0.575,0.10739910313901348,11,8.53,0,-298.53,25308.811999999813
2026-07-05 12:00:00+00:00,2026-07-05 12:00:00+00:00,2026-07-05 12:15:00+00:00,yes,0.3,500,0.35533707865168535,0.295,0.03533707865168535,14,7.35,0,-157.35,25151.461999999814
2026-07-05 12:32:00+00:00,2026-07-05 12:30:00+00:00,2026-07-05 12:45:00+00:00,no,0.5700000000000001,500,0.3769559032716927,0.435,0.03304409672830723,12,8.58,0,206.41999999999993,25357.881999999812
2026-07-05 12:50:00+00:00,2026-07-05 12:45:00+00:00,2026-07-05 13:00:00+00:00,no,0.5,500,0.42857142857142855,0.505,0.05142857142857139,9,8.75,1,-258.75,25099.131999999812
2026-07-05 13:01:00+00:00,2026-07-05 13:00:00+00:00,2026-07-05 13:15:00+00:00,no,0.76,500,0.1712707182320442,0.245,0.04872928176795578,13,6.39,0,113.61,25212.741999999813
2026-07-05 13:20:00+00:00,2026-07-05 13:15:00+00:00,2026-07-05 13:30:00+00:00,yes,0.49,500,0.5637393767705381,0.485,0.0537393767705381,9,8.75,0,-253.75,24958.991999999813
2026-07-05 13:31:00+00:00,2026-07-05 13:30:00+00:00,2026-07-05 13:45:00+00:00,yes,0.64,500,0.6934306569343066,0.635,0.03343065693430659,13,8.07,1,171.93,25130.921999999813
2026-07-05 13:45:00+00:00,2026-07-05 13:45:00+00:00,2026-07-05 14:00:00+00:00,yes,0.8,500,0.8733624454148472,0.795,0.05336244541484715,14,5.6,1,94.4,25225.321999999815
2026-07-05 14:03:00+00:00,2026-07-05 14:00:00+00:00,2026-07-05 14:15:00+00:00,no,0.83,500,0.10497237569060773,0.175,0.05502762430939235,11,4.94,0,80.06,25305.381999999816
2026-07-05 14:26:00+00:00,2026-07-05 14:15:00+00:00,2026-07-05 14:30:00+00:00,yes,0.033,500,0.08585858585858586,0.0325,0.04285858585858585,3,1.12,0,-17.62,25287.761999999817
2026-07-05 14:33:00+00:00,2026-07-05 14:30:00+00:00,2026-07-05 14:45:00+00:00,no,0.65,500,0.2954822954822955,0.355,0.03451770451770443,11,7.97,1,-332.97,24954.791999999816
2026-07-05 15:00:00+00:00,2026-07-05 15:00:00+00:00,2026-07-05 15:15:00+00:00,no,0.55,500,0.3769559032716927,0.455,0.05304409672830725,14,8.67,1,-283.67,24671.121999999817
2026-07-05 15:38:00+00:00,2026-07-05 15:30:00+00:00,2026-07-05 15:45:00+00:00,no,0.18999999999999995,500,0.7526501766784452,0.815,0.0373498233215548,6,5.39,0,399.61,25070.731999999818
2026-07-05 16:05:00+00:00,2026-07-05 16:00:00+00:00,2026-07-05 16:15:00+00:00,yes,0.59,500,0.7073991031390134,0.585,0.09739910313901347,9,8.47,0,-303.47,24767.261999999817
2026-07-05 16:22:00+00:00,2026-07-05 16:15:00+00:00,2026-07-05 16:30:00+00:00,yes,0.24,500,0.35533707865168535,0.235,0.09533707865168535,7,6.39,0,-126.39,24640.871999999817
2026-07-05 16:32:00+00:00,2026-07-05 16:30:00+00:00,2026-07-05 16:45:00+00:00,yes,0.48,500,0.5637393767705381,0.475,0.0637393767705381,12,8.74,0,-248.74,24392.131999999816
2026-07-05 16:51:00+00:00,2026-07-05 16:45:00+00:00,2026-07-05 17:00:00+00:00,no,0.56,500,0.3769559032716927,0.445,0.04304409672830724,8,8.63,1,-288.63,24103.501999999815
2026-07-05 17:00:00+00:00,2026-07-05 17:00:00+00:00,2026-07-05 17:15:00+00:00,yes,0.6,500,0.6934306569343066,0.595,0.07343065693430663,14,8.4,1,191.6,24295.101999999813
2026-07-05 17:15:00+00:00,2026-07-05 17:15:00+00:00,2026-07-05 17:30:00+00:00,no,0.41000000000000003,500,0.5080645161290321,0.595,0.061935483870967825,14,8.47,0,286.53,24581.631999999812
2026-07-05 17:36:00+00:00,2026-07-05 17:30:00+00:00,2026-07-05 17:45:00+00:00,yes,0.41,500,0.48412698412698413,0.405,0.05412698412698415,8,8.47,0,-213.47,24368.16199999981
2026-07-05 17:54:00+00:00,2026-07-05 17:45:00+00:00,2026-07-05 18:00:00+00:00,yes,0.47,500,0.5637393767705381,0.46499999999999997,0.07373937677053811,5,8.72,1,256.28,24624.44199999981
2026-07-05 18:05:00+00:00,2026-07-05 18:00:00+00:00,2026-07-05 18:15:00+00:00,yes,0.83,500,0.8733624454148472,0.825,0.03336244541484724,9,4.94,1,80.06,24704.50199999981
2026-07-05 18:30:00+00:00,2026-07-05 18:30:00+00:00,2026-07-05 18:45:00+00:00,yes,0.46,500,0.5637393767705381,0.455,0.08373937677053807,14,8.7,1,261.3,24965.80199999981
2026-07-05 18:45:00+00:00,2026-07-05 18:45:00+00:00,2026-07-05 19:00:00+00:00,no,0.6599999999999999,500,0.25412541254125415,0.35,0.06587458745874587,14,7.86,1,-337.85999999999996,24627.94199999981
2026-07-05 19:02:00+00:00,2026-07-05 19:00:00+00:00,2026-07-05 19:15:00+00:00,no,0.52,500,0.41366223908918404,0.485,0.046337760910816,12,8.74,1,-268.74,24359.20199999981
2026-07-05 19:15:00+00:00,2026-07-05 19:15:00+00:00,2026-07-05 19:30:00+00:00,yes,0.61,500,0.6934306569343066,0.605,0.06343065693430662,14,8.33,0,-313.33,24045.871999999807
2026-07-05 19:30:00+00:00,2026-07-05 19:30:00+00:00,2026-07-05 19:45:00+00:00,no,0.37,500,0.5637393767705381,0.635,0.04626062322946191,14,8.16,1,-193.16,23852.711999999807
2026-07-05 19:45:00+00:00,2026-07-05 19:45:00+00:00,2026-07-05 20:00:00+00:00,no,0.42000000000000004,500,0.48412698412698413,0.585,0.07587301587301577,14,8.53,0,281.47,24134.181999999808
2026-07-05 20:05:00+00:00,2026-07-05 20:00:00+00:00,2026-07-05 20:15:00+00:00,yes,0.51,500,0.5637393767705381,0.505,0.03373937677053808,9,8.75,1,236.25,24370.431999999808
2026-07-05 20:36:00+00:00,2026-07-05 20:30:00+00:00,2026-07-05 20:45:00+00:00,yes,0.57,500,0.6244604316546764,0.565,0.034460431654676396,8,8.58,1,206.42,24576.851999999806
2026-07-05 20:49:00+00:00,2026-07-05 20:45:00+00:00,2026-07-05 21:00:00+00:00,no,0.54,500,0.3769559032716927,0.46499999999999997,0.06304409672830726,10,8.7,0,221.3,24798.151999999805
2026-07-05 21:02:00+00:00,2026-07-05 21:00:00+00:00,2026-07-05 21:15:00+00:00,no,0.84,500,0.08585858585858586,0.165,0.06414141414141418,12,4.71,1,-424.71,24373.441999999806
2026-07-05 21:39:00+00:00,2026-07-05 21:30:00+00:00,2026-07-05 21:45:00+00:00,no,0.42000000000000004,500,0.4855305466237942,0.585,0.07446945337620571,5,8.53,1,-218.53000000000003,24154.911999999807
2026-07-05 21:45:00+00:00,2026-07-05 21:45:00+00:00,2026-07-05 22:00:00+00:00,no,0.45999999999999996,500,0.48656716417910445,0.545,0.033432835820895526,14,8.7,1,-238.69999999999996,23916.211999999807
2026-07-05 22:00:00+00:00,2026-07-05 22:00:00+00:00,2026-07-05 22:15:00+00:00,no,0.65,500,0.25412541254125415,0.355,0.07587458745874577,14,7.97,1,-332.97,23583.241999999806
2026-07-05 22:15:00+00:00,2026-07-05 22:15:00+00:00,2026-07-05 22:30:00+00:00,no,0.52,500,0.3769559032716927,0.485,0.08304409672830727,14,8.74,1,-268.74,23314.501999999804
2026-07-05 22:30:00+00:00,2026-07-05 22:30:00+00:00,2026-07-05 22:45:00+00:00,no,0.29000000000000004,500,0.6244604316546764,0.715,0.06553956834532361,14,7.21,0,347.79,23662.291999999805
2026-07-05 22:48:00+00:00,2026-07-05 22:45:00+00:00,2026-07-05 23:00:00+00:00,no,0.43000000000000005,500,0.5080645161290321,0.575,0.04193548387096781,11,8.58,1,-223.58000000000004,23438.711999999803
2026-07-05 23:15:00+00:00,2026-07-05 23:15:00+00:00,2026-07-05 23:30:00+00:00,no,0.43999999999999995,500,0.41366223908918404,0.565,0.12633776091081608,14,8.63,0,271.37,23710.081999999802
2026-07-05 23:38:00+00:00,2026-07-05 23:30:00+00:00,2026-07-05 23:45:00+00:00,yes,0.18,500,0.248868778280543,0.175,0.04886877828054299,6,5.17,1,404.83,24114.911999999804
2026-07-05 23:45:00+00:00,2026-07-05 23:45:00+00:00,2026-07-06 00:00:00+00:00,no,0.6799999999999999,500,0.25412541254125415,0.325,0.045874587458745855,14,7.62,0,152.38000000000005,24267.291999999805
2026-07-06 00:00:00+00:00,2026-07-06 00:00:00+00:00,2026-07-06 00:15:00+00:00,no,0.61,500,0.2954822954822955,0.395,0.07451770451770447,14,8.33,0,186.67,24453.961999999803
2026-07-06 00:17:00+00:00,2026-07-06 00:15:00+00:00,2026-07-06 00:30:00+00:00,no,0.31999999999999995,500,0.6244604316546764,0.685,0.035539568345323694,12,7.62,0,332.38,24786.341999999804
2026-07-06 00:30:00+00:00,2026-07-06 00:30:00+00:00,2026-07-06 00:45:00+00:00,no,0.49,500,0.3769559032716927,0.515,0.1130440967283073,14,8.75,1,-253.75,24532.591999999804
2026-07-06 00:47:00+00:00,2026-07-06 00:45:00+00:00,2026-07-06 01:00:00+00:00,no,0.43999999999999995,500,0.48656716417910445,0.565,0.053432835820895544,12,8.63,1,-228.62999999999997,24303.961999999803
2026-07-06 01:03:00+00:00,2026-07-06 01:00:00+00:00,2026-07-06 01:15:00+00:00,no,0.53,500,0.41366223908918404,0.475,0.03633776091081599,11,8.72,1,-273.72,24030.241999999802
2026-07-06 01:15:00+00:00,2026-07-06 01:15:00+00:00,2026-07-06 01:30:00+00:00,no,0.52,500,0.3769559032716927,0.485,0.08304409672830727,14,8.74,0,231.26,24261.5019999998
2026-07-06 01:43:00+00:00,2026-07-06 01:30:00+00:00,2026-07-06 01:45:00+00:00,no,0.018000000000000016,500,0.9330357142857143,0.9824999999999999,0.03896428571428568,1,0.62,1,-9.620000000000006,24251.8819999998
2026-07-06 02:02:00+00:00,2026-07-06 02:00:00+00:00,2026-07-06 02:15:00+00:00,yes,0.82,500,0.8868613138686131,0.815,0.046861313868613155,12,5.17,0,-415.17,23836.711999999803
2026-07-06 02:30:00+00:00,2026-07-06 02:30:00+00:00,2026-07-06 02:45:00+00:00,no,0.54,500,0.3769559032716927,0.46499999999999997,0.06304409672830726,14,8.7,0,221.3,24058.011999999802
2026-07-06 02:57:00+00:00,2026-07-06 02:45:00+00:00,2026-07-06 03:00:00+00:00,no,0.09599999999999997,500,0.844903988183161,0.9065000000000001,0.04909601181683899,2,3.04,1,-51.039999999999985,24006.9719999998
2026-07-06 03:01:00+00:00,2026-07-06 03:00:00+00:00,2026-07-06 03:15:00+00:00,yes,0.51,500,0.5637393767705381,0.505,0.03373937677053808,13,8.75,0,-263.75,23743.2219999998
2026-07-06 03:39:00+00:00,2026-07-06 03:30:00+00:00,2026-07-06 03:45:00+00:00,no,0.22999999999999998,500,0.7073991031390134,0.775,0.04260089686098657,5,6.2,0,378.8,24122.0219999998
2026-07-06 03:46:00+00:00,2026-07-06 03:45:00+00:00,2026-07-06 04:00:00+00:00,yes,0.65,500,0.7073991031390134,0.645,0.037399103139013415,13,7.97,1,167.03,24289.0519999998
2026-07-06 04:00:00+00:00,2026-07-06 04:00:00+00:00,2026-07-06 04:15:00+00:00,yes,0.51,500,0.5637393767705381,0.505,0.03373937677053808,14,8.75,1,236.25,24525.3019999998
2026-07-06 04:30:00+00:00,2026-07-06 04:30:00+00:00,2026-07-06 04:45:00+00:00,yes,0.55,500,0.6244604316546764,0.545,0.0544604316546763,14,8.67,1,216.33,24741.6319999998
2026-07-06 04:48:00+00:00,2026-07-06 04:45:00+00:00,2026-07-06 05:00:00+00:00,yes,0.5,500,0.5637393767705381,0.495,0.04373937677053809,11,8.75,0,-258.75,24482.8819999998
2026-07-06 05:04:00+00:00,2026-07-06 05:00:00+00:00,2026-07-06 05:15:00+00:00,no,0.72,500,0.1712707182320442,0.28500000000000003,0.08872928176795582,10,7.06,0,132.94,24615.8219999998
2026-07-06 05:16:00+00:00,2026-07-06 05:15:00+00:00,2026-07-06 05:30:00+00:00,yes,0.57,500,0.6339066339066338,0.565,0.043906633906633866,13,8.58,0,-293.58,24322.2419999998
2026-07-06 05:32:00+00:00,2026-07-06 05:30:00+00:00,2026-07-06 05:45:00+00:00,yes,0.56,500,0.6244604316546764,0.555,0.044460431654676294,12,8.63,1,211.37,24533.611999999797
2026-07-06 05:45:00+00:00,2026-07-06 05:45:00+00:00,2026-07-06 06:00:00+00:00,yes,0.36,500,0.41366223908918404,0.355,0.033662239089184046,14,8.07,0,-188.07,24345.541999999798
2026-07-06 06:02:00+00:00,2026-07-06 06:00:00+00:00,2026-07-06 06:15:00+00:00,no,0.5700000000000001,500,0.3769559032716927,0.435,0.03304409672830723,12,8.58,0,206.41999999999993,24551.961999999796
2026-07-06 06:20:00+00:00,2026-07-06 06:15:00+00:00,2026-07-06 06:30:00+00:00,no,0.87,500,0.08585858585858586,0.135,0.034141414141414146,9,3.96,0,61.04,24613.001999999797
2026-07-06 06:30:00+00:00,2026-07-06 06:30:00+00:00,2026-07-06 06:45:00+00:00,no,0.53,500,0.3769559032716927,0.475,0.07304409672830726,14,8.72,1,-273.72,24339.281999999796
2026-07-06 06:46:00+00:00,2026-07-06 06:45:00+00:00,2026-07-06 07:00:00+00:00,no,0.55,500,0.3769559032716927,0.455,0.05304409672830725,13,8.67,0,216.33,24555.611999999797
2026-07-06 07:01:00+00:00,2026-07-06 07:00:00+00:00,2026-07-06 07:15:00+00:00,no,0.85,500,0.08585858585858586,0.155,0.054141414141414164,13,4.47,0,70.53,24626.141999999796
2026-07-06 07:34:00+00:00,2026-07-06 07:30:00+00:00,2026-07-06 07:45:00+00:00,yes,0.49,500,0.5637393767705381,0.485,0.0537393767705381,10,8.75,1,246.25,24872.391999999796
2026-07-06 07:49:00+00:00,2026-07-06 07:45:00+00:00,2026-07-06 08:00:00+00:00,yes,0.55,500,0.6023391812865497,0.545,0.03233918128654968,10,8.67,1,216.33,25088.721999999798
2026-07-06 08:01:00+00:00,2026-07-06 08:00:00+00:00,2026-07-06 08:15:00+00:00,yes,0.78,500,0.8705357142857143,0.775,0.07053571428571427,13,6.01,0,-396.01,24692.7119999998
2026-07-06 08:19:00+00:00,2026-07-06 08:15:00+00:00,2026-07-06 08:30:00+00:00,yes,0.57,500,0.6244604316546764,0.565,0.034460431654676396,10,8.58,1,206.42,24899.131999999798
2026-07-06 08:50:00+00:00,2026-07-06 08:45:00+00:00,2026-07-06 09:00:00+00:00,yes,0.39,500,0.48412698412698413,0.385,0.07412698412698411,9,8.33,0,-203.33,24695.801999999796
2026-07-06 09:01:00+00:00,2026-07-06 09:00:00+00:00,2026-07-06 09:15:00+00:00,no,0.53,500,0.41366223908918404,0.475,0.03633776091081599,13,8.72,0,226.28,24922.081999999795
2026-07-06 09:17:00+00:00,2026-07-06 09:15:00+00:00,2026-07-06 09:30:00+00:00,yes,0.56,500,0.6875,0.555,0.10749999999999994,12,8.63,0,-288.63,24633.451999999794
2026-07-06 09:35:00+00:00,2026-07-06 09:30:00+00:00,2026-07-06 09:45:00+00:00,no,0.85,500,0.10497237569060773,0.155,0.03502762430939233,9,4.47,0,70.53,24703.981999999793
2026-07-06 10:00:00+00:00,2026-07-06 10:00:00+00:00,2026-07-06 10:15:00+00:00,yes,0.75,500,0.8005115089514067,0.745,0.030511508951406658,14,6.57,1,118.43,24822.411999999793
2026-07-06 10:20:00+00:00,2026-07-06 10:15:00+00:00,2026-07-06 10:30:00+00:00,no,0.52,500,0.41366223908918404,0.485,0.046337760910816,9,8.74,1,-268.74,24553.67199999979
2026-07-06 10:31:00+00:00,2026-07-06 10:30:00+00:00,2026-07-06 10:45:00+00:00,no,0.53,500,0.41366223908918404,0.475,0.03633776091081599,13,8.72,1,-273.72,24279.95199999979
2026-07-06 10:45:00+00:00,2026-07-06 10:45:00+00:00,2026-07-06 11:00:00+00:00,yes,0.5,500,0.5637393767705381,0.495,0.04373937677053809,14,8.75,0,-258.75,24021.20199999979
2026-07-06 11:00:00+00:00,2026-07-06 11:00:00+00:00,2026-07-06 11:15:00+00:00,yes,0.79,500,0.844903988183161,0.785,0.034903988183161,14,5.81,0,-400.81,23620.39199999979
2026-07-06 11:16:00+00:00,2026-07-06 11:15:00+00:00,2026-07-06 11:30:00+00:00,no,0.56,500,0.3769559032716927,0.445,0.04304409672830724,13,8.63,1,-288.63,23331.761999999788
2026-07-06 11:32:00+00:00,2026-07-06 11:30:00+00:00,2026-07-06 11:45:00+00:00,yes,0.87,500,0.9265175718849841,0.865,0.04651757188498407,12,3.96,1,61.04,23392.80199999979
2026-07-06 11:49:00+00:00,2026-07-06 11:45:00+00:00,2026-07-06 12:00:00+00:00,no,0.43000000000000005,500,0.5080645161290321,0.575,0.04193548387096781,10,8.58,0,276.42,23669.221999999787
2026-07-06 12:15:00+00:00,2026-07-06 12:15:00+00:00,2026-07-06 12:30:00+00:00,no,0.43000000000000005,500,0.48656716417910445,0.575,0.06343283582089544,14,8.58,1,-223.58000000000004,23445.641999999785
2026-07-06 12:45:00+00:00,2026-07-06 12:45:00+00:00,2026-07-06 13:00:00+00:00,yes,0.3,500,0.35533707865168535,0.295,0.03533707865168535,14,7.35,0,-157.35,23288.291999999787
2026-07-06 13:03:00+00:00,2026-07-06 13:00:00+00:00,2026-07-06 13:15:00+00:00,no,0.77,500,0.1712707182320442,0.235,0.03872928176795577,11,6.2,0,108.8,23397.091999999786
2026-07-06 13:21:00+00:00,2026-07-06 13:15:00+00:00,2026-07-06 13:30:00+00:00,yes,0.29,500,0.35533707865168535,0.28500000000000003,0.04533707865168536,8,7.21,0,-152.21,23244.881999999787
2026-07-06 13:30:00+00:00,2026-07-06 13:30:00+00:00,2026-07-06 13:45:00+00:00,yes,0.74,500,0.844903988183161,0.735,0.08490398818316104,14,6.74,1,123.26,23368.141999999785
2026-07-06 14:04:00+00:00,2026-07-06 14:00:00+00:00,2026-07-06 14:15:00+00:00,yes,0.63,500,0.6875,0.625,0.03749999999999999,10,8.16,1,176.84,23544.981999999785
2026-07-06 14:15:00+00:00,2026-07-06 14:15:00+00:00,2026-07-06 14:30:00+00:00,no,0.49,500,0.41366223908918404,0.515,0.07633776091081602,14,8.75,1,-253.75,23291.231999999785
2026-07-06 14:30:00+00:00,2026-07-06 14:30:00+00:00,2026-07-06 14:45:00+00:00,no,0.5,500,0.41366223908918404,0.505,0.06633776091081602,14,8.75,0,241.25,23532.481999999785
2026-07-06 15:16:00+00:00,2026-07-06 15:15:00+00:00,2026-07-06 15:30:00+00:00,no,0.54,500,0.3968253968253968,0.47,0.04317460317460321,13,8.7,0,221.3,23753.781999999785
2026-07-06 15:46:00+00:00,2026-07-06 15:45:00+00:00,2026-07-06 16:00:00+00:00,no,0.53,500,0.41366223908918404,0.475,0.03633776091081599,13,8.72,1,-273.72,23480.061999999783
2026-07-06 16:00:00+00:00,2026-07-06 16:00:00+00:00,2026-07-06 16:15:00+00:00,no,0.64,500,0.2954822954822955,0.365,0.04451770451770444,14,8.07,1,-328.07,23151.991999999784
2026-07-06 16:45:00+00:00,2026-07-06 16:45:00+00:00,2026-07-06 17:00:00+00:00,no,0.53,500,0.41366223908918404,0.475,0.03633776091081599,14,8.72,1,-273.72,22878.271999999783
2026-07-06 17:00:00+00:00,2026-07-06 17:00:00+00:00,2026-07-06 17:15:00+00:00,no,0.36,500,0.5637393767705381,0.645,0.05626062322946192,14,8.07,1,-188.07,22690.201999999783
2026-07-06 17:15:00+00:00,2026-07-06 17:15:00+00:00,2026-07-06 17:30:00+00:00,no,0.43999999999999995,500,0.4855305466237942,0.565,0.054469453376205804,14,8.63,1,-228.62999999999997,22461.571999999782
2026-07-06 17:30:00+00:00,2026-07-06 17:30:00+00:00,2026-07-06 17:45:00+00:00,no,0.52,500,0.3880597014925373,0.485,0.07194029850746265,14,8.74,0,231.26,22692.83199999978
2026-07-06 18:03:00+00:00,2026-07-06 18:00:00+00:00,2026-07-06 18:15:00+00:00,yes,0.84,500,0.8868613138686131,0.835,0.03686131386861314,11,4.71,1,75.29,22768.12199999978
2026-07-06 18:19:00+00:00,2026-07-06 18:15:00+00:00,2026-07-06 18:30:00+00:00,no,0.5700000000000001,500,0.3769559032716927,0.435,0.03304409672830723,10,8.58,1,-293.58000000000004,22474.54199999978
2026-07-06 18:33:00+00:00,2026-07-06 18:30:00+00:00,2026-07-06 18:45:00+00:00,no,0.51,500,0.42857142857142855,0.495,0.041428571428571384,11,8.75,1,-263.75,22210.79199999978
2026-07-06 18:45:00+00:00,2026-07-06 18:45:00+00:00,2026-07-06 19:00:00+00:00,no,0.5,500,0.41366223908918404,0.505,0.06633776091081602,14,8.75,0,241.25,22452.04199999978
2026-07-06 19:02:00+00:00,2026-07-06 19:00:00+00:00,2026-07-06 19:15:00+00:00,no,0.53,500,0.41366223908918404,0.475,0.03633776091081599,12,8.72,1,-273.72,22178.32199999978
2026-07-06 19:17:00+00:00,2026-07-06 19:15:00+00:00,2026-07-06 19:30:00+00:00,yes,0.64,500,0.6934306569343066,0.635,0.03343065693430659,12,8.07,1,171.93,22350.25199999978
2026-07-06 19:31:00+00:00,2026-07-06 19:30:00+00:00,2026-07-06 19:45:00+00:00,no,0.75,500,0.1712707182320442,0.255,0.05872928176795579,13,6.57,0,118.43,22468.68199999978
2026-07-06 19:53:00+00:00,2026-07-06 19:45:00+00:00,2026-07-06 20:00:00+00:00,yes,0.51,500,0.5637393767705381,0.505,0.03373937677053808,6,8.75,0,-263.75,22204.93199999978
2026-07-06 20:00:00+00:00,2026-07-06 20:00:00+00:00,2026-07-06 20:15:00+00:00,no,0.5900000000000001,500,0.35533707865168535,0.415,0.034662921348314515,14,8.47,0,196.52999999999994,22401.461999999778
2026-07-06 20:18:00+00:00,2026-07-06 20:15:00+00:00,2026-07-06 20:30:00+00:00,yes,0.5,500,0.5637393767705381,0.495,0.04373937677053809,11,8.75,1,241.25,22642.711999999778
2026-07-06 20:46:00+00:00,2026-07-06 20:45:00+00:00,2026-07-06 21:00:00+00:00,no,0.56,500,0.3769559032716927,0.445,0.04304409672830724,13,8.63,1,-288.63,22354.081999999777
2026-07-06 21:01:00+00:00,2026-07-06 21:00:00+00:00,2026-07-06 21:15:00+00:00,no,0.51,500,0.41366223908918404,0.495,0.05633776091081601,13,8.75,1,-263.75,22090.331999999777
2026-07-06 21:15:00+00:00,2026-07-06 21:15:00+00:00,2026-07-06 21:30:00+00:00,no,0.44999999999999996,500,0.41366223908918404,0.555,0.11633776091081606,14,8.67,0,266.33,22356.66199999978
2026-07-06 21:31:00+00:00,2026-07-06 21:30:00+00:00,2026-07-06 21:45:00+00:00,no,0.45999999999999996,500,0.4854014598540146,0.545,0.034598540145985415,13,8.7,0,261.3,22617.961999999778
2026-07-06 21:45:00+00:00,2026-07-06 21:45:00+00:00,2026-07-06 22:00:00+00:00,no,0.48,500,0.41366223908918404,0.525,0.08633776091081603,14,8.74,1,-248.74,22369.221999999776
2026-07-06 22:00:00+00:00,2026-07-06 22:00:00+00:00,2026-07-06 22:15:00+00:00,no,0.5,500,0.3769559032716927,0.505,0.10304409672830729,14,8.75,0,241.25,22610.471999999776
2026-07-06 22:15:00+00:00,2026-07-06 22:15:00+00:00,2026-07-06 22:30:00+00:00,no,0.54,500,0.3769559032716927,0.46499999999999997,0.06304409672830726,14,8.7,0,221.3,22831.771999999775
2026-07-06 22:35:00+00:00,2026-07-06 22:30:00+00:00,2026-07-06 22:45:00+00:00,yes,0.31,500,0.48412698412698413,0.305,0.15412698412698414,9,7.49,0,-162.49,22669.281999999774
2026-07-06 22:47:00+00:00,2026-07-06 22:45:00+00:00,2026-07-06 23:00:00+00:00,no,0.56,500,0.3769559032716927,0.445,0.04304409672830724,12,8.63,1,-288.63,22380.651999999773
2026-07-06 23:00:00+00:00,2026-07-06 23:00:00+00:00,2026-07-06 23:15:00+00:00,no,0.55,500,0.3769559032716927,0.455,0.05304409672830725,14,8.67,1,-283.67,22096.981999999774
2026-07-06 23:15:00+00:00,2026-07-06 23:15:00+00:00,2026-07-06 23:30:00+00:00,no,0.51,500,0.3880597014925373,0.5,0.08194029850746266,14,8.75,0,236.25,22333.231999999774
2026-07-06 23:41:00+00:00,2026-07-06 23:30:00+00:00,2026-07-06 23:45:00+00:00,yes,0.19,500,0.248868778280543,0.185,0.038868778280542984,3,5.39,0,-100.39,22232.841999999775
2026-07-06 23:49:00+00:00,2026-07-06 23:45:00+00:00,2026-07-07 00:00:00+00:00,yes,0.63,500,0.6934306569343066,0.625,0.0434306569343066,10,8.16,0,-323.16,21909.681999999775
2026-07-07 00:05:00+00:00,2026-07-07 00:00:00+00:00,2026-07-07 00:15:00+00:00,yes,0.65,500,0.7276119402985076,0.645,0.057611940298507594,9,7.97,1,167.03,22076.711999999774
2026-07-07 00:15:00+00:00,2026-07-07 00:15:00+00:00,2026-07-07 00:30:00+00:00,no,0.43000000000000005,500,0.5080645161290321,0.575,0.04193548387096781,14,8.58,1,-223.58000000000004,21853.131999999772
2026-07-07 00:31:00+00:00,2026-07-07 00:30:00+00:00,2026-07-07 00:45:00+00:00,no,0.62,500,0.3275862068965517,0.385,0.03241379310344829,13,8.25,0,181.75,22034.881999999772
2026-07-07 00:45:00+00:00,2026-07-07 00:45:00+00:00,2026-07-07 01:00:00+00:00,yes,0.75,500,0.8005115089514067,0.745,0.030511508951406658,14,6.57,1,118.43,22153.311999999773
2026-07-07 01:16:00+00:00,2026-07-07 01:15:00+00:00,2026-07-07 01:30:00+00:00,yes,0.54,500,0.6244604316546764,0.535,0.06446043165467631,13,8.7,0,-278.7,21874.61199999977
2026-07-07 01:30:00+00:00,2026-07-07 01:30:00+00:00,2026-07-07 01:45:00+00:00,no,0.52,500,0.41366223908918404,0.485,0.046337760910816,14,8.74,0,231.26,22105.87199999977
2026-07-07 01:49:00+00:00,2026-07-07 01:45:00+00:00,2026-07-07 02:00:00+00:00,no,0.22999999999999998,500,0.7073991031390134,0.775,0.04260089686098657,10,6.2,0,378.8,22484.67199999977
2026-07-07 02:10:00+00:00,2026-07-07 02:00:00+00:00,2026-07-07 02:15:00+00:00,no,0.75,500,0.1963470319634703,0.26,0.03365296803652963,4,6.57,0,118.43,22603.10199999977
2026-07-07 02:32:00+00:00,2026-07-07 02:30:00+00:00,2026-07-07 02:45:00+00:00,no,0.77,500,0.1712707182320442,0.235,0.03872928176795577,12,6.2,1,-391.2,22211.90199999977
2026-07-07 03:02:00+00:00,2026-07-07 03:00:00+00:00,2026-07-07 03:15:00+00:00,yes,0.64,500,0.6934306569343066,0.635,0.03343065693430659,12,8.07,1,171.93,22383.83199999977
2026-07-07 03:17:00+00:00,2026-07-07 03:15:00+00:00,2026-07-07 03:30:00+00:00,yes,0.39,500,0.45,0.385,0.039999999999999994,12,8.33,0,-203.33,22180.501999999768
2026-07-07 03:33:00+00:00,2026-07-07 03:30:00+00:00,2026-07-07 03:45:00+00:00,yes,0.68,500,0.7526501766784452,0.675,0.052650176678445196,11,7.62,0,-347.62,21832.88199999977
2026-07-07 03:45:00+00:00,2026-07-07 03:45:00+00:00,2026-07-07 04:00:00+00:00,yes,0.42,500,0.48412698412698413,0.415,0.04412698412698414,14,8.53,0,-218.53,21614.35199999977
2026-07-07 04:00:00+00:00,2026-07-07 04:00:00+00:00,2026-07-07 04:15:00+00:00,yes,0.67,500,0.7301587301587301,0.665,0.040158730158730074,14,7.74,1,157.26,21771.611999999768
2026-07-07 04:20:00+00:00,2026-07-07 04:15:00+00:00,2026-07-07 04:30:00+00:00,yes,0.56,500,0.6244604316546764,0.555,0.044460431654676294,9,8.63,1,211.37,21982.981999999767
2026-07-07 04:34:00+00:00,2026-07-07 04:30:00+00:00,2026-07-07 04:45:00+00:00,no,0.56,500,0.3769559032716927,0.445,0.04304409672830724,10,8.63,0,211.37,22194.351999999766
2026-07-07 04:48:00+00:00,2026-07-07 04:45:00+00:00,2026-07-07 05:00:00+00:00,no,0.76,500,0.1712707182320442,0.245,0.04872928176795578,11,6.39,0,113.61,22307.961999999767
2026-07-07 05:02:00+00:00,2026-07-07 05:00:00+00:00,2026-07-07 05:15:00+00:00,no,0.5700000000000001,500,0.3769559032716927,0.435,0.03304409672830723,12,8.58,0,206.41999999999993,22514.381999999765
2026-07-07 05:30:00+00:00,2026-07-07 05:30:00+00:00,2026-07-07 05:45:00+00:00,yes,0.81,500,0.8705357142857143,0.805,0.040535714285714244,14,5.39,1,89.61,22603.991999999766
2026-07-07 05:49:00+00:00,2026-07-07 05:45:00+00:00,2026-07-07 06:00:00+00:00,no,0.53,500,0.41366223908918404,0.475,0.03633776091081599,10,8.72,0,226.28,22830.271999999764
2026-07-07 06:02:00+00:00,2026-07-07 06:00:00+00:00,2026-07-07 06:15:00+00:00,yes,0.75,500,0.8005115089514067,0.745,0.030511508951406658,12,6.57,0,-381.57,22448.701999999765
2026-07-07 06:15:00+00:00,2026-07-07 06:15:00+00:00,2026-07-07 06:30:00+00:00,yes,0.8,500,0.8705357142857143,0.795,0.05053571428571425,14,5.6,1,94.4,22543.101999999766
2026-07-07 06:33:00+00:00,2026-07-07 06:30:00+00:00,2026-07-07 06:45:00+00:00,yes,0.75,500,0.844903988183161,0.745,0.07490398818316103,11,6.57,1,118.43,22661.531999999766
2026-07-07 06:47:00+00:00,2026-07-07 06:45:00+00:00,2026-07-07 07:00:00+00:00,no,0.56,500,0.3769559032716927,0.445,0.04304409672830724,12,8.63,1,-288.63,22372.901999999765
2026-07-07 07:07:00+00:00,2026-07-07 07:00:00+00:00,2026-07-07 07:15:00+00:00,no,0.22999999999999998,500,0.7073991031390134,0.775,0.04260089686098657,7,6.2,1,-121.19999999999999,22251.701999999765
2026-07-07 07:16:00+00:00,2026-07-07 07:15:00+00:00,2026-07-07 07:30:00+00:00,no,0.51,500,0.41366223908918404,0.495,0.05633776091081601,13,8.75,0,236.25,22487.951999999765
2026-07-07 07:46:00+00:00,2026-07-07 07:45:00+00:00,2026-07-07 08:00:00+00:00,yes,0.41,500,0.4854014598540146,0.405,0.05540145985401464,13,8.47,0,-213.47,22274.481999999764
2026-07-07 08:01:00+00:00,2026-07-07 08:00:00+00:00,2026-07-07 08:15:00+00:00,yes,0.62,500,0.7073991031390134,0.615,0.06739910313901344,13,8.25,1,181.75,22456.231999999764
2026-07-07 08:26:00+00:00,2026-07-07 08:15:00+00:00,2026-07-07 08:30:00+00:00,yes,0.22,500,0.2954822954822955,0.20500000000000002,0.05548229548229548,3,6.01,0,-116.01,22340.221999999765
2026-07-07 08:32:00+00:00,2026-07-07 08:30:00+00:00,2026-07-07 08:45:00+00:00,no,0.61,500,0.2954822954822955,0.395,0.07451770451770447,12,8.33,0,186.67,22526.891999999763
2026-07-07 08:45:00+00:00,2026-07-07 08:45:00+00:00,2026-07-07 09:00:00+00:00,no,0.51,500,0.3769559032716927,0.495,0.09304409672830728,14,8.75,1,-263.75,22263.141999999763
2026-07-07 09:00:00+00:00,2026-07-07 09:00:00+00:00,2026-07-07 09:15:00+00:00,no,0.74,500,0.1963470319634703,0.265,0.04365296803652964,14,6.74,1,-376.74,21886.40199999976
2026-07-07 09:16:00+00:00,2026-07-07 09:15:00+00:00,2026-07-07 09:30:00+00:00,no,0.5700000000000001,500,0.3769559032716927,0.435,0.03304409672830723,13,8.58,0,206.41999999999993,22092.82199999976
2026-07-07 09:30:00+00:00,2026-07-07 09:30:00+00:00,2026-07-07 09:45:00+00:00,no,0.5700000000000001,500,0.3769559032716927,0.435,0.03304409672830723,14,8.58,1,-293.58000000000004,21799.24199999976
2026-07-07 09:47:00+00:00,2026-07-07 09:45:00+00:00,2026-07-07 10:00:00+00:00,no,0.45999999999999996,500,0.4854014598540146,0.545,0.034598540145985415,12,8.7,0,261.3,22060.541999999758
2026-07-07 10:15:00+00:00,2026-07-07 10:15:00+00:00,2026-07-07 10:30:00+00:00,no,0.44999999999999996,500,0.48656716417910445,0.555,0.043432835820895535,14,8.67,0,266.33,22326.87199999976
2026-07-07 10:31:00+00:00,2026-07-07 10:30:00+00:00,2026-07-07 10:45:00+00:00,no,0.85,500,0.10497237569060773,0.155,0.03502762430939233,13,4.47,0,70.53,22397.401999999758
2026-07-07 10:45:00+00:00,2026-07-07 10:45:00+00:00,2026-07-07 11:00:00+00:00,no,0.55,500,0.3769559032716927,0.455,0.05304409672830725,14,8.67,0,216.33,22613.73199999976
2026-07-07 11:15:00+00:00,2026-07-07 11:15:00+00:00,2026-07-07 11:30:00+00:00,no,0.53,500,0.41366223908918404,0.475,0.03633776091081599,14,8.72,1,-273.72,22340.01199999976
2026-07-07 11:33:00+00:00,2026-07-07 11:30:00+00:00,2026-07-07 11:45:00+00:00,no,0.64,500,0.2954822954822955,0.365,0.04451770451770444,11,8.07,1,-328.07,22011.94199999976
2026-07-07 11:53:00+00:00,2026-07-07 11:45:00+00:00,2026-07-07 12:00:00+00:00,no,0.09299999999999997,500,0.844903988183161,0.9085000000000001,0.05209601181683899,6,2.96,1,-49.45999999999999,21962.48199999976
2026-07-07 12:15:00+00:00,2026-07-07 12:15:00+00:00,2026-07-07 12:30:00+00:00,no,0.62,500,0.2954822954822955,0.385,0.06451770451770446,14,8.25,0,181.75,22144.23199999976
2026-07-07 12:32:00+00:00,2026-07-07 12:30:00+00:00,2026-07-07 12:45:00+00:00,no,0.8200000000000001,500,0.10497237569060773,0.185,0.055027624309392245,12,5.17,0,84.82999999999994,22229.06199999976
2026-07-07 13:21:00+00:00,2026-07-07 13:15:00+00:00,2026-07-07 13:30:00+00:00,no,0.903,492,0.05612244897959184,0.0975,0.03087755102040813,8,3.02,0,44.703999999999986,22273.765999999763
2026-07-07 13:30:00+00:00,2026-07-07 13:30:00+00:00,2026-07-07 13:45:00+00:00,yes,0.69,500,0.8005115089514067,0.685,0.09051150895140671,14,7.49,1,147.51,22421.27599999976
2026-07-07 13:46:00+00:00,2026-07-07 13:45:00+00:00,2026-07-07 14:00:00+00:00,yes,0.86,500,0.9186046511627907,0.855,0.048604651162790675,13,4.22,0,-434.22,21987.05599999976
2026-07-07 14:02:00+00:00,2026-07-07 14:00:00+00:00,2026-07-07 14:15:00+00:00,yes,0.62,500,0.7073991031390134,0.615,0.06739910313901344,12,8.25,0,-318.25,21668.80599999976
2026-07-07 14:24:00+00:00,2026-07-07 14:15:00+00:00,2026-07-07 14:30:00+00:00,no,0.54,500,0.3769559032716927,0.46499999999999997,0.06304409672830726,5,8.7,1,-278.7,21390.10599999976
2026-07-07 14:40:00+00:00,2026-07-07 14:30:00+00:00,2026-07-07 14:45:00+00:00,yes,0.11,500,0.1510791366906475,0.10500000000000001,0.031079136690647484,4,3.43,0,-58.43,21331.67599999976
2026-07-07 15:00:00+00:00,2026-07-07 15:00:00+00:00,2026-07-07 15:15:00+00:00,no,0.5700000000000001,500,0.3769559032716927,0.435,0.03304409672830723,14,8.58,0,206.41999999999993,21538.095999999758
2026-07-07 15:30:00+00:00,2026-07-07 15:30:00+00:00,2026-07-07 15:45:00+00:00,no,0.55,500,0.3769559032716927,0.455,0.05304409672830725,14,8.67,1,-283.67,21254.42599999976
2026-07-07 15:49:00+00:00,2026-07-07 15:45:00+00:00,2026-07-07 16:00:00+00:00,yes,0.82,500,0.8868613138686131,0.815,0.046861313868613155,10,5.17,1,84.83,21339.25599999976
2026-07-07 16:00:00+00:00,2026-07-07 16:00:00+00:00,2026-07-07 16:15:00+00:00,no,0.52,500,0.41366223908918404,0.485,0.046337760910816,14,8.74,0,231.26,21570.51599999976
2026-07-07 16:17:00+00:00,2026-07-07 16:15:00+00:00,2026-07-07 16:30:00+00:00,no,0.43999999999999995,500,0.48656716417910445,0.565,0.053432835820895544,12,8.63,1,-228.62999999999997,21341.88599999976
2026-07-07 16:42:00+00:00,2026-07-07 16:30:00+00:00,2026-07-07 16:45:00+00:00,yes,0.64,500,0.6934306569343066,0.635,0.03343065693430659,2,8.07,1,171.93,21513.81599999976
2026-07-07 16:52:00+00:00,2026-07-07 16:45:00+00:00,2026-07-07 17:00:00+00:00,yes,0.86,500,0.9265175718849841,0.855,0.05651757188498408,7,4.22,0,-434.22,21079.595999999758
2026-07-07 17:02:00+00:00,2026-07-07 17:00:00+00:00,2026-07-07 17:15:00+00:00,no,0.51,500,0.41366223908918404,0.495,0.05633776091081601,12,8.75,1,-263.75,20815.845999999758
2026-07-07 17:15:00+00:00,2026-07-07 17:15:00+00:00,2026-07-07 17:30:00+00:00,no,0.77,500,0.1712707182320442,0.235,0.03872928176795577,14,6.2,1,-391.2,20424.645999999757
2026-07-07 17:41:00+00:00,2026-07-07 17:30:00+00:00,2026-07-07 17:45:00+00:00,yes,0.79,500,0.844903988183161,0.785,0.034903988183161,3,5.81,1,99.19,20523.835999999756
2026-07-07 17:46:00+00:00,2026-07-07 17:45:00+00:00,2026-07-07 18:00:00+00:00,no,0.69,500,0.248868778280543,0.315,0.04113122171945706,13,7.49,0,147.51,20671.345999999754
2026-07-07 18:16:00+00:00,2026-07-07 18:15:00+00:00,2026-07-07 18:30:00+00:00,yes,0.54,500,0.6244604316546764,0.535,0.06446043165467631,13,8.7,0,-278.7,20392.645999999753
2026-07-07 18:33:00+00:00,2026-07-07 18:30:00+00:00,2026-07-07 18:45:00+00:00,no,0.56,500,0.3769559032716927,0.445,0.04304409672830724,11,8.63,1,-288.63,20104.015999999752
2026-07-07 18:49:00+00:00,2026-07-07 18:45:00+00:00,2026-07-07 19:00:00+00:00,no,0.85,473,0.1,0.155,0.04000000000000004,10,4.23,0,66.71999999999998,20170.735999999753
2026-07-07 19:01:00+00:00,2026-07-07 19:00:00+00:00,2026-07-07 19:15:00+00:00,yes,0.55,500,0.6244604316546764,0.545,0.0544604316546763,13,8.67,0,-283.67,19887.065999999755
2026-07-07 19:16:00+00:00,2026-07-07 19:15:00+00:00,2026-07-07 19:30:00+00:00,yes,0.32,500,0.3769559032716927,0.315,0.036955903271692694,13,7.62,1,332.38,20219.445999999756
2026-07-07 19:32:00+00:00,2026-07-07 19:30:00+00:00,2026-07-07 19:45:00+00:00,yes,0.75,500,0.844903988183161,0.74,0.07490398818316103,12,6.57,1,118.43,20337.875999999756
2026-07-07 20:03:00+00:00,2026-07-07 20:00:00+00:00,2026-07-07 20:15:00+00:00,yes,0.74,500,0.8005115089514067,0.735,0.04051150895140666,11,6.74,0,-376.74,19961.135999999755
2026-07-07 20:17:00+00:00,2026-07-07 20:15:00+00:00,2026-07-07 20:30:00+00:00,no,0.53,500,0.41366223908918404,0.475,0.03633776091081599,12,8.72,0,226.28,20187.415999999754
2026-07-07 20:40:00+00:00,2026-07-07 20:30:00+00:00,2026-07-07 20:45:00+00:00,yes,0.24,500,0.2954822954822955,0.22999999999999998,0.03548229548229549,4,6.39,0,-126.39,20061.025999999754
2026-07-07 20:46:00+00:00,2026-07-07 20:45:00+00:00,2026-07-07 21:00:00+00:00,no,0.56,500,0.3769559032716927,0.445,0.04304409672830724,13,8.63,1,-288.63,19772.395999999753
2026-07-07 21:00:00+00:00,2026-07-07 21:00:00+00:00,2026-07-07 21:15:00+00:00,yes,0.79,500,0.8978102189781022,0.785,0.08781021897810216,14,5.81,1,99.19,19871.585999999752
2026-07-07 21:31:00+00:00,2026-07-07 21:30:00+00:00,2026-07-07 21:45:00+00:00,no,0.5700000000000001,500,0.3769559032716927,0.435,0.03304409672830723,13,8.58,0,206.41999999999993,20078.00599999975
2026-07-07 21:46:00+00:00,2026-07-07 21:45:00+00:00,2026-07-07 22:00:00+00:00,yes,0.76,500,0.844903988183161,0.755,0.06490398818316102,13,6.39,1,113.61,20191.61599999975
2026-07-07 22:08:00+00:00,2026-07-07 22:00:00+00:00,2026-07-07 22:15:00+00:00,yes,0.54,500,0.6244604316546764,0.535,0.06446043165467631,6,8.7,1,221.3,20412.91599999975
2026-07-07 22:18:00+00:00,2026-07-07 22:15:00+00:00,2026-07-07 22:30:00+00:00,no,0.24,500,0.7073991031390134,0.765,0.032600896860986564,11,6.39,1,-126.39,20286.52599999975
2026-07-07 22:30:00+00:00,2026-07-07 22:30:00+00:00,2026-07-07 22:45:00+00:00,no,0.5700000000000001,500,0.3769559032716927,0.435,0.03304409672830723,14,8.58,1,-293.58000000000004,19992.94599999975
2026-07-07 22:52:00+00:00,2026-07-07 22:45:00+00:00,2026-07-07 23:00:00+00:00,yes,0.24,500,0.2954822954822955,0.235,0.03548229548229549,7,6.39,0,-126.39,19866.55599999975
2026-07-07 23:05:00+00:00,2026-07-07 23:00:00+00:00,2026-07-07 23:15:00+00:00,yes,0.79,500,0.844903988183161,0.785,0.034903988183161,9,5.81,1,99.19,19965.745999999748
2026-07-07 23:18:00+00:00,2026-07-07 23:15:00+00:00,2026-07-07 23:30:00+00:00,yes,0.78,500,0.844903988183161,0.775,0.044903988183161006,11,6.01,1,103.99,20069.73599999975
2026-07-07 23:30:00+00:00,2026-07-07 23:30:00+00:00,2026-07-07 23:45:00+00:00,no,0.44999999999999996,500,0.48656716417910445,0.555,0.043432835820895535,14,8.67,0,266.33,20336.06599999975
2026-07-08 00:01:00+00:00,2026-07-08 00:00:00+00:00,2026-07-08 00:15:00+00:00,no,0.51,500,0.41366223908918404,0.495,0.05633776091081601,13,8.75,1,-263.75,20072.31599999975
2026-07-08 00:15:00+00:00,2026-07-08 00:15:00+00:00,2026-07-08 00:30:00+00:00,no,0.5700000000000001,500,0.3769559032716927,0.435,0.03304409672830723,14,8.58,1,-293.58000000000004,19778.73599999975
2026-07-08 00:37:00+00:00,2026-07-08 00:30:00+00:00,2026-07-08 00:45:00+00:00,yes,0.65,500,0.7073991031390134,0.645,0.037399103139013415,7,7.97,1,167.03,19945.76599999975
2026-07-08 00:48:00+00:00,2026-07-08 00:45:00+00:00,2026-07-08 01:00:00+00:00,no,0.8200000000000001,486,0.11290322580645161,0.185,0.04709677419354831,11,5.03,0,82.44999999999996,20028.21599999975
2026-07-08 01:19:00+00:00,2026-07-08 01:15:00+00:00,2026-07-08 01:30:00+00:00,no,0.88,455,0.05612244897959184,0.125,0.05387755102040815,10,3.37,0,51.230000000000025,20079.44599999975
2026-07-08 01:45:00+00:00,2026-07-08 01:45:00+00:00,2026-07-08 02:00:00+00:00,yes,0.62,500,0.6934306569343066,0.615,0.05343065693430661,14,8.25,0,-318.25,19761.19599999975
2026-07-08 02:15:00+00:00,2026-07-08 02:15:00+00:00,2026-07-08 02:30:00+00:00,yes,0.48,500,0.5637393767705381,0.475,0.0637393767705381,14,8.74,1,251.26,20012.455999999747
2026-07-08 02:40:00+00:00,2026-07-08 02:30:00+00:00,2026-07-08 02:45:00+00:00,yes,0.14,500,0.1963470319634703,0.135,0.046347031963470293,4,4.22,1,425.78,20438.235999999746
2026-07-08 02:45:00+00:00,2026-07-08 02:45:00+00:00,2026-07-08 03:00:00+00:00,yes,0.61,500,0.6934306569343066,0.605,0.06343065693430662,14,8.33,1,186.67,20624.905999999744
2026-07-08 03:02:00+00:00,2026-07-08 03:00:00+00:00,2026-07-08 03:15:00+00:00,yes,0.84,491,0.8868613138686131,0.835,0.03686131386861314,12,4.62,1,73.94,20698.845999999743
2026-07-08 03:17:00+00:00,2026-07-08 03:15:00+00:00,2026-07-08 03:30:00+00:00,no,0.75,500,0.1712707182320442,0.255,0.05872928176795579,12,6.57,0,118.43,20817.275999999743
2026-07-08 03:33:00+00:00,2026-07-08 03:30:00+00:00,2026-07-08 03:45:00+00:00,no,0.85,489,0.08585858585858586,0.155,0.054141414141414164,11,4.37,0,68.98000000000002,20886.255999999743
2026-07-08 04:06:00+00:00,2026-07-08 04:00:00+00:00,2026-07-08 04:15:00+00:00,yes,0.64,500,0.6934306569343066,0.635,0.03343065693430659,8,8.07,1,171.93,21058.185999999743
2026-07-08 04:20:00+00:00,2026-07-08 04:15:00+00:00,2026-07-08 04:30:00+00:00,yes,0.63,500,0.6934306569343066,0.625,0.0434306569343066,9,8.16,1,176.84,21235.025999999743
2026-07-08 04:33:00+00:00,2026-07-08 04:30:00+00:00,2026-07-08 04:45:00+00:00,no,0.6799999999999999,500,0.25412541254125415,0.325,0.045874587458745855,11,7.62,0,152.38000000000005,21387.405999999744
2026-07-08 04:52:00+00:00,2026-07-08 04:45:00+00:00,2026-07-08 05:00:00+00:00,yes,0.32,500,0.3769559032716927,0.315,0.036955903271692694,7,7.62,1,332.38,21719.785999999745
2026-07-08 05:04:00+00:00,2026-07-08 05:00:00+00:00,2026-07-08 05:15:00+00:00,no,0.52,500,0.41366223908918404,0.485,0.046337760910816,10,8.74,1,-268.74,21451.045999999744
2026-07-08 05:20:00+00:00,2026-07-08 05:15:00+00:00,2026-07-08 05:30:00+00:00,yes,0.67,500,0.7276119402985076,0.665,0.037611940298507576,9,7.74,0,-342.74,21108.305999999742
2026-07-08 05:30:00+00:00,2026-07-08 05:30:00+00:00,2026-07-08 05:45:00+00:00,no,0.43000000000000005,500,0.5080645161290321,0.575,0.04193548387096781,14,8.58,0,276.42,21384.72599999974
2026-07-08 05:50:00+00:00,2026-07-08 05:45:00+00:00,2026-07-08 06:00:00+00:00,no,0.5700000000000001,500,0.3769559032716927,0.435,0.03304409672830723,9,8.58,1,-293.58000000000004,21091.14599999974
2026-07-08 06:00:00+00:00,2026-07-08 06:00:00+00:00,2026-07-08 06:15:00+00:00,no,0.54,500,0.3769559032716927,0.46499999999999997,0.06304409672830726,14,8.7,0,221.3,21312.445999999738
2026-07-08 06:17:00+00:00,2026-07-08 06:15:00+00:00,2026-07-08 06:30:00+00:00,yes,0.5,500,0.5637393767705381,0.495,0.04373937677053809,12,8.75,1,241.25,21553.695999999738
2026-07-08 06:30:00+00:00,2026-07-08 06:30:00+00:00,2026-07-08 06:45:00+00:00,no,0.6799999999999999,500,0.25412541254125415,0.33,0.045874587458745855,14,7.62,0,152.38000000000005,21706.07599999974
2026-07-08 07:05:00+00:00,2026-07-08 07:00:00+00:00,2026-07-08 07:15:00+00:00,no,0.85,500,0.05612244897959184,0.155,0.08387755102040818,9,4.47,1,-429.47,21276.605999999738
2026-07-08 07:36:00+00:00,2026-07-08 07:30:00+00:00,2026-07-08 07:45:00+00:00,no,0.31000000000000005,500,0.6339066339066338,0.695,0.03609336609336612,8,7.49,0,337.51,21614.115999999736
2026-07-08 07:45:00+00:00,2026-07-08 07:45:00+00:00,2026-07-08 08:00:00+00:00,no,0.43999999999999995,500,0.48412698412698413,0.5700000000000001,0.055873015873015866,14,8.63,1,-228.62999999999997,21385.485999999735
2026-07-08 08:05:00+00:00,2026-07-08 08:00:00+00:00,2026-07-08 08:15:00+00:00,yes,0.61,500,0.6934306569343066,0.605,0.06343065693430662,9,8.33,0,-313.33,21072.155999999733
2026-07-08 08:15:00+00:00,2026-07-08 08:15:00+00:00,2026-07-08 08:30:00+00:00,no,0.52,500,0.42857142857142855,0.485,0.031428571428571375,14,8.74,0,231.26,21303.415999999732
2026-07-08 08:46:00+00:00,2026-07-08 08:45:00+00:00,2026-07-08 09:00:00+00:00,yes,0.82,500,0.8705357142857143,0.815,0.03053571428571435,13,5.17,0,-415.17,20888.245999999734
2026-07-08 09:02:00+00:00,2026-07-08 09:00:00+00:00,2026-07-08 09:15:00+00:00,yes,0.64,500,0.6934306569343066,0.635,0.03343065693430659,12,8.07,0,-328.07,20560.175999999734
2026-07-08 09:18:00+00:00,2026-07-08 09:15:00+00:00,2026-07-08 09:30:00+00:00,no,0.86,478,0.09895833333333333,0.14500000000000002,0.03104166666666664,11,4.03,1,-415.10999999999996,20145.065999999733
2026-07-08 09:31:00+00:00,2026-07-08 09:30:00+00:00,2026-07-08 09:45:00+00:00,yes,0.82,491,0.8733624454148472,0.815,0.033362445414847244,13,5.08,1,83.30000000000005,20228.365999999733
2026-07-08 09:52:00+00:00,2026-07-08 09:45:00+00:00,2026-07-08 10:00:00+00:00,no,0.51,500,0.41366223908918404,0.495,0.05633776091081601,7,8.75,0,236.25,20464.615999999733
2026-07-08 10:03:00+00:00,2026-07-08 10:00:00+00:00,2026-07-08 10:15:00+00:00,no,0.77,500,0.1712707182320442,0.235,0.03872928176795577,11,6.2,0,108.8,20573.415999999732
2026-07-08 10:15:00+00:00,2026-07-08 10:15:00+00:00,2026-07-08 10:30:00+00:00,yes,0.5,500,0.5637393767705381,0.495,0.04373937677053809,14,8.75,1,241.25,20814.665999999732
2026-07-08 10:32:00+00:00,2026-07-08 10:30:00+00:00,2026-07-08 10:45:00+00:00,no,0.55,500,0.3968253968253968,0.455,0.033174603174603204,12,8.67,1,-283.67,20530.995999999734
2026-07-08 10:45:00+00:00,2026-07-08 10:45:00+00:00,2026-07-08 11:00:00+00:00,no,0.43999999999999995,500,0.5080645161290321,0.565,0.03193548387096791,14,8.63,1,-228.62999999999997,20302.365999999733
2026-07-08 11:00:00+00:00,2026-07-08 11:00:00+00:00,2026-07-08 11:15:00+00:00,no,0.48,500,0.3769559032716927,0.525,0.12304409672830731,14,8.74,0,251.26,20553.62599999973
2026-07-08 11:18:00+00:00,2026-07-08 11:15:00+00:00,2026-07-08 11:30:00+00:00,no,0.38,500,0.5637393767705381,0.625,0.0362606232294619,11,8.25,0,301.75,20855.37599999973
2026-07-08 11:34:00+00:00,2026-07-08 11:30:00+00:00,2026-07-08 11:45:00+00:00,yes,0.71,500,0.8266666666666667,0.705,0.09666666666666669,10,7.21,1,137.79,20993.165999999732
2026-07-08 11:45:00+00:00,2026-07-08 11:45:00+00:00,2026-07-08 12:00:00+00:00,no,0.62,500,0.2954822954822955,0.385,0.06451770451770446,14,8.25,0,181.75,21174.915999999732
2026-07-08 12:04:00+00:00,2026-07-08 12:00:00+00:00,2026-07-08 12:15:00+00:00,no,0.54,500,0.3769559032716927,0.46499999999999997,0.06304409672830726,10,8.7,1,-278.7,20896.21599999973
2026-07-08 12:15:00+00:00,2026-07-08 12:15:00+00:00,2026-07-08 12:30:00+00:00,no,0.44999999999999996,500,0.48412698412698413,0.555,0.04587301587301586,14,8.67,0,266.33,21162.545999999733
2026-07-08 12:31:00+00:00,2026-07-08 12:30:00+00:00,2026-07-08 12:45:00+00:00,no,0.56,500,0.3769559032716927,0.445,0.04304409672830724,13,8.63,0,211.37,21373.915999999732
2026-07-08 12:50:00+00:00,2026-07-08 12:45:00+00:00,2026-07-08 13:00:00+00:00,no,0.49,500,0.41366223908918404,0.515,0.07633776091081602,9,8.75,0,246.25,21620.165999999732
2026-07-08 13:12:00+00:00,2026-07-08 13:00:00+00:00,2026-07-08 13:15:00+00:00,yes,0.19,500,0.25412541254125415,0.185,0.04412541254125414,2,5.39,0,-100.39,21519.775999999732
2026-07-08 13:30:00+00:00,2026-07-08 13:30:00+00:00,2026-07-08 13:45:00+00:00,yes,0.78,500,0.8868613138686131,0.775,0.08686131386861308,14,6.01,1,103.99,21623.765999999734
2026-07-08 13:48:00+00:00,2026-07-08 13:45:00+00:00,2026-07-08 14:00:00+00:00,no,0.89,485,0.05612244897959184,0.11499999999999999,0.04387755102040814,11,3.33,0,50.01999999999997,21673.785999999734
2026-07-08 14:08:00+00:00,2026-07-08 14:00:00+00:00,2026-07-08 14:15:00+00:00,yes,0.75,500,0.8005115089514067,0.745,0.030511508951406658,6,6.57,1,118.43,21792.215999999735
2026-07-08 14:22:00+00:00,2026-07-08 14:15:00+00:00,2026-07-08 14:30:00+00:00,yes,0.56,500,0.6244604316546764,0.555,0.044460431654676294,7,8.63,0,-288.63,21503.585999999734
2026-07-08 14:45:00+00:00,2026-07-08 14:45:00+00:00,2026-07-08 15:00:00+00:00,yes,0.19,500,0.248868778280543,0.185,0.038868778280542984,14,5.39,0,-100.39,21403.195999999734
2026-07-08 15:07:00+00:00,2026-07-08 15:00:00+00:00,2026-07-08 15:15:00+00:00,yes,0.18,500,0.23809523809523808,0.175,0.038095238095238085,7,5.17,0,-95.17,21308.025999999736
2026-07-08 15:15:00+00:00,2026-07-08 15:15:00+00:00,2026-07-08 15:30:00+00:00,yes,0.43,500,0.5080645161290321,0.425,0.05806451612903214,14,8.58,1,276.42,21584.445999999734
2026-07-08 15:31:00+00:00,2026-07-08 15:30:00+00:00,2026-07-08 15:45:00+00:00,yes,0.41,500,0.472,0.405,0.041999999999999996,13,8.47,0,-213.47,21370.975999999733
2026-07-08 15:49:00+00:00,2026-07-08 15:45:00+00:00,2026-07-08 16:00:00+00:00,yes,0.74,500,0.8005115089514067,0.735,0.04051150895140666,10,6.74,1,123.26,21494.23599999973
2026-07-08 16:00:00+00:00,2026-07-08 16:00:00+00:00,2026-07-08 16:15:00+00:00,yes,0.64,500,0.6934306569343066,0.635,0.03343065693430659,14,8.07,1,171.93,21666.165999999732
2026-07-08 16:30:00+00:00,2026-07-08 16:30:00+00:00,2026-07-08 16:45:00+00:00,no,0.54,500,0.3769559032716927,0.46499999999999997,0.06304409672830726,14,8.7,1,-278.7,21387.46599999973
2026-07-08 16:45:00+00:00,2026-07-08 16:45:00+00:00,2026-07-08 17:00:00+00:00,no,0.5700000000000001,500,0.3769559032716927,0.435,0.03304409672830723,14,8.58,1,-293.58000000000004,21093.88599999973
2026-07-08 17:00:00+00:00,2026-07-08 17:00:00+00:00,2026-07-08 17:15:00+00:00,no,0.55,500,0.3769559032716927,0.455,0.05304409672830725,14,8.67,0,216.33,21310.21599999973
2026-07-08 17:18:00+00:00,2026-07-08 17:15:00+00:00,2026-07-08 17:30:00+00:00,no,0.53,500,0.41366223908918404,0.475,0.03633776091081599,11,8.72,1,-273.72,21036.49599999973
2026-07-08 17:31:00+00:00,2026-07-08 17:30:00+00:00,2026-07-08 17:45:00+00:00,no,0.45999999999999996,500,0.4855305466237942,0.545,0.034469453376205786,13,8.7,0,261.3,21297.79599999973
2026-07-08 18:01:00+00:00,2026-07-08 18:00:00+00:00,2026-07-08 18:15:00+00:00,yes,0.88,484,0.9265175718849841,0.875,0.036517571884984064,13,3.58,1,54.499999999999986,21352.29599999973
2026-07-08 18:15:00+00:00,2026-07-08 18:15:00+00:00,2026-07-08 18:30:00+00:00,no,0.44999999999999996,500,0.48656716417910445,0.555,0.043432835820895535,14,8.67,0,266.33,21618.62599999973
2026-07-08 18:32:00+00:00,2026-07-08 18:30:00+00:00,2026-07-08 18:45:00+00:00,no,0.77,500,0.1712707182320442,0.235,0.03872928176795577,12,6.2,0,108.8,21727.42599999973
2026-07-08 18:48:00+00:00,2026-07-08 18:45:00+00:00,2026-07-08 19:00:00+00:00,yes,0.82,500,0.8868613138686131,0.815,0.046861313868613155,11,5.17,1,84.83,21812.255999999732
2026-07-08 19:03:00+00:00,2026-07-08 19:00:00+00:00,2026-07-08 19:15:00+00:00,yes,0.63,500,0.6934306569343066,0.625,0.0434306569343066,11,8.16,0,-323.16,21489.095999999732
2026-07-08 19:15:00+00:00,2026-07-08 19:15:00+00:00,2026-07-08 19:30:00+00:00,no,0.56,500,0.3880597014925373,0.45,0.03194029850746262,14,8.63,1,-288.63,21200.46599999973
2026-07-08 19:32:00+00:00,2026-07-08 19:30:00+00:00,2026-07-08 19:45:00+00:00,yes,0.62,500,0.6934306569343066,0.615,0.05343065693430661,12,8.25,1,181.75,21382.21599999973
2026-07-08 19:45:00+00:00,2026-07-08 19:45:00+00:00,2026-07-08 20:00:00+00:00,no,0.62,500,0.2954822954822955,0.385,0.06451770451770446,14,8.25,0,181.75,21563.96599999973
2026-07-08 20:06:00+00:00,2026-07-08 20:00:00+00:00,2026-07-08 20:15:00+00:00,yes,0.74,500,0.8005115089514067,0.735,0.04051150895140666,8,6.74,0,-376.74,21187.22599999973
2026-07-08 20:22:00+00:00,2026-07-08 20:15:00+00:00,2026-07-08 20:30:00+00:00,yes,0.43,500,0.48412698412698413,0.425,0.03412698412698413,7,8.58,1,276.42,21463.645999999728
2026-07-08 20:32:00+00:00,2026-07-08 20:30:00+00:00,2026-07-08 20:45:00+00:00,no,0.5700000000000001,500,0.3769559032716927,0.435,0.03304409672830723,12,8.58,0,206.41999999999993,21670.065999999726
2026-07-08 21:15:00+00:00,2026-07-08 21:15:00+00:00,2026-07-08 21:30:00+00:00,yes,0.53,500,0.6339066339066338,0.525,0.08390663390663379,14,8.72,1,226.28,21896.345999999725
2026-07-08 21:36:00+00:00,2026-07-08 21:30:00+00:00,2026-07-08 21:45:00+00:00,no,0.44999999999999996,500,0.4854014598540146,0.555,0.044598540145985424,8,8.67,0,266.33,22162.675999999727
2026-07-08 21:46:00+00:00,2026-07-08 21:45:00+00:00,2026-07-08 22:00:00+00:00,yes,0.66,500,0.7301587301587301,0.655,0.05015873015873008,13,7.86,1,162.14,22324.815999999726
2026-07-08 22:00:00+00:00,2026-07-08 22:00:00+00:00,2026-07-08 22:15:00+00:00,yes,0.63,500,0.6934306569343066,0.625,0.0434306569343066,14,8.16,1,176.84,22501.655999999726
2026-07-08 22:20:00+00:00,2026-07-08 22:15:00+00:00,2026-07-08 22:30:00+00:00,yes,0.32,500,0.3769559032716927,0.315,0.036955903271692694,9,7.62,1,332.38,22834.035999999727
2026-07-08 22:30:00+00:00,2026-07-08 22:30:00+00:00,2026-07-08 22:45:00+00:00,no,0.5700000000000001,500,0.3769559032716927,0.435,0.03304409672830723,14,8.58,1,-293.58000000000004,22540.455999999725
2026-07-08 23:00:00+00:00,2026-07-08 23:00:00+00:00,2026-07-08 23:15:00+00:00,no,0.64,500,0.2954822954822955,0.365,0.04451770451770444,14,8.07,0,171.93,22712.385999999726
2026-07-08 23:16:00+00:00,2026-07-08 23:15:00+00:00,2026-07-08 23:30:00+00:00,no,0.55,500,0.3769559032716927,0.455,0.05304409672830725,13,8.67,0,216.33,22928.715999999728
2026-07-08 23:30:00+00:00,2026-07-08 23:30:00+00:00,2026-07-08 23:45:00+00:00,no,0.6699999999999999,500,0.248868778280543,0.335,0.06113122171945708,14,7.74,1,-342.73999999999995,22585.975999999726
2026-07-08 23:50:00+00:00,2026-07-08 23:45:00+00:00,2026-07-09 00:00:00+00:00,yes,0.49,500,0.5637393767705381,0.485,0.0537393767705381,9,8.75,1,246.25,22832.225999999726
2026-07-09 00:00:00+00:00,2026-07-09 00:00:00+00:00,2026-07-09 00:15:00+00:00,no,0.56,500,0.3769559032716927,0.445,0.04304409672830724,14,8.63,0,211.37,23043.595999999725
2026-07-09 00:16:00+00:00,2026-07-09 00:15:00+00:00,2026-07-09 00:30:00+00:00,no,0.7,500,0.248868778280543,0.305,0.031131221719457054,13,7.35,0,142.65,23186.245999999726
2026-07-09 00:30:00+00:00,2026-07-09 00:30:00+00:00,2026-07-09 00:45:00+00:00,yes,0.67,500,0.7276119402985076,0.665,0.037611940298507576,14,7.74,1,157.26,23343.505999999725
2026-07-09 00:47:00+00:00,2026-07-09 00:45:00+00:00,2026-07-09 01:00:00+00:00,no,0.37,500,0.5637393767705381,0.635,0.04626062322946191,12,8.16,0,306.84,23650.345999999725
2026-07-09 01:17:00+00:00,2026-07-09 01:15:00+00:00,2026-07-09 01:30:00+00:00,no,0.36,500,0.5637393767705381,0.645,0.05626062322946192,12,8.07,1,-188.07,23462.275999999725
2026-07-09 01:30:00+00:00,2026-07-09 01:30:00+00:00,2026-07-09 01:45:00+00:00,yes,0.17,500,0.248868778280543,0.165,0.06886877828054298,14,4.94,0,-89.94,23372.335999999726
2026-07-09 01:46:00+00:00,2026-07-09 01:45:00+00:00,2026-07-09 02:00:00+00:00,yes,0.3,500,0.35533707865168535,0.295,0.03533707865168535,13,7.35,0,-157.35,23214.985999999728
2026-07-09 02:01:00+00:00,2026-07-09 02:00:00+00:00,2026-07-09 02:15:00+00:00,yes,0.5,500,0.5637393767705381,0.495,0.04373937677053809,13,8.75,1,241.25,23456.235999999728
2026-07-09 02:19:00+00:00,2026-07-09 02:15:00+00:00,2026-07-09 02:30:00+00:00,no,0.53,500,0.41366223908918404,0.475,0.03633776091081599,10,8.72,0,226.28,23682.515999999727
2026-07-09 02:45:00+00:00,2026-07-09 02:45:00+00:00,2026-07-09 03:00:00+00:00,yes,0.47,500,0.5637393767705381,0.46499999999999997,0.07373937677053811,14,8.72,0,-243.72,23438.795999999726
2026-07-09 03:00:00+00:00,2026-07-09 03:00:00+00:00,2026-07-09 03:15:00+00:00,no,0.5700000000000001,500,0.3769559032716927,0.435,0.03304409672830723,14,8.58,1,-293.58000000000004,23145.215999999724
2026-07-09 03:15:00+00:00,2026-07-09 03:15:00+00:00,2026-07-09 03:30:00+00:00,yes,0.62,500,0.6934306569343066,0.615,0.05343065693430661,14,8.25,1,181.75,23326.965999999724
2026-07-09 03:31:00+00:00,2026-07-09 03:30:00+00:00,2026-07-09 03:45:00+00:00,yes,0.77,500,0.844903988183161,0.76,0.054903988183161015,13,6.2,1,108.8,23435.765999999723
2026-07-09 03:46:00+00:00,2026-07-09 03:45:00+00:00,2026-07-09 04:00:00+00:00,no,0.54,500,0.3769559032716927,0.46499999999999997,0.06304409672830726,13,8.7,1,-278.7,23157.065999999722
2026-07-09 04:00:00+00:00,2026-07-09 04:00:00+00:00,2026-07-09 04:15:00+00:00,yes,0.57,500,0.6244604316546764,0.565,0.034460431654676396,14,8.58,1,206.42,23363.48599999972
2026-07-09 04:17:00+00:00,2026-07-09 04:15:00+00:00,2026-07-09 04:30:00+00:00,yes,0.56,500,0.6244604316546764,0.555,0.044460431654676294,12,8.63,1,211.37,23574.85599999972
2026-07-09 04:31:00+00:00,2026-07-09 04:30:00+00:00,2026-07-09 04:45:00+00:00,yes,0.76,500,0.844903988183161,0.755,0.06490398818316102,13,6.39,1,113.61,23688.46599999972
2026-07-09 04:46:00+00:00,2026-07-09 04:45:00+00:00,2026-07-09 05:00:00+00:00,no,0.45999999999999996,500,0.48656716417910445,0.545,0.033432835820895526,13,8.7,1,-238.69999999999996,23449.76599999972
2026-07-09 05:00:00+00:00,2026-07-09 05:00:00+00:00,2026-07-09 05:15:00+00:00,no,0.5700000000000001,500,0.35533707865168535,0.435,0.05466292134831453,14,8.58,1,-293.58000000000004,23156.185999999718
2026-07-09 05:15:00+00:00,2026-07-09 05:15:00+00:00,2026-07-09 05:30:00+00:00,no,0.48,500,0.41366223908918404,0.525,0.08633776091081603,14,8.74,0,251.26,23407.445999999716
2026-07-09 05:36:00+00:00,2026-07-09 05:30:00+00:00,2026-07-09 05:45:00+00:00,no,0.5,500,0.41366223908918404,0.505,0.06633776091081602,8,8.75,1,-258.75,23148.695999999716
2026-07-09 05:47:00+00:00,2026-07-09 05:45:00+00:00,2026-07-09 06:00:00+00:00,yes,0.79,500,0.844903988183161,0.785,0.034903988183161,12,5.81,1,99.19,23247.885999999715
2026-07-09 06:01:00+00:00,2026-07-09 06:00:00+00:00,2026-07-09 06:15:00+00:00,yes,0.73,500,0.8005115089514067,0.725,0.05051150895140667,13,6.9,0,-371.9,22875.985999999713
2026-07-09 06:15:00+00:00,2026-07-09 06:15:00+00:00,2026-07-09 06:30:00+00:00,no,0.45999999999999996,500,0.4854014598540146,0.545,0.034598540145985415,14,8.7,1,-238.69999999999996,22637.285999999713
2026-07-09 06:31:00+00:00,2026-07-09 06:30:00+00:00,2026-07-09 06:45:00+00:00,no,0.5900000000000001,500,0.35533707865168535,0.415,0.034662921348314515,13,8.47,1,-303.4700000000001,22333.81599999971
2026-07-09 09:00:00+00:00,2026-07-09 09:00:00+00:00,2026-07-09 09:15:00+00:00,no,0.6799999999999999,500,0.25412541254125415,0.325,0.045874587458745855,14,7.62,0,152.38000000000005,22486.195999999713
2026-07-09 09:15:00+00:00,2026-07-09 09:15:00+00:00,2026-07-09 09:30:00+00:00,no,0.54,500,0.3769559032716927,0.46499999999999997,0.06304409672830726,14,8.7,1,-278.7,22207.49599999971
2026-07-09 09:30:00+00:00,2026-07-09 09:30:00+00:00,2026-07-09 09:45:00+00:00,no,0.5700000000000001,500,0.3769559032716927,0.435,0.03304409672830723,14,8.58,0,206.41999999999993,22413.91599999971
2026-07-09 09:48:00+00:00,2026-07-09 09:45:00+00:00,2026-07-09 10:00:00+00:00,yes,0.79,500,0.844903988183161,0.785,0.034903988183161,11,5.81,1,99.19,22513.10599999971
2026-07-09 10:01:00+00:00,2026-07-09 10:00:00+00:00,2026-07-09 10:15:00+00:00,no,0.5900000000000001,500,0.35533707865168535,0.415,0.034662921348314515,13,8.47,1,-303.4700000000001,22209.635999999708
2026-07-09 10:15:00+00:00,2026-07-09 10:15:00+00:00,2026-07-09 10:30:00+00:00,no,0.54,500,0.3769559032716927,0.46499999999999997,0.06304409672830726,14,8.7,0,221.3,22430.935999999707
2026-07-09 10:31:00+00:00,2026-07-09 10:30:00+00:00,2026-07-09 10:45:00+00:00,no,0.52,500,0.41366223908918404,0.485,0.046337760910816,13,8.74,1,-268.74,22162.195999999705
2026-07-09 10:45:00+00:00,2026-07-09 10:45:00+00:00,2026-07-09 11:00:00+00:00,no,0.56,500,0.3769559032716927,0.445,0.04304409672830724,14,8.63,0,211.37,22373.565999999704
2026-07-09 11:05:00+00:00,2026-07-09 11:00:00+00:00,2026-07-09 11:15:00+00:00,yes,0.56,500,0.6244604316546764,0.555,0.044460431654676294,9,8.63,1,211.37,22584.935999999703
2026-07-09 11:17:00+00:00,2026-07-09 11:15:00+00:00,2026-07-09 11:30:00+00:00,no,0.8200000000000001,500,0.10497237569060773,0.185,0.055027624309392245,12,5.17,0,84.82999999999994,22669.765999999705
2026-07-09 11:38:00+00:00,2026-07-09 11:30:00+00:00,2026-07-09 11:45:00+00:00,yes,0.13,500,0.1712707182320442,0.125,0.0312707182320442,6,3.96,0,-68.96,22600.805999999706
2026-07-09 12:00:00+00:00,2026-07-09 12:00:00+00:00,2026-07-09 12:15:00+00:00,no,0.5700000000000001,500,0.3769559032716927,0.435,0.03304409672830723,14,8.58,1,-293.58000000000004,22307.225999999704
2026-07-09 12:23:00+00:00,2026-07-09 12:15:00+00:00,2026-07-09 12:30:00+00:00,no,0.83,500,0.11290322580645161,0.175,0.047096774193548414,6,4.94,0,80.06,22387.285999999705
2026-07-09 12:37:00+00:00,2026-07-09 12:30:00+00:00,2026-07-09 12:45:00+00:00,yes,0.88,500,0.9330357142857143,0.875,0.043035714285714295,7,3.7,0,-443.7,21943.585999999705
2026-07-09 12:55:00+00:00,2026-07-09 12:45:00+00:00,2026-07-09 13:00:00+00:00,no,0.31000000000000005,500,0.6339066339066338,0.695,0.03609336609336612,4,7.49,0,337.51,22281.095999999703
2026-07-09 13:01:00+00:00,2026-07-09 13:00:00+00:00,2026-07-09 13:15:00+00:00,yes,0.78,500,0.844903988183161,0.775,0.044903988183161006,13,6.01,1,103.99,22385.085999999705
2026-07-09 13:16:00+00:00,2026-07-09 13:15:00+00:00,2026-07-09 13:30:00+00:00,no,0.8,500,0.10497237569060773,0.20500000000000002,0.07502762430939226,13,5.6,0,94.4,22479.485999999706
2026-07-09 13:31:00+00:00,2026-07-09 13:30:00+00:00,2026-07-09 13:45:00+00:00,no,0.7,500,0.248868778280543,0.305,0.031131221719457054,13,7.35,1,-357.35,22122.135999999708
2026-07-09 13:51:00+00:00,2026-07-09 13:45:00+00:00,2026-07-09 14:00:00+00:00,yes,0.75,500,0.8005115089514067,0.745,0.030511508951406658,8,6.57,1,118.43,22240.565999999708
2026-07-09 14:03:00+00:00,2026-07-09 14:00:00+00:00,2026-07-09 14:15:00+00:00,yes,0.64,500,0.6934306569343066,0.635,0.03343065693430659,11,8.07,0,-328.07,21912.495999999708
2026-07-09 14:31:00+00:00,2026-07-09 14:30:00+00:00,2026-07-09 14:45:00+00:00,no,0.69,500,0.25412541254125415,0.315,0.035874587458745846,13,7.49,1,-352.49,21560.005999999707
2026-07-09 14:50:00+00:00,2026-07-09 14:45:00+00:00,2026-07-09 15:00:00+00:00,no,0.38,500,0.5637393767705381,0.625,0.0362606232294619,9,8.25,1,-198.25,21361.755999999707
2026-07-09 15:20:00+00:00,2026-07-09 15:15:00+00:00,2026-07-09 15:30:00+00:00,no,0.77,500,0.1712707182320442,0.235,0.03872928176795577,9,6.2,0,108.8,21470.555999999706
2026-07-09 15:35:00+00:00,2026-07-09 15:30:00+00:00,2026-07-09 15:45:00+00:00,yes,0.32,500,0.3769559032716927,0.315,0.036955903271692694,9,7.62,0,-167.62,21302.935999999707
2026-07-09 16:04:00+00:00,2026-07-09 16:00:00+00:00,2026-07-09 16:15:00+00:00,yes,0.77,500,0.844903988183161,0.765,0.054903988183161015,10,6.2,0,-391.2,20911.735999999706
2026-07-09 16:19:00+00:00,2026-07-09 16:15:00+00:00,2026-07-09 16:30:00+00:00,no,0.77,500,0.1712707182320442,0.235,0.03872928176795577,10,6.2,0,108.8,21020.535999999705
2026-07-09 16:49:00+00:00,2026-07-09 16:45:00+00:00,2026-07-09 17:00:00+00:00,no,0.74,500,0.1963470319634703,0.265,0.04365296803652964,10,6.74,0,123.26,21143.795999999704
2026-07-09 17:01:00+00:00,2026-07-09 17:00:00+00:00,2026-07-09 17:15:00+00:00,yes,0.74,500,0.8266666666666667,0.735,0.06666666666666667,13,6.74,0,-376.74,20767.055999999702
2026-07-09 17:18:00+00:00,2026-07-09 17:15:00+00:00,2026-07-09 17:30:00+00:00,yes,0.84,494,0.8868613138686131,0.835,0.03686131386861314,11,4.65,1,74.39000000000001,20841.4459999997
2026-07-09 17:32:00+00:00,2026-07-09 17:30:00+00:00,2026-07-09 17:45:00+00:00,no,0.73,500,0.1712707182320442,0.275,0.07872928176795581,12,6.9,1,-371.9,20469.5459999997
2026-07-09 18:00:00+00:00,2026-07-09 18:00:00+00:00,2026-07-09 18:15:00+00:00,yes,0.64,500,0.6934306569343066,0.635,0.03343065693430659,14,8.07,1,171.93,20641.4759999997
2026-07-09 18:15:00+00:00,2026-07-09 18:15:00+00:00,2026-07-09 18:30:00+00:00,no,0.51,500,0.42857142857142855,0.495,0.041428571428571384,14,8.75,0,236.25,20877.7259999997
2026-07-09 18:30:00+00:00,2026-07-09 18:30:00+00:00,2026-07-09 18:45:00+00:00,no,0.55,500,0.3769559032716927,0.455,0.05304409672830725,14,8.67,0,216.33,21094.055999999702
2026-07-09 18:48:00+00:00,2026-07-09 18:45:00+00:00,2026-07-09 19:00:00+00:00,no,0.38,500,0.5637393767705381,0.625,0.0362606232294619,11,8.25,0,301.75,21395.805999999702
2026-07-09 19:09:00+00:00,2026-07-09 19:00:00+00:00,2026-07-09 19:15:00+00:00,yes,0.84,500,0.8868613138686131,0.835,0.03686131386861314,5,4.71,1,75.29,21471.095999999703
2026-07-09 19:16:00+00:00,2026-07-09 19:15:00+00:00,2026-07-09 19:30:00+00:00,no,0.45999999999999996,500,0.48656716417910445,0.55,0.033432835820895526,13,8.7,1,-238.69999999999996,21232.395999999702
2026-07-09 19:34:00+00:00,2026-07-09 19:30:00+00:00,2026-07-09 19:45:00+00:00,no,0.69,500,0.25412541254125415,0.315,0.035874587458745846,10,7.49,1,-352.49,20879.9059999997
2026-07-09 19:52:00+00:00,2026-07-09 19:45:00+00:00,2026-07-09 20:00:00+00:00,yes,0.18,500,0.248868778280543,0.175,0.04886877828054299,7,5.17,0,-95.17,20784.735999999702
2026-07-09 20:03:00+00:00,2026-07-09 20:00:00+00:00,2026-07-09 20:15:00+00:00,no,0.6699999999999999,500,0.25412541254125415,0.335,0.055874587458745864,11,7.74,0,157.26000000000005,20941.9959999997
2026-07-09 20:17:00+00:00,2026-07-09 20:15:00+00:00,2026-07-09 20:30:00+00:00,yes,0.61,500,0.6934306569343066,0.605,0.06343065693430662,12,8.33,1,186.67,21128.6659999997
2026-07-09 20:45:00+00:00,2026-07-09 20:45:00+00:00,2026-07-09 21:00:00+00:00,no,0.55,500,0.3769559032716927,0.45999999999999996,0.05304409672830725,14,8.67,0,216.33,21344.9959999997
2026-07-09 21:00:00+00:00,2026-07-09 21:00:00+00:00,2026-07-09 21:15:00+00:00,yes,0.69,500,0.844903988183161,0.6799999999999999,0.1349039881831611,14,7.49,1,147.51,21492.5059999997
2026-07-09 21:15:00+00:00,2026-07-09 21:15:00+00:00,2026-07-09 21:30:00+00:00,no,0.55,500,0.3769559032716927,0.455,0.05304409672830725,14,8.67,0,216.33,21708.8359999997
2026-07-09 21:32:00+00:00,2026-07-09 21:30:00+00:00,2026-07-09 21:45:00+00:00,yes,0.64,500,0.7073991031390134,0.63,0.047399103139013424,12,8.07,0,-328.07,21380.7659999997
2026-07-09 21:46:00+00:00,2026-07-09 21:45:00+00:00,2026-07-09 22:00:00+00:00,yes,0.6,500,0.6934306569343066,0.595,0.07343065693430663,13,8.4,1,191.6,21572.3659999997
2026-07-09 22:00:00+00:00,2026-07-09 22:00:00+00:00,2026-07-09 22:15:00+00:00,yes,0.63,500,0.7073991031390134,0.625,0.05739910313901343,14,8.16,0,-323.16,21249.2059999997
2026-07-09 22:18:00+00:00,2026-07-09 22:15:00+00:00,2026-07-09 22:30:00+00:00,yes,0.84,500,0.9330357142857143,0.835,0.08303571428571434,11,4.71,1,75.29,21324.4959999997
2026-07-09 22:35:00+00:00,2026-07-09 22:30:00+00:00,2026-07-09 22:45:00+00:00,no,0.8,500,0.10497237569060773,0.20500000000000002,0.07502762430939226,9,5.6,1,-405.6,20918.895999999702
2026-07-09 23:00:00+00:00,2026-07-09 23:00:00+00:00,2026-07-09 23:15:00+00:00,no,0.53,500,0.41366223908918404,0.475,0.03633776091081599,14,8.72,0,226.28,21145.1759999997
2026-07-09 23:17:00+00:00,2026-07-09 23:15:00+00:00,2026-07-09 23:30:00+00:00,no,0.8,500,0.11290322580645161,0.21000000000000002,0.06709677419354833,12,5.6,1,-405.6,20739.575999999703
2026-07-09 23:46:00+00:00,2026-07-09 23:45:00+00:00,2026-07-10 00:00:00+00:00,no,0.5900000000000001,500,0.35533707865168535,0.415,0.034662921348314515,13,8.47,0,196.52999999999994,20936.1059999997
2026-07-10 00:00:00+00:00,2026-07-10 00:00:00+00:00,2026-07-10 00:15:00+00:00,no,0.53,500,0.3769559032716927,0.475,0.07304409672830726,14,8.72,0,226.28,21162.3859999997
2026-07-10 00:16:00+00:00,2026-07-10 00:15:00+00:00,2026-07-10 00:30:00+00:00,no,0.43000000000000005,500,0.4854014598540146,0.575,0.06459854014598533,13,8.58,0,276.42,21438.8059999997
2026-07-10 00:31:00+00:00,2026-07-10 00:30:00+00:00,2026-07-10 00:45:00+00:00,no,0.42000000000000004,500,0.48656716417910445,0.585,0.07343283582089545,13,8.53,0,281.47,21720.2759999997
2026-07-10 00:55:00+00:00,2026-07-10 00:45:00+00:00,2026-07-10 01:00:00+00:00,yes,0.43,500,0.48412698412698413,0.425,0.03412698412698413,4,8.58,1,276.42,21996.695999999698
2026-07-10 01:06:00+00:00,2026-07-10 01:00:00+00:00,2026-07-10 01:15:00+00:00,no,0.84,500,0.08585858585858586,0.165,0.06414141414141418,8,4.71,0,75.29,22071.9859999997
2026-07-10 01:18:00+00:00,2026-07-10 01:15:00+00:00,2026-07-10 01:30:00+00:00,yes,0.84,500,0.9330357142857143,0.835,0.08303571428571434,11,4.71,1,75.29,22147.2759999997
2026-07-10 01:37:00+00:00,2026-07-10 01:30:00+00:00,2026-07-10 01:45:00+00:00,no,0.20999999999999996,500,0.5637393767705381,0.795,0.20626062322946195,7,5.81,1,-110.80999999999999,22036.4659999997
2026-07-10 01:45:00+00:00,2026-07-10 01:45:00+00:00,2026-07-10 02:00:00+00:00,yes,0.51,500,0.5637393767705381,0.505,0.03373937677053808,14,8.75,1,236.25,22272.7159999997
2026-07-10 02:00:00+00:00,2026-07-10 02:00:00+00:00,2026-07-10 02:15:00+00:00,no,0.4,500,0.4854014598540146,0.605,0.09459854014598536,14,8.4,1,-208.4,22064.315999999697
2026-07-10 02:15:00+00:00,2026-07-10 02:15:00+00:00,2026-07-10 02:30:00+00:00,no,0.5,500,0.3769559032716927,0.505,0.10304409672830729,14,8.75,0,241.25,22305.565999999697
2026-07-10 02:34:00+00:00,2026-07-10 02:30:00+00:00,2026-07-10 02:45:00+00:00,no,0.45999999999999996,500,0.48656716417910445,0.545,0.033432835820895526,10,8.7,1,-238.69999999999996,22066.865999999696
2026-07-10 02:45:00+00:00,2026-07-10 02:45:00+00:00,2026-07-10 03:00:00+00:00,no,0.51,500,0.41366223908918404,0.495,0.05633776091081601,14,8.75,1,-263.75,21803.115999999696
2026-07-10 03:00:00+00:00,2026-07-10 03:00:00+00:00,2026-07-10 03:15:00+00:00,no,0.5700000000000001,500,0.3769559032716927,0.44,0.03304409672830723,14,8.58,0,206.41999999999993,22009.535999999694
2026-07-10 03:15:00+00:00,2026-07-10 03:15:00+00:00,2026-07-10 03:30:00+00:00,no,0.55,500,0.3769559032716927,0.455,0.05304409672830725,14,8.67,0,216.33,22225.865999999696
2026-07-10 03:36:00+00:00,2026-07-10 03:30:00+00:00,2026-07-10 03:45:00+00:00,yes,0.65,500,0.7073991031390134,0.645,0.037399103139013415,8,7.97,1,167.03,22392.895999999695
2026-07-10 03:47:00+00:00,2026-07-10 03:45:00+00:00,2026-07-10 04:00:00+00:00,yes,0.8,500,0.8868613138686131,0.795,0.06686131386861306,12,5.6,1,94.4,22487.295999999697
2026-07-10 04:02:00+00:00,2026-07-10 04:00:00+00:00,2026-07-10 04:15:00+00:00,yes,0.77,500,0.844903988183161,0.765,0.054903988183161015,12,6.2,1,108.8,22596.095999999696
2026-07-10 04:18:00+00:00,2026-07-10 04:15:00+00:00,2026-07-10 04:30:00+00:00,yes,0.62,500,0.6934306569343066,0.615,0.05343065693430661,11,8.25,0,-318.25,22277.845999999696
2026-07-10 04:33:00+00:00,2026-07-10 04:30:00+00:00,2026-07-10 04:45:00+00:00,yes,0.76,500,0.8705357142857143,0.755,0.09053571428571429,11,6.39,1,113.61,22391.455999999696
2026-07-10 04:53:00+00:00,2026-07-10 04:45:00+00:00,2026-07-10 05:00:00+00:00,no,0.56,500,0.3769559032716927,0.445,0.04304409672830724,6,8.63,0,211.37,22602.825999999695
2026-07-10 05:02:00+00:00,2026-07-10 05:00:00+00:00,2026-07-10 05:15:00+00:00,no,0.77,500,0.1712707182320442,0.235,0.03872928176795577,12,6.2,0,108.8,22711.625999999695
2026-07-10 05:16:00+00:00,2026-07-10 05:15:00+00:00,2026-07-10 05:30:00+00:00,no,0.56,500,0.3769559032716927,0.445,0.04304409672830724,13,8.63,0,211.37,22922.995999999694
2026-07-10 05:31:00+00:00,2026-07-10 05:30:00+00:00,2026-07-10 05:45:00+00:00,no,0.44999999999999996,500,0.4855305466237942,0.555,0.044469453376205795,13,8.67,1,-233.66999999999996,22689.325999999695
2026-07-10 05:45:00+00:00,2026-07-10 05:45:00+00:00,2026-07-10 06:00:00+00:00,no,0.64,500,0.2954822954822955,0.365,0.04451770451770444,14,8.07,0,171.93,22861.255999999696
2026-07-10 06:00:00+00:00,2026-07-10 06:00:00+00:00,2026-07-10 06:15:00+00:00,no,0.5700000000000001,500,0.3769559032716927,0.435,0.03304409672830723,14,8.58,0,206.41999999999993,23067.675999999694
2026-07-10 06:15:00+00:00,2026-07-10 06:15:00+00:00,2026-07-10 06:30:00+00:00,no,0.53,500,0.3769559032716927,0.475,0.07304409672830726,14,8.72,0,226.28,23293.955999999693
2026-07-10 06:31:00+00:00,2026-07-10 06:30:00+00:00,2026-07-10 06:45:00+00:00,yes,0.68,500,0.7333333333333333,0.675,0.03333333333333323,13,7.62,0,-347.62,22946.335999999694
2026-07-10 06:45:00+00:00,2026-07-10 06:45:00+00:00,2026-07-10 07:00:00+00:00,yes,0.58,500,0.6934306569343066,0.575,0.09343065693430665,14,8.53,0,-298.53,22647.805999999695
2026-07-10 07:00:00+00:00,2026-07-10 07:00:00+00:00,2026-07-10 07:15:00+00:00,no,0.5900000000000001,500,0.2954822954822955,0.415,0.09451770451770437,14,8.47,1,-303.4700000000001,22344.335999999694
2026-07-10 07:18:00+00:00,2026-07-10 07:15:00+00:00,2026-07-10 07:30:00+00:00,yes,0.61,500,0.6934306569343066,0.605,0.06343065693430662,11,8.33,1,186.67,22531.005999999692
2026-07-10 07:31:00+00:00,2026-07-10 07:30:00+00:00,2026-07-10 07:45:00+00:00,no,0.65,500,0.2954822954822955,0.355,0.03451770451770443,13,7.97,0,167.03,22698.03599999969
2026-07-10 07:45:00+00:00,2026-07-10 07:45:00+00:00,2026-07-10 08:00:00+00:00,no,0.65,500,0.25412541254125415,0.355,0.07587458745874577,14,7.97,1,-332.97,22365.06599999969
2026-07-10 08:02:00+00:00,2026-07-10 08:00:00+00:00,2026-07-10 08:15:00+00:00,yes,0.71,500,0.8005115089514067,0.705,0.07051150895140669,12,7.21,1,137.79,22502.85599999969
2026-07-10 08:15:00+00:00,2026-07-10 08:15:00+00:00,2026-07-10 08:30:00+00:00,yes,0.82,500,0.8705357142857143,0.815,0.03053571428571435,14,5.17,1,84.83,22587.685999999692
2026-07-10 08:31:00+00:00,2026-07-10 08:30:00+00:00,2026-07-10 08:45:00+00:00,no,0.51,500,0.3769559032716927,0.495,0.09304409672830728,13,8.75,0,236.25,22823.935999999692
2026-07-10 08:53:00+00:00,2026-07-10 08:45:00+00:00,2026-07-10 09:00:00+00:00,no,0.61,500,0.2954822954822955,0.395,0.07451770451770447,6,8.33,1,-313.33,22510.60599999969
2026-07-10 09:01:00+00:00,2026-07-10 09:00:00+00:00,2026-07-10 09:15:00+00:00,no,0.86,500,0.09895833333333333,0.14500000000000002,0.03104166666666664,13,4.22,0,65.78,22576.38599999969
2026-07-10 09:17:00+00:00,2026-07-10 09:15:00+00:00,2026-07-10 09:30:00+00:00,yes,0.73,500,0.8733624454148472,0.725,0.12336244541484721,12,6.9,1,128.1,22704.485999999688
2026-07-10 09:32:00+00:00,2026-07-10 09:30:00+00:00,2026-07-10 09:45:00+00:00,yes,0.64,500,0.6934306569343066,0.635,0.03343065693430659,12,8.07,1,171.93,22876.41599999969
2026-07-10 09:45:00+00:00,2026-07-10 09:45:00+00:00,2026-07-10 10:00:00+00:00,no,0.37,500,0.5637393767705381,0.635,0.04626062322946191,14,8.16,0,306.84,23183.25599999969
2026-07-10 10:02:00+00:00,2026-07-10 10:00:00+00:00,2026-07-10 10:15:00+00:00,no,0.6,500,0.3275862068965517,0.405,0.052413793103448306,12,8.4,0,191.6,23374.855999999687
2026-07-10 10:16:00+00:00,2026-07-10 10:15:00+00:00,2026-07-10 10:30:00+00:00,yes,0.6,500,0.7073991031390134,0.595,0.08739910313901346,13,8.4,1,191.6,23566.455999999685
2026-07-10 10:31:00+00:00,2026-07-10 10:30:00+00:00,2026-07-10 10:45:00+00:00,yes,0.56,500,0.6339066339066338,0.555,0.053906633906633764,13,8.63,1,211.37,23777.825999999684
2026-07-10 10:48:00+00:00,2026-07-10 10:45:00+00:00,2026-07-10 11:00:00+00:00,yes,0.43,500,0.5637393767705381,0.425,0.1137393767705381,11,8.58,0,-223.58,23554.245999999683
2026-07-10 11:01:00+00:00,2026-07-10 11:00:00+00:00,2026-07-10 11:15:00+00:00,yes,0.46,500,0.5637393767705381,0.455,0.08373937677053807,13,8.7,1,261.3,23815.545999999682
2026-07-10 11:19:00+00:00,2026-07-10 11:15:00+00:00,2026-07-10 11:30:00+00:00,no,0.69,500,0.25412541254125415,0.315,0.035874587458745846,10,7.49,0,147.51,23963.05599999968
2026-07-10 11:30:00+00:00,2026-07-10 11:30:00+00:00,2026-07-10 11:45:00+00:00,no,0.62,500,0.2954822954822955,0.385,0.06451770451770446,14,8.25,0,181.75,24144.80599999968
2026-07-10 11:45:00+00:00,2026-07-10 11:45:00+00:00,2026-07-10 12:00:00+00:00,yes,0.6,500,0.7073991031390134,0.595,0.08739910313901346,14,8.4,1,191.6,24336.40599999968
2026-07-10 12:01:00+00:00,2026-07-10 12:00:00+00:00,2026-07-10 12:15:00+00:00,yes,0.55,500,0.6590909090909091,0.545,0.08909090909090901,13,8.67,1,216.33,24552.73599999968
2026-07-10 12:15:00+00:00,2026-07-10 12:15:00+00:00,2026-07-10 12:30:00+00:00,no,0.8,500,0.09895833333333333,0.20500000000000002,0.08104166666666658,14,5.6,0,94.4,24647.135999999682
2026-07-10 12:30:00+00:00,2026-07-10 12:30:00+00:00,2026-07-10 12:45:00+00:00,no,0.54,500,0.3769559032716927,0.46499999999999997,0.06304409672830726,14,8.7,0,221.3,24868.43599999968
2026-07-10 12:48:00+00:00,2026-07-10 12:45:00+00:00,2026-07-10 13:00:00+00:00,no,0.5700000000000001,500,0.3769559032716927,0.435,0.03304409672830723,11,8.58,0,206.41999999999993,25074.85599999968
2026-07-10 13:01:00+00:00,2026-07-10 13:00:00+00:00,2026-07-10 13:15:00+00:00,yes,0.65,500,0.7073991031390134,0.645,0.037399103139013415,13,7.97,0,-332.97,24741.88599999968
2026-07-10 13:15:00+00:00,2026-07-10 13:15:00+00:00,2026-07-10 13:30:00+00:00,yes,0.5,500,0.5637393767705381,0.495,0.04373937677053809,14,8.75,0,-258.75,24483.13599999968
2026-07-10 13:30:00+00:00,2026-07-10 13:30:00+00:00,2026-07-10 13:45:00+00:00,yes,0.6,500,0.7073991031390134,0.595,0.08739910313901346,14,8.4,1,191.6,24674.735999999677
2026-07-10 13:57:00+00:00,2026-07-10 13:45:00+00:00,2026-07-10 14:00:00+00:00,no,0.13,500,0.8005115089514067,0.875,0.059488491048593335,2,3.96,1,-68.96,24605.775999999678
2026-07-10 14:00:00+00:00,2026-07-10 14:00:00+00:00,2026-07-10 14:15:00+00:00,no,0.55,500,0.3880597014925373,0.455,0.04194029850746263,14,8.67,0,216.33,24822.10599999968
2026-07-10 14:30:00+00:00,2026-07-10 14:30:00+00:00,2026-07-10 14:45:00+00:00,yes,0.5,500,0.5637393767705381,0.495,0.04373937677053809,14,8.75,0,-258.75,24563.35599999968
2026-07-10 14:47:00+00:00,2026-07-10 14:45:00+00:00,2026-07-10 15:00:00+00:00,yes,0.43,500,0.48412698412698413,0.425,0.03412698412698413,12,8.58,0,-223.58,24339.775999999678
2026-07-10 15:01:00+00:00,2026-07-10 15:00:00+00:00,2026-07-10 15:15:00+00:00,yes,0.63,500,0.6934306569343066,0.625,0.0434306569343066,13,8.16,1,176.84,24516.615999999678
2026-07-10 15:31:00+00:00,2026-07-10 15:30:00+00:00,2026-07-10 15:45:00+00:00,no,0.55,500,0.3769559032716927,0.455,0.05304409672830725,13,8.67,0,216.33,24732.94599999968
2026-07-10 16:00:00+00:00,2026-07-10 16:00:00+00:00,2026-07-10 16:15:00+00:00,no,0.37,500,0.5637393767705381,0.635,0.04626062322946191,14,8.16,1,-193.16,24539.78599999968
2026-07-10 16:15:00+00:00,2026-07-10 16:15:00+00:00,2026-07-10 16:30:00+00:00,yes,0.62,500,0.6934306569343066,0.615,0.05343065693430661,14,8.25,0,-318.25,24221.53599999968
2026-07-10 16:30:00+00:00,2026-07-10 16:30:00+00:00,2026-07-10 16:45:00+00:00,no,0.54,500,0.3769559032716927,0.46499999999999997,0.06304409672830726,14,8.7,0,221.3,24442.83599999968
2026-07-10 16:45:00+00:00,2026-07-10 16:45:00+00:00,2026-07-10 17:00:00+00:00,no,0.5700000000000001,500,0.3769559032716927,0.435,0.03304409672830723,14,8.58,1,-293.58000000000004,24149.255999999677
2026-07-10 17:00:00+00:00,2026-07-10 17:00:00+00:00,2026-07-10 17:15:00+00:00,no,0.5700000000000001,500,0.3769559032716927,0.435,0.03304409672830723,14,8.58,0,206.41999999999993,24355.675999999676
2026-07-10 17:22:00+00:00,2026-07-10 17:15:00+00:00,2026-07-10 17:30:00+00:00,yes,0.24,500,0.2954822954822955,0.235,0.03548229548229549,7,6.39,1,373.61,24729.285999999676
2026-07-10 17:31:00+00:00,2026-07-10 17:30:00+00:00,2026-07-10 17:45:00+00:00,no,0.74,500,0.1963470319634703,0.265,0.04365296803652964,13,6.74,0,123.26,24852.545999999675
2026-07-10 17:46:00+00:00,2026-07-10 17:45:00+00:00,2026-07-10 18:00:00+00:00,no,0.64,500,0.2954822954822955,0.365,0.04451770451770444,13,8.07,0,171.93,25024.475999999675
2026-07-10 18:22:00+00:00,2026-07-10 18:15:00+00:00,2026-07-10 18:30:00+00:00,yes,0.77,500,0.844903988183161,0.765,0.054903988183161015,7,6.2,1,108.8,25133.275999999674
2026-07-10 18:32:00+00:00,2026-07-10 18:30:00+00:00,2026-07-10 18:45:00+00:00,no,0.5700000000000001,500,0.3769559032716927,0.435,0.03304409672830723,12,8.58,0,206.41999999999993,25339.695999999672
2026-07-10 19:01:00+00:00,2026-07-10 19:00:00+00:00,2026-07-10 19:15:00+00:00,yes,0.63,500,0.6934306569343066,0.625,0.0434306569343066,13,8.16,1,176.84,25516.535999999673
2026-07-10 19:16:00+00:00,2026-07-10 19:15:00+00:00,2026-07-10 19:30:00+00:00,yes,0.62,500,0.7073991031390134,0.615,0.06739910313901344,13,8.25,0,-318.25,25198.285999999673
2026-07-10 19:31:00+00:00,2026-07-10 19:30:00+00:00,2026-07-10 19:45:00+00:00,yes,0.64,500,0.6934306569343066,0.635,0.03343065693430659,13,8.07,1,171.93,25370.215999999673
2026-07-10 19:47:00+00:00,2026-07-10 19:45:00+00:00,2026-07-10 20:00:00+00:00,no,0.53,500,0.41366223908918404,0.475,0.03633776091081599,12,8.72,0,226.28,25596.49599999967
2026-07-10 20:00:00+00:00,2026-07-10 20:00:00+00:00,2026-07-10 20:15:00+00:00,no,0.6599999999999999,500,0.25412541254125415,0.345,0.06587458745874587,14,7.86,0,162.14000000000004,25758.63599999967
2026-07-10 20:16:00+00:00,2026-07-10 20:15:00+00:00,2026-07-10 20:30:00+00:00,yes,0.76,500,0.844903988183161,0.755,0.06490398818316102,13,6.39,0,-386.39,25372.24599999967
2026-07-10 20:31:00+00:00,2026-07-10 20:30:00+00:00,2026-07-10 20:45:00+00:00,yes,0.64,500,0.6934306569343066,0.635,0.03343065693430659,13,8.07,1,171.93,25544.175999999672
2026-07-10 21:04:00+00:00,2026-07-10 21:00:00+00:00,2026-07-10 21:15:00+00:00,yes,0.82,500,0.8868613138686131,0.815,0.046861313868613155,10,5.17,1,84.83,25629.005999999674
2026-07-10 21:15:00+00:00,2026-07-10 21:15:00+00:00,2026-07-10 21:30:00+00:00,no,0.44999999999999996,500,0.48412698412698413,0.56,0.04587301587301586,14,8.67,1,-233.66999999999996,25395.335999999676
2026-07-10 21:33:00+00:00,2026-07-10 21:30:00+00:00,2026-07-10 21:45:00+00:00,no,0.63,500,0.2954822954822955,0.375,0.05451770451770445,11,8.16,1,-323.16,25072.175999999676
2026-07-10 21:48:00+00:00,2026-07-10 21:45:00+00:00,2026-07-10 22:00:00+00:00,no,0.6799999999999999,500,0.25412541254125415,0.33,0.045874587458745855,11,7.62,0,152.38000000000005,25224.555999999677
2026-07-10 22:00:00+00:00,2026-07-10 22:00:00+00:00,2026-07-10 22:15:00+00:00,no,0.42000000000000004,500,0.4854014598540146,0.585,0.07459854014598534,14,8.53,1,-218.53000000000003,25006.025999999678
2026-07-10 22:21:00+00:00,2026-07-10 22:15:00+00:00,2026-07-10 22:30:00+00:00,no,0.65,500,0.2954822954822955,0.355,0.03451770451770443,8,7.97,1,-332.97,24673.055999999677
2026-07-10 22:31:00+00:00,2026-07-10 22:30:00+00:00,2026-07-10 22:45:00+00:00,no,0.43999999999999995,500,0.5080645161290321,0.565,0.03193548387096791,13,8.63,0,271.37,24944.425999999676
2026-07-10 22:45:00+00:00,2026-07-10 22:45:00+00:00,2026-07-10 23:00:00+00:00,no,0.5,500,0.41366223908918404,0.505,0.06633776091081602,14,8.75,0,241.25,25185.675999999676
2026-07-10 23:00:00+00:00,2026-07-10 23:00:00+00:00,2026-07-10 23:15:00+00:00,no,0.54,500,0.3769559032716927,0.46499999999999997,0.06304409672830726,14,8.7,0,221.3,25406.975999999675
2026-07-10 23:17:00+00:00,2026-07-10 23:15:00+00:00,2026-07-10 23:30:00+00:00,yes,0.76,500,0.8733624454148472,0.755,0.09336244541484719,12,6.39,1,113.61,25520.585999999676
2026-07-10 23:32:00+00:00,2026-07-10 23:30:00+00:00,2026-07-10 23:45:00+00:00,no,0.56,500,0.3769559032716927,0.445,0.04304409672830724,12,8.63,0,211.37,25731.955999999675
2026-07-10 23:45:00+00:00,2026-07-10 23:45:00+00:00,2026-07-11 00:00:00+00:00,no,0.43999999999999995,500,0.3769559032716927,0.565,0.16304409672830736,14,8.63,0,271.37,26003.325999999674
2026-07-11 00:00:00+00:00,2026-07-11 00:00:00+00:00,2026-07-11 00:15:00+00:00,no,0.43000000000000005,500,0.4855305466237942,0.575,0.0644694533762057,14,8.58,0,276.42,26279.74599999967
2026-07-11 00:15:00+00:00,2026-07-11 00:15:00+00:00,2026-07-11 00:30:00+00:00,no,0.55,500,0.3769559032716927,0.45999999999999996,0.05304409672830725,14,8.67,1,-283.67,25996.075999999674
2026-07-11 00:30:00+00:00,2026-07-11 00:30:00+00:00,2026-07-11 00:45:00+00:00,no,0.43000000000000005,500,0.48656716417910445,0.575,0.06343283582089544,14,8.58,1,-223.58000000000004,25772.49599999967
2026-07-11 00:45:00+00:00,2026-07-11 00:45:00+00:00,2026-07-11 01:00:00+00:00,no,0.6599999999999999,500,0.248868778280543,0.345,0.07113122171945709,14,7.86,0,162.14000000000004,25934.63599999967
2026-07-11 01:02:00+00:00,2026-07-11 01:00:00+00:00,2026-07-11 01:15:00+00:00,no,0.65,500,0.248868778280543,0.355,0.08113122171945698,12,7.97,1,-332.97,25601.66599999967
2026-07-11 01:18:00+00:00,2026-07-11 01:15:00+00:00,2026-07-11 01:30:00+00:00,yes,0.72,500,0.8733624454148472,0.715,0.13336244541484724,11,7.06,1,132.94,25734.60599999967
2026-07-11 01:47:00+00:00,2026-07-11 01:45:00+00:00,2026-07-11 02:00:00+00:00,yes,0.55,500,0.6023391812865497,0.545,0.03233918128654968,12,8.67,0,-283.67,25450.93599999967
2026-07-11 02:01:00+00:00,2026-07-11 02:00:00+00:00,2026-07-11 02:15:00+00:00,no,0.53,500,0.41366223908918404,0.475,0.03633776091081599,13,8.72,0,226.28,25677.21599999967
2026-07-11 02:15:00+00:00,2026-07-11 02:15:00+00:00,2026-07-11 02:30:00+00:00,yes,0.61,500,0.7073991031390134,0.605,0.07739910313901345,14,8.33,1,186.67,25863.885999999668
2026-07-11 02:34:00+00:00,2026-07-11 02:30:00+00:00,2026-07-11 02:45:00+00:00,yes,0.7,500,0.7649769585253456,0.695,0.04497695852534568,10,7.35,1,142.65,26006.53599999967
2026-07-11 02:48:00+00:00,2026-07-11 02:45:00+00:00,2026-07-11 03:00:00+00:00,no,0.44999999999999996,500,0.4855305466237942,0.555,0.044469453376205795,11,8.67,1,-233.66999999999996,25772.86599999967
2026-07-11 03:02:00+00:00,2026-07-11 03:00:00+00:00,2026-07-11 03:15:00+00:00,no,0.71,500,0.23809523809523808,0.295,0.031904761904761894,12,7.21,1,-362.21,25410.65599999967
2026-07-11 03:15:00+00:00,2026-07-11 03:15:00+00:00,2026-07-11 03:30:00+00:00,yes,0.59,500,0.6590909090909091,0.585,0.04909090909090909,14,8.47,0,-303.47,25107.18599999967
2026-07-11 03:33:00+00:00,2026-07-11 03:30:00+00:00,2026-07-11 03:45:00+00:00,no,0.37,500,0.5757575757575758,0.635,0.0342424242424242,11,8.16,1,-193.16,24914.02599999967
2026-07-11 03:47:00+00:00,2026-07-11 03:45:00+00:00,2026-07-11 04:00:00+00:00,no,0.52,500,0.41366223908918404,0.485,0.046337760910816,12,8.74,0,231.26,25145.28599999967
2026-07-11 04:02:00+00:00,2026-07-11 04:00:00+00:00,2026-07-11 04:15:00+00:00,no,0.73,500,0.1712707182320442,0.275,0.07872928176795581,12,6.9,0,128.1,25273.385999999668
2026-07-11 04:18:00+00:00,2026-07-11 04:15:00+00:00,2026-07-11 04:30:00+00:00,no,0.74,500,0.1712707182320442,0.265,0.0687292817679558,11,6.74,1,-376.74,24896.645999999666
2026-07-11 04:32:00+00:00,2026-07-11 04:30:00+00:00,2026-07-11 04:45:00+00:00,yes,0.72,500,0.844903988183161,0.715,0.10490398818316106,12,7.06,1,132.94,25029.585999999665
2026-07-11 04:46:00+00:00,2026-07-11 04:45:00+00:00,2026-07-11 05:00:00+00:00,no,0.53,500,0.3769559032716927,0.475,0.07304409672830726,13,8.72,0,226.28,25255.865999999663
2026-07-11 05:00:00+00:00,2026-07-11 05:00:00+00:00,2026-07-11 05:15:00+00:00,no,0.5700000000000001,500,0.2954822954822955,0.435,0.11451770451770439,14,8.58,1,-293.58000000000004,24962.28599999966
2026-07-11 05:15:00+00:00,2026-07-11 05:15:00+00:00,2026-07-11 05:30:00+00:00,no,0.69,500,0.25412541254125415,0.315,0.035874587458745846,14,7.49,1,-352.49,24609.79599999966
2026-07-11 05:30:00+00:00,2026-07-11 05:30:00+00:00,2026-07-11 05:45:00+00:00,no,0.65,500,0.2511220840006562,0.355,0.0788779159993437,14,7.97,0,167.03,24776.82599999966
2026-07-11 05:45:00+00:00,2026-07-11 05:45:00+00:00,2026-07-11 06:00:00+00:00,no,0.5700000000000001,500,0.3769559032716927,0.435,0.03304409672830723,14,8.58,0,206.41999999999993,24983.245999999657
2026-07-11 06:00:00+00:00,2026-07-11 06:00:00+00:00,2026-07-11 06:15:00+00:00,no,0.62,500,0.1712707182320442,0.385,0.1887292817679558,14,8.25,1,-318.25,24664.995999999657
2026-07-11 06:15:00+00:00,2026-07-11 06:15:00+00:00,2026-07-11 06:30:00+00:00,yes,0.48,500,0.6244604316546764,0.475,0.12446043165467637,14,8.74,1,251.26,24916.255999999656
2026-07-11 06:32:00+00:00,2026-07-11 06:30:00+00:00,2026-07-11 06:45:00+00:00,yes,0.57,500,0.6244604316546764,0.565,0.034460431654676396,12,8.58,0,-293.58,24622.675999999654
2026-07-11 06:47:00+00:00,2026-07-11 06:45:00+00:00,2026-07-11 07:00:00+00:00,yes,0.64,500,0.7526501766784452,0.635,0.09265017667844523,12,8.07,1,171.93,24794.605999999654
2026-07-11 07:07:00+00:00,2026-07-11 07:00:00+00:00,2026-07-11 07:15:00+00:00,no,0.86,500,0.08585858585858586,0.14500000000000002,0.044141414141414155,7,4.22,0,65.78,24860.385999999653
2026-07-11 07:16:00+00:00,2026-07-11 07:15:00+00:00,2026-07-11 07:30:00+00:00,no,0.64,500,0.25412541254125415,0.365,0.08587458745874578,13,8.07,1,-328.07,24532.315999999653
2026-07-11 07:30:00+00:00,2026-07-11 07:30:00+00:00,2026-07-11 07:45:00+00:00,no,0.54,500,0.3769559032716927,0.46499999999999997,0.06304409672830726,14,8.7,0,221.3,24753.615999999653
2026-07-11 07:47:00+00:00,2026-07-11 07:45:00+00:00,2026-07-11 08:00:00+00:00,no,0.5700000000000001,500,0.3769559032716927,0.435,0.03304409672830723,12,8.58,0,206.41999999999993,24960.03599999965
2026-07-11 08:02:00+00:00,2026-07-11 08:00:00+00:00,2026-07-11 08:15:00+00:00,no,0.5900000000000001,500,0.2954822954822955,0.415,0.09451770451770437,12,8.47,1,-303.4700000000001,24656.56599999965
2026-07-11 08:17:00+00:00,2026-07-11 08:15:00+00:00,2026-07-11 08:30:00+00:00,no,0.56,500,0.3769559032716927,0.445,0.04304409672830724,12,8.63,1,-288.63,24367.93599999965
2026-07-11 08:35:00+00:00,2026-07-11 08:30:00+00:00,2026-07-11 08:45:00+00:00,yes,0.63,500,0.6934306569343066,0.625,0.0434306569343066,9,8.16,1,176.84,24544.77599999965
2026-07-11 08:54:00+00:00,2026-07-11 08:45:00+00:00,2026-07-11 09:00:00+00:00,yes,0.11,500,0.1510791366906475,0.10500000000000001,0.031079136690647484,5,3.43,0,-58.43,24486.34599999965
2026-07-11 09:00:00+00:00,2026-07-11 09:00:00+00:00,2026-07-11 09:15:00+00:00,yes,0.55,500,0.6023391812865497,0.545,0.03233918128654968,14,8.67,0,-283.67,24202.67599999965
2026-07-11 09:17:00+00:00,2026-07-11 09:15:00+00:00,2026-07-11 09:30:00+00:00,yes,0.73,500,0.8005115089514067,0.725,0.05051150895140667,12,6.9,1,128.1,24330.77599999965
2026-07-11 09:31:00+00:00,2026-07-11 09:30:00+00:00,2026-07-11 09:45:00+00:00,yes,0.79,500,0.8705357142857143,0.785,0.06053571428571426,13,5.81,0,-400.81,23929.965999999647
2026-07-11 09:49:00+00:00,2026-07-11 09:45:00+00:00,2026-07-11 10:00:00+00:00,no,0.84,500,0.10497237569060773,0.165,0.04502762430939234,10,4.71,0,75.29,24005.25599999965
2026-07-11 10:05:00+00:00,2026-07-11 10:00:00+00:00,2026-07-11 10:15:00+00:00,no,0.51,500,0.41366223908918404,0.495,0.05633776091081601,9,8.75,1,-263.75,23741.50599999965
2026-07-11 10:15:00+00:00,2026-07-11 10:15:00+00:00,2026-07-11 10:30:00+00:00,no,0.6599999999999999,500,0.248868778280543,0.345,0.07113122171945709,14,7.86,0,162.14000000000004,23903.645999999648
2026-07-11 10:30:00+00:00,2026-07-11 10:30:00+00:00,2026-07-11 10:45:00+00:00,no,0.41000000000000003,500,0.48656716417910445,0.595,0.08343283582089546,14,8.47,0,286.53,24190.175999999647
2026-07-11 10:45:00+00:00,2026-07-11 10:45:00+00:00,2026-07-11 11:00:00+00:00,yes,0.43,500,0.5637393767705381,0.425,0.1137393767705381,14,8.58,1,276.42,24466.595999999645
2026-07-11 11:00:00+00:00,2026-07-11 11:00:00+00:00,2026-07-11 11:15:00+00:00,no,0.52,500,0.3769559032716927,0.49,0.08304409672830727,14,8.74,1,-268.74,24197.855999999643
2026-07-11 11:15:00+00:00,2026-07-11 11:15:00+00:00,2026-07-11 11:30:00+00:00,no,0.54,500,0.3769559032716927,0.46499999999999997,0.06304409672830726,14,8.7,0,221.3,24419.155999999643
2026-07-11 11:31:00+00:00,2026-07-11 11:30:00+00:00,2026-07-11 11:45:00+00:00,no,0.56,500,0.3769559032716927,0.445,0.04304409672830724,13,8.63,1,-288.63,24130.52599999964
2026-07-11 11:45:00+00:00,2026-07-11 11:45:00+00:00,2026-07-11 12:00:00+00:00,yes,0.49,500,0.5637393767705381,0.485,0.0537393767705381,14,8.75,1,246.25,24376.77599999964
2026-07-11 12:00:00+00:00,2026-07-11 12:00:00+00:00,2026-07-11 12:15:00+00:00,no,0.54,500,0.3880597014925373,0.46499999999999997,0.05194029850746264,14,8.7,1,-278.7,24098.07599999964
2026-07-11 12:16:00+00:00,2026-07-11 12:15:00+00:00,2026-07-11 12:30:00+00:00,no,0.5800000000000001,500,0.35533707865168535,0.425,0.044662921348314524,13,8.53,0,201.46999999999994,24299.545999999642
2026-07-11 12:31:00+00:00,2026-07-11 12:30:00+00:00,2026-07-11 12:45:00+00:00,no,0.69,500,0.25412541254125415,0.315,0.035874587458745846,13,7.49,0,147.51,24447.05599999964
2026-07-11 12:46:00+00:00,2026-07-11 12:45:00+00:00,2026-07-11 13:00:00+00:00,yes,0.61,500,0.6934306569343066,0.605,0.06343065693430662,13,8.33,1,186.67,24633.72599999964
2026-07-11 13:02:00+00:00,2026-07-11 13:00:00+00:00,2026-07-11 13:15:00+00:00,no,0.45999999999999996,500,0.48412698412698413,0.545,0.03587301587301585,12,8.7,0,261.3,24895.025999999638
2026-07-11 13:16:00+00:00,2026-07-11 13:15:00+00:00,2026-07-11 13:30:00+00:00,no,0.6599999999999999,500,0.25412541254125415,0.345,0.06587458745874587,13,7.86,1,-337.85999999999996,24557.165999999637
2026-07-11 13:30:00+00:00,2026-07-11 13:30:00+00:00,2026-07-11 13:45:00+00:00,yes,0.48,500,0.6339066339066338,0.475,0.13390663390663385,14,8.74,1,251.26,24808.425999999636
2026-07-11 13:49:00+00:00,2026-07-11 13:45:00+00:00,2026-07-11 14:00:00+00:00,no,0.21999999999999997,500,0.7073991031390134,0.785,0.05260089686098658,10,6.01,1,-116.00999999999999,24692.415999999637
2026-07-11 14:00:00+00:00,2026-07-11 14:00:00+00:00,2026-07-11 14:15:00+00:00,yes,0.55,500,0.6934306569343066,0.545,0.12343065693430656,14,8.67,1,216.33,24908.74599999964
2026-07-11 14:15:00+00:00,2026-07-11 14:15:00+00:00,2026-07-11 14:30:00+00:00,yes,0.57,500,0.6244604316546764,0.565,0.034460431654676396,14,8.58,1,206.42,25115.165999999637
2026-07-11 14:34:00+00:00,2026-07-11 14:30:00+00:00,2026-07-11 14:45:00+00:00,no,0.20999999999999996,500,0.7333333333333333,0.795,0.03666666666666675,10,5.81,1,-110.80999999999999,25004.355999999636
2026-07-11 14:53:00+00:00,2026-07-11 14:45:00+00:00,2026-07-11 15:00:00+00:00,yes,0.18,500,0.23809523809523808,0.175,0.038095238095238085,6,5.17,0,-95.17,24909.185999999638
2026-07-11 15:05:00+00:00,2026-07-11 15:00:00+00:00,2026-07-11 15:15:00+00:00,yes,0.64,500,0.6934306569343066,0.63,0.03343065693430659,9,8.07,1,171.93,25081.115999999638
2026-07-11 15:21:00+00:00,2026-07-11 15:15:00+00:00,2026-07-11 15:30:00+00:00,yes,0.18,500,0.248868778280543,0.175,0.04886877828054299,8,5.17,0,-95.17,24985.94599999964
2026-07-11 15:34:00+00:00,2026-07-11 15:30:00+00:00,2026-07-11 15:45:00+00:00,yes,0.51,500,0.5637393767705381,0.505,0.03373937677053808,10,8.75,0,-263.75,24722.19599999964
2026-07-11 15:48:00+00:00,2026-07-11 15:45:00+00:00,2026-07-11 16:00:00+00:00,yes,0.2,500,0.25412541254125415,0.195,0.03412541254125413,11,5.6,1,394.4,25116.59599999964
2026-07-11 16:08:00+00:00,2026-07-11 16:00:00+00:00,2026-07-11 16:15:00+00:00,yes,0.094,500,0.1510791366906475,0.092,0.047079136690647484,6,2.99,1,450.01,25566.60599999964
2026-07-11 16:24:00+00:00,2026-07-11 16:15:00+00:00,2026-07-11 16:30:00+00:00,no,0.18000000000000005,500,0.7649769585253456,0.825,0.03502304147465431,5,5.17,1,-95.17000000000003,25471.43599999964
2026-07-11 16:35:00+00:00,2026-07-11 16:30:00+00:00,2026-07-11 16:45:00+00:00,no,0.56,500,0.3769559032716927,0.445,0.04304409672830724,9,8.63,0,211.37,25682.80599999964
2026-07-11 16:46:00+00:00,2026-07-11 16:45:00+00:00,2026-07-11 17:00:00+00:00,no,0.63,500,0.2954822954822955,0.375,0.05451770451770445,13,8.16,1,-323.16,25359.64599999964
2026-07-11 17:18:00+00:00,2026-07-11 17:15:00+00:00,2026-07-11 17:30:00+00:00,yes,0.67,500,0.7910447761194029,0.665,0.1010447761194029,11,7.74,1,157.26,25516.90599999964
2026-07-11 17:31:00+00:00,2026-07-11 17:30:00+00:00,2026-07-11 17:45:00+00:00,yes,0.74,500,0.844903988183161,0.735,0.08490398818316104,13,6.74,1,123.26,25640.165999999637
2026-07-11 18:00:00+00:00,2026-07-11 18:00:00+00:00,2026-07-11 18:15:00+00:00,no,0.5800000000000001,500,0.35533707865168535,0.43,0.044662921348314524,14,8.53,0,201.46999999999994,25841.63599999964
2026-07-11 18:15:00+00:00,2026-07-11 18:15:00+00:00,2026-07-11 18:30:00+00:00,yes,0.52,500,0.6244604316546764,0.51,0.08446043165467633,14,8.74,1,231.26,26072.895999999637
2026-07-11 18:31:00+00:00,2026-07-11 18:30:00+00:00,2026-07-11 18:45:00+00:00,no,0.45999999999999996,500,0.48656716417910445,0.545,0.033432835820895526,13,8.7,1,-238.69999999999996,25834.195999999636
2026-07-11 18:46:00+00:00,2026-07-11 18:45:00+00:00,2026-07-11 19:00:00+00:00,no,0.69,500,0.248868778280543,0.315,0.04113122171945706,13,7.49,0,147.51,25981.705999999635
2026-07-11 19:03:00+00:00,2026-07-11 19:00:00+00:00,2026-07-11 19:15:00+00:00,no,0.69,500,0.1963470319634703,0.315,0.09365296803652969,11,7.49,0,147.51,26129.215999999633
2026-07-11 19:15:00+00:00,2026-07-11 19:15:00+00:00,2026-07-11 19:30:00+00:00,no,0.43999999999999995,500,0.41366223908918404,0.565,0.12633776091081608,14,8.63,0,271.37,26400.585999999632
2026-07-11 19:39:00+00:00,2026-07-11 19:30:00+00:00,2026-07-11 19:45:00+00:00,yes,0.77,500,0.844903988183161,0.765,0.054903988183161015,5,6.2,1,108.8,26509.38599999963
2026-07-11 19:47:00+00:00,2026-07-11 19:45:00+00:00,2026-07-11 20:00:00+00:00,no,0.52,500,0.42857142857142855,0.485,0.031428571428571375,12,8.74,1,-268.74,26240.64599999963
2026-07-11 20:03:00+00:00,2026-07-11 20:00:00+00:00,2026-07-11 20:15:00+00:00,yes,0.76,500,0.844903988183161,0.755,0.06490398818316102,11,6.39,1,113.61,26354.25599999963
2026-07-11 20:16:00+00:00,2026-07-11 20:15:00+00:00,2026-07-11 20:30:00+00:00,yes,0.54,500,0.6590909090909091,0.535,0.09909090909090902,13,8.7,1,221.3,26575.55599999963
2026-07-11 20:33:00+00:00,2026-07-11 20:30:00+00:00,2026-07-11 20:45:00+00:00,yes,0.62,500,0.6934306569343066,0.615,0.05343065693430661,11,8.25,1,181.75,26757.30599999963
2026-07-11 20:49:00+00:00,2026-07-11 20:45:00+00:00,2026-07-11 21:00:00+00:00,no,0.63,500,0.25412541254125415,0.375,0.09587458745874579,10,8.16,0,176.84,26934.14599999963
2026-07-11 21:02:00+00:00,2026-07-11 21:00:00+00:00,2026-07-11 21:15:00+00:00,yes,0.73,500,0.844903988183161,0.72,0.09490398818316105,12,6.9,0,-371.9,26562.245999999628
2026-07-11 21:17:00+00:00,2026-07-11 21:15:00+00:00,2026-07-11 21:30:00+00:00,yes,0.71,500,0.8705357142857143,0.705,0.14053571428571435,12,7.21,1,137.79,26700.03599999963
2026-07-11 21:30:00+00:00,2026-07-11 21:30:00+00:00,2026-07-11 21:45:00+00:00,no,0.5900000000000001,500,0.35533707865168535,0.415,0.034662921348314515,14,8.47,0,196.52999999999994,26896.565999999628
2026-07-11 21:46:00+00:00,2026-07-11 21:45:00+00:00,2026-07-11 22:00:00+00:00,yes,0.63,500,0.6934306569343066,0.625,0.0434306569343066,13,8.16,1,176.84,27073.405999999628
2026-07-11 22:00:00+00:00,2026-07-11 22:00:00+00:00,2026-07-11 22:15:00+00:00,no,0.55,500,0.3769559032716927,0.455,0.05304409672830725,14,8.67,1,-283.67,26789.73599999963
2026-07-11 22:15:00+00:00,2026-07-11 22:15:00+00:00,2026-07-11 22:30:00+00:00,yes,0.3,500,0.3769559032716927,0.295,0.05695590327169271,14,7.35,0,-157.35,26632.38599999963
2026-07-11 22:34:00+00:00,2026-07-11 22:30:00+00:00,2026-07-11 22:45:00+00:00,yes,0.54,500,0.6023391812865497,0.535,0.04233918128654969,10,8.7,0,-278.7,26353.68599999963
2026-07-11 22:46:00+00:00,2026-07-11 22:45:00+00:00,2026-07-11 23:00:00+00:00,yes,0.49,500,0.5637393767705381,0.485,0.0537393767705381,13,8.75,0,-253.75,26099.93599999963
2026-07-11 23:01:00+00:00,2026-07-11 23:00:00+00:00,2026-07-11 23:15:00+00:00,no,0.45999999999999996,500,0.48412698412698413,0.545,0.03587301587301585,13,8.7,0,261.3,26361.23599999963
2026-07-11 23:19:00+00:00,2026-07-11 23:15:00+00:00,2026-07-11 23:30:00+00:00,yes,0.63,500,0.6934306569343066,0.625,0.0434306569343066,10,8.16,0,-323.16,26038.07599999963
2026-07-11 23:39:00+00:00,2026-07-11 23:30:00+00:00,2026-07-11 23:45:00+00:00,yes,0.11,500,0.1510791366906475,0.10500000000000001,0.031079136690647484,5,3.43,1,441.57,26479.64599999963
2026-07-11 23:53:00+00:00,2026-07-11 23:45:00+00:00,2026-07-12 00:00:00+00:00,no,0.5700000000000001,500,0.3769559032716927,0.435,0.03304409672830723,6,8.58,0,206.41999999999993,26686.065999999628
2026-07-12 00:01:00+00:00,2026-07-12 00:00:00+00:00,2026-07-12 00:15:00+00:00,yes,0.8,500,0.8733624454148472,0.795,0.05336244541484715,13,5.6,1,94.4,26780.46599999963
2026-07-12 00:15:00+00:00,2026-07-12 00:15:00+00:00,2026-07-12 00:30:00+00:00,yes,0.49,500,0.5637393767705381,0.485,0.0537393767705381,14,8.75,1,246.25,27026.71599999963
2026-07-12 00:30:00+00:00,2026-07-12 00:30:00+00:00,2026-07-12 00:45:00+00:00,no,0.77,500,0.1712707182320442,0.235,0.03872928176795577,14,6.2,0,108.8,27135.51599999963
2026-07-12 00:46:00+00:00,2026-07-12 00:45:00+00:00,2026-07-12 01:00:00+00:00,yes,0.61,500,0.6934306569343066,0.605,0.06343065693430662,13,8.33,1,186.67,27322.185999999627
2026-07-12 01:01:00+00:00,2026-07-12 01:00:00+00:00,2026-07-12 01:15:00+00:00,yes,0.71,500,0.7649769585253456,0.705,0.03497695852534567,13,7.21,1,137.79,27459.975999999628
2026-07-12 01:19:00+00:00,2026-07-12 01:15:00+00:00,2026-07-12 01:30:00+00:00,yes,0.79,500,0.8733624454148472,0.785,0.06336244541484716,10,5.81,1,99.19,27559.165999999626
2026-07-12 01:32:00+00:00,2026-07-12 01:30:00+00:00,2026-07-12 01:45:00+00:00,yes,0.65,500,0.7073991031390134,0.645,0.037399103139013415,12,7.97,1,167.03,27726.195999999625
2026-07-12 01:45:00+00:00,2026-07-12 01:45:00+00:00,2026-07-12 02:00:00+00:00,no,0.54,500,0.3769559032716927,0.47,0.06304409672830726,14,8.7,0,221.3,27947.495999999624
2026-07-12 02:00:00+00:00,2026-07-12 02:00:00+00:00,2026-07-12 02:15:00+00:00,no,0.5700000000000001,500,0.3769559032716927,0.44,0.03304409672830723,14,8.58,0,206.41999999999993,28153.915999999623
2026-07-12 02:16:00+00:00,2026-07-12 02:15:00+00:00,2026-07-12 02:30:00+00:00,yes,0.63,500,0.7073991031390134,0.625,0.05739910313901343,13,8.16,1,176.84,28330.755999999623
2026-07-12 02:34:00+00:00,2026-07-12 02:30:00+00:00,2026-07-12 02:45:00+00:00,no,0.56,500,0.3769559032716927,0.445,0.04304409672830724,10,8.63,0,211.37,28542.125999999622
2026-07-12 02:46:00+00:00,2026-07-12 02:45:00+00:00,2026-07-12 03:00:00+00:00,yes,0.64,500,0.6934306569343066,0.635,0.03343065693430659,13,8.07,1,171.93,28714.055999999622
2026-07-12 03:00:00+00:00,2026-07-12 03:00:00+00:00,2026-07-12 03:15:00+00:00,no,0.5700000000000001,500,0.3769559032716927,0.435,0.03304409672830723,14,8.58,1,-293.58000000000004,28420.47599999962
2026-07-12 03:24:00+00:00,2026-07-12 03:15:00+00:00,2026-07-12 03:30:00+00:00,yes,0.55,500,0.6339066339066338,0.545,0.06390663390663377,5,8.67,1,216.33,28636.805999999622
2026-07-12 03:30:00+00:00,2026-07-12 03:30:00+00:00,2026-07-12 03:45:00+00:00,yes,0.56,500,0.6339066339066338,0.555,0.053906633906633764,14,8.63,1,211.37,28848.17599999962
2026-07-12 03:47:00+00:00,2026-07-12 03:45:00+00:00,2026-07-12 04:00:00+00:00,yes,0.64,500,0.7073991031390134,0.635,0.047399103139013424,12,8.07,1,171.93,29020.10599999962
2026-07-12 04:02:00+00:00,2026-07-12 04:00:00+00:00,2026-07-12 04:15:00+00:00,no,0.49,500,0.3968253968253968,0.515,0.09317460317460326,12,8.75,0,246.25,29266.35599999962
2026-07-12 04:17:00+00:00,2026-07-12 04:15:00+00:00,2026-07-12 04:30:00+00:00,yes,0.73,500,0.8705357142857143,0.725,0.12053571428571432,12,6.9,0,-371.9,28894.45599999962
2026-07-12 04:34:00+00:00,2026-07-12 04:30:00+00:00,2026-07-12 04:45:00+00:00,no,0.8200000000000001,500,0.09895833333333333,0.185,0.061041666666666564,10,5.17,0,84.82999999999994,28979.28599999962
2026-07-12 04:45:00+00:00,2026-07-12 04:45:00+00:00,2026-07-12 05:00:00+00:00,no,0.53,500,0.41366223908918404,0.475,0.03633776091081599,14,8.72,0,226.28,29205.56599999962
2026-07-12 05:03:00+00:00,2026-07-12 05:00:00+00:00,2026-07-12 05:15:00+00:00,no,0.38,500,0.5637393767705381,0.625,0.0362606232294619,11,8.25,0,301.75,29507.31599999962
2026-07-12 05:15:00+00:00,2026-07-12 05:15:00+00:00,2026-07-12 05:30:00+00:00,no,0.6699999999999999,500,0.25412541254125415,0.335,0.055874587458745864,14,7.74,0,157.26000000000005,29664.57599999962
2026-07-12 05:31:00+00:00,2026-07-12 05:30:00+00:00,2026-07-12 05:45:00+00:00,yes,0.57,500,0.6244604316546764,0.565,0.034460431654676396,13,8.58,1,206.42,29870.995999999617
2026-07-12 05:55:00+00:00,2026-07-12 05:45:00+00:00,2026-07-12 06:00:00+00:00,yes,0.53,500,0.6244604316546764,0.525,0.07446043165467632,4,8.72,1,226.28,30097.275999999616
2026-07-12 06:00:00+00:00,2026-07-12 06:00:00+00:00,2026-07-12 06:15:00+00:00,no,0.7,500,0.248868778280543,0.305,0.031131221719457054,14,7.35,0,142.65,30239.925999999617
2026-07-12 06:31:00+00:00,2026-07-12 06:30:00+00:00,2026-07-12 06:45:00+00:00,yes,0.5,500,0.5637393767705381,0.495,0.04373937677053809,13,8.75,1,241.25,30481.175999999617
2026-07-12 06:54:00+00:00,2026-07-12 06:45:00+00:00,2026-07-12 07:00:00+00:00,no,0.49,500,0.41366223908918404,0.515,0.07633776091081602,5,8.75,0,246.25,30727.425999999617
2026-07-12 07:04:00+00:00,2026-07-12 07:00:00+00:00,2026-07-12 07:15:00+00:00,yes,0.7,500,0.7526501766784452,0.695,0.03265017667844529,10,7.35,1,142.65,30870.07599999962
2026-07-12 07:15:00+00:00,2026-07-12 07:15:00+00:00,2026-07-12 07:30:00+00:00,no,0.52,500,0.41366223908918404,0.485,0.046337760910816,14,8.74,1,-268.74,30601.335999999617
2026-07-12 07:32:00+00:00,2026-07-12 07:30:00+00:00,2026-07-12 07:45:00+00:00,yes,0.73,500,0.8005115089514067,0.725,0.05051150895140667,12,6.9,1,128.1,30729.435999999616
2026-07-12 07:46:00+00:00,2026-07-12 07:45:00+00:00,2026-07-12 08:00:00+00:00,no,0.54,500,0.3769559032716927,0.46499999999999997,0.06304409672830726,13,8.7,1,-278.7,30450.735999999615
2026-07-12 08:00:00+00:00,2026-07-12 08:00:00+00:00,2026-07-12 08:15:00+00:00,no,0.55,500,0.3769559032716927,0.455,0.05304409672830725,14,8.67,1,-283.67,30167.065999999617
2026-07-12 08:15:00+00:00,2026-07-12 08:15:00+00:00,2026-07-12 08:30:00+00:00,no,0.44999999999999996,500,0.4855305466237942,0.56,0.044469453376205795,14,8.67,0,266.33,30433.39599999962
2026-07-12 08:38:00+00:00,2026-07-12 08:30:00+00:00,2026-07-12 08:45:00+00:00,yes,0.43,500,0.48412698412698413,0.425,0.03412698412698413,6,8.58,1,276.42,30709.815999999617
2026-07-12 08:51:00+00:00,2026-07-12 08:45:00+00:00,2026-07-12 09:00:00+00:00,yes,0.29,500,0.35533707865168535,0.28500000000000003,0.04533707865168536,8,7.21,0,-152.21,30557.605999999618
2026-07-12 09:00:00+00:00,2026-07-12 09:00:00+00:00,2026-07-12 09:15:00+00:00,no,0.56,500,0.3769559032716927,0.445,0.04304409672830724,14,8.63,0,211.37,30768.975999999617
2026-07-12 09:45:00+00:00,2026-07-12 09:45:00+00:00,2026-07-12 10:00:00+00:00,yes,0.43,500,0.48412698412698413,0.425,0.03412698412698413,14,8.58,0,-223.58,30545.395999999615
2026-07-12 10:15:00+00:00,2026-07-12 10:15:00+00:00,2026-07-12 10:30:00+00:00,no,0.41000000000000003,500,0.48656716417910445,0.595,0.08343283582089546,14,8.47,0,286.53,30831.925999999614
2026-07-12 10:30:00+00:00,2026-07-12 10:30:00+00:00,2026-07-12 10:45:00+00:00,yes,0.47,500,0.5637393767705381,0.46499999999999997,0.07373937677053811,14,8.72,0,-243.72,30588.205999999613
2026-07-12 10:46:00+00:00,2026-07-12 10:45:00+00:00,2026-07-12 11:00:00+00:00,no,0.51,500,0.41366223908918404,0.495,0.05633776091081601,13,8.75,1,-263.75,30324.455999999613
2026-07-12 11:00:00+00:00,2026-07-12 11:00:00+00:00,2026-07-12 11:15:00+00:00,yes,0.45,500,0.5637393767705381,0.445,0.09373937677053808,14,8.67,0,-233.67,30090.785999999614
2026-07-12 11:21:00+00:00,2026-07-12 11:15:00+00:00,2026-07-12 11:30:00+00:00,no,0.18999999999999995,500,0.7073991031390134,0.815,0.08260089686098661,8,5.39,1,-100.38999999999997,29990.395999999615
2026-07-12 11:55:00+00:00,2026-07-12 11:45:00+00:00,2026-07-12 12:00:00+00:00,no,0.10999999999999999,500,0.844903988183161,0.895,0.035096011816838975,4,3.43,1,-58.42999999999999,29931.965999999615
2026-07-12 12:00:00+00:00,2026-07-12 12:00:00+00:00,2026-07-12 12:15:00+00:00,no,0.62,500,0.2954822954822955,0.385,0.06451770451770446,14,8.25,1,-318.25,29613.715999999615
2026-07-12 12:15:00+00:00,2026-07-12 12:15:00+00:00,2026-07-12 12:30:00+00:00,no,0.63,500,0.2954822954822955,0.375,0.05451770451770445,14,8.16,0,176.84,29790.555999999615
2026-07-12 12:34:00+00:00,2026-07-12 12:30:00+00:00,2026-07-12 12:45:00+00:00,no,0.6599999999999999,500,0.25412541254125415,0.345,0.06587458745874587,10,7.86,0,162.14000000000004,29952.695999999614
2026-07-12 12:48:00+00:00,2026-07-12 12:45:00+00:00,2026-07-12 13:00:00+00:00,yes,0.74,500,0.8266666666666667,0.735,0.06666666666666667,11,6.74,0,-376.74,29575.955999999613
2026-07-12 13:05:00+00:00,2026-07-12 13:00:00+00:00,2026-07-12 13:15:00+00:00,yes,0.56,500,0.6590909090909091,0.555,0.079090909090909,9,8.63,1,211.37,29787.32599999961
2026-07-12 13:18:00+00:00,2026-07-12 13:15:00+00:00,2026-07-12 13:30:00+00:00,no,0.71,500,0.1712707182320442,0.295,0.09872928176795583,11,7.21,1,-362.21,29425.115999999613
2026-07-12 13:34:00+00:00,2026-07-12 13:30:00+00:00,2026-07-12 13:45:00+00:00,yes,0.65,500,0.7073991031390134,0.645,0.037399103139013415,10,7.97,0,-332.97,29092.14599999961
2026-07-12 13:51:00+00:00,2026-07-12 13:45:00+00:00,2026-07-12 14:00:00+00:00,yes,0.26,500,0.35533707865168535,0.255,0.07533707865168533,8,6.74,0,-136.74,28955.40599999961
2026-07-12 14:00:00+00:00,2026-07-12 14:00:00+00:00,2026-07-12 14:15:00+00:00,no,0.43000000000000005,500,0.5080645161290321,0.575,0.04193548387096781,14,8.58,0,276.42,29231.825999999608
2026-07-12 14:15:00+00:00,2026-07-12 14:15:00+00:00,2026-07-12 14:30:00+00:00,no,0.5700000000000001,500,0.3769559032716927,0.435,0.03304409672830723,14,8.58,1,-293.58000000000004,28938.245999999606
2026-07-12 14:32:00+00:00,2026-07-12 14:30:00+00:00,2026-07-12 14:45:00+00:00,yes,0.81,500,0.8978102189781022,0.805,0.06781021897810215,12,5.39,1,89.61,29027.855999999607
2026-07-12 14:47:00+00:00,2026-07-12 14:45:00+00:00,2026-07-12 15:00:00+00:00,no,0.18000000000000005,500,0.7526501766784452,0.825,0.0473498233215547,12,5.17,1,-95.17000000000003,28932.68599999961
2026-07-12 15:05:00+00:00,2026-07-12 15:00:00+00:00,2026-07-12 15:15:00+00:00,yes,0.48,500,0.5637393767705381,0.475,0.0637393767705381,9,8.74,0,-248.74,28683.945999999607
2026-07-12 15:15:00+00:00,2026-07-12 15:15:00+00:00,2026-07-12 15:30:00+00:00,no,0.5700000000000001,500,0.3769559032716927,0.435,0.03304409672830723,14,8.58,1,-293.58000000000004,28390.365999999605
2026-07-12 15:30:00+00:00,2026-07-12 15:30:00+00:00,2026-07-12 15:45:00+00:00,no,0.5,500,0.41366223908918404,0.505,0.06633776091081602,14,8.75,0,241.25,28631.615999999605
2026-07-12 15:48:00+00:00,2026-07-12 15:45:00+00:00,2026-07-12 16:00:00+00:00,no,0.45999999999999996,500,0.4855305466237942,0.545,0.034469453376205786,11,8.7,1,-238.69999999999996,28392.915999999605
2026-07-12 16:05:00+00:00,2026-07-12 16:00:00+00:00,2026-07-12 16:15:00+00:00,no,0.64,500,0.2954822954822955,0.365,0.04451770451770444,9,8.07,0,171.93,28564.845999999605
2026-07-12 16:30:00+00:00,2026-07-12 16:30:00+00:00,2026-07-12 16:45:00+00:00,no,0.6799999999999999,500,0.25412541254125415,0.325,0.045874587458745855,14,7.62,0,152.38000000000005,28717.225999999606
2026-07-12 16:45:00+00:00,2026-07-12 16:45:00+00:00,2026-07-12 17:00:00+00:00,no,0.55,500,0.3968253968253968,0.455,0.033174603174603204,14,8.67,1,-283.67,28433.555999999608
2026-07-12 17:03:00+00:00,2026-07-12 17:00:00+00:00,2026-07-12 17:15:00+00:00,no,0.69,500,0.25412541254125415,0.315,0.035874587458745846,11,7.49,0,147.51,28581.065999999606
2026-07-12 17:16:00+00:00,2026-07-12 17:15:00+00:00,2026-07-12 17:30:00+00:00,no,0.42000000000000004,500,0.5080645161290321,0.585,0.051935483870967816,13,8.53,0,281.47,28862.535999999607
2026-07-12 17:32:00+00:00,2026-07-12 17:30:00+00:00,2026-07-12 17:45:00+00:00,yes,0.57,500,0.6244604316546764,0.565,0.034460431654676396,12,8.58,1,206.42,29068.955999999605
2026-07-12 17:47:00+00:00,2026-07-12 17:45:00+00:00,2026-07-12 18:00:00+00:00,no,0.5900000000000001,500,0.35533707865168535,0.415,0.034662921348314515,12,8.47,0,196.52999999999994,29265.485999999604
2026-07-12 18:03:00+00:00,2026-07-12 18:00:00+00:00,2026-07-12 18:15:00+00:00,yes,0.63,500,0.6934306569343066,0.625,0.0434306569343066,11,8.16,0,-323.16,28942.325999999604
2026-07-12 18:16:00+00:00,2026-07-12 18:15:00+00:00,2026-07-12 18:30:00+00:00,yes,0.54,500,0.6023391812865497,0.535,0.04233918128654969,13,8.7,1,221.3,29163.625999999604
2026-07-12 18:30:00+00:00,2026-07-12 18:30:00+00:00,2026-07-12 18:45:00+00:00,yes,0.5,500,0.5637393767705381,0.495,0.04373937677053809,14,8.75,1,241.25,29404.875999999604
2026-07-12 18:45:00+00:00,2026-07-12 18:45:00+00:00,2026-07-12 19:00:00+00:00,yes,0.49,500,0.5637393767705381,0.485,0.0537393767705381,14,8.75,1,246.25,29651.125999999604
2026-07-12 19:01:00+00:00,2026-07-12 19:00:00+00:00,2026-07-12 19:15:00+00:00,yes,0.53,500,0.6244604316546764,0.525,0.07446043165467632,13,8.72,1,226.28,29877.405999999602
2026-07-12 19:19:00+00:00,2026-07-12 19:15:00+00:00,2026-07-12 19:30:00+00:00,yes,0.51,500,0.5637393767705381,0.505,0.03373937677053808,10,8.75,1,236.25,30113.655999999602
2026-07-12 19:30:00+00:00,2026-07-12 19:30:00+00:00,2026-07-12 19:45:00+00:00,no,0.75,500,0.1712707182320442,0.255,0.05872928176795579,14,6.57,0,118.43,30232.085999999603
2026-07-12 19:47:00+00:00,2026-07-12 19:45:00+00:00,2026-07-12 20:00:00+00:00,yes,0.65,500,0.7073991031390134,0.645,0.037399103139013415,12,7.97,1,167.03,30399.1159999996
2026-07-12 20:00:00+00:00,2026-07-12 20:00:00+00:00,2026-07-12 20:15:00+00:00,no,0.43000000000000005,500,0.4854014598540146,0.575,0.06459854014598533,14,8.58,0,276.42,30675.5359999996
2026-07-12 20:18:00+00:00,2026-07-12 20:15:00+00:00,2026-07-12 20:30:00+00:00,yes,0.6,500,0.6934306569343066,0.59,0.07343065693430663,11,8.4,1,191.6,30867.1359999996
2026-07-12 20:32:00+00:00,2026-07-12 20:30:00+00:00,2026-07-12 20:45:00+00:00,no,0.64,500,0.25412541254125415,0.365,0.08587458745874578,12,8.07,1,-328.07,30539.0659999996
2026-07-12 20:45:00+00:00,2026-07-12 20:45:00+00:00,2026-07-12 21:00:00+00:00,no,0.5700000000000001,500,0.3769559032716927,0.435,0.03304409672830723,14,8.58,0,206.41999999999993,30745.485999999597
2026-07-12 21:00:00+00:00,2026-07-12 21:00:00+00:00,2026-07-12 21:15:00+00:00,no,0.44999999999999996,500,0.48656716417910445,0.555,0.043432835820895535,14,8.67,1,-233.66999999999996,30511.8159999996
2026-07-12 21:18:00+00:00,2026-07-12 21:15:00+00:00,2026-07-12 21:30:00+00:00,no,0.8,500,0.09895833333333333,0.20500000000000002,0.08104166666666658,11,5.6,0,94.4,30606.2159999996
2026-07-12 21:30:00+00:00,2026-07-12 21:30:00+00:00,2026-07-12 21:45:00+00:00,no,0.65,500,0.2954822954822955,0.355,0.03451770451770443,14,7.97,0,167.03,30773.2459999996
2026-07-12 21:46:00+00:00,2026-07-12 21:45:00+00:00,2026-07-12 22:00:00+00:00,no,0.78,500,0.1510791366906475,0.225,0.04892086330935254,13,6.01,0,103.99,30877.2359999996
2026-07-12 22:00:00+00:00,2026-07-12 22:00:00+00:00,2026-07-12 22:15:00+00:00,no,0.75,500,0.1963470319634703,0.26,0.03365296803652963,14,6.57,0,118.43,30995.6659999996
2026-07-12 22:15:00+00:00,2026-07-12 22:15:00+00:00,2026-07-12 22:30:00+00:00,yes,0.63,500,0.6934306569343066,0.625,0.0434306569343066,14,8.16,1,176.84,31172.5059999996
2026-07-12 22:30:00+00:00,2026-07-12 22:30:00+00:00,2026-07-12 22:45:00+00:00,yes,0.63,500,0.6934306569343066,0.625,0.0434306569343066,14,8.16,0,-323.16,30849.3459999996
2026-07-12 22:47:00+00:00,2026-07-12 22:45:00+00:00,2026-07-12 23:00:00+00:00,yes,0.29,500,0.35533707865168535,0.28500000000000003,0.04533707865168536,12,7.21,1,347.79,31197.135999999602
2026-07-12 23:22:00+00:00,2026-07-12 23:15:00+00:00,2026-07-12 23:30:00+00:00,no,0.44999999999999996,500,0.48656716417910445,0.555,0.043432835820895535,7,8.67,1,-233.66999999999996,30963.465999999604
2026-07-12 23:33:00+00:00,2026-07-12 23:30:00+00:00,2026-07-12 23:45:00+00:00,no,0.65,500,0.2954822954822955,0.355,0.03451770451770443,11,7.97,0,167.03,31130.495999999603
2026-07-12 23:45:00+00:00,2026-07-12 23:45:00+00:00,2026-07-13 00:00:00+00:00,no,0.54,500,0.3769559032716927,0.46499999999999997,0.06304409672830726,14,8.7,0,221.3,31351.795999999602
2026-07-13 00:00:00+00:00,2026-07-13 00:00:00+00:00,2026-07-13 00:15:00+00:00,no,0.7,500,0.248868778280543,0.305,0.031131221719457054,14,7.35,1,-357.35,30994.445999999603
2026-07-13 00:16:00+00:00,2026-07-13 00:15:00+00:00,2026-07-13 00:30:00+00:00,no,0.5700000000000001,500,0.3769559032716927,0.435,0.03304409672830723,13,8.58,0,206.41999999999993,31200.8659999996
2026-07-13 00:34:00+00:00,2026-07-13 00:30:00+00:00,2026-07-13 00:45:00+00:00,no,0.84,500,0.11290322580645161,0.165,0.037096774193548405,10,4.71,0,75.29,31276.155999999602
2026-07-13 01:17:00+00:00,2026-07-13 01:15:00+00:00,2026-07-13 01:30:00+00:00,yes,0.26,500,0.35533707865168535,0.255,0.07533707865168533,12,6.74,0,-136.74,31139.4159999996
2026-07-13 01:35:00+00:00,2026-07-13 01:30:00+00:00,2026-07-13 01:45:00+00:00,yes,0.3,500,0.35533707865168535,0.295,0.03533707865168535,9,7.35,0,-157.35,30982.065999999602
2026-07-13 01:54:00+00:00,2026-07-13 01:45:00+00:00,2026-07-13 02:00:00+00:00,yes,0.05,500,0.09895833333333333,0.0495,0.038958333333333324,5,1.67,0,-26.67,30955.395999999604
2026-07-13 02:01:00+00:00,2026-07-13 02:00:00+00:00,2026-07-13 02:15:00+00:00,no,0.56,500,0.3769559032716927,0.445,0.04304409672830724,13,8.63,0,211.37,31166.765999999603
2026-07-13 02:23:00+00:00,2026-07-13 02:15:00+00:00,2026-07-13 02:30:00+00:00,yes,0.5,500,0.5637393767705381,0.495,0.04373937677053809,6,8.75,1,241.25,31408.015999999603
2026-07-13 02:32:00+00:00,2026-07-13 02:30:00+00:00,2026-07-13 02:45:00+00:00,yes,0.5,500,0.5637393767705381,0.495,0.04373937677053809,12,8.75,0,-258.75,31149.265999999603
2026-07-13 02:55:00+00:00,2026-07-13 02:45:00+00:00,2026-07-13 03:00:00+00:00,yes,0.043,500,0.09895833333333333,0.042499999999999996,0.04595833333333333,4,1.45,0,-22.95,31126.315999999602
2026-07-13 03:17:00+00:00,2026-07-13 03:15:00+00:00,2026-07-13 03:30:00+00:00,yes,0.64,500,0.6934306569343066,0.635,0.03343065693430659,12,8.07,1,171.93,31298.245999999603
2026-07-13 03:32:00+00:00,2026-07-13 03:30:00+00:00,2026-07-13 03:45:00+00:00,no,0.85,500,0.10497237569060773,0.155,0.03502762430939233,12,4.47,0,70.53,31368.7759999996
2026-07-13 03:55:00+00:00,2026-07-13 03:45:00+00:00,2026-07-13 04:00:00+00:00,no,0.53,500,0.3880597014925373,0.48,0.061940298507462646,4,8.72,0,226.28,31595.0559999996
2026-07-13 04:02:00+00:00,2026-07-13 04:00:00+00:00,2026-07-13 04:15:00+00:00,no,0.51,500,0.42857142857142855,0.495,0.041428571428571384,12,8.75,1,-263.75,31331.3059999996
2026-07-13 04:20:00+00:00,2026-07-13 04:15:00+00:00,2026-07-13 04:30:00+00:00,yes,0.83,500,0.8705357142857143,0.825,0.03053571428571434,9,4.94,1,80.06,31411.3659999996
2026-07-13 04:32:00+00:00,2026-07-13 04:30:00+00:00,2026-07-13 04:45:00+00:00,no,0.79,500,0.10497237569060773,0.215,0.08502762430939227,12,5.81,0,99.19,31510.5559999996
2026-07-13 04:56:00+00:00,2026-07-13 04:45:00+00:00,2026-07-13 05:00:00+00:00,no,0.15000000000000002,500,0.7526501766784452,0.855,0.08734982332155473,3,4.47,0,420.53,31931.0859999996
2026-07-13 05:00:00+00:00,2026-07-13 05:00:00+00:00,2026-07-13 05:15:00+00:00,no,0.65,500,0.2954822954822955,0.355,0.03451770451770443,14,7.97,1,-332.97,31598.115999999598
2026-07-13 05:15:00+00:00,2026-07-13 05:15:00+00:00,2026-07-13 05:30:00+00:00,no,0.65,500,0.2954822954822955,0.355,0.03451770451770443,14,7.97,0,167.03,31765.145999999597
2026-07-13 05:47:00+00:00,2026-07-13 05:45:00+00:00,2026-07-13 06:00:00+00:00,no,0.5700000000000001,500,0.3769559032716927,0.435,0.03304409672830723,12,8.58,0,206.41999999999993,31971.565999999595
2026-07-13 06:01:00+00:00,2026-07-13 06:00:00+00:00,2026-07-13 06:15:00+00:00,yes,0.77,500,0.844903988183161,0.765,0.054903988183161015,13,6.2,0,-391.2,31580.365999999594
2026-07-13 06:16:00+00:00,2026-07-13 06:15:00+00:00,2026-07-13 06:30:00+00:00,yes,0.63,500,0.6934306569343066,0.625,0.0434306569343066,13,8.16,1,176.84,31757.205999999594
2026-07-13 06:32:00+00:00,2026-07-13 06:30:00+00:00,2026-07-13 06:45:00+00:00,no,0.61,500,0.2954822954822955,0.395,0.07451770451770447,12,8.33,1,-313.33,31443.875999999593
2026-07-13 06:53:00+00:00,2026-07-13 06:45:00+00:00,2026-07-13 07:00:00+00:00,no,0.76,500,0.1712707182320442,0.245,0.04872928176795578,6,6.39,0,113.61,31557.485999999593
2026-07-13 07:00:00+00:00,2026-07-13 07:00:00+00:00,2026-07-13 07:15:00+00:00,no,0.54,500,0.3769559032716927,0.46499999999999997,0.06304409672830726,14,8.7,1,-278.7,31278.785999999593
2026-07-13 07:15:00+00:00,2026-07-13 07:15:00+00:00,2026-07-13 07:30:00+00:00,yes,0.48,500,0.6244604316546764,0.475,0.12446043165467637,14,8.74,1,251.26,31530.04599999959
2026-07-13 07:30:00+00:00,2026-07-13 07:30:00+00:00,2026-07-13 07:45:00+00:00,no,0.65,500,0.2954822954822955,0.355,0.03451770451770443,14,7.97,1,-332.97,31197.07599999959
2026-07-13 07:45:00+00:00,2026-07-13 07:45:00+00:00,2026-07-13 08:00:00+00:00,no,0.51,500,0.3769559032716927,0.495,0.09304409672830728,14,8.75,1,-263.75,30933.32599999959
2026-07-13 08:02:00+00:00,2026-07-13 08:00:00+00:00,2026-07-13 08:15:00+00:00,no,0.56,500,0.3769559032716927,0.445,0.04304409672830724,12,8.63,1,-288.63,30644.69599999959
2026-07-13 08:21:00+00:00,2026-07-13 08:15:00+00:00,2026-07-13 08:30:00+00:00,no,0.69,500,0.25412541254125415,0.315,0.035874587458745846,8,7.49,1,-352.49,30292.205999999587
2026-07-13 08:34:00+00:00,2026-07-13 08:30:00+00:00,2026-07-13 08:45:00+00:00,no,0.54,500,0.3769559032716927,0.46499999999999997,0.06304409672830726,10,8.7,1,-278.7,30013.505999999586
2026-07-13 08:46:00+00:00,2026-07-13 08:45:00+00:00,2026-07-13 09:00:00+00:00,yes,0.63,500,0.6934306569343066,0.625,0.0434306569343066,13,8.16,1,176.84,30190.345999999587
2026-07-13 09:01:00+00:00,2026-07-13 09:00:00+00:00,2026-07-13 09:15:00+00:00,no,0.62,500,0.2777777777777778,0.385,0.08222222222222221,13,8.25,0,181.75,30372.095999999587
2026-07-13 09:15:00+00:00,2026-07-13 09:15:00+00:00,2026-07-13 09:30:00+00:00,no,0.63,500,0.2954822954822955,0.375,0.05451770451770445,14,8.16,0,176.84,30548.935999999587
2026-07-13 09:30:00+00:00,2026-07-13 09:30:00+00:00,2026-07-13 09:45:00+00:00,no,0.53,500,0.3769559032716927,0.48,0.07304409672830726,14,8.72,0,226.28,30775.215999999586
2026-07-13 09:46:00+00:00,2026-07-13 09:45:00+00:00,2026-07-13 10:00:00+00:00,no,0.55,500,0.3769559032716927,0.455,0.05304409672830725,13,8.67,0,216.33,30991.545999999587
2026-07-13 10:02:00+00:00,2026-07-13 10:00:00+00:00,2026-07-13 10:15:00+00:00,no,0.53,500,0.3769559032716927,0.475,0.07304409672830726,12,8.72,0,226.28,31217.825999999586
2026-07-13 10:16:00+00:00,2026-07-13 10:15:00+00:00,2026-07-13 10:30:00+00:00,yes,0.54,500,0.6244604316546764,0.535,0.06446043165467631,13,8.7,1,221.3,31439.125999999585
2026-07-13 10:32:00+00:00,2026-07-13 10:30:00+00:00,2026-07-13 10:45:00+00:00,yes,0.73,500,0.844903988183161,0.725,0.09490398818316105,12,6.9,0,-371.9,31067.225999999584
2026-07-13 10:47:00+00:00,2026-07-13 10:45:00+00:00,2026-07-13 11:00:00+00:00,yes,0.5,500,0.5637393767705381,0.495,0.04373937677053809,12,8.75,0,-258.75,30808.475999999584
2026-07-13 11:01:00+00:00,2026-07-13 11:00:00+00:00,2026-07-13 11:15:00+00:00,yes,0.81,500,0.8868613138686131,0.805,0.05686131386861305,13,5.39,1,89.61,30898.085999999585
2026-07-13 11:16:00+00:00,2026-07-13 11:15:00+00:00,2026-07-13 11:30:00+00:00,no,0.5700000000000001,500,0.3769559032716927,0.435,0.03304409672830723,13,8.58,0,206.41999999999993,31104.505999999583
2026-07-13 11:40:00+00:00,2026-07-13 11:30:00+00:00,2026-07-13 11:45:00+00:00,yes,0.044,500,0.08585858585858586,0.0435,0.03185858585858586,4,1.48,0,-23.48,31081.025999999583
2026-07-13 11:52:00+00:00,2026-07-13 11:45:00+00:00,2026-07-13 12:00:00+00:00,yes,0.19,500,0.248868778280543,0.185,0.038868778280542984,7,5.39,0,-100.39,30980.635999999584
2026-07-13 12:01:00+00:00,2026-07-13 12:00:00+00:00,2026-07-13 12:15:00+00:00,yes,0.64,500,0.6934306569343066,0.635,0.03343065693430659,13,8.07,0,-328.07,30652.565999999584
2026-07-13 12:15:00+00:00,2026-07-13 12:15:00+00:00,2026-07-13 12:30:00+00:00,yes,0.56,500,0.6244604316546764,0.555,0.044460431654676294,14,8.63,0,-288.63,30363.935999999583
2026-07-13 12:31:00+00:00,2026-07-13 12:30:00+00:00,2026-07-13 12:45:00+00:00,no,0.56,500,0.3769559032716927,0.445,0.04304409672830724,13,8.63,0,211.37,30575.305999999582
2026-07-13 12:45:00+00:00,2026-07-13 12:45:00+00:00,2026-07-13 13:00:00+00:00,yes,0.5,500,0.5637393767705381,0.495,0.04373937677053809,14,8.75,1,241.25,30816.555999999582
2026-07-13 13:02:00+00:00,2026-07-13 13:00:00+00:00,2026-07-13 13:15:00+00:00,yes,0.59,500,0.6934306569343066,0.585,0.08343065693430664,12,8.47,0,-303.47,30513.08599999958
2026-07-13 13:15:00+00:00,2026-07-13 13:15:00+00:00,2026-07-13 13:30:00+00:00,yes,0.49,500,0.5637393767705381,0.485,0.0537393767705381,14,8.75,1,246.25,30759.33599999958
2026-07-13 13:30:00+00:00,2026-07-13 13:30:00+00:00,2026-07-13 13:45:00+00:00,yes,0.66,500,0.7301587301587301,0.655,0.05015873015873008,14,7.86,0,-337.86,30421.47599999958
2026-07-13 13:45:00+00:00,2026-07-13 13:45:00+00:00,2026-07-13 14:00:00+00:00,yes,0.59,500,0.6934306569343066,0.585,0.08343065693430664,14,8.47,0,-303.47,30118.00599999958
2026-07-13 14:00:00+00:00,2026-07-13 14:00:00+00:00,2026-07-13 14:15:00+00:00,yes,0.57,500,0.6244604316546764,0.565,0.034460431654676396,14,8.58,1,206.42,30324.425999999577
2026-07-13 14:36:00+00:00,2026-07-13 14:30:00+00:00,2026-07-13 14:45:00+00:00,no,0.52,500,0.41366223908918404,0.485,0.046337760910816,8,8.74,1,-268.74,30055.685999999576
2026-07-13 15:11:00+00:00,2026-07-13 15:00:00+00:00,2026-07-13 15:15:00+00:00,yes,0.65,500,0.7526501766784452,0.645,0.08265017667844522,3,7.97,1,167.03,30222.715999999575
2026-07-13 15:19:00+00:00,2026-07-13 15:15:00+00:00,2026-07-13 15:30:00+00:00,yes,0.79,500,0.844903988183161,0.785,0.034903988183161,10,5.81,1,99.19,30321.905999999573
2026-07-13 15:35:00+00:00,2026-07-13 15:30:00+00:00,2026-07-13 15:45:00+00:00,no,0.87,500,0.08585858585858586,0.135,0.034141414141414146,9,3.96,0,61.04,30382.945999999574
2026-07-13 15:45:00+00:00,2026-07-13 15:45:00+00:00,2026-07-13 16:00:00+00:00,no,0.5700000000000001,500,0.3769559032716927,0.435,0.03304409672830723,14,8.58,0,206.41999999999993,30589.365999999573
2026-07-13 16:01:00+00:00,2026-07-13 16:00:00+00:00,2026-07-13 16:15:00+00:00,no,0.6799999999999999,500,0.25412541254125415,0.325,0.045874587458745855,13,7.62,0,152.38000000000005,30741.745999999574
2026-07-13 16:16:00+00:00,2026-07-13 16:15:00+00:00,2026-07-13 16:30:00+00:00,no,0.6599999999999999,500,0.2857142857142857,0.345,0.03428571428571438,13,7.86,0,162.14000000000004,30903.885999999573
2026-07-13 16:47:00+00:00,2026-07-13 16:45:00+00:00,2026-07-13 17:00:00+00:00,yes,0.64,500,0.6934306569343066,0.635,0.03343065693430659,12,8.07,0,-328.07,30575.815999999573
2026-07-13 17:05:00+00:00,2026-07-13 17:00:00+00:00,2026-07-13 17:15:00+00:00,no,0.54,500,0.3968253968253968,0.46499999999999997,0.04317460317460321,9,8.7,1,-278.7,30297.115999999573
2026-07-13 17:22:00+00:00,2026-07-13 17:15:00+00:00,2026-07-13 17:30:00+00:00,no,0.86,500,0.09895833333333333,0.14500000000000002,0.03104166666666664,7,4.22,0,65.78,30362.89599999957
2026-07-13 17:32:00+00:00,2026-07-13 17:30:00+00:00,2026-07-13 17:45:00+00:00,no,0.5700000000000001,500,0.3769559032716927,0.435,0.03304409672830723,12,8.58,0,206.41999999999993,30569.31599999957
2026-07-13 17:46:00+00:00,2026-07-13 17:45:00+00:00,2026-07-13 18:00:00+00:00,yes,0.51,500,0.5637393767705381,0.505,0.03373937677053808,13,8.75,0,-263.75,30305.56599999957
2026-07-13 18:02:00+00:00,2026-07-13 18:00:00+00:00,2026-07-13 18:15:00+00:00,yes,0.63,500,0.6934306569343066,0.625,0.0434306569343066,12,8.16,1,176.84,30482.40599999957
2026-07-13 18:15:00+00:00,2026-07-13 18:15:00+00:00,2026-07-13 18:30:00+00:00,yes,0.51,500,0.5637393767705381,0.505,0.03373937677053808,14,8.75,0,-263.75,30218.65599999957
2026-07-13 18:42:00+00:00,2026-07-13 18:30:00+00:00,2026-07-13 18:45:00+00:00,no,0.09299999999999997,500,0.844903988183161,0.9085000000000001,0.05209601181683899,2,2.96,1,-49.45999999999999,30169.19599999957
2026-07-13 18:48:00+00:00,2026-07-13 18:45:00+00:00,2026-07-13 19:00:00+00:00,no,0.5700000000000001,500,0.3769559032716927,0.435,0.03304409672830723,11,8.58,1,-293.58000000000004,29875.61599999957
2026-07-13 19:06:00+00:00,2026-07-13 19:00:00+00:00,2026-07-13 19:15:00+00:00,yes,0.5,500,0.5637393767705381,0.495,0.04373937677053809,8,8.75,1,241.25,30116.86599999957
2026-07-13 19:21:00+00:00,2026-07-13 19:15:00+00:00,2026-07-13 19:30:00+00:00,no,0.85,500,0.09895833333333333,0.155,0.04104166666666665,8,4.47,0,70.53,30187.395999999568
2026-07-13 19:31:00+00:00,2026-07-13 19:30:00+00:00,2026-07-13 19:45:00+00:00,yes,0.79,500,0.844903988183161,0.785,0.034903988183161,13,5.81,1,99.19,30286.585999999566
2026-07-13 19:51:00+00:00,2026-07-13 19:45:00+00:00,2026-07-13 20:00:00+00:00,yes,0.82,500,0.8868613138686131,0.815,0.046861313868613155,8,5.17,1,84.83,30371.415999999568
2026-07-13 20:02:00+00:00,2026-07-13 20:00:00+00:00,2026-07-13 20:15:00+00:00,no,0.56,500,0.3769559032716927,0.445,0.04304409672830724,12,8.63,0,211.37,30582.785999999567
2026-07-13 20:16:00+00:00,2026-07-13 20:15:00+00:00,2026-07-13 20:30:00+00:00,no,0.6799999999999999,500,0.25412541254125415,0.325,0.045874587458745855,13,7.62,0,152.38000000000005,30735.165999999568
2026-07-13 20:35:00+00:00,2026-07-13 20:30:00+00:00,2026-07-13 20:45:00+00:00,yes,0.77,500,0.844903988183161,0.765,0.054903988183161015,9,6.2,0,-391.2,30343.965999999567
2026-07-13 20:45:00+00:00,2026-07-13 20:45:00+00:00,2026-07-13 21:00:00+00:00,no,0.74,500,0.1510791366906475,0.265,0.08892086330935257,14,6.74,0,123.26,30467.225999999566
2026-07-13 21:06:00+00:00,2026-07-13 21:00:00+00:00,2026-07-13 21:15:00+00:00,yes,0.3,500,0.35533707865168535,0.295,0.03533707865168535,8,7.35,0,-157.35,30309.875999999567
2026-07-13 21:15:00+00:00,2026-07-13 21:15:00+00:00,2026-07-13 21:30:00+00:00,yes,0.57,500,0.6934306569343066,0.565,0.10343065693430666,14,8.58,0,-293.58,30016.295999999566
2026-07-13 21:35:00+00:00,2026-07-13 21:30:00+00:00,2026-07-13 21:45:00+00:00,yes,0.62,500,0.6934306569343066,0.615,0.05343065693430661,9,8.25,0,-318.25,29698.045999999566
2026-07-13 21:48:00+00:00,2026-07-13 21:45:00+00:00,2026-07-13 22:00:00+00:00,yes,0.62,500,0.6934306569343066,0.615,0.05343065693430661,11,8.25,1,181.75,29879.795999999566
2026-07-13 22:01:00+00:00,2026-07-13 22:00:00+00:00,2026-07-13 22:15:00+00:00,yes,0.67,500,0.7276119402985076,0.665,0.037611940298507576,13,7.74,1,157.26,30037.055999999564
2026-07-13 22:20:00+00:00,2026-07-13 22:15:00+00:00,2026-07-13 22:30:00+00:00,yes,0.64,500,0.7073991031390134,0.635,0.047399103139013424,9,8.07,0,-328.07,29708.985999999564
2026-07-13 22:33:00+00:00,2026-07-13 22:30:00+00:00,2026-07-13 22:45:00+00:00,no,0.85,500,0.1,0.155,0.04000000000000004,11,4.47,0,70.53,29779.515999999563
2026-07-13 23:02:00+00:00,2026-07-13 23:00:00+00:00,2026-07-13 23:15:00+00:00,yes,0.52,500,0.6244604316546764,0.515,0.08446043165467633,12,8.74,1,231.26,30010.77599999956
2026-07-13 23:15:00+00:00,2026-07-13 23:15:00+00:00,2026-07-13 23:30:00+00:00,no,0.41000000000000003,500,0.48656716417910445,0.595,0.08343283582089546,14,8.47,1,-213.47000000000003,29797.30599999956
2026-07-13 23:30:00+00:00,2026-07-13 23:30:00+00:00,2026-07-13 23:45:00+00:00,no,0.69,500,0.248868778280543,0.315,0.04113122171945706,14,7.49,0,147.51,29944.81599999956
2026-07-13 23:46:00+00:00,2026-07-13 23:45:00+00:00,2026-07-14 00:00:00+00:00,yes,0.77,500,0.8705357142857143,0.765,0.08053571428571428,13,6.2,1,108.8,30053.615999999558
2026-07-14 00:02:00+00:00,2026-07-14 00:00:00+00:00,2026-07-14 00:15:00+00:00,no,0.56,500,0.3769559032716927,0.445,0.04304409672830724,12,8.63,1,-288.63,29764.985999999557
2026-07-14 00:15:00+00:00,2026-07-14 00:15:00+00:00,2026-07-14 00:30:00+00:00,no,0.78,500,0.1510791366906475,0.225,0.04892086330935254,14,6.01,0,103.99,29868.97599999956
2026-07-14 00:30:00+00:00,2026-07-14 00:30:00+00:00,2026-07-14 00:45:00+00:00,yes,0.64,500,0.6934306569343066,0.635,0.03343065693430659,14,8.07,0,-328.07,29540.90599999956
2026-07-14 01:09:00+00:00,2026-07-14 01:00:00+00:00,2026-07-14 01:15:00+00:00,yes,0.16,500,0.248868778280543,0.155,0.07886877828054299,5,4.71,0,-84.71,29456.19599999956
2026-07-14 01:16:00+00:00,2026-07-14 01:15:00+00:00,2026-07-14 01:30:00+00:00,no,0.33999999999999997,500,0.6023391812865497,0.665,0.0376608187134503,13,7.86,1,-177.85999999999999,29278.33599999956
2026-07-14 01:38:00+00:00,2026-07-14 01:30:00+00:00,2026-07-14 01:45:00+00:00,yes,0.3,500,0.35533707865168535,0.295,0.03533707865168535,6,7.35,0,-157.35,29120.98599999956
2026-07-14 01:46:00+00:00,2026-07-14 01:45:00+00:00,2026-07-14 02:00:00+00:00,no,0.55,500,0.3769559032716927,0.455,0.05304409672830725,13,8.67,1,-283.67,28837.315999999562
2026-07-14 02:00:00+00:00,2026-07-14 02:00:00+00:00,2026-07-14 02:15:00+00:00,no,0.74,500,0.1963470319634703,0.265,0.04365296803652964,14,6.74,0,123.26,28960.57599999956
2026-07-14 02:15:00+00:00,2026-07-14 02:15:00+00:00,2026-07-14 02:30:00+00:00,no,0.54,500,0.3769559032716927,0.46499999999999997,0.06304409672830726,14,8.7,0,221.3,29181.87599999956
2026-07-14 02:35:00+00:00,2026-07-14 02:30:00+00:00,2026-07-14 02:45:00+00:00,yes,0.85,500,0.8978102189781022,0.845,0.037810218978102224,9,4.47,1,70.53,29252.40599999956
2026-07-14 02:56:00+00:00,2026-07-14 02:45:00+00:00,2026-07-14 03:00:00+00:00,yes,0.026,500,0.08585858585858586,0.0245,0.04985858585858586,3,0.89,0,-13.89,29238.51599999956
2026-07-14 03:03:00+00:00,2026-07-14 03:00:00+00:00,2026-07-14 03:15:00+00:00,no,0.54,500,0.3769559032716927,0.46499999999999997,0.06304409672830726,11,8.7,0,221.3,29459.81599999956
2026-07-14 03:26:00+00:00,2026-07-14 03:15:00+00:00,2026-07-14 03:30:00+00:00,no,0.10999999999999999,500,0.844903988183161,0.895,0.035096011816838975,3,3.43,1,-58.42999999999999,29401.38599999956
2026-07-14 03:31:00+00:00,2026-07-14 03:30:00+00:00,2026-07-14 03:45:00+00:00,no,0.43999999999999995,500,0.4855305466237942,0.565,0.054469453376205804,13,8.63,1,-228.62999999999997,29172.755999999557
2026-07-14 03:48:00+00:00,2026-07-14 03:45:00+00:00,2026-07-14 04:00:00+00:00,yes,0.71,500,0.8005115089514067,0.705,0.07051150895140669,11,7.21,1,137.79,29310.54599999956
2026-07-14 04:02:00+00:00,2026-07-14 04:00:00+00:00,2026-07-14 04:15:00+00:00,yes,0.6,500,0.6934306569343066,0.595,0.07343065693430663,12,8.4,0,-308.4,29002.145999999557
2026-07-14 04:15:00+00:00,2026-07-14 04:15:00+00:00,2026-07-14 04:30:00+00:00,yes,0.49,500,0.5637393767705381,0.485,0.0537393767705381,14,8.75,1,246.25,29248.395999999557
2026-07-14 04:32:00+00:00,2026-07-14 04:30:00+00:00,2026-07-14 04:45:00+00:00,yes,0.71,500,0.844903988183161,0.705,0.11490398818316107,12,7.21,1,137.79,29386.185999999558
2026-07-14 04:45:00+00:00,2026-07-14 04:45:00+00:00,2026-07-14 05:00:00+00:00,no,0.55,500,0.3769559032716927,0.45999999999999996,0.05304409672830725,14,8.67,1,-283.67,29102.51599999956
2026-07-14 05:00:00+00:00,2026-07-14 05:00:00+00:00,2026-07-14 05:15:00+00:00,no,0.7,500,0.1963470319634703,0.305,0.08365296803652968,14,7.35,1,-357.35,28745.16599999956
2026-07-14 05:16:00+00:00,2026-07-14 05:15:00+00:00,2026-07-14 05:30:00+00:00,no,0.6799999999999999,500,0.25412541254125415,0.325,0.045874587458745855,13,7.62,1,-347.61999999999995,28397.545999999562
2026-07-14 05:33:00+00:00,2026-07-14 05:30:00+00:00,2026-07-14 05:45:00+00:00,yes,0.64,500,0.6934306569343066,0.635,0.03343065693430659,11,8.07,0,-328.07,28069.475999999562
2026-07-14 05:47:00+00:00,2026-07-14 05:45:00+00:00,2026-07-14 06:00:00+00:00,no,0.75,500,0.1963470319634703,0.255,0.03365296803652963,12,6.57,0,118.43,28187.905999999562
2026-07-14 06:00:00+00:00,2026-07-14 06:00:00+00:00,2026-07-14 06:15:00+00:00,no,0.43000000000000005,500,0.43478260869565216,0.575,0.11521739130434784,14,8.58,0,276.42,28464.32599999956
2026-07-14 06:20:00+00:00,2026-07-14 06:15:00+00:00,2026-07-14 06:30:00+00:00,yes,0.39,500,0.4855305466237942,0.385,0.07553054662379417,9,8.33,1,296.67,28760.99599999956
2026-07-14 06:31:00+00:00,2026-07-14 06:30:00+00:00,2026-07-14 06:45:00+00:00,yes,0.77,500,0.8705357142857143,0.765,0.08053571428571428,13,6.2,1,108.8,28869.79599999956
2026-07-14 06:53:00+00:00,2026-07-14 06:45:00+00:00,2026-07-14 07:00:00+00:00,no,0.8,500,0.09895833333333333,0.20500000000000002,0.08104166666666658,6,5.6,0,94.4,28964.19599999956
2026-07-14 07:00:00+00:00,2026-07-14 07:00:00+00:00,2026-07-14 07:15:00+00:00,no,0.52,500,0.41366223908918404,0.485,0.046337760910816,14,8.74,0,231.26,29195.455999999558
2026-07-14 07:19:00+00:00,2026-07-14 07:15:00+00:00,2026-07-14 07:30:00+00:00,yes,0.62,500,0.7073991031390134,0.615,0.06739910313901344,10,8.25,1,181.75,29377.205999999558
2026-07-14 07:30:00+00:00,2026-07-14 07:30:00+00:00,2026-07-14 07:45:00+00:00,no,0.54,500,0.3769559032716927,0.46499999999999997,0.06304409672830726,14,8.7,0,221.3,29598.505999999557
2026-07-14 07:45:00+00:00,2026-07-14 07:45:00+00:00,2026-07-14 08:00:00+00:00,no,0.53,500,0.3769559032716927,0.475,0.07304409672830726,14,8.72,0,226.28,29824.785999999556
2026-07-14 08:03:00+00:00,2026-07-14 08:00:00+00:00,2026-07-14 08:15:00+00:00,no,0.5900000000000001,500,0.35533707865168535,0.415,0.034662921348314515,11,8.47,0,196.52999999999994,30021.315999999555
2026-07-14 08:16:00+00:00,2026-07-14 08:15:00+00:00,2026-07-14 08:30:00+00:00,yes,0.8,500,0.9072164948453608,0.795,0.08721649484536077,13,5.6,1,94.4,30115.715999999557
2026-07-14 08:32:00+00:00,2026-07-14 08:30:00+00:00,2026-07-14 08:45:00+00:00,no,0.64,500,0.2954822954822955,0.365,0.04451770451770444,12,8.07,1,-328.07,29787.645999999557
2026-07-14 08:46:00+00:00,2026-07-14 08:45:00+00:00,2026-07-14 09:00:00+00:00,no,0.5900000000000001,500,0.35533707865168535,0.415,0.034662921348314515,13,8.47,0,196.52999999999994,29984.175999999556
2026-07-14 09:01:00+00:00,2026-07-14 09:00:00+00:00,2026-07-14 09:15:00+00:00,no,0.5800000000000001,500,0.3275862068965517,0.425,0.07241379310344821,13,8.53,0,201.46999999999994,30185.645999999557
2026-07-14 09:17:00+00:00,2026-07-14 09:15:00+00:00,2026-07-14 09:30:00+00:00,yes,0.62,500,0.6934306569343066,0.615,0.05343065693430661,12,8.25,0,-318.25,29867.395999999557
2026-07-14 09:50:00+00:00,2026-07-14 09:45:00+00:00,2026-07-14 10:00:00+00:00,yes,0.55,500,0.6023391812865497,0.545,0.03233918128654968,9,8.67,1,216.33,30083.72599999956
2026-07-14 10:01:00+00:00,2026-07-14 10:00:00+00:00,2026-07-14 10:15:00+00:00,yes,0.76,500,0.8266666666666667,0.755,0.04666666666666665,13,6.39,1,113.61,30197.33599999956
2026-07-14 10:15:00+00:00,2026-07-14 10:15:00+00:00,2026-07-14 10:30:00+00:00,no,0.44999999999999996,500,0.4854014598540146,0.555,0.044598540145985424,14,8.67,0,266.33,30463.66599999956
2026-07-14 10:45:00+00:00,2026-07-14 10:45:00+00:00,2026-07-14 11:00:00+00:00,no,0.44999999999999996,500,0.4854014598540146,0.555,0.044598540145985424,14,8.67,1,-233.66999999999996,30229.995999999563
2026-07-14 11:02:00+00:00,2026-07-14 11:00:00+00:00,2026-07-14 11:15:00+00:00,no,0.76,500,0.1712707182320442,0.245,0.04872928176795578,12,6.39,0,113.61,30343.605999999563
2026-07-14 11:21:00+00:00,2026-07-14 11:15:00+00:00,2026-07-14 11:30:00+00:00,no,0.43000000000000005,500,0.4855305466237942,0.575,0.0644694533762057,8,8.58,1,-223.58000000000004,30120.02599999956
2026-07-14 11:31:00+00:00,2026-07-14 11:30:00+00:00,2026-07-14 11:45:00+00:00,no,0.56,500,0.3769559032716927,0.445,0.04304409672830724,13,8.63,1,-288.63,29831.39599999956
2026-07-14 11:46:00+00:00,2026-07-14 11:45:00+00:00,2026-07-14 12:00:00+00:00,no,0.5,500,0.3769559032716927,0.505,0.10304409672830729,13,8.75,0,241.25,30072.64599999956
2026-07-14 12:00:00+00:00,2026-07-14 12:00:00+00:00,2026-07-14 12:15:00+00:00,no,0.55,500,0.3769559032716927,0.455,0.05304409672830725,14,8.67,0,216.33,30288.975999999562
2026-07-14 12:16:00+00:00,2026-07-14 12:15:00+00:00,2026-07-14 12:30:00+00:00,yes,0.59,500,0.6875,0.585,0.07750000000000003,13,8.47,1,196.53,30485.50599999956
2026-07-14 12:32:00+00:00,2026-07-14 12:30:00+00:00,2026-07-14 12:45:00+00:00,no,0.06999999999999995,500,0.8868613138686131,0.9305000000000001,0.03313868613138694,12,2.28,1,-37.27999999999998,30448.225999999562
2026-07-14 12:45:00+00:00,2026-07-14 12:45:00+00:00,2026-07-14 13:00:00+00:00,no,0.25,500,0.6244604316546764,0.755,0.10553956834532364,14,6.57,1,-131.57,30316.655999999562
2026-07-14 13:00:00+00:00,2026-07-14 13:00:00+00:00,2026-07-14 13:15:00+00:00,no,0.6699999999999999,500,0.25412541254125415,0.335,0.055874587458745864,14,7.74,0,157.26000000000005,30473.91599999956
2026-07-14 13:15:00+00:00,2026-07-14 13:15:00+00:00,2026-07-14 13:30:00+00:00,no,0.37,500,0.5637393767705381,0.635,0.04626062322946191,14,8.16,1,-193.16,30280.75599999956
2026-07-14 13:30:00+00:00,2026-07-14 13:30:00+00:00,2026-07-14 13:45:00+00:00,no,0.54,500,0.3769559032716927,0.46499999999999997,0.06304409672830726,14,8.7,0,221.3,30502.05599999956
2026-07-14 13:46:00+00:00,2026-07-14 13:45:00+00:00,2026-07-14 14:00:00+00:00,no,0.43999999999999995,500,0.4854014598540146,0.565,0.05459854014598543,13,8.63,1,-228.62999999999997,30273.42599999956
2026-07-14 14:00:00+00:00,2026-07-14 14:00:00+00:00,2026-07-14 14:15:00+00:00,no,0.5700000000000001,500,0.3769559032716927,0.435,0.03304409672830723,14,8.58,1,-293.58000000000004,29979.845999999558
2026-07-14 14:15:00+00:00,2026-07-14 14:15:00+00:00,2026-07-14 14:30:00+00:00,no,0.49,500,0.43478260869565216,0.515,0.0552173913043479,14,8.75,1,-253.75,29726.095999999558
2026-07-14 14:30:00+00:00,2026-07-14 14:30:00+00:00,2026-07-14 14:45:00+00:00,no,0.51,500,0.43478260869565216,0.495,0.03521739130434788,14,8.75,1,-263.75,29462.345999999558
2026-07-14 14:45:00+00:00,2026-07-14 14:45:00+00:00,2026-07-14 15:00:00+00:00,no,0.49,500,0.41366223908918404,0.515,0.07633776091081602,14,8.75,1,-253.75,29208.595999999558
2026-07-14 15:00:00+00:00,2026-07-14 15:00:00+00:00,2026-07-14 15:15:00+00:00,no,0.32999999999999996,500,0.4855305466237942,0.675,0.1644694533762058,14,7.74,0,327.26,29535.855999999556
2026-07-14 15:16:00+00:00,2026-07-14 15:15:00+00:00,2026-07-14 15:30:00+00:00,no,0.44999999999999996,500,0.48412698412698413,0.555,0.04587301587301586,13,8.67,1,-233.66999999999996,29302.185999999558
2026-07-14 15:33:00+00:00,2026-07-14 15:30:00+00:00,2026-07-14 15:45:00+00:00,yes,0.87,500,0.9265175718849841,0.865,0.04651757188498407,11,3.96,1,61.04,29363.22599999956
2026-07-14 15:45:00+00:00,2026-07-14 15:45:00+00:00,2026-07-14 16:00:00+00:00,no,0.43999999999999995,500,0.48412698412698413,0.565,0.055873015873015866,14,8.63,0,271.37,29634.595999999558
2026-07-14 16:05:00+00:00,2026-07-14 16:00:00+00:00,2026-07-14 16:15:00+00:00,no,0.52,500,0.3968253968253968,0.485,0.06317460317460323,9,8.74,0,231.26,29865.855999999556
2026-07-14 16:15:00+00:00,2026-07-14 16:15:00+00:00,2026-07-14 16:30:00+00:00,no,0.5700000000000001,500,0.3769559032716927,0.435,0.03304409672830723,14,8.58,1,-293.58000000000004,29572.275999999554
2026-07-14 16:30:00+00:00,2026-07-14 16:30:00+00:00,2026-07-14 16:45:00+00:00,no,0.52,500,0.3769559032716927,0.485,0.08304409672830727,14,8.74,0,231.26,29803.535999999553
2026-07-14 16:51:00+00:00,2026-07-14 16:45:00+00:00,2026-07-14 17:00:00+00:00,yes,0.51,500,0.5637393767705381,0.505,0.03373937677053808,8,8.75,0,-263.75,29539.785999999553
2026-07-14 17:01:00+00:00,2026-07-14 17:00:00+00:00,2026-07-14 17:15:00+00:00,no,0.6599999999999999,500,0.25412541254125415,0.345,0.06587458745874587,13,7.86,0,162.14000000000004,29701.925999999552
2026-07-14 17:17:00+00:00,2026-07-14 17:15:00+00:00,2026-07-14 17:30:00+00:00,yes,0.3,500,0.35533707865168535,0.295,0.03533707865168535,12,7.35,0,-157.35,29544.575999999553
2026-07-14 17:37:00+00:00,2026-07-14 17:30:00+00:00,2026-07-14 17:45:00+00:00,yes,0.13,500,0.1712707182320442,0.125,0.0312707182320442,7,3.96,0,-68.96,29475.615999999554
2026-07-14 17:45:00+00:00,2026-07-14 17:45:00+00:00,2026-07-14 18:00:00+00:00,no,0.38,500,0.5637393767705381,0.625,0.0362606232294619,14,8.25,1,-198.25,29277.365999999554
2026-07-14 18:03:00+00:00,2026-07-14 18:00:00+00:00,2026-07-14 18:15:00+00:00,no,0.69,500,0.25412541254125415,0.315,0.035874587458745846,11,7.49,0,147.51,29424.875999999553
2026-07-14 18:21:00+00:00,2026-07-14 18:15:00+00:00,2026-07-14 18:30:00+00:00,no,0.44999999999999996,500,0.4855305466237942,0.555,0.044469453376205795,8,8.67,1,-233.66999999999996,29191.205999999554
2026-07-14 18:43:00+00:00,2026-07-14 18:30:00+00:00,2026-07-14 18:45:00+00:00,no,0.009000000000000008,500,0.9265175718849841,0.9915,0.05448242811501592,1,0.32,1,-4.820000000000004,29186.385999999555
2026-07-14 18:52:00+00:00,2026-07-14 18:45:00+00:00,2026-07-14 19:00:00+00:00,no,0.56,500,0.3769559032716927,0.445,0.04304409672830724,7,8.63,0,211.37,29397.755999999554
2026-07-14 19:07:00+00:00,2026-07-14 19:00:00+00:00,2026-07-14 19:15:00+00:00,no,0.45999999999999996,500,0.48656716417910445,0.545,0.033432835820895526,7,8.7,1,-238.69999999999996,29159.055999999553
2026-07-14 19:18:00+00:00,2026-07-14 19:15:00+00:00,2026-07-14 19:30:00+00:00,no,0.77,500,0.1712707182320442,0.235,0.03872928176795577,11,6.2,0,108.8,29267.855999999552
2026-07-14 19:30:00+00:00,2026-07-14 19:30:00+00:00,2026-07-14 19:45:00+00:00,no,0.7,500,0.248868778280543,0.305,0.031131221719457054,14,7.35,0,142.65,29410.505999999554
2026-07-14 19:49:00+00:00,2026-07-14 19:45:00+00:00,2026-07-14 20:00:00+00:00,yes,0.83,500,0.8705357142857143,0.825,0.03053571428571434,10,4.94,1,80.06,29490.565999999555
2026-07-14 20:00:00+00:00,2026-07-14 20:00:00+00:00,2026-07-14 20:15:00+00:00,no,0.64,500,0.2954822954822955,0.365,0.04451770451770444,14,8.07,0,171.93,29662.495999999555
2026-07-14 20:17:00+00:00,2026-07-14 20:15:00+00:00,2026-07-14 20:30:00+00:00,yes,0.62,500,0.6934306569343066,0.615,0.05343065693430661,12,8.25,0,-318.25,29344.245999999555
2026-07-14 20:34:00+00:00,2026-07-14 20:30:00+00:00,2026-07-14 20:45:00+00:00,yes,0.51,500,0.6244604316546764,0.505,0.09446043165467634,10,8.75,1,236.25,29580.495999999555
2026-07-14 20:47:00+00:00,2026-07-14 20:45:00+00:00,2026-07-14 21:00:00+00:00,yes,0.83,500,0.8868613138686131,0.825,0.04686131386861315,12,4.94,1,80.06,29660.555999999557
2026-07-14 21:02:00+00:00,2026-07-14 21:00:00+00:00,2026-07-14 21:15:00+00:00,no,0.76,500,0.1712707182320442,0.245,0.04872928176795578,12,6.39,1,-386.39,29274.165999999557
2026-07-14 21:22:00+00:00,2026-07-14 21:15:00+00:00,2026-07-14 21:30:00+00:00,no,0.25,500,0.6934306569343066,0.755,0.036569343065693385,7,6.57,1,-131.57,29142.595999999558
2026-07-14 21:32:00+00:00,2026-07-14 21:30:00+00:00,2026-07-14 21:45:00+00:00,no,0.45999999999999996,500,0.48412698412698413,0.55,0.03587301587301585,12,8.7,1,-238.69999999999996,28903.895999999557
2026-07-14 21:51:00+00:00,2026-07-14 21:45:00+00:00,2026-07-14 22:00:00+00:00,yes,0.098,500,0.1510791366906475,0.097,0.04307913669064748,8,3.1,0,-52.1,28851.79599999956
2026-07-14 22:32:00+00:00,2026-07-14 22:30:00+00:00,2026-07-14 22:45:00+00:00,yes,0.32,500,0.3769559032716927,0.315,0.036955903271692694,12,7.62,0,-167.62,28684.17599999956
2026-07-14 22:47:00+00:00,2026-07-14 22:45:00+00:00,2026-07-14 23:00:00+00:00,no,0.51,500,0.41366223908918404,0.495,0.05633776091081601,12,8.75,0,236.25,28920.42599999956
2026-07-14 23:02:00+00:00,2026-07-14 23:00:00+00:00,2026-07-14 23:15:00+00:00,yes,0.21,500,0.2601744186046512,0.20500000000000002,0.030174418604651188,12,5.81,1,389.19,29309.615999999558
2026-07-14 23:16:00+00:00,2026-07-14 23:15:00+00:00,2026-07-14 23:30:00+00:00,yes,0.26,500,0.324468085106383,0.255,0.04446808510638296,13,6.74,0,-136.74,29172.875999999556
2026-07-14 23:31:00+00:00,2026-07-14 23:30:00+00:00,2026-07-14 23:45:00+00:00,no,0.4,500,0.5192307692307693,0.605,0.0607692307692307,13,8.4,1,-208.4,28964.475999999555
2026-07-14 23:46:00+00:00,2026-07-14 23:45:00+00:00,2026-07-15 00:00:00+00:00,no,0.52,500,0.4087665647298675,0.485,0.05123343527013248,13,8.74,1,-268.74,28695.735999999553
2026-07-15 00:00:00+00:00,2026-07-15 00:00:00+00:00,2026-07-15 00:15:00+00:00,no,0.43000000000000005,500,0.5035799522673032,0.575,0.046420047732696715,14,8.58,0,276.42,28972.15599999955
2026-07-15 00:31:00+00:00,2026-07-15 00:30:00+00:00,2026-07-15 00:45:00+00:00,no,0.73,500,0.20758483033932135,0.275,0.04241516966067872,13,6.9,0,128.1,29100.25599999955
2026-07-15 00:45:00+00:00,2026-07-15 00:45:00+00:00,2026-07-15 01:00:00+00:00,yes,0.7,500,0.7880597014925373,0.695,0.06805970149253739,14,7.35,1,142.65,29242.90599999955
2026-07-15 01:00:00+00:00,2026-07-15 01:00:00+00:00,2026-07-15 01:15:00+00:00,no,0.76,500,0.17728055077452667,0.245,0.04271944922547334,14,6.39,0,113.61,29356.515999999552
2026-07-15 01:20:00+00:00,2026-07-15 01:15:00+00:00,2026-07-15 01:30:00+00:00,no,0.76,500,0.17728055077452667,0.245,0.04271944922547334,9,6.39,1,-386.39,28970.125999999553
2026-07-15 01:31:00+00:00,2026-07-15 01:30:00+00:00,2026-07-15 01:45:00+00:00,no,0.6799999999999999,500,0.2605459057071961,0.325,0.0394540942928039,13,7.62,0,152.38000000000005,29122.505999999554
2026-07-15 01:45:00+00:00,2026-07-15 01:45:00+00:00,2026-07-15 02:00:00+00:00,no,0.45999999999999996,500,0.48905109489051074,0.545,0.03094890510948935,14,8.7,0,261.3,29383.805999999553
2026-07-15 02:09:00+00:00,2026-07-15 02:00:00+00:00,2026-07-15 02:15:00+00:00,yes,0.83,500,0.8793532338308457,0.825,0.039353233830845775,5,4.94,1,80.06,29463.865999999554
2026-07-15 02:36:00+00:00,2026-07-15 02:30:00+00:00,2026-07-15 02:45:00+00:00,yes,0.62,500,0.6794195250659629,0.615,0.039419525065962926,8,8.25,1,181.75,29645.615999999554
2026-07-15 02:45:00+00:00,2026-07-15 02:45:00+00:00,2026-07-15 03:00:00+00:00,yes,0.52,500,0.5786666666666667,0.515,0.03866666666666664,14,8.74,0,-268.74,29376.875999999553
2026-07-15 03:04:00+00:00,2026-07-15 03:00:00+00:00,2026-07-15 03:15:00+00:00,yes,0.85,500,0.8953168044077136,0.845,0.03531680440771357,10,4.47,1,70.53,29447.40599999955
2026-07-15 03:15:00+00:00,2026-07-15 03:15:00+00:00,2026-07-15 03:30:00+00:00,no,0.53,500,0.4087665647298675,0.475,0.04123343527013247,14,8.72,0,226.28,29673.68599999955
2026-07-15 03:30:00+00:00,2026-07-15 03:30:00+00:00,2026-07-15 03:45:00+00:00,yes,0.84,500,0.9019607843137255,0.835,0.051960784313725535,14,4.71,1,75.29,29748.97599999955
2026-07-15 03:50:00+00:00,2026-07-15 03:45:00+00:00,2026-07-15 04:00:00+00:00,no,0.09499999999999997,500,0.8250728862973761,0.906,0.06992711370262396,9,3.01,1,-50.509999999999984,29698.465999999553
2026-07-15 04:04:00+00:00,2026-07-15 04:00:00+00:00,2026-07-15 04:15:00+00:00,yes,0.27,500,0.324468085106383,0.265,0.034468085106382954,10,6.9,1,358.1,30056.56599999955
2026-07-15 04:16:00+00:00,2026-07-15 04:15:00+00:00,2026-07-15 04:30:00+00:00,no,0.41000000000000003,500,0.5035799522673032,0.595,0.06642004773269673,13,8.47,0,286.53,30343.09599999955
2026-07-15 04:30:00+00:00,2026-07-15 04:30:00+00:00,2026-07-15 04:45:00+00:00,yes,0.21,500,0.2601744186046512,0.20500000000000002,0.030174418604651188,14,5.81,1,389.19,30732.28599999955
2026-07-15 04:52:00+00:00,2026-07-15 04:45:00+00:00,2026-07-15 05:00:00+00:00,yes,0.82,500,0.8793532338308457,0.815,0.03935323383084578,7,5.17,0,-415.17,30317.11599999955
2026-07-15 05:01:00+00:00,2026-07-15 05:00:00+00:00,2026-07-15 05:15:00+00:00,no,0.31000000000000005,500,0.6267166042446941,0.695,0.043283395755305834,13,7.49,0,337.51,30654.62599999955
2026-07-15 05:17:00+00:00,2026-07-15 05:15:00+00:00,2026-07-15 05:30:00+00:00,yes,0.75,500,0.8053097345132744,0.745,0.03530973451327436,12,6.57,1,118.43,30773.05599999955
2026-07-15 05:30:00+00:00,2026-07-15 05:30:00+00:00,2026-07-15 05:45:00+00:00,yes,0.44,500,0.5035799522673032,0.435,0.043579952267303226,14,8.63,1,271.37,31044.42599999955
2026-07-15 05:46:00+00:00,2026-07-15 05:45:00+00:00,2026-07-15 06:00:00+00:00,no,0.35,500,0.5786666666666667,0.655,0.051333333333333356,13,7.97,1,-182.97,30861.455999999547
2026-07-15 06:05:00+00:00,2026-07-15 06:00:00+00:00,2026-07-15 06:15:00+00:00,no,0.49,500,0.4515235457063712,0.515,0.038476454293628795,9,8.75,1,-253.75,30607.705999999547
2026-07-15 06:15:00+00:00,2026-07-15 06:15:00+00:00,2026-07-15 06:30:00+00:00,no,0.62,500,0.324468085106383,0.385,0.03553191489361697,14,8.25,0,181.75,30789.455999999547
2026-07-15 06:31:00+00:00,2026-07-15 06:30:00+00:00,2026-07-15 06:45:00+00:00,no,0.31999999999999995,500,0.6267166042446941,0.685,0.033283395755305936,13,7.62,1,-167.61999999999998,30621.83599999955
2026-07-15 06:46:00+00:00,2026-07-15 06:45:00+00:00,2026-07-15 07:00:00+00:00,no,0.43999999999999995,500,0.5073746312684366,0.565,0.03262536873156342,13,8.63,0,271.37,30893.205999999547
2026-07-15 07:11:00+00:00,2026-07-15 07:00:00+00:00,2026-07-15 07:15:00+00:00,no,0.36,500,0.5822784810126582,0.645,0.03772151898734179,3,8.07,1,-188.07,30705.135999999547
2026-07-15 07:19:00+00:00,2026-07-15 07:15:00+00:00,2026-07-15 07:30:00+00:00,no,0.75,500,0.17728055077452667,0.255,0.05271944922547335,10,6.57,0,118.43,30823.565999999548
2026-07-15 07:30:00+00:00,2026-07-15 07:30:00+00:00,2026-07-15 07:45:00+00:00,yes,0.65,500,0.7452830188679245,0.645,0.07528301886792445,14,7.97,1,167.03,30990.595999999547
2026-07-15 07:48:00+00:00,2026-07-15 07:45:00+00:00,2026-07-15 08:00:00+00:00,no,0.32999999999999996,500,0.5822784810126582,0.675,0.06772151898734181,11,7.74,0,327.26,31317.855999999545
2026-07-15 08:01:00+00:00,2026-07-15 08:00:00+00:00,2026-07-15 08:15:00+00:00,yes,0.81,500,0.8793532338308457,0.805,0.04935323383084568,13,5.39,1,89.61,31407.465999999546
2026-07-15 08:26:00+00:00,2026-07-15 08:15:00+00:00,2026-07-15 08:30:00+00:00,no,0.028000000000000025,500,0.8953168044077136,0.974,0.06668319559228643,3,0.96,1,-14.960000000000012,31392.505999999546
2026-07-15 08:37:00+00:00,2026-07-15 08:30:00+00:00,2026-07-15 08:45:00+00:00,yes,0.83,500,0.8793532338308457,0.825,0.039353233830845775,7,4.94,1,80.06,31472.565999999548
2026-07-15 08:54:00+00:00,2026-07-15 08:45:00+00:00,2026-07-15 09:00:00+00:00,yes,0.73,500,0.8053097345132744,0.725,0.05530973451327438,5,6.9,1,128.1,31600.665999999546
2026-07-15 09:06:00+00:00,2026-07-15 09:00:00+00:00,2026-07-15 09:15:00+00:00,yes,0.7,500,0.7880597014925373,0.695,0.06805970149253739,8,7.35,1,142.65,31743.315999999548
2026-07-15 09:15:00+00:00,2026-07-15 09:15:00+00:00,2026-07-15 09:30:00+00:00,no,0.55,500,0.3900096061479347,0.455,0.03999039385206528,14,8.67,0,216.33,31959.64599999955
2026-07-15 09:35:00+00:00,2026-07-15 09:30:00+00:00,2026-07-15 09:45:00+00:00,no,0.84,500,0.10538373424971363,0.165,0.04461626575028644,9,4.71,0,75.29,32034.93599999955
2026-07-15 09:47:00+00:00,2026-07-15 09:45:00+00:00,2026-07-15 10:00:00+00:00,yes,0.6,500,0.6794195250659629,0.595,0.059419525065962944,12,8.4,0,-308.4,31726.53599999955
2026-07-15 10:00:00+00:00,2026-07-15 10:00:00+00:00,2026-07-15 10:15:00+00:00,yes,0.74,500,0.823076923076923,0.735,0.06307692307692304,14,6.74,1,123.26,31849.795999999547
2026-07-15 10:30:00+00:00,2026-07-15 10:30:00+00:00,2026-07-15 10:45:00+00:00,yes,0.61,500,0.6794195250659629,0.605,0.049419525065962935,14,8.33,1,186.67,32036.465999999546
2026-07-15 10:53:00+00:00,2026-07-15 10:45:00+00:00,2026-07-15 11:00:00+00:00,yes,0.34,500,0.3900096061479347,0.335,0.03000960614793465,6,7.86,0,-177.86,31858.605999999545
2026-07-15 11:21:00+00:00,2026-07-15 11:15:00+00:00,2026-07-15 11:30:00+00:00,no,0.85,500,0.10538373424971363,0.155,0.03461626575028643,8,4.47,0,70.53,31929.135999999544
2026-07-15 11:45:00+00:00,2026-07-15 11:45:00+00:00,2026-07-15 12:00:00+00:00,no,0.36,500,0.5822784810126582,0.645,0.03772151898734179,14,8.07,1,-188.07,31741.065999999544
2026-07-15 12:09:00+00:00,2026-07-15 12:00:00+00:00,2026-07-15 12:15:00+00:00,yes,0.057,500,0.10538373424971363,0.0555,0.03838373424971363,5,1.89,0,-30.39,31710.675999999545
2026-07-15 12:15:00+00:00,2026-07-15 12:15:00+00:00,2026-07-15 12:30:00+00:00,no,0.29000000000000004,500,0.6188524590163934,0.715,0.07114754098360655,14,7.21,0,347.79,32058.465999999546
2026-07-15 12:30:00+00:00,2026-07-15 12:30:00+00:00,2026-07-15 12:45:00+00:00,yes,0.86,500,0.9368770764119602,0.855,0.06687707641196018,14,4.22,1,65.78,32124.245999999544
2026-07-15 12:45:00+00:00,2026-07-15 12:45:00+00:00,2026-07-15 13:00:00+00:00,no,0.52,500,0.4087665647298675,0.485,0.05123343527013248,14,8.74,1,-268.74,31855.505999999543
2026-07-15 13:00:00+00:00,2026-07-15 13:00:00+00:00,2026-07-15 13:15:00+00:00,no,0.55,500,0.3900096061479347,0.455,0.03999039385206528,14,8.67,1,-283.67,31571.835999999545
2026-07-15 13:15:00+00:00,2026-07-15 13:15:00+00:00,2026-07-15 13:30:00+00:00,no,0.42000000000000004,500,0.5035799522673032,0.585,0.056420047732696724,14,8.53,0,281.47,31853.305999999546
2026-07-15 13:41:00+00:00,2026-07-15 13:30:00+00:00,2026-07-15 13:45:00+00:00,no,0.52,500,0.4087665647298675,0.485,0.05123343527013248,3,8.74,0,231.26,32084.565999999544
2026-07-15 14:01:00+00:00,2026-07-15 14:00:00+00:00,2026-07-15 14:15:00+00:00,no,0.54,500,0.4087665647298675,0.46499999999999997,0.031233435270132465,13,8.7,1,-278.7,31805.865999999543
2026-07-15 14:26:00+00:00,2026-07-15 14:15:00+00:00,2026-07-15 14:30:00+00:00,yes,0.088,500,0.17728055077452667,0.0875,0.07928055077452668,3,2.81,1,453.19,32259.055999999542
2026-07-15 14:40:00+00:00,2026-07-15 14:30:00+00:00,2026-07-15 14:45:00+00:00,yes,0.79,500,0.8793532338308457,0.785,0.0693532338308457,4,5.81,1,99.19,32358.24599999954
2026-07-15 14:54:00+00:00,2026-07-15 14:45:00+00:00,2026-07-15 15:00:00+00:00,no,0.29000000000000004,500,0.6267166042446941,0.715,0.06328339575530585,5,7.21,1,-152.21000000000004,32206.03599999954
2026-07-15 15:11:00+00:00,2026-07-15 15:00:00+00:00,2026-07-15 15:15:00+00:00,no,0.22999999999999998,500,0.7157894736842105,0.775,0.03421052631578948,3,6.2,1,-121.19999999999999,32084.83599999954
2026-07-15 15:26:00+00:00,2026-07-15 15:15:00+00:00,2026-07-15 15:30:00+00:00,yes,0.15,500,0.20758483033932135,0.14500000000000002,0.04758483033932135,3,4.47,1,420.53,32505.36599999954
2026-07-15 15:46:00+00:00,2026-07-15 15:45:00+00:00,2026-07-15 16:00:00+00:00,no,0.5900000000000001,500,0.35555555555555557,0.415,0.03444444444444429,13,8.47,0,196.52999999999994,32701.89599999954
2026-07-15 16:18:00+00:00,2026-07-15 16:15:00+00:00,2026-07-15 16:30:00+00:00,yes,0.73,500,0.8053097345132744,0.725,0.05530973451327438,11,6.9,1,128.1,32829.99599999954
2026-07-15 16:46:00+00:00,2026-07-15 16:45:00+00:00,2026-07-15 17:00:00+00:00,yes,0.8,500,0.8793532338308457,0.795,0.05935323383084569,13,5.6,1,94.4,32924.39599999954
2026-07-15 17:04:00+00:00,2026-07-15 17:00:00+00:00,2026-07-15 17:15:00+00:00,yes,0.52,500,0.5739130434782608,0.515,0.033913043478260754,10,8.74,0,-268.74,32655.65599999954
2026-07-15 17:15:00+00:00,2026-07-15 17:15:00+00:00,2026-07-15 17:30:00+00:00,no,0.45999999999999996,500,0.4515235457063712,0.545,0.06847645429362882,14,8.7,0,261.3,32916.95599999954
2026-07-15 17:32:00+00:00,2026-07-15 17:30:00+00:00,2026-07-15 17:45:00+00:00,yes,0.52,500,0.5786666666666667,0.515,0.03866666666666664,12,8.74,1,231.26,33148.21599999954
2026-07-15 17:49:00+00:00,2026-07-15 17:45:00+00:00,2026-07-15 18:00:00+00:00,no,0.53,500,0.4087665647298675,0.475,0.04123343527013247,10,8.72,1,-273.72,32874.49599999954
2026-07-15 18:16:00+00:00,2026-07-15 18:15:00+00:00,2026-07-15 18:30:00+00:00,no,0.73,500,0.20758483033932135,0.275,0.04241516966067872,13,6.9,0,128.1,33002.59599999954
2026-07-15 18:33:00+00:00,2026-07-15 18:30:00+00:00,2026-07-15 18:45:00+00:00,no,0.31000000000000005,500,0.6267166042446941,0.695,0.043283395755305834,11,7.49,0,337.51,33340.10599999954
2026-07-15 18:46:00+00:00,2026-07-15 18:45:00+00:00,2026-07-15 19:00:00+00:00,yes,0.3,500,0.3900096061479347,0.29000000000000004,0.07000960614793468,13,7.35,0,-157.35,33182.75599999954
2026-07-15 19:17:00+00:00,2026-07-15 19:15:00+00:00,2026-07-15 19:30:00+00:00,no,0.84,500,0.10538373424971363,0.165,0.04461626575028644,12,4.71,0,75.29,33258.045999999544
2026-07-15 19:50:00+00:00,2026-07-15 19:45:00+00:00,2026-07-15 20:00:00+00:00,no,0.77,500,0.17728055077452667,0.235,0.03271944922547333,9,6.2,0,108.8,33366.84599999955
2026-07-15 20:00:00+00:00,2026-07-15 20:00:00+00:00,2026-07-15 20:15:00+00:00,no,0.62,500,0.324468085106383,0.385,0.03553191489361697,14,8.25,0,181.75,33548.59599999955
2026-07-15 20:16:00+00:00,2026-07-15 20:15:00+00:00,2026-07-15 20:30:00+00:00,yes,0.74,500,0.8053097345132744,0.735,0.04530973451327437,13,6.74,1,123.26,33671.85599999955
2026-07-15 20:32:00+00:00,2026-07-15 20:30:00+00:00,2026-07-15 20:45:00+00:00,yes,0.82,500,0.8793532338308457,0.815,0.03935323383084578,12,5.17,0,-415.17,33256.68599999955
2026-07-15 20:45:00+00:00,2026-07-15 20:45:00+00:00,2026-07-15 21:00:00+00:00,yes,0.34,500,0.3900096061479347,0.335,0.03000960614793465,14,7.86,0,-177.86,33078.82599999955
2026-07-15 21:03:00+00:00,2026-07-15 21:00:00+00:00,2026-07-15 21:15:00+00:00,yes,0.76,500,0.8793532338308457,0.755,0.09935323383084572,11,6.39,0,-386.39,32692.43599999955
2026-07-15 21:17:00+00:00,2026-07-15 21:15:00+00:00,2026-07-15 21:30:00+00:00,no,0.42000000000000004,500,0.5192307692307693,0.585,0.04076923076923068,12,8.53,0,281.47,32973.90599999955
2026-07-15 21:34:00+00:00,2026-07-15 21:30:00+00:00,2026-07-15 21:45:00+00:00,no,0.73,500,0.20758483033932135,0.275,0.04241516966067872,10,6.9,0,128.1,33102.00599999955
2026-07-15 21:45:00+00:00,2026-07-15 21:45:00+00:00,2026-07-15 22:00:00+00:00,yes,0.52,500,0.5786666666666667,0.515,0.03866666666666664,14,8.74,1,231.26,33333.26599999955
2026-07-15 22:01:00+00:00,2026-07-15 22:00:00+00:00,2026-07-15 22:15:00+00:00,no,0.61,500,0.33747412008281574,0.395,0.03252587991718427,13,8.33,0,186.67,33519.93599999955
2026-07-15 22:18:00+00:00,2026-07-15 22:15:00+00:00,2026-07-15 22:30:00+00:00,yes,0.52,500,0.5739130434782608,0.515,0.033913043478260754,11,8.74,1,231.26,33751.19599999955
2026-07-15 22:31:00+00:00,2026-07-15 22:30:00+00:00,2026-07-15 22:45:00+00:00,yes,0.69,500,0.7452830188679245,0.685,0.03528301886792452,13,7.49,0,-352.49,33398.705999999554
2026-07-15 22:45:00+00:00,2026-07-15 22:45:00+00:00,2026-07-15 23:00:00+00:00,yes,0.74,500,0.8053097345132744,0.735,0.04530973451327437,14,6.74,0,-376.74,33021.96599999956
2026-07-15 23:02:00+00:00,2026-07-15 23:00:00+00:00,2026-07-15 23:15:00+00:00,yes,0.8,500,0.8793532338308457,0.795,0.05935323383084569,12,5.6,1,94.4,33116.36599999956
2026-07-15 23:15:00+00:00,2026-07-15 23:15:00+00:00,2026-07-15 23:30:00+00:00,no,0.47,500,0.4087665647298675,0.535,0.10123343527013252,14,8.72,0,256.28,33372.64599999956
2026-07-15 23:49:00+00:00,2026-07-15 23:45:00+00:00,2026-07-16 00:00:00+00:00,yes,0.61,500,0.6794195250659629,0.605,0.049419525065962935,10,8.33,1,186.67,33559.315999999555
2026-07-16 00:01:00+00:00,2026-07-16 00:00:00+00:00,2026-07-16 00:15:00+00:00,yes,0.73,500,0.7880597014925373,0.725,0.03805970149253736,13,6.9,1,128.1,33687.41599999955
2026-07-16 00:15:00+00:00,2026-07-16 00:15:00+00:00,2026-07-16 00:30:00+00:00,no,0.6,500,0.33747412008281574,0.405,0.042525879917184276,14,8.4,0,191.6,33879.01599999955
2026-07-16 00:32:00+00:00,2026-07-16 00:30:00+00:00,2026-07-16 00:45:00+00:00,yes,0.4,500,0.4515235457063712,0.395,0.031523545706371184,12,8.4,0,-208.4,33670.61599999955
2026-07-16 00:45:00+00:00,2026-07-16 00:45:00+00:00,2026-07-16 01:00:00+00:00,yes,0.48,500,0.5739130434782608,0.475,0.07391304347826079,14,8.74,1,251.26,33921.87599999955
2026-07-16 01:26:00+00:00,2026-07-16 01:15:00+00:00,2026-07-16 01:30:00+00:00,yes,0.097,500,0.20758483033932135,0.0965,0.10058483033932135,3,3.07,0,-51.57,33870.30599999955
2026-07-16 01:31:00+00:00,2026-07-16 01:30:00+00:00,2026-07-16 01:45:00+00:00,no,0.30000000000000004,500,0.6267166042446941,0.705,0.05328339575530584,13,7.35,1,-157.35000000000002,33712.955999999554
2026-07-16 01:47:00+00:00,2026-07-16 01:45:00+00:00,2026-07-16 02:00:00+00:00,yes,0.85,500,0.8953168044077136,0.845,0.03531680440771357,12,4.47,1,70.53,33783.48599999955
2026-07-16 02:04:00+00:00,2026-07-16 02:00:00+00:00,2026-07-16 02:15:00+00:00,yes,0.23,500,0.3048128342245989,0.225,0.054812834224598914,10,6.2,0,-121.2,33662.285999999556
2026-07-16 02:21:00+00:00,2026-07-16 02:15:00+00:00,2026-07-16 02:30:00+00:00,yes,0.34,500,0.3900096061479347,0.335,0.03000960614793465,8,7.86,1,322.14,33984.425999999556
2026-07-16 03:08:00+00:00,2026-07-16 03:00:00+00:00,2026-07-16 03:15:00+00:00,yes,0.19,500,0.2601744186046512,0.18,0.050174418604651175,6,5.39,1,399.61,34384.035999999556
2026-07-16 03:18:00+00:00,2026-07-16 03:15:00+00:00,2026-07-16 03:30:00+00:00,no,0.88,500,0.06649616368286446,0.125,0.04350383631713551,11,3.7,0,56.3,34440.33599999956
2026-07-16 03:30:00+00:00,2026-07-16 03:30:00+00:00,2026-07-16 03:45:00+00:00,no,0.5,500,0.4087665647298675,0.505,0.0712334352701325,14,8.75,0,241.25,34681.58599999956
2026-07-16 03:47:00+00:00,2026-07-16 03:45:00+00:00,2026-07-16 04:00:00+00:00,no,0.77,500,0.17728055077452667,0.235,0.03271944922547333,12,6.2,0,108.8,34790.38599999956
2026-07-16 04:18:00+00:00,2026-07-16 04:15:00+00:00,2026-07-16 04:30:00+00:00,no,0.85,500,0.10538373424971363,0.155,0.03461626575028643,11,4.47,0,70.53,34860.91599999956
2026-07-16 04:31:00+00:00,2026-07-16 04:30:00+00:00,2026-07-16 04:45:00+00:00,yes,0.74,500,0.8053097345132744,0.735,0.04530973451327437,13,6.74,0,-376.74,34484.17599999956
2026-07-16 04:50:00+00:00,2026-07-16 04:45:00+00:00,2026-07-16 05:00:00+00:00,no,0.47,500,0.4515235457063712,0.535,0.05847645429362881,9,8.72,1,-243.72,34240.45599999956
2026-07-16 05:00:00+00:00,2026-07-16 05:00:00+00:00,2026-07-16 05:15:00+00:00,no,0.48,500,0.3900096061479347,0.525,0.10999039385206534,14,8.74,1,-248.74,33991.715999999564
2026-07-16 05:15:00+00:00,2026-07-16 05:15:00+00:00,2026-07-16 05:30:00+00:00,yes,0.77,500,0.8793532338308457,0.765,0.08935323383084572,14,6.2,1,108.8,34100.51599999957
2026-07-16 05:31:00+00:00,2026-07-16 05:30:00+00:00,2026-07-16 05:45:00+00:00,no,0.6,500,0.324468085106383,0.405,0.05553191489361699,13,8.4,0,191.6,34292.115999999565
2026-07-16 05:47:00+00:00,2026-07-16 05:45:00+00:00,2026-07-16 06:00:00+00:00,no,0.55,500,0.3900096061479347,0.455,0.03999039385206528,12,8.67,1,-283.67,34008.44599999957
2026-07-16 06:00:00+00:00,2026-07-16 06:00:00+00:00,2026-07-16 06:15:00+00:00,no,0.43000000000000005,500,0.5164113785557987,0.575,0.033588621444201286,14,8.58,0,276.42,34284.865999999565
2026-07-16 06:26:00+00:00,2026-07-16 06:15:00+00:00,2026-07-16 06:30:00+00:00,yes,0.18,500,0.2605459057071961,0.175,0.060545905707196104,3,5.17,0,-95.17,34189.69599999957
2026-07-16 06:35:00+00:00,2026-07-16 06:30:00+00:00,2026-07-16 06:45:00+00:00,no,0.75,500,0.17728055077452667,0.255,0.05271944922547335,9,6.57,0,118.43,34308.12599999957
2026-07-16 09:12:00+00:00,2026-07-16 09:00:00+00:00,2026-07-16 09:15:00+00:00,no,0.031000000000000028,500,0.9157303370786517,0.9695,0.04326966292134827,2,1.06,1,-16.560000000000013,34291.56599999957
2026-07-16 09:15:00+00:00,2026-07-16 09:15:00+00:00,2026-07-16 09:30:00+00:00,yes,0.51,500,0.5739130434782608,0.505,0.04391304347826076,14,8.75,0,-263.75,34027.81599999957
2026-07-16 09:30:00+00:00,2026-07-16 09:30:00+00:00,2026-07-16 09:45:00+00:00,yes,0.65,500,0.7157894736842105,0.645,0.045789473684210505,14,7.97,1,167.03,34194.84599999957
2026-07-16 09:55:00+00:00,2026-07-16 09:45:00+00:00,2026-07-16 10:00:00+00:00,yes,0.15,500,0.20758483033932135,0.14500000000000002,0.04758483033932135,4,4.47,0,-79.47,34115.37599999957
2026-07-16 10:02:00+00:00,2026-07-16 10:00:00+00:00,2026-07-16 10:15:00+00:00,no,0.54,500,0.4087665647298675,0.46499999999999997,0.031233435270132465,12,8.7,1,-278.7,33836.67599999957
2026-07-16 10:22:00+00:00,2026-07-16 10:15:00+00:00,2026-07-16 10:30:00+00:00,yes,0.83,500,0.8793532338308457,0.825,0.039353233830845775,7,4.94,1,80.06,33916.73599999957
2026-07-16 10:34:00+00:00,2026-07-16 10:30:00+00:00,2026-07-16 10:45:00+00:00,yes,0.82,500,0.8793532338308457,0.815,0.03935323383084578,10,5.17,0,-415.17,33501.56599999957
2026-07-16 10:50:00+00:00,2026-07-16 10:45:00+00:00,2026-07-16 11:00:00+00:00,yes,0.45,500,0.5035799522673032,0.445,0.03357995226730322,9,8.67,1,266.33,33767.89599999957
2026-07-16 11:38:00+00:00,2026-07-16 11:30:00+00:00,2026-07-16 11:45:00+00:00,yes,0.33,500,0.3900096061479347,0.325,0.040009606147934654,6,7.74,1,327.26,34095.15599999957
2026-07-16 11:53:00+00:00,2026-07-16 11:45:00+00:00,2026-07-16 12:00:00+00:00,yes,0.12,500,0.17728055077452667,0.11499999999999999,0.047280550774526676,6,3.7,0,-63.7,34031.455999999576
2026-07-16 12:22:00+00:00,2026-07-16 12:15:00+00:00,2026-07-16 12:30:00+00:00,yes,0.54,500,0.6188524590163934,0.535,0.05885245901639337,7,8.7,1,221.3,34252.75599999958
2026-07-16 12:33:00+00:00,2026-07-16 12:30:00+00:00,2026-07-16 12:45:00+00:00,no,0.52,500,0.4087665647298675,0.485,0.05123343527013248,11,8.74,0,231.26,34484.01599999958
2026-07-16 12:45:00+00:00,2026-07-16 12:45:00+00:00,2026-07-16 13:00:00+00:00,yes,0.4,500,0.4515235457063712,0.395,0.031523545706371184,14,8.4,1,291.6,34775.61599999958
2026-07-16 13:07:00+00:00,2026-07-16 13:00:00+00:00,2026-07-16 13:15:00+00:00,yes,0.77,500,0.8250728862973761,0.765,0.03507288629737605,7,6.2,1,108.8,34884.41599999958
2026-07-16 13:20:00+00:00,2026-07-16 13:15:00+00:00,2026-07-16 13:30:00+00:00,yes,0.8,500,0.8793532338308457,0.795,0.05935323383084569,9,5.6,1,94.4,34978.815999999584
2026-07-16 13:30:00+00:00,2026-07-16 13:30:00+00:00,2026-07-16 13:45:00+00:00,yes,0.73,500,0.8250728862973761,0.725,0.07507288629737609,14,6.9,0,-371.9,34606.91599999958
2026-07-16 13:48:00+00:00,2026-07-16 13:45:00+00:00,2026-07-16 14:00:00+00:00,no,0.5800000000000001,500,0.35555555555555557,0.425,0.0444444444444443,11,8.53,1,-298.53000000000003,34308.385999999584
2026-07-16 14:15:00+00:00,2026-07-16 14:15:00+00:00,2026-07-16 14:30:00+00:00,no,0.53,500,0.4087665647298675,0.475,0.04123343527013247,14,8.72,1,-273.72,34034.66599999958
2026-07-16 14:35:00+00:00,2026-07-16 14:30:00+00:00,2026-07-16 14:45:00+00:00,no,0.43000000000000005,500,0.5164113785557987,0.575,0.033588621444201286,9,8.58,0,276.42,34311.08599999958
2026-07-16 14:45:00+00:00,2026-07-16 14:45:00+00:00,2026-07-16 15:00:00+00:00,no,0.52,500,0.4087665647298675,0.485,0.05123343527013248,14,8.74,0,231.26,34542.34599999958
2026-07-16 15:37:00+00:00,2026-07-16 15:30:00+00:00,2026-07-16 15:45:00+00:00,yes,0.26,500,0.324468085106383,0.255,0.04446808510638296,7,6.74,0,-136.74,34405.605999999585
2026-07-16 15:52:00+00:00,2026-07-16 15:45:00+00:00,2026-07-16 16:00:00+00:00,no,0.49,500,0.4515235457063712,0.515,0.038476454293628795,7,8.75,0,246.25,34651.855999999585
2026-07-16 16:22:00+00:00,2026-07-16 16:15:00+00:00,2026-07-16 16:30:00+00:00,yes,0.19,500,0.2601744186046512,0.185,0.050174418604651175,7,5.39,1,399.61,35051.465999999586
2026-07-16 16:33:00+00:00,2026-07-16 16:30:00+00:00,2026-07-16 16:45:00+00:00,no,0.31999999999999995,500,0.6267166042446941,0.685,0.033283395755305936,11,7.62,0,332.38,35383.84599999958
2026-07-16 16:46:00+00:00,2026-07-16 16:45:00+00:00,2026-07-16 17:00:00+00:00,yes,0.52,500,0.5739130434782608,0.515,0.033913043478260754,13,8.74,1,231.26,35615.105999999585
2026-07-16 17:04:00+00:00,2026-07-16 17:00:00+00:00,2026-07-16 17:15:00+00:00,no,0.89,500,0.06649616368286446,0.11499999999999999,0.0335038363171355,10,3.43,0,51.57,35666.675999999585
2026-07-16 17:15:00+00:00,2026-07-16 17:15:00+00:00,2026-07-16 17:30:00+00:00,yes,0.51,500,0.5686274509803921,0.505,0.03862745098039212,14,8.75,1,236.25,35902.925999999585
2026-07-16 17:42:00+00:00,2026-07-16 17:30:00+00:00,2026-07-16 17:45:00+00:00,no,0.87,500,0.0824742268041237,0.135,0.03752577319587636,2,3.96,0,61.04,35963.965999999586
2026-07-16 19:01:00+00:00,2026-07-16 19:00:00+00:00,2026-07-16 19:15:00+00:00,yes,0.6,500,0.6794195250659629,0.595,0.059419525065962944,13,8.4,0,-308.4,35655.565999999584
2026-07-16 19:25:00+00:00,2026-07-16 19:15:00+00:00,2026-07-16 19:30:00+00:00,yes,0.12,500,0.16076294277929154,0.11499999999999999,0.030762942779291542,4,3.7,1,436.3,36091.86599999959
2026-07-16 19:36:00+00:00,2026-07-16 19:30:00+00:00,2026-07-16 19:45:00+00:00,yes,0.19,500,0.2601744186046512,0.185,0.050174418604651175,8,5.39,0,-100.39,35991.47599999959
2026-07-16 19:51:00+00:00,2026-07-16 19:45:00+00:00,2026-07-16 20:00:00+00:00,yes,0.78,500,0.8793532338308457,0.775,0.0793532338308457,8,6.01,1,103.99,36095.465999999586
2026-07-16 20:04:00+00:00,2026-07-16 20:00:00+00:00,2026-07-16 20:15:00+00:00,yes,0.27,500,0.324468085106383,0.265,0.034468085106382954,10,6.9,0,-141.9,35953.565999999584
2026-07-16 20:28:00+00:00,2026-07-16 20:15:00+00:00,2026-07-16 20:30:00+00:00,yes,0.57,500,0.7157894736842105,0.565,0.1257894736842106,1,8.58,1,206.42,36159.98599999958
2026-07-16 20:31:00+00:00,2026-07-16 20:30:00+00:00,2026-07-16 20:45:00+00:00,no,0.48,500,0.4515235457063712,0.525,0.048476454293628804,13,8.74,0,251.26,36411.245999999584
2026-07-16 20:47:00+00:00,2026-07-16 20:45:00+00:00,2026-07-16 21:00:00+00:00,yes,0.51,500,0.5739130434782608,0.505,0.04391304347826076,12,8.75,0,-263.75,36147.495999999584
2026-07-16 21:00:00+00:00,2026-07-16 21:00:00+00:00,2026-07-16 21:15:00+00:00,yes,0.49,500,0.5786666666666667,0.485,0.06866666666666667,14,8.75,1,246.25,36393.745999999584
2026-07-16 21:19:00+00:00,2026-07-16 21:15:00+00:00,2026-07-16 21:30:00+00:00,yes,0.72,500,0.8053097345132744,0.715,0.06530973451327439,10,7.06,0,-367.06,36026.68599999959
2026-07-16 21:31:00+00:00,2026-07-16 21:30:00+00:00,2026-07-16 21:45:00+00:00,no,0.55,500,0.3900096061479347,0.455,0.03999039385206528,13,8.67,1,-283.67,35743.01599999959
2026-07-16 21:45:00+00:00,2026-07-16 21:45:00+00:00,2026-07-16 22:00:00+00:00,no,0.56,500,0.35555555555555557,0.445,0.06444444444444432,14,8.63,0,211.37,35954.38599999959
2026-07-16 22:00:00+00:00,2026-07-16 22:00:00+00:00,2026-07-16 22:15:00+00:00,yes,0.78,500,0.8953168044077136,0.775,0.09531680440771352,14,6.01,1,103.99,36058.37599999959
2026-07-16 22:17:00+00:00,2026-07-16 22:15:00+00:00,2026-07-16 22:30:00+00:00,no,0.55,500,0.3900096061479347,0.455,0.03999039385206528,12,8.67,0,216.33,36274.70599999959
2026-07-16 22:31:00+00:00,2026-07-16 22:30:00+00:00,2026-07-16 22:45:00+00:00,yes,0.82,500,0.8813559322033898,0.815,0.04135593220338986,13,5.17,1,84.83,36359.53599999959
2026-07-16 22:46:00+00:00,2026-07-16 22:45:00+00:00,2026-07-16 23:00:00+00:00,yes,0.39,500,0.4515235457063712,0.385,0.04152354570637119,13,8.33,0,-203.33,36156.20599999959
2026-07-16 23:16:00+00:00,2026-07-16 23:15:00+00:00,2026-07-16 23:30:00+00:00,no,0.5900000000000001,500,0.33747412008281574,0.415,0.05252587991718417,13,8.47,0,196.52999999999994,36352.73599999959
2026-07-16 23:40:00+00:00,2026-07-16 23:30:00+00:00,2026-07-16 23:45:00+00:00,no,0.85,500,0.10538373424971363,0.155,0.03461626575028643,4,4.47,1,-429.47,35923.26599999959
2026-07-16 23:47:00+00:00,2026-07-16 23:45:00+00:00,2026-07-17 00:00:00+00:00,yes,0.66,500,0.7880597014925373,0.655,0.10805970149253731,12,7.86,1,162.14,36085.40599999959
2026-07-17 00:00:00+00:00,2026-07-17 00:00:00+00:00,2026-07-17 00:15:00+00:00,yes,0.51,500,0.5786666666666667,0.505,0.04866666666666665,14,8.75,0,-263.75,35821.65599999959
2026-07-17 00:23:00+00:00,2026-07-17 00:15:00+00:00,2026-07-17 00:30:00+00:00,no,0.21999999999999997,500,0.722473604826546,0.785,0.03752639517345403,6,6.01,1,-116.00999999999999,35705.645999999586
2026-07-17 00:31:00+00:00,2026-07-17 00:30:00+00:00,2026-07-17 00:45:00+00:00,yes,0.21,500,0.2601744186046512,0.20500000000000002,0.030174418604651188,13,5.81,0,-110.81,35594.83599999959
2026-07-17 00:46:00+00:00,2026-07-17 00:45:00+00:00,2026-07-17 01:00:00+00:00,yes,0.75,500,0.8053097345132744,0.745,0.03530973451327436,13,6.57,1,118.43,35713.26599999959
2026-07-17 01:02:00+00:00,2026-07-17 01:00:00+00:00,2026-07-17 01:15:00+00:00,yes,0.74,500,0.8250728862973761,0.735,0.06507288629737608,12,6.74,1,123.26,35836.52599999959
2026-07-17 01:18:00+00:00,2026-07-17 01:15:00+00:00,2026-07-17 01:30:00+00:00,no,0.8200000000000001,500,0.10538373424971363,0.185,0.054616265750286344,11,5.17,0,84.82999999999994,35921.35599999959
2026-07-17 01:33:00+00:00,2026-07-17 01:30:00+00:00,2026-07-17 01:45:00+00:00,no,0.81,500,0.10538373424971363,0.195,0.06461626575028635,11,5.39,0,89.61,36010.96599999959
2026-07-17 02:21:00+00:00,2026-07-17 02:15:00+00:00,2026-07-17 02:30:00+00:00,yes,0.18,500,0.2601744186046512,0.175,0.060174418604651184,8,5.17,0,-95.17,35915.795999999595
2026-07-17 02:31:00+00:00,2026-07-17 02:30:00+00:00,2026-07-17 02:45:00+00:00,yes,0.39,500,0.4515235457063712,0.385,0.04152354570637119,13,8.33,0,-203.33,35712.46599999959
2026-07-17 02:53:00+00:00,2026-07-17 02:45:00+00:00,2026-07-17 03:00:00+00:00,yes,0.19,500,0.2601744186046512,0.185,0.050174418604651175,6,5.39,1,399.61,36112.07599999959
2026-07-17 03:03:00+00:00,2026-07-17 03:00:00+00:00,2026-07-17 03:15:00+00:00,yes,0.75,500,0.8053097345132744,0.745,0.03530973451327436,11,6.57,1,118.43,36230.505999999594
2026-07-17 03:17:00+00:00,2026-07-17 03:15:00+00:00,2026-07-17 03:30:00+00:00,yes,0.72,500,0.7880597014925373,0.715,0.04805970149253737,12,7.06,1,132.94,36363.445999999596
2026-07-17 03:34:00+00:00,2026-07-17 03:30:00+00:00,2026-07-17 03:45:00+00:00,yes,0.55,500,0.6267166042446941,0.545,0.05671660424469406,10,8.67,0,-283.67,36079.7759999996
2026-07-17 03:49:00+00:00,2026-07-17 03:45:00+00:00,2026-07-17 04:00:00+00:00,no,0.83,500,0.10538373424971363,0.175,0.05461626575028645,10,4.94,0,80.06,36159.835999999596
2026-07-17 04:03:00+00:00,2026-07-17 04:00:00+00:00,2026-07-17 04:15:00+00:00,no,0.8,500,0.10538373424971363,0.20500000000000002,0.07461626575028636,11,5.6,0,94.4,36254.2359999996
2026-07-17 04:31:00+00:00,2026-07-17 04:30:00+00:00,2026-07-17 04:45:00+00:00,yes,0.52,500,0.5739130434782608,0.515,0.033913043478260754,13,8.74,1,231.26,36485.4959999996
2026-07-17 04:45:00+00:00,2026-07-17 04:45:00+00:00,2026-07-17 05:00:00+00:00,yes,0.77,500,0.8250728862973761,0.765,0.03507288629737605,14,6.2,1,108.8,36594.2959999996
2026-07-17 05:10:00+00:00,2026-07-17 05:00:00+00:00,2026-07-17 05:15:00+00:00,yes,0.052,500,0.10538373424971363,0.0515,0.04338373424971363,4,1.73,0,-27.73,36566.5659999996
2026-07-17 05:31:00+00:00,2026-07-17 05:30:00+00:00,2026-07-17 05:45:00+00:00,yes,0.25,500,0.324468085106383,0.245,0.05446808510638297,13,6.57,0,-131.57,36434.9959999996
2026-07-17 05:45:00+00:00,2026-07-17 05:45:00+00:00,2026-07-17 06:00:00+00:00,yes,0.26,500,0.324468085106383,0.255,0.04446808510638296,14,6.74,0,-136.74,36298.2559999996
2026-07-17 06:03:00+00:00,2026-07-17 06:00:00+00:00,2026-07-17 06:15:00+00:00,yes,0.67,500,0.722473604826546,0.665,0.032473604826545946,11,7.74,0,-342.74,35955.5159999996
2026-07-17 06:33:00+00:00,2026-07-17 06:30:00+00:00,2026-07-17 06:45:00+00:00,yes,0.52,500,0.5786666666666667,0.515,0.03866666666666664,11,8.74,0,-268.74,35686.775999999605
2026-07-17 06:56:00+00:00,2026-07-17 06:45:00+00:00,2026-07-17 07:00:00+00:00,yes,0.77,500,0.823076923076923,0.765,0.03307692307692302,3,6.2,1,108.8,35795.57599999961
2026-07-17 07:04:00+00:00,2026-07-17 07:00:00+00:00,2026-07-17 07:15:00+00:00,no,0.6799999999999999,500,0.2601744186046512,0.325,0.03982558139534888,10,7.62,0,152.38000000000005,35947.955999999605
2026-07-17 07:19:00+00:00,2026-07-17 07:15:00+00:00,2026-07-17 07:30:00+00:00,no,0.83,500,0.10538373424971363,0.175,0.05461626575028645,10,4.94,1,-419.94,35528.0159999996
2026-07-17 07:31:00+00:00,2026-07-17 07:30:00+00:00,2026-07-17 07:45:00+00:00,yes,0.7,500,0.7880597014925373,0.695,0.06805970149253739,13,7.35,1,142.65,35670.665999999605
2026-07-17 07:50:00+00:00,2026-07-17 07:45:00+00:00,2026-07-17 08:00:00+00:00,yes,0.31,500,0.3900096061479347,0.305,0.06000960614793467,9,7.49,0,-162.49,35508.17599999961
2026-07-17 08:00:00+00:00,2026-07-17 08:00:00+00:00,2026-07-17 08:15:00+00:00,no,0.61,500,0.33747412008281574,0.395,0.03252587991718427,14,8.33,1,-313.33,35194.845999999605
2026-07-17 08:17:00+00:00,2026-07-17 08:15:00+00:00,2026-07-17 08:30:00+00:00,no,0.86,500,0.0824742268041237,0.14500000000000002,0.04752577319587637,12,4.22,0,65.78,35260.625999999604
2026-07-17 08:32:00+00:00,2026-07-17 08:30:00+00:00,2026-07-17 08:45:00+00:00,no,0.84,500,0.10538373424971363,0.165,0.04461626575028644,12,4.71,0,75.29,35335.915999999605
2026-07-17 09:04:00+00:00,2026-07-17 09:00:00+00:00,2026-07-17 09:15:00+00:00,no,0.54,500,0.4087665647298675,0.46499999999999997,0.031233435270132465,10,8.7,1,-278.7,35057.21599999961
2026-07-17 09:20:00+00:00,2026-07-17 09:15:00+00:00,2026-07-17 09:30:00+00:00,no,0.85,500,0.10538373424971363,0.155,0.03461626575028643,9,4.47,0,70.53,35127.745999999606
2026-07-17 09:38:00+00:00,2026-07-17 09:30:00+00:00,2026-07-17 09:45:00+00:00,yes,0.82,500,0.8793532338308457,0.815,0.03935323383084578,6,5.17,1,84.83,35212.57599999961
2026-07-17 09:45:00+00:00,2026-07-17 09:45:00+00:00,2026-07-17 10:00:00+00:00,no,0.54,500,0.4087665647298675,0.46499999999999997,0.031233435270132465,14,8.7,0,221.3,35433.87599999961
2026-07-17 10:01:00+00:00,2026-07-17 10:00:00+00:00,2026-07-17 10:15:00+00:00,yes,0.83,500,0.8793532338308457,0.825,0.039353233830845775,13,4.94,1,80.06,35513.93599999961
2026-07-17 10:27:00+00:00,2026-07-17 10:15:00+00:00,2026-07-17 10:30:00+00:00,yes,0.7,500,0.8053097345132744,0.695,0.08530973451327441,2,7.35,1,142.65,35656.58599999961
2026-07-17 10:33:00+00:00,2026-07-17 10:30:00+00:00,2026-07-17 10:45:00+00:00,no,0.43999999999999995,500,0.5035799522673032,0.565,0.03642004773269682,11,8.63,1,-228.62999999999997,35427.95599999961
2026-07-17 10:46:00+00:00,2026-07-17 10:45:00+00:00,2026-07-17 11:00:00+00:00,no,0.53,500,0.4087665647298675,0.475,0.04123343527013247,13,8.72,0,226.28,35654.23599999961
2026-07-17 11:01:00+00:00,2026-07-17 11:00:00+00:00,2026-07-17 11:15:00+00:00,yes,0.71,500,0.8053097345132744,0.705,0.0753097345132744,13,7.21,0,-362.21,35292.02599999961
2026-07-17 11:19:00+00:00,2026-07-17 11:15:00+00:00,2026-07-17 11:30:00+00:00,yes,0.53,500,0.6267166042446941,0.525,0.07671660424469408,10,8.72,1,226.28,35518.30599999961
2026-07-17 11:34:00+00:00,2026-07-17 11:30:00+00:00,2026-07-17 11:45:00+00:00,yes,0.66,500,0.722473604826546,0.655,0.042473604826545955,10,7.86,1,162.14,35680.44599999961
2026-07-17 11:45:00+00:00,2026-07-17 11:45:00+00:00,2026-07-17 12:00:00+00:00,no,0.36,500,0.5822784810126582,0.645,0.03772151898734179,14,8.07,1,-188.07,35492.37599999961
2026-07-17 12:02:00+00:00,2026-07-17 12:00:00+00:00,2026-07-17 12:15:00+00:00,no,0.53,500,0.4087665647298675,0.475,0.04123343527013247,12,8.72,0,226.28,35718.65599999961
2026-07-17 12:19:00+00:00,2026-07-17 12:15:00+00:00,2026-07-17 12:30:00+00:00,no,0.62,500,0.324468085106383,0.385,0.03553191489361697,10,8.25,0,181.75,35900.40599999961
2026-07-17 12:47:00+00:00,2026-07-17 12:45:00+00:00,2026-07-17 13:00:00+00:00,yes,0.62,500,0.6794195250659629,0.615,0.039419525065962926,12,8.25,0,-318.25,35582.15599999961
2026-07-17 13:02:00+00:00,2026-07-17 13:00:00+00:00,2026-07-17 13:15:00+00:00,no,0.83,500,0.10538373424971363,0.175,0.05461626575028645,12,4.94,0,80.06,35662.21599999961
2026-07-17 13:15:00+00:00,2026-07-17 13:15:00+00:00,2026-07-17 13:30:00+00:00,yes,0.6,500,0.6794195250659629,0.59,0.059419525065962944,14,8.4,1,191.6,35853.815999999606
2026-07-17 13:30:00+00:00,2026-07-17 13:30:00+00:00,2026-07-17 13:45:00+00:00,yes,0.66,500,0.722473604826546,0.655,0.042473604826545955,14,7.86,0,-337.86,35515.955999999605
2026-07-17 13:48:00+00:00,2026-07-17 13:45:00+00:00,2026-07-17 14:00:00+00:00,yes,0.81,500,0.8793532338308457,0.805,0.04935323383084568,11,5.39,1,89.61,35605.565999999606
2026-07-17 14:01:00+00:00,2026-07-17 14:00:00+00:00,2026-07-17 14:15:00+00:00,no,0.35,500,0.5822784810126582,0.655,0.047721518987341796,13,7.97,1,-182.97,35422.595999999605
2026-07-17 14:16:00+00:00,2026-07-17 14:15:00+00:00,2026-07-17 14:30:00+00:00,no,0.36,500,0.5786666666666667,0.645,0.04133333333333335,13,8.07,0,311.93,35734.525999999605
2026-07-17 14:41:00+00:00,2026-07-17 14:30:00+00:00,2026-07-17 14:45:00+00:00,no,0.29000000000000004,500,0.6267166042446941,0.715,0.06328339575530585,3,7.21,1,-152.21000000000004,35582.315999999606
2026-07-17 14:53:00+00:00,2026-07-17 14:45:00+00:00,2026-07-17 15:00:00+00:00,yes,0.21,500,0.2601744186046512,0.20500000000000002,0.030174418604651188,6,5.81,0,-110.81,35471.50599999961
2026-07-17 15:05:00+00:00,2026-07-17 15:00:00+00:00,2026-07-17 15:15:00+00:00,yes,0.19,500,0.2601744186046512,0.185,0.050174418604651175,9,5.39,0,-100.39,35371.11599999961
2026-07-17 15:31:00+00:00,2026-07-17 15:30:00+00:00,2026-07-17 15:45:00+00:00,no,0.54,500,0.4087665647298675,0.46499999999999997,0.031233435270132465,13,8.7,0,221.3,35592.41599999961
2026-07-17 16:16:00+00:00,2026-07-17 16:15:00+00:00,2026-07-17 16:30:00+00:00,yes,0.26,500,0.324468085106383,0.255,0.04446808510638296,13,6.74,0,-136.74,35455.675999999614
2026-07-17 16:45:00+00:00,2026-07-17 16:45:00+00:00,2026-07-17 17:00:00+00:00,no,0.36,500,0.5822784810126582,0.645,0.03772151898734179,14,8.07,1,-188.07,35267.605999999614
2026-07-17 17:16:00+00:00,2026-07-17 17:15:00+00:00,2026-07-17 17:30:00+00:00,no,0.52,500,0.4087665647298675,0.485,0.05123343527013248,13,8.74,1,-268.74,34998.865999999616
2026-07-17 17:45:00+00:00,2026-07-17 17:45:00+00:00,2026-07-17 18:00:00+00:00,no,0.37,500,0.5786666666666667,0.635,0.03133333333333334,14,8.16,1,-193.16,34805.70599999961
2026-07-17 18:02:00+00:00,2026-07-17 18:00:00+00:00,2026-07-17 18:15:00+00:00,no,0.54,500,0.4087665647298675,0.46499999999999997,0.031233435270132465,12,8.7,1,-278.7,34527.005999999616
2026-07-17 18:17:00+00:00,2026-07-17 18:15:00+00:00,2026-07-17 18:30:00+00:00,no,0.85,500,0.10538373424971363,0.155,0.03461626575028643,12,4.47,0,70.53,34597.535999999614
2026-07-17 18:31:00+00:00,2026-07-17 18:30:00+00:00,2026-07-17 18:45:00+00:00,yes,0.54,500,0.6188524590163934,0.53,0.05885245901639337,13,8.7,1,221.3,34818.83599999962
2026-07-17 18:45:00+00:00,2026-07-17 18:45:00+00:00,2026-07-17 19:00:00+00:00,no,0.27,500,0.6794195250659629,0.735,0.030580474934037056,14,6.9,1,-141.9,34676.935999999616
2026-07-17 19:22:00+00:00,2026-07-17 19:15:00+00:00,2026-07-17 19:30:00+00:00,no,0.85,500,0.10538373424971363,0.155,0.03461626575028643,7,4.47,0,70.53,34747.465999999615
2026-07-17 19:37:00+00:00,2026-07-17 19:30:00+00:00,2026-07-17 19:45:00+00:00,yes,0.89,500,0.9368770764119602,0.885,0.03687707641196015,7,3.43,1,51.57,34799.035999999614
2026-07-17 19:47:00+00:00,2026-07-17 19:45:00+00:00,2026-07-17 20:00:00+00:00,no,0.5900000000000001,500,0.35555555555555557,0.415,0.03444444444444429,12,8.47,0,196.52999999999994,34995.56599999961
2026-07-17 20:01:00+00:00,2026-07-17 20:00:00+00:00,2026-07-17 20:15:00+00:00,no,0.84,500,0.10538373424971363,0.165,0.04461626575028644,13,4.71,0,75.29,35070.855999999614
2026-07-17 20:20:00+00:00,2026-07-17 20:15:00+00:00,2026-07-17 20:30:00+00:00,yes,0.66,500,0.7157894736842105,0.655,0.035789473684210496,9,7.86,1,162.14,35232.99599999961
2026-07-17 20:33:00+00:00,2026-07-17 20:30:00+00:00,2026-07-17 20:45:00+00:00,yes,0.37,500,0.4515235457063712,0.365,0.06152354570637121,11,8.16,1,306.84,35539.83599999961
2026-07-17 20:46:00+00:00,2026-07-17 20:45:00+00:00,2026-07-17 21:00:00+00:00,no,0.54,500,0.4087665647298675,0.46499999999999997,0.031233435270132465,13,8.7,1,-278.7,35261.13599999961
2026-07-17 21:02:00+00:00,2026-07-17 21:00:00+00:00,2026-07-17 21:15:00+00:00,yes,0.72,500,0.7880597014925373,0.715,0.04805970149253737,12,7.06,1,132.94,35394.075999999615
2026-07-17 21:21:00+00:00,2026-07-17 21:15:00+00:00,2026-07-17 21:30:00+00:00,no,0.84,500,0.10538373424971363,0.165,0.04461626575028644,8,4.71,1,-424.71,34969.365999999616
2026-07-17 21:34:00+00:00,2026-07-17 21:30:00+00:00,2026-07-17 21:45:00+00:00,no,0.87,500,0.0824742268041237,0.135,0.03752577319587636,10,3.96,0,61.04,35030.40599999962
2026-07-17 21:48:00+00:00,2026-07-17 21:45:00+00:00,2026-07-17 22:00:00+00:00,yes,0.49,500,0.5739130434782608,0.485,0.06391304347826078,11,8.75,1,246.25,35276.65599999962
2026-07-17 22:00:00+00:00,2026-07-17 22:00:00+00:00,2026-07-17 22:15:00+00:00,yes,0.75,500,0.8333333333333334,0.745,0.06333333333333337,14,6.57,0,-381.57,34895.08599999962
2026-07-17 22:17:00+00:00,2026-07-17 22:15:00+00:00,2026-07-17 22:30:00+00:00,no,0.73,500,0.10538373424971363,0.275,0.14461626575028644,12,6.9,0,128.1,35023.185999999616
2026-07-17 22:30:00+00:00,2026-07-17 22:30:00+00:00,2026-07-17 22:45:00+00:00,yes,0.51,500,0.5786666666666667,0.505,0.04866666666666665,14,8.75,0,-263.75,34759.435999999616
2026-07-17 22:46:00+00:00,2026-07-17 22:45:00+00:00,2026-07-17 23:00:00+00:00,yes,0.62,500,0.6794195250659629,0.615,0.039419525065962926,13,8.25,1,181.75,34941.185999999616
2026-07-17 23:01:00+00:00,2026-07-17 23:00:00+00:00,2026-07-17 23:15:00+00:00,no,0.77,500,0.17728055077452667,0.235,0.03271944922547333,13,6.2,0,108.8,35049.98599999962
2026-07-17 23:15:00+00:00,2026-07-17 23:15:00+00:00,2026-07-17 23:30:00+00:00,yes,0.43,500,0.5164113785557987,0.425,0.06641137855579866,14,8.58,1,276.42,35326.40599999962
2026-07-17 23:30:00+00:00,2026-07-17 23:30:00+00:00,2026-07-17 23:45:00+00:00,yes,0.52,500,0.5822784810126582,0.515,0.0422784810126582,14,8.74,1,231.26,35557.66599999962
2026-07-17 23:46:00+00:00,2026-07-17 23:45:00+00:00,2026-07-18 00:00:00+00:00,yes,0.51,500,0.5786666666666667,0.505,0.04866666666666665,13,8.75,0,-263.75,35293.91599999962
2026-07-18 00:00:00+00:00,2026-07-18 00:00:00+00:00,2026-07-18 00:15:00+00:00,yes,0.6,500,0.6794195250659629,0.595,0.059419525065962944,14,8.4,1,191.6,35485.51599999962
2026-07-18 00:15:00+00:00,2026-07-18 00:15:00+00:00,2026-07-18 00:30:00+00:00,yes,0.72,500,0.8053097345132744,0.715,0.06530973451327439,14,7.06,1,132.94,35618.45599999962
2026-07-18 00:34:00+00:00,2026-07-18 00:30:00+00:00,2026-07-18 00:45:00+00:00,no,0.89,500,0.06649616368286446,0.11499999999999999,0.0335038363171355,10,3.43,0,51.57,35670.02599999962
2026-07-18 00:45:00+00:00,2026-07-18 00:45:00+00:00,2026-07-18 01:00:00+00:00,no,0.4,500,0.5192307692307693,0.605,0.0607692307692307,14,8.4,0,291.6,35961.62599999962
2026-07-18 01:01:00+00:00,2026-07-18 01:00:00+00:00,2026-07-18 01:15:00+00:00,no,0.48,500,0.4515235457063712,0.525,0.048476454293628804,13,8.74,1,-248.74,35712.88599999962
2026-07-18 01:19:00+00:00,2026-07-18 01:15:00+00:00,2026-07-18 01:30:00+00:00,yes,0.62,500,0.6861702127659575,0.615,0.046170212765957466,10,8.25,1,181.75,35894.63599999962
2026-07-18 01:45:00+00:00,2026-07-18 01:45:00+00:00,2026-07-18 02:00:00+00:00,no,0.47,500,0.4515235457063712,0.535,0.05847645429362881,14,8.72,1,-243.72,35650.91599999962
2026-07-18 02:00:00+00:00,2026-07-18 02:00:00+00:00,2026-07-18 02:15:00+00:00,no,0.45999999999999996,500,0.4515235457063712,0.545,0.06847645429362882,14,8.7,0,261.3,35912.21599999962
2026-07-18 02:17:00+00:00,2026-07-18 02:15:00+00:00,2026-07-18 02:30:00+00:00,yes,0.63,500,0.7157894736842105,0.625,0.06578947368421052,12,8.16,1,176.84,36089.05599999962
2026-07-18 02:33:00+00:00,2026-07-18 02:30:00+00:00,2026-07-18 02:45:00+00:00,yes,0.75,500,0.8053097345132744,0.745,0.03530973451327436,11,6.57,0,-381.57,35707.48599999962
2026-07-18 02:52:00+00:00,2026-07-18 02:45:00+00:00,2026-07-18 03:00:00+00:00,yes,0.25,500,0.32786885245901637,0.245,0.057868852459016365,7,6.57,0,-131.57,35575.91599999962
2026-07-18 03:06:00+00:00,2026-07-18 03:00:00+00:00,2026-07-18 03:15:00+00:00,yes,0.78,500,0.8793532338308457,0.775,0.0793532338308457,8,6.01,1,103.99,35679.90599999962
2026-07-18 03:15:00+00:00,2026-07-18 03:15:00+00:00,2026-07-18 03:30:00+00:00,no,0.37,500,0.5164113785557987,0.635,0.09358862144420134,14,8.16,0,306.84,35986.74599999961
2026-07-18 03:30:00+00:00,2026-07-18 03:30:00+00:00,2026-07-18 03:45:00+00:00,no,0.54,500,0.4087665647298675,0.46499999999999997,0.031233435270132465,14,8.7,0,221.3,36208.04599999962
2026-07-18 03:45:00+00:00,2026-07-18 03:45:00+00:00,2026-07-18 04:00:00+00:00,no,0.43000000000000005,500,0.5073746312684366,0.575,0.04262536873156332,14,8.58,1,-223.58000000000004,35984.465999999615
2026-07-18 04:03:00+00:00,2026-07-18 04:00:00+00:00,2026-07-18 04:15:00+00:00,no,0.64,500,0.2605459057071961,0.365,0.07945409429280383,11,8.07,0,171.93,36156.395999999615
2026-07-18 04:18:00+00:00,2026-07-18 04:15:00+00:00,2026-07-18 04:30:00+00:00,no,0.6799999999999999,500,0.2605459057071961,0.325,0.0394540942928039,11,7.62,0,152.38000000000005,36308.77599999961
2026-07-18 04:31:00+00:00,2026-07-18 04:30:00+00:00,2026-07-18 04:45:00+00:00,no,0.77,500,0.17728055077452667,0.235,0.03271944922547333,13,6.2,0,108.8,36417.575999999615
2026-07-18 04:45:00+00:00,2026-07-18 04:45:00+00:00,2026-07-18 05:00:00+00:00,no,0.43000000000000005,500,0.5164113785557987,0.575,0.033588621444201286,14,8.58,1,-223.58000000000004,36193.99599999961
2026-07-18 05:00:00+00:00,2026-07-18 05:00:00+00:00,2026-07-18 05:15:00+00:00,no,0.47,500,0.4515235457063712,0.535,0.05847645429362881,14,8.72,0,256.28,36450.27599999961
2026-07-18 05:21:00+00:00,2026-07-18 05:15:00+00:00,2026-07-18 05:30:00+00:00,yes,0.85,500,0.9054545454545454,0.845,0.04545454545454542,8,4.47,1,70.53,36520.80599999961
2026-07-18 05:33:00+00:00,2026-07-18 05:30:00+00:00,2026-07-18 05:45:00+00:00,yes,0.62,500,0.6794195250659629,0.615,0.039419525065962926,11,8.25,0,-318.25,36202.55599999961
2026-07-18 05:46:00+00:00,2026-07-18 05:45:00+00:00,2026-07-18 06:00:00+00:00,yes,0.81,500,0.8793532338308457,0.805,0.04935323383084568,13,5.39,0,-410.39,35792.16599999961
2026-07-18 06:00:00+00:00,2026-07-18 06:00:00+00:00,2026-07-18 06:15:00+00:00,no,0.45999999999999996,500,0.4515235457063712,0.545,0.06847645429362882,14,8.7,1,-238.69999999999996,35553.465999999615
2026-07-18 06:18:00+00:00,2026-07-18 06:15:00+00:00,2026-07-18 06:30:00+00:00,yes,0.84,500,0.8953168044077136,0.835,0.04531680440771358,11,4.71,1,75.29,35628.755999999616
2026-07-18 06:32:00+00:00,2026-07-18 06:30:00+00:00,2026-07-18 06:45:00+00:00,no,0.85,500,0.10538373424971363,0.155,0.03461626575028643,12,4.47,0,70.53,35699.285999999614
2026-07-18 06:46:00+00:00,2026-07-18 06:45:00+00:00,2026-07-18 07:00:00+00:00,no,0.45999999999999996,500,0.48582995951417,0.545,0.03417004048583007,13,8.7,1,-238.69999999999996,35460.58599999962
2026-07-18 07:03:00+00:00,2026-07-18 07:00:00+00:00,2026-07-18 07:15:00+00:00,yes,0.82,500,0.8793532338308457,0.815,0.03935323383084578,11,5.17,1,84.83,35545.41599999962
2026-07-18 07:17:00+00:00,2026-07-18 07:15:00+00:00,2026-07-18 07:30:00+00:00,no,0.54,500,0.4087665647298675,0.46499999999999997,0.031233435270132465,12,8.7,1,-278.7,35266.71599999962
2026-07-18 07:30:00+00:00,2026-07-18 07:30:00+00:00,2026-07-18 07:45:00+00:00,no,0.5900000000000001,500,0.324468085106383,0.415,0.06553191489361689,14,8.47,0,196.52999999999994,35463.24599999962
2026-07-18 07:45:00+00:00,2026-07-18 07:45:00+00:00,2026-07-18 08:00:00+00:00,no,0.45999999999999996,500,0.4515235457063712,0.545,0.06847645429362882,14,8.7,0,261.3,35724.545999999624
2026-07-18 08:00:00+00:00,2026-07-18 08:00:00+00:00,2026-07-18 08:15:00+00:00,yes,0.26,500,0.4515235457063712,0.255,0.1715235457063712,14,6.74,0,-136.74,35587.805999999626
2026-07-18 08:15:00+00:00,2026-07-18 08:15:00+00:00,2026-07-18 08:30:00+00:00,no,0.4,500,0.4515235457063712,0.605,0.12847645429362878,14,8.4,1,-208.4,35379.405999999624
2026-07-18 08:34:00+00:00,2026-07-18 08:30:00+00:00,2026-07-18 08:45:00+00:00,no,0.33999999999999997,500,0.5822784810126582,0.665,0.057721518987341805,10,7.86,0,322.14,35701.545999999624
2026-07-18 08:50:00+00:00,2026-07-18 08:45:00+00:00,2026-07-18 09:00:00+00:00,yes,0.84,500,0.8953168044077136,0.835,0.04531680440771358,9,4.71,1,75.29,35776.835999999625
2026-07-18 09:00:00+00:00,2026-07-18 09:00:00+00:00,2026-07-18 09:15:00+00:00,no,0.24,500,0.6188524590163934,0.765,0.1211475409836066,14,6.39,0,373.61,36150.445999999625
2026-07-18 09:15:00+00:00,2026-07-18 09:15:00+00:00,2026-07-18 09:30:00+00:00,no,0.42000000000000004,500,0.5192307692307693,0.585,0.04076923076923068,14,8.53,0,281.47,36431.91599999963
2026-07-18 09:30:00+00:00,2026-07-18 09:30:00+00:00,2026-07-18 09:45:00+00:00,yes,0.45,500,0.5822784810126582,0.445,0.11227848101265821,14,8.67,1,266.33,36698.24599999963
2026-07-18 09:48:00+00:00,2026-07-18 09:45:00+00:00,2026-07-18 10:00:00+00:00,no,0.43999999999999995,500,0.5035799522673032,0.565,0.03642004773269682,11,8.63,1,-228.62999999999997,36469.61599999963
2026-07-18 10:01:00+00:00,2026-07-18 10:00:00+00:00,2026-07-18 10:15:00+00:00,yes,0.4,500,0.4515235457063712,0.395,0.031523545706371184,13,8.4,1,291.6,36761.21599999963
2026-07-18 10:24:00+00:00,2026-07-18 10:15:00+00:00,2026-07-18 10:30:00+00:00,no,0.22999999999999998,500,0.6794195250659629,0.775,0.07058047493403709,5,6.2,1,-121.19999999999999,36640.01599999963
2026-07-18 10:30:00+00:00,2026-07-18 10:30:00+00:00,2026-07-18 10:45:00+00:00,no,0.44999999999999996,500,0.4515235457063712,0.555,0.07847645429362883,14,8.67,0,266.33,36906.345999999634
2026-07-18 10:52:00+00:00,2026-07-18 10:45:00+00:00,2026-07-18 11:00:00+00:00,yes,0.67,500,0.722473604826546,0.665,0.032473604826545946,7,7.74,1,157.26,37063.605999999636
2026-07-18 11:04:00+00:00,2026-07-18 11:00:00+00:00,2026-07-18 11:15:00+00:00,no,0.31000000000000005,500,0.6267166042446941,0.695,0.043283395755305834,10,7.49,1,-162.49000000000004,36901.11599999964
2026-07-18 11:16:00+00:00,2026-07-18 11:15:00+00:00,2026-07-18 11:30:00+00:00,yes,0.46,500,0.5164113785557987,0.455,0.03641137855579864,13,8.7,1,261.3,37162.41599999964
2026-07-18 11:31:00+00:00,2026-07-18 11:30:00+00:00,2026-07-18 11:45:00+00:00,yes,0.44,500,0.5035799522673032,0.435,0.043579952267303226,13,8.63,1,271.37,37433.78599999964
2026-07-18 11:47:00+00:00,2026-07-18 11:45:00+00:00,2026-07-18 12:00:00+00:00,no,0.43999999999999995,500,0.4515235457063712,0.565,0.08847645429362884,12,8.63,1,-228.62999999999997,37205.155999999646
2026-07-18 12:00:00+00:00,2026-07-18 12:00:00+00:00,2026-07-18 12:15:00+00:00,yes,0.75,500,0.823076923076923,0.745,0.053076923076923035,14,6.57,1,118.43,37323.58599999965
2026-07-18 12:15:00+00:00,2026-07-18 12:15:00+00:00,2026-07-18 12:30:00+00:00,no,0.43999999999999995,500,0.4515235457063712,0.565,0.08847645429362884,14,8.63,0,271.37,37594.95599999965
2026-07-18 12:30:00+00:00,2026-07-18 12:30:00+00:00,2026-07-18 12:45:00+00:00,no,0.31000000000000005,500,0.6267166042446941,0.695,0.043283395755305834,14,7.49,1,-162.49000000000004,37432.46599999965
2026-07-18 12:46:00+00:00,2026-07-18 12:45:00+00:00,2026-07-18 13:00:00+00:00,no,0.31000000000000005,500,0.6267166042446941,0.695,0.043283395755305834,13,7.49,1,-162.49000000000004,37269.97599999965
2026-07-18 13:02:00+00:00,2026-07-18 13:00:00+00:00,2026-07-18 13:15:00+00:00,no,0.85,500,0.10538373424971363,0.155,0.03461626575028643,12,4.47,0,70.53,37340.50599999965
2026-07-18 13:17:00+00:00,2026-07-18 13:15:00+00:00,2026-07-18 13:30:00+00:00,yes,0.49,500,0.5739130434782608,0.485,0.06391304347826078,12,8.75,1,246.25,37586.75599999965
2026-07-18 13:33:00+00:00,2026-07-18 13:30:00+00:00,2026-07-18 13:45:00+00:00,no,0.27,500,0.6794195250659629,0.735,0.030580474934037056,11,6.9,0,358.1,37944.85599999965
2026-07-18 13:52:00+00:00,2026-07-18 13:45:00+00:00,2026-07-18 14:00:00+00:00,no,0.38,500,0.5035799522673032,0.625,0.09642004773269676,7,8.25,1,-198.25,37746.60599999965
2026-07-18 14:02:00+00:00,2026-07-18 14:00:00+00:00,2026-07-18 14:15:00+00:00,no,0.42000000000000004,500,0.5192307692307693,0.585,0.04076923076923068,12,8.53,1,-218.53000000000003,37528.07599999965
2026-07-18 14:16:00+00:00,2026-07-18 14:15:00+00:00,2026-07-18 14:30:00+00:00,yes,0.27,500,0.324468085106383,0.265,0.034468085106382954,13,6.9,1,358.1,37886.17599999965
2026-07-18 14:32:00+00:00,2026-07-18 14:30:00+00:00,2026-07-18 14:45:00+00:00,yes,0.66,500,0.7157894736842105,0.655,0.035789473684210496,12,7.86,1,162.14,38048.31599999965
2026-07-18 14:45:00+00:00,2026-07-18 14:45:00+00:00,2026-07-18 15:00:00+00:00,no,0.51,500,0.40180090138821223,0.495,0.06819909861178776,14,8.75,0,236.25,38284.56599999965
2026-07-18 15:04:00+00:00,2026-07-18 15:00:00+00:00,2026-07-18 15:15:00+00:00,no,0.5800000000000001,500,0.324468085106383,0.425,0.0755319148936169,10,8.53,0,201.46999999999994,38486.03599999965
2026-07-18 15:17:00+00:00,2026-07-18 15:15:00+00:00,2026-07-18 15:30:00+00:00,yes,0.72,500,0.8173913043478261,0.715,0.07739130434782616,12,7.06,0,-367.06,38118.97599999965
2026-07-18 15:32:00+00:00,2026-07-18 15:30:00+00:00,2026-07-18 15:45:00+00:00,no,0.54,500,0.4087665647298675,0.46499999999999997,0.031233435270132465,12,8.7,0,221.3,38340.275999999656
2026-07-18 15:45:00+00:00,2026-07-18 15:45:00+00:00,2026-07-18 16:00:00+00:00,yes,0.55,500,0.6188524590163934,0.545,0.04885245901639336,14,8.67,1,216.33,38556.60599999966
2026-07-18 16:09:00+00:00,2026-07-18 16:00:00+00:00,2026-07-18 16:15:00+00:00,yes,0.32,500,0.4515235457063712,0.315,0.1115235457063712,5,7.62,1,332.38,38888.985999999655
2026-07-18 16:21:00+00:00,2026-07-18 16:15:00+00:00,2026-07-18 16:30:00+00:00,no,0.54,500,0.4087665647298675,0.46499999999999997,0.031233435270132465,8,8.7,0,221.3,39110.28599999966
2026-07-18 16:30:00+00:00,2026-07-18 16:30:00+00:00,2026-07-18 16:45:00+00:00,no,0.33999999999999997,500,0.5822784810126582,0.665,0.057721518987341805,14,7.86,0,322.14,39432.42599999966
2026-07-18 16:46:00+00:00,2026-07-18 16:45:00+00:00,2026-07-18 17:00:00+00:00,yes,0.59,500,0.6794195250659629,0.585,0.06941952506596295,13,8.47,1,196.53,39628.955999999656
2026-07-18 17:00:00+00:00,2026-07-18 17:00:00+00:00,2026-07-18 17:15:00+00:00,no,0.53,500,0.4087665647298675,0.475,0.04123343527013247,14,8.72,1,-273.72,39355.235999999655
2026-07-18 17:20:00+00:00,2026-07-18 17:15:00+00:00,2026-07-18 17:30:00+00:00,no,0.38,500,0.5686274509803921,0.625,0.03137254901960786,9,8.25,0,301.75,39656.985999999655
2026-07-18 17:34:00+00:00,2026-07-18 17:30:00+00:00,2026-07-18 17:45:00+00:00,no,0.4,500,0.5192307692307693,0.605,0.0607692307692307,10,8.4,1,-208.4,39448.585999999654
2026-07-18 17:45:00+00:00,2026-07-18 17:45:00+00:00,2026-07-18 18:00:00+00:00,no,0.36,500,0.5822784810126582,0.645,0.03772151898734179,14,8.07,1,-188.07,39260.515999999654
2026-07-18 18:01:00+00:00,2026-07-18 18:00:00+00:00,2026-07-18 18:15:00+00:00,no,0.49,500,0.45121951219512196,0.515,0.0387804878048781,13,8.75,0,246.25,39506.765999999654
2026-07-18 18:15:00+00:00,2026-07-18 18:15:00+00:00,2026-07-18 18:30:00+00:00,no,0.43000000000000005,500,0.48582995951417,0.575,0.06417004048582998,14,8.58,1,-223.58000000000004,39283.18599999965
2026-07-18 18:32:00+00:00,2026-07-18 18:30:00+00:00,2026-07-18 18:45:00+00:00,no,0.84,500,0.10538373424971363,0.165,0.04461626575028644,12,4.71,0,75.29,39358.47599999965
2026-07-18 18:45:00+00:00,2026-07-18 18:45:00+00:00,2026-07-18 19:00:00+00:00,no,0.35,500,0.5786666666666667,0.655,0.051333333333333356,14,7.97,1,-182.97,39175.50599999965
2026-07-18 19:06:00+00:00,2026-07-18 19:00:00+00:00,2026-07-18 19:15:00+00:00,no,0.22999999999999998,500,0.7157894736842105,0.775,0.03421052631578948,8,6.2,1,-121.19999999999999,39054.305999999655
2026-07-18 19:15:00+00:00,2026-07-18 19:15:00+00:00,2026-07-18 19:30:00+00:00,yes,0.73,500,0.7880597014925373,0.725,0.03805970149253736,14,6.9,0,-371.9,38682.40599999965
2026-07-18 19:30:00+00:00,2026-07-18 19:30:00+00:00,2026-07-18 19:45:00+00:00,no,0.41000000000000003,500,0.5164113785557987,0.595,0.053588621444201304,14,8.47,1,-213.47000000000003,38468.93599999965
2026-07-18 19:49:00+00:00,2026-07-18 19:45:00+00:00,2026-07-18 20:00:00+00:00,yes,0.6,500,0.6794195250659629,0.595,0.059419525065962944,10,8.4,1,191.6,38660.53599999965
2026-07-18 20:04:00+00:00,2026-07-18 20:00:00+00:00,2026-07-18 20:15:00+00:00,yes,0.29,500,0.3900096061479347,0.28500000000000003,0.08000960614793469,10,7.21,1,347.79,39008.32599999965
2026-07-18 20:16:00+00:00,2026-07-18 20:15:00+00:00,2026-07-18 20:30:00+00:00,no,0.55,500,0.3900096061479347,0.455,0.03999039385206528,13,8.67,1,-283.67,38724.65599999965
2026-07-18 20:36:00+00:00,2026-07-18 20:30:00+00:00,2026-07-18 20:45:00+00:00,no,0.89,500,0.06649616368286446,0.11499999999999999,0.0335038363171355,8,3.43,0,51.57,38776.22599999965
2026-07-18 20:47:00+00:00,2026-07-18 20:45:00+00:00,2026-07-18 21:00:00+00:00,no,0.61,500,0.324468085106383,0.395,0.04553191489361698,12,8.33,1,-313.33,38462.89599999965
2026-07-18 21:05:00+00:00,2026-07-18 21:00:00+00:00,2026-07-18 21:15:00+00:00,no,0.42000000000000004,500,0.5164113785557987,0.585,0.043588621444201295,9,8.53,1,-218.53000000000003,38244.36599999965
2026-07-18 21:16:00+00:00,2026-07-18 21:15:00+00:00,2026-07-18 21:30:00+00:00,yes,0.83,500,0.8953168044077136,0.825,0.05531680440771359,13,4.94,0,-419.94,37824.42599999965
2026-07-18 21:34:00+00:00,2026-07-18 21:30:00+00:00,2026-07-18 21:45:00+00:00,yes,0.34,500,0.3900096061479347,0.335,0.03000960614793465,10,7.86,0,-177.86,37646.56599999965
2026-07-18 21:45:00+00:00,2026-07-18 21:45:00+00:00,2026-07-18 22:00:00+00:00,no,0.61,500,0.33747412008281574,0.395,0.03252587991718427,14,8.33,1,-313.33,37333.23599999965
2026-07-18 22:05:00+00:00,2026-07-18 22:00:00+00:00,2026-07-18 22:15:00+00:00,no,0.25,500,0.6861702127659575,0.755,0.04382978723404253,9,6.57,1,-131.57,37201.66599999965
2026-07-18 22:19:00+00:00,2026-07-18 22:15:00+00:00,2026-07-18 22:30:00+00:00,no,0.61,500,0.33747412008281574,0.395,0.03252587991718427,10,8.33,0,186.67,37388.33599999965
2026-07-18 22:36:00+00:00,2026-07-18 22:30:00+00:00,2026-07-18 22:45:00+00:00,yes,0.45,500,0.5035799522673032,0.445,0.03357995226730322,8,8.67,1,266.33,37654.66599999965
2026-07-18 23:07:00+00:00,2026-07-18 23:00:00+00:00,2026-07-18 23:15:00+00:00,no,0.88,500,0.06649616368286446,0.125,0.04350383631713551,7,3.7,0,56.3,37710.96599999965
2026-07-18 23:16:00+00:00,2026-07-18 23:15:00+00:00,2026-07-18 23:30:00+00:00,yes,0.79,500,0.8793532338308457,0.785,0.0693532338308457,13,5.81,1,99.19,37810.15599999965
2026-07-18 23:35:00+00:00,2026-07-18 23:30:00+00:00,2026-07-18 23:45:00+00:00,no,0.73,500,0.20758483033932135,0.275,0.04241516966067872,9,6.9,0,128.1,37938.25599999965
2026-07-18 23:45:00+00:00,2026-07-18 23:45:00+00:00,2026-07-19 00:00:00+00:00,no,0.49,500,0.4515235457063712,0.515,0.038476454293628795,14,8.75,1,-253.75,37684.50599999965
2026-07-19 00:03:00+00:00,2026-07-19 00:00:00+00:00,2026-07-19 00:15:00+00:00,no,0.49,500,0.4087665647298675,0.515,0.0812334352701325,11,8.75,1,-253.75,37430.75599999965
2026-07-19 00:23:00+00:00,2026-07-19 00:15:00+00:00,2026-07-19 00:30:00+00:00,no,0.87,500,0.06649616368286446,0.135,0.05350383631713552,6,3.96,0,61.04,37491.79599999965
2026-07-19 00:38:00+00:00,2026-07-19 00:30:00+00:00,2026-07-19 00:45:00+00:00,yes,0.27,500,0.324468085106383,0.265,0.034468085106382954,6,6.9,0,-141.9,37349.89599999965
2026-07-19 00:45:00+00:00,2026-07-19 00:45:00+00:00,2026-07-19 01:00:00+00:00,no,0.45999999999999996,500,0.48905109489051074,0.545,0.03094890510948935,14,8.7,1,-238.69999999999996,37111.195999999654
2026-07-19 01:01:00+00:00,2026-07-19 01:00:00+00:00,2026-07-19 01:15:00+00:00,no,0.45999999999999996,500,0.4515235457063712,0.545,0.06847645429362882,13,8.7,0,261.3,37372.49599999966
2026-07-19 01:16:00+00:00,2026-07-19 01:15:00+00:00,2026-07-19 01:30:00+00:00,no,0.54,500,0.4087665647298675,0.46499999999999997,0.031233435270132465,13,8.7,0,221.3,37593.79599999966
2026-07-19 01:32:00+00:00,2026-07-19 01:30:00+00:00,2026-07-19 01:45:00+00:00,no,0.53,500,0.4087665647298675,0.475,0.04123343527013247,12,8.72,0,226.28,37820.07599999966
2026-07-19 01:48:00+00:00,2026-07-19 01:45:00+00:00,2026-07-19 02:00:00+00:00,no,0.44999999999999996,500,0.48582995951417,0.555,0.04417004048583008,11,8.67,1,-233.66999999999996,37586.40599999966
2026-07-19 02:00:00+00:00,2026-07-19 02:00:00+00:00,2026-07-19 02:15:00+00:00,no,0.55,500,0.3900096061479347,0.455,0.03999039385206528,14,8.67,1,-283.67,37302.73599999966
2026-07-19 02:41:00+00:00,2026-07-19 02:30:00+00:00,2026-07-19 02:45:00+00:00,no,0.15000000000000002,500,0.7880597014925373,0.855,0.05194029850746263,3,4.47,1,-79.47000000000001,37223.26599999966
2026-07-19 02:47:00+00:00,2026-07-19 02:45:00+00:00,2026-07-19 03:00:00+00:00,yes,0.33,500,0.3900096061479347,0.325,0.040009606147934654,12,7.74,0,-172.74,37050.52599999966
2026-07-19 03:03:00+00:00,2026-07-19 03:00:00+00:00,2026-07-19 03:15:00+00:00,no,0.81,500,0.10538373424971363,0.195,0.06461626575028635,11,5.39,0,89.61,37140.135999999664
2026-07-19 03:17:00+00:00,2026-07-19 03:15:00+00:00,2026-07-19 03:30:00+00:00,no,0.75,500,0.17728055077452667,0.255,0.05271944922547335,12,6.57,0,118.43,37258.565999999664
2026-07-19 03:34:00+00:00,2026-07-19 03:30:00+00:00,2026-07-19 03:45:00+00:00,no,0.53,500,0.3900096061479347,0.475,0.059990393852065296,10,8.72,0,226.28,37484.84599999966
2026-07-19 03:46:00+00:00,2026-07-19 03:45:00+00:00,2026-07-19 04:00:00+00:00,yes,0.51,500,0.5786666666666667,0.505,0.04866666666666665,13,8.75,1,236.25,37721.09599999966
2026-07-19 04:00:00+00:00,2026-07-19 04:00:00+00:00,2026-07-19 04:15:00+00:00,no,0.6,500,0.324468085106383,0.405,0.05553191489361699,14,8.4,0,191.6,37912.69599999966
2026-07-19 04:17:00+00:00,2026-07-19 04:15:00+00:00,2026-07-19 04:30:00+00:00,yes,0.66,500,0.722473604826546,0.655,0.042473604826545955,12,7.86,1,162.14,38074.83599999966
2026-07-19 04:33:00+00:00,2026-07-19 04:30:00+00:00,2026-07-19 04:45:00+00:00,no,0.61,500,0.33747412008281574,0.395,0.03252587991718427,11,8.33,1,-313.33,37761.50599999966
2026-07-19 04:51:00+00:00,2026-07-19 04:45:00+00:00,2026-07-19 05:00:00+00:00,yes,0.24,500,0.324468085106383,0.235,0.06446808510638298,8,6.39,0,-126.39,37635.11599999966
2026-07-19 05:21:00+00:00,2026-07-19 05:15:00+00:00,2026-07-19 05:30:00+00:00,no,0.62,500,0.324468085106383,0.385,0.03553191489361697,8,8.25,0,181.75,37816.86599999966
2026-07-19 05:30:00+00:00,2026-07-19 05:30:00+00:00,2026-07-19 05:45:00+00:00,no,0.5900000000000001,500,0.33747412008281574,0.415,0.05252587991718417,14,8.47,0,196.52999999999994,38013.39599999966
2026-07-19 05:47:00+00:00,2026-07-19 05:45:00+00:00,2026-07-19 06:00:00+00:00,yes,0.75,500,0.8053097345132744,0.745,0.03530973451327436,12,6.57,1,118.43,38131.82599999966
2026-07-19 06:05:00+00:00,2026-07-19 06:00:00+00:00,2026-07-19 06:15:00+00:00,no,0.77,500,0.16076294277929154,0.235,0.04923705722070838,9,6.2,0,108.8,38240.62599999966
2026-07-19 06:15:00+00:00,2026-07-19 06:15:00+00:00,2026-07-19 06:30:00+00:00,yes,0.45,500,0.5164113785557987,0.445,0.046411378555798646,14,8.67,1,266.33,38506.95599999966
2026-07-19 06:33:00+00:00,2026-07-19 06:30:00+00:00,2026-07-19 06:45:00+00:00,yes,0.77,500,0.8250728862973761,0.765,0.03507288629737605,11,6.2,1,108.8,38615.75599999967
2026-07-19 06:48:00+00:00,2026-07-19 06:45:00+00:00,2026-07-19 07:00:00+00:00,no,0.8,500,0.10538373424971363,0.20500000000000002,0.07461626575028636,11,5.6,0,94.4,38710.15599999967
2026-07-19 07:07:00+00:00,2026-07-19 07:00:00+00:00,2026-07-19 07:15:00+00:00,no,0.69,500,0.20758483033932135,0.315,0.08241516966067876,7,7.49,0,147.51,38857.66599999967
2026-07-19 07:21:00+00:00,2026-07-19 07:15:00+00:00,2026-07-19 07:30:00+00:00,yes,0.84,500,0.9019607843137255,0.835,0.051960784313725535,8,4.71,1,75.29,38932.95599999967
2026-07-19 07:31:00+00:00,2026-07-19 07:30:00+00:00,2026-07-19 07:45:00+00:00,no,0.6799999999999999,500,0.2601744186046512,0.325,0.03982558139534888,13,7.62,1,-347.61999999999995,38585.33599999967
2026-07-19 07:46:00+00:00,2026-07-19 07:45:00+00:00,2026-07-19 08:00:00+00:00,no,0.53,500,0.33747412008281574,0.475,0.11252587991718423,13,8.72,0,226.28,38811.61599999967
2026-07-19 08:00:00+00:00,2026-07-19 08:00:00+00:00,2026-07-19 08:15:00+00:00,no,0.36,500,0.5035799522673032,0.645,0.11642004773269678,14,8.07,1,-188.07,38623.54599999967
2026-07-19 08:17:00+00:00,2026-07-19 08:15:00+00:00,2026-07-19 08:30:00+00:00,yes,0.25,500,0.324468085106383,0.245,0.05446808510638297,12,6.57,0,-131.57,38491.97599999967
2026-07-19 08:34:00+00:00,2026-07-19 08:30:00+00:00,2026-07-19 08:45:00+00:00,no,0.5700000000000001,500,0.33747412008281574,0.435,0.07252587991718419,10,8.58,0,206.41999999999993,38698.395999999666
2026-07-19 09:01:00+00:00,2026-07-19 09:00:00+00:00,2026-07-19 09:15:00+00:00,no,0.42000000000000004,500,0.5035799522673032,0.585,0.056420047732696724,13,8.53,0,281.47,38979.86599999967
2026-07-19 09:18:00+00:00,2026-07-19 09:15:00+00:00,2026-07-19 09:30:00+00:00,no,0.84,500,0.10538373424971363,0.165,0.04461626575028644,11,4.71,0,75.29,39055.15599999967
2026-07-19 09:34:00+00:00,2026-07-19 09:30:00+00:00,2026-07-19 09:45:00+00:00,yes,0.56,500,0.6267166042446941,0.555,0.04671660424469405,10,8.63,0,-288.63,38766.52599999967
2026-07-19 09:45:00+00:00,2026-07-19 09:45:00+00:00,2026-07-19 10:00:00+00:00,yes,0.45,500,0.5192307692307693,0.445,0.04923076923076926,14,8.67,1,266.33,39032.85599999967
2026-07-19 10:03:00+00:00,2026-07-19 10:00:00+00:00,2026-07-19 10:15:00+00:00,yes,0.64,500,0.7157894736842105,0.635,0.055789473684210514,11,8.07,1,171.93,39204.78599999967
2026-07-19 10:22:00+00:00,2026-07-19 10:15:00+00:00,2026-07-19 10:30:00+00:00,yes,0.83,500,0.8793532338308457,0.825,0.039353233830845775,7,4.94,1,80.06,39284.84599999967
2026-07-19 10:35:00+00:00,2026-07-19 10:30:00+00:00,2026-07-19 10:45:00+00:00,yes,0.62,500,0.6794195250659629,0.615,0.039419525065962926,9,8.25,1,181.75,39466.59599999967
2026-07-19 10:48:00+00:00,2026-07-19 10:45:00+00:00,2026-07-19 11:00:00+00:00,no,0.49,500,0.4087665647298675,0.515,0.0812334352701325,11,8.75,0,246.25,39712.84599999967
2026-07-19 11:00:00+00:00,2026-07-19 11:00:00+00:00,2026-07-19 11:15:00+00:00,no,0.6699999999999999,500,0.2605459057071961,0.335,0.04945409429280391,14,7.74,0,157.26000000000005,39870.10599999967
2026-07-19 11:17:00+00:00,2026-07-19 11:15:00+00:00,2026-07-19 11:30:00+00:00,no,0.54,500,0.4087665647298675,0.46499999999999997,0.031233435270132465,12,8.7,0,221.3,40091.405999999675
2026-07-19 11:32:00+00:00,2026-07-19 11:30:00+00:00,2026-07-19 11:45:00+00:00,yes,0.41,500,0.5073746312684366,0.405,0.07737463126843665,12,8.47,0,-213.47,39877.935999999674
2026-07-19 11:47:00+00:00,2026-07-19 11:45:00+00:00,2026-07-19 12:00:00+00:00,yes,0.44,500,0.5164113785557987,0.435,0.056411378555798655,12,8.63,0,-228.63,39649.30599999968
2026-07-19 12:03:00+00:00,2026-07-19 12:00:00+00:00,2026-07-19 12:15:00+00:00,no,0.77,500,0.17728055077452667,0.235,0.03271944922547333,11,6.2,0,108.8,39758.10599999968
2026-07-19 12:15:00+00:00,2026-07-19 12:15:00+00:00,2026-07-19 12:30:00+00:00,yes,0.7,500,0.823076923076923,0.695,0.10307692307692308,14,7.35,0,-357.35,39400.75599999968
2026-07-19 12:30:00+00:00,2026-07-19 12:30:00+00:00,2026-07-19 12:45:00+00:00,yes,0.63,500,0.722473604826546,0.625,0.07247360482654598,14,8.16,1,176.84,39577.59599999968
2026-07-19 12:51:00+00:00,2026-07-19 12:45:00+00:00,2026-07-19 13:00:00+00:00,no,0.26,500,0.6794195250659629,0.745,0.04058047493403706,8,6.74,1,-136.74,39440.85599999968
2026-07-19 13:04:00+00:00,2026-07-19 13:00:00+00:00,2026-07-19 13:15:00+00:00,no,0.84,500,0.10538373424971363,0.165,0.04461626575028644,10,4.71,0,75.29,39516.14599999968
2026-07-19 13:24:00+00:00,2026-07-19 13:15:00+00:00,2026-07-19 13:30:00+00:00,yes,0.52,500,0.5786666666666667,0.515,0.03866666666666664,5,8.74,1,231.26,39747.40599999968
2026-07-19 13:33:00+00:00,2026-07-19 13:30:00+00:00,2026-07-19 13:45:00+00:00,yes,0.61,500,0.6794195250659629,0.605,0.049419525065962935,11,8.33,1,186.67,39934.07599999968
2026-07-19 13:45:00+00:00,2026-07-19 13:45:00+00:00,2026-07-19 14:00:00+00:00,yes,0.65,500,0.722473604826546,0.645,0.052473604826545964,14,7.97,1,167.03,40101.10599999968
2026-07-19 14:01:00+00:00,2026-07-19 14:00:00+00:00,2026-07-19 14:15:00+00:00,no,0.54,500,0.3900096061479347,0.46499999999999997,0.04999039385206529,13,8.7,1,-278.7,39822.40599999968
2026-07-19 14:15:00+00:00,2026-07-19 14:15:00+00:00,2026-07-19 14:30:00+00:00,yes,0.31,500,0.3900096061479347,0.305,0.06000960614793467,14,7.49,0,-162.49,39659.915999999685
2026-07-19 14:35:00+00:00,2026-07-19 14:30:00+00:00,2026-07-19 14:45:00+00:00,no,0.43000000000000005,500,0.5164113785557987,0.575,0.033588621444201286,9,8.58,1,-223.58000000000004,39436.33599999968
2026-07-19 15:13:00+00:00,2026-07-19 15:00:00+00:00,2026-07-19 15:15:00+00:00,yes,0.025,500,0.0824742268041237,0.0245,0.04747422680412369,1,0.86,0,-13.36,39422.97599999968
2026-07-19 15:15:00+00:00,2026-07-19 15:15:00+00:00,2026-07-19 15:30:00+00:00,no,0.37,500,0.5786666666666667,0.635,0.03133333333333334,14,8.16,0,306.84,39729.81599999968
2026-07-19 15:51:00+00:00,2026-07-19 15:45:00+00:00,2026-07-19 16:00:00+00:00,yes,0.17,500,0.2601744186046512,0.165,0.08017441860465117,8,4.94,1,410.06,40139.87599999968
2026-07-19 16:00:00+00:00,2026-07-19 16:00:00+00:00,2026-07-19 16:15:00+00:00,no,0.48,500,0.4087665647298675,0.525,0.09123343527013252,14,8.74,0,251.26,40391.13599999968
2026-07-19 16:15:00+00:00,2026-07-19 16:15:00+00:00,2026-07-19 16:30:00+00:00,yes,0.26,500,0.33747412008281574,0.255,0.05747412008281573,14,6.74,1,363.26,40754.39599999968
2026-07-19 16:32:00+00:00,2026-07-19 16:30:00+00:00,2026-07-19 16:45:00+00:00,no,0.85,500,0.10538373424971363,0.155,0.03461626575028643,12,4.47,0,70.53,40824.92599999968
2026-07-19 17:08:00+00:00,2026-07-19 17:00:00+00:00,2026-07-19 17:15:00+00:00,no,0.14,500,0.8173913043478261,0.865,0.03260869565217384,6,4.22,1,-74.22,40750.70599999968
2026-07-19 17:15:00+00:00,2026-07-19 17:15:00+00:00,2026-07-19 17:30:00+00:00,no,0.32999999999999996,500,0.6188524590163934,0.675,0.03114754098360663,14,7.74,0,327.26,41077.96599999968
2026-07-19 17:32:00+00:00,2026-07-19 17:30:00+00:00,2026-07-19 17:45:00+00:00,yes,0.75,500,0.8053097345132744,0.74,0.03530973451327436,12,6.57,0,-381.57,40696.39599999968
2026-07-19 18:02:00+00:00,2026-07-19 18:00:00+00:00,2026-07-19 18:15:00+00:00,no,0.69,500,0.20758483033932135,0.315,0.08241516966067876,12,7.49,0,147.51,40843.90599999968
2026-07-19 18:18:00+00:00,2026-07-19 18:15:00+00:00,2026-07-19 18:30:00+00:00,no,0.53,500,0.4087665647298675,0.475,0.04123343527013247,11,8.72,0,226.28,41070.18599999968
2026-07-19 18:31:00+00:00,2026-07-19 18:30:00+00:00,2026-07-19 18:45:00+00:00,no,0.62,500,0.324468085106383,0.385,0.03553191489361697,13,8.25,1,-318.25,40751.93599999968
2026-07-19 18:49:00+00:00,2026-07-19 18:45:00+00:00,2026-07-19 19:00:00+00:00,yes,0.61,500,0.6794195250659629,0.605,0.049419525065962935,10,8.33,0,-313.33,40438.60599999968
2026-07-19 19:08:00+00:00,2026-07-19 19:00:00+00:00,2026-07-19 19:15:00+00:00,no,0.14,500,0.8053097345132744,0.87,0.04469026548672562,6,4.22,1,-74.22,40364.38599999968
2026-07-19 19:22:00+00:00,2026-07-19 19:15:00+00:00,2026-07-19 19:30:00+00:00,yes,0.27,500,0.324468085106383,0.265,0.034468085106382954,7,6.9,0,-141.9,40222.48599999968
2026-07-19 19:31:00+00:00,2026-07-19 19:30:00+00:00,2026-07-19 19:45:00+00:00,no,0.55,500,0.3900096061479347,0.455,0.03999039385206528,13,8.67,0,216.33,40438.81599999968
2026-07-19 19:46:00+00:00,2026-07-19 19:45:00+00:00,2026-07-19 20:00:00+00:00,no,0.6,500,0.33747412008281574,0.405,0.042525879917184276,13,8.4,1,-308.4,40130.41599999968
2026-07-19 20:00:00+00:00,2026-07-19 20:00:00+00:00,2026-07-19 20:15:00+00:00,yes,0.76,500,0.8793532338308457,0.755,0.09935323383084572,14,6.39,1,113.61,40244.02599999968
2026-07-19 20:18:00+00:00,2026-07-19 20:15:00+00:00,2026-07-19 20:30:00+00:00,no,0.74,500,0.20758483033932135,0.265,0.032415169660678714,11,6.74,0,123.26,40367.28599999968
2026-07-19 20:30:00+00:00,2026-07-19 20:30:00+00:00,2026-07-19 20:45:00+00:00,yes,0.49,500,0.5739130434782608,0.485,0.06391304347826078,14,8.75,1,246.25,40613.53599999968
2026-07-19 20:46:00+00:00,2026-07-19 20:45:00+00:00,2026-07-19 21:00:00+00:00,yes,0.51,500,0.5739130434782608,0.505,0.04391304347826076,13,8.75,1,236.25,40849.78599999968
2026-07-19 21:01:00+00:00,2026-07-19 21:00:00+00:00,2026-07-19 21:15:00+00:00,yes,0.74,500,0.8053097345132744,0.735,0.04530973451327437,13,6.74,1,123.26,40973.04599999968
2026-07-19 21:15:00+00:00,2026-07-19 21:15:00+00:00,2026-07-19 21:30:00+00:00,yes,0.35,500,0.4087665647298675,0.345,0.03876656472986752,14,7.97,0,-182.97,40790.07599999968
2026-07-19 21:30:00+00:00,2026-07-19 21:30:00+00:00,2026-07-19 21:45:00+00:00,yes,0.5,500,0.5686274509803921,0.495,0.04862745098039213,14,8.75,0,-258.75,40531.32599999968
2026-07-19 21:45:00+00:00,2026-07-19 21:45:00+00:00,2026-07-19 22:00:00+00:00,yes,0.57,500,0.722473604826546,0.565,0.13247360482654605,14,8.58,1,206.42,40737.74599999968
2026-07-19 22:00:00+00:00,2026-07-19 22:00:00+00:00,2026-07-19 22:15:00+00:00,yes,0.64,500,0.7880597014925373,0.635,0.12805970149253734,14,8.07,1,171.93,40909.67599999968
2026-07-19 22:23:00+00:00,2026-07-19 22:15:00+00:00,2026-07-19 22:30:00+00:00,no,0.14,500,0.8173913043478261,0.865,0.03260869565217384,6,4.22,1,-74.22,40835.45599999968
2026-07-19 22:43:00+00:00,2026-07-19 22:30:00+00:00,2026-07-19 22:45:00+00:00,no,0.29000000000000004,500,0.5739130434782608,0.715,0.11608695652173918,1,7.21,1,-152.21000000000004,40683.24599999968
2026-07-19 22:47:00+00:00,2026-07-19 22:45:00+00:00,2026-07-19 23:00:00+00:00,yes,0.22,500,0.324468085106383,0.215,0.08446808510638297,12,6.01,0,-116.01,40567.23599999968
2026-07-19 23:03:00+00:00,2026-07-19 23:00:00+00:00,2026-07-19 23:15:00+00:00,no,0.8200000000000001,500,0.10538373424971363,0.185,0.054616265750286344,11,5.17,1,-415.1700000000001,40152.06599999968
2026-07-19 23:25:00+00:00,2026-07-19 23:15:00+00:00,2026-07-19 23:30:00+00:00,no,0.26,500,0.6794195250659629,0.745,0.04058047493403706,4,6.74,0,363.26,40515.32599999968
2026-07-19 23:36:00+00:00,2026-07-19 23:30:00+00:00,2026-07-19 23:45:00+00:00,no,0.33999999999999997,500,0.5822784810126582,0.665,0.057721518987341805,8,7.86,1,-177.85999999999999,40337.46599999968
2026-07-19 23:45:00+00:00,2026-07-19 23:45:00+00:00,2026-07-20 00:00:00+00:00,no,0.55,500,0.3900096061479347,0.455,0.03999039385206528,14,8.67,0,216.33,40553.79599999968
2026-07-20 00:00:00+00:00,2026-07-20 00:00:00+00:00,2026-07-20 00:15:00+00:00,no,0.75,500,0.17728055077452667,0.255,0.05271944922547335,14,6.57,1,-381.57,40172.22599999968
2026-07-20 00:41:00+00:00,2026-07-20 00:30:00+00:00,2026-07-20 00:45:00+00:00,no,0.39,500,0.5164113785557987,0.615,0.07358862144420132,3,8.33,0,296.67,40468.89599999968
2026-07-20 01:18:00+00:00,2026-07-20 01:15:00+00:00,2026-07-20 01:30:00+00:00,yes,0.28,500,0.33747412008281574,0.275,0.03747412008281571,11,7.06,1,352.94,40821.83599999968
2026-07-20 01:30:00+00:00,2026-07-20 01:30:00+00:00,2026-07-20 01:45:00+00:00,yes,0.51,500,0.5739130434782608,0.505,0.04391304347826076,14,8.75,0,-263.75,40558.08599999968
2026-07-20 01:47:00+00:00,2026-07-20 01:45:00+00:00,2026-07-20 02:00:00+00:00,yes,0.45,500,0.5035799522673032,0.445,0.03357995226730322,12,8.67,0,-233.67,40324.415999999685
2026-07-20 02:34:00+00:00,2026-07-20 02:30:00+00:00,2026-07-20 02:45:00+00:00,yes,0.82,500,0.8793532338308457,0.815,0.03935323383084578,10,5.17,1,84.83,40409.245999999686
2026-07-20 02:48:00+00:00,2026-07-20 02:45:00+00:00,2026-07-20 03:00:00+00:00,yes,0.79,500,0.8793532338308457,0.78,0.0693532338308457,11,5.81,0,-400.81,40008.43599999969
2026-07-20 03:08:00+00:00,2026-07-20 03:00:00+00:00,2026-07-20 03:15:00+00:00,yes,0.27,500,0.324468085106383,0.265,0.034468085106382954,6,6.9,1,358.1,40366.53599999969
2026-07-20 03:21:00+00:00,2026-07-20 03:15:00+00:00,2026-07-20 03:30:00+00:00,no,0.87,500,0.0824742268041237,0.135,0.03752577319587636,8,3.96,0,61.04,40427.57599999969
2026-07-20 03:45:00+00:00,2026-07-20 03:45:00+00:00,2026-07-20 04:00:00+00:00,no,0.6,500,0.33747412008281574,0.405,0.042525879917184276,14,8.4,0,191.6,40619.17599999969
2026-07-20 04:00:00+00:00,2026-07-20 04:00:00+00:00,2026-07-20 04:15:00+00:00,no,0.45999999999999996,500,0.4515235457063712,0.545,0.06847645429362882,14,8.7,0,261.3,40880.47599999969
2026-07-20 04:17:00+00:00,2026-07-20 04:15:00+00:00,2026-07-20 04:30:00+00:00,no,0.74,500,0.20758483033932135,0.265,0.032415169660678714,12,6.74,1,-376.74,40503.73599999969
2026-07-20 04:32:00+00:00,2026-07-20 04:30:00+00:00,2026-07-20 04:45:00+00:00,no,0.54,500,0.4087665647298675,0.46499999999999997,0.031233435270132465,12,8.7,0,221.3,40725.035999999694
2026-07-20 04:46:00+00:00,2026-07-20 04:45:00+00:00,2026-07-20 05:00:00+00:00,no,0.5900000000000001,500,0.33747412008281574,0.415,0.05252587991718417,13,8.47,0,196.52999999999994,40921.56599999969
2026-07-20 05:03:00+00:00,2026-07-20 05:00:00+00:00,2026-07-20 05:15:00+00:00,no,0.75,500,0.10538373424971363,0.255,0.1246162657502864,11,6.57,0,118.43,41039.99599999969
2026-07-20 05:21:00+00:00,2026-07-20 05:15:00+00:00,2026-07-20 05:30:00+00:00,no,0.13,500,0.8250728862973761,0.875,0.03492711370262392,8,3.96,0,431.04,41471.035999999694
2026-07-20 06:02:00+00:00,2026-07-20 06:00:00+00:00,2026-07-20 06:15:00+00:00,no,0.5900000000000001,500,0.33747412008281574,0.415,0.05252587991718417,12,8.47,1,-303.4700000000001,41167.56599999969
2026-07-20 06:33:00+00:00,2026-07-20 06:30:00+00:00,2026-07-20 06:45:00+00:00,no,0.83,500,0.10538373424971363,0.175,0.05461626575028645,11,4.94,0,80.06,41247.62599999969
2026-07-20 06:50:00+00:00,2026-07-20 06:45:00+00:00,2026-07-20 07:00:00+00:00,yes,0.75,500,0.8053097345132744,0.745,0.03530973451327436,9,6.57,1,118.43,41366.05599999969
2026-07-20 07:01:00+00:00,2026-07-20 07:00:00+00:00,2026-07-20 07:15:00+00:00,yes,0.76,500,0.8173913043478261,0.755,0.03739130434782613,13,6.39,1,113.61,41479.66599999969
2026-07-20 07:17:00+00:00,2026-07-20 07:15:00+00:00,2026-07-20 07:30:00+00:00,yes,0.19,500,0.2601744186046512,0.185,0.050174418604651175,12,5.39,1,399.61,41879.27599999969
2026-07-20 07:38:00+00:00,2026-07-20 07:30:00+00:00,2026-07-20 07:45:00+00:00,no,0.43000000000000005,500,0.5164113785557987,0.575,0.033588621444201286,6,8.58,1,-223.58000000000004,41655.69599999969
2026-07-20 08:00:00+00:00,2026-07-20 08:00:00+00:00,2026-07-20 08:15:00+00:00,no,0.43000000000000005,500,0.5035799522673032,0.575,0.046420047732696715,14,8.58,1,-223.58000000000004,41432.11599999969
2026-07-20 08:21:00+00:00,2026-07-20 08:15:00+00:00,2026-07-20 08:30:00+00:00,no,0.77,500,0.17728055077452667,0.235,0.03271944922547333,8,6.2,0,108.8,41540.91599999969
2026-07-20 08:34:00+00:00,2026-07-20 08:30:00+00:00,2026-07-20 08:45:00+00:00,no,0.69,500,0.20758483033932135,0.315,0.08241516966067876,10,7.49,0,147.51,41688.425999999694
2026-07-20 08:54:00+00:00,2026-07-20 08:45:00+00:00,2026-07-20 09:00:00+00:00,yes,0.84,500,0.9054545454545454,0.835,0.05545454545454543,5,4.71,1,75.29,41763.715999999695
2026-07-20 09:16:00+00:00,2026-07-20 09:15:00+00:00,2026-07-20 09:30:00+00:00,yes,0.82,500,0.8793532338308457,0.815,0.03935323383084578,13,5.17,1,84.83,41848.5459999997
2026-07-20 09:33:00+00:00,2026-07-20 09:30:00+00:00,2026-07-20 09:45:00+00:00,yes,0.8,500,0.8793532338308457,0.795,0.05935323383084569,11,5.6,1,94.4,41942.9459999997
2026-07-20 09:51:00+00:00,2026-07-20 09:45:00+00:00,2026-07-20 10:00:00+00:00,yes,0.8,500,0.8793532338308457,0.795,0.05935323383084569,8,5.6,0,-405.6,41537.3459999997
2026-07-20 10:18:00+00:00,2026-07-20 10:15:00+00:00,2026-07-20 10:30:00+00:00,no,0.55,500,0.3900096061479347,0.455,0.03999039385206528,11,8.67,1,-283.67,41253.6759999997
2026-07-20 10:36:00+00:00,2026-07-20 10:30:00+00:00,2026-07-20 10:45:00+00:00,yes,0.18,500,0.2601744186046512,0.175,0.060174418604651184,8,5.17,0,-95.17,41158.5059999997
2026-07-20 10:47:00+00:00,2026-07-20 10:45:00+00:00,2026-07-20 11:00:00+00:00,yes,0.56,500,0.6188524590163934,0.555,0.03885245901639335,12,8.63,0,-288.63,40869.875999999706
2026-07-20 11:04:00+00:00,2026-07-20 11:00:00+00:00,2026-07-20 11:15:00+00:00,yes,0.73,500,0.7880597014925373,0.725,0.03805970149253736,10,6.9,1,128.1,40997.975999999704
2026-07-20 11:21:00+00:00,2026-07-20 11:15:00+00:00,2026-07-20 11:30:00+00:00,no,0.83,500,0.10538373424971363,0.175,0.05461626575028645,8,4.94,0,80.06,41078.0359999997
2026-07-20 11:30:00+00:00,2026-07-20 11:30:00+00:00,2026-07-20 11:45:00+00:00,yes,0.76,500,0.8793532338308457,0.755,0.09935323383084572,14,6.39,1,113.61,41191.6459999997
2026-07-20 11:46:00+00:00,2026-07-20 11:45:00+00:00,2026-07-20 12:00:00+00:00,no,0.30000000000000004,500,0.6267166042446941,0.705,0.05328339575530584,13,7.35,1,-157.35000000000002,41034.295999999704
2026-07-20 12:15:00+00:00,2026-07-20 12:15:00+00:00,2026-07-20 12:30:00+00:00,no,0.31999999999999995,500,0.6267166042446941,0.685,0.033283395755305936,14,7.62,0,332.38,41366.6759999997
2026-07-20 12:34:00+00:00,2026-07-20 12:30:00+00:00,2026-07-20 12:45:00+00:00,no,0.48,500,0.4515235457063712,0.525,0.048476454293628804,10,8.74,0,251.26,41617.9359999997
2026-07-20 12:57:00+00:00,2026-07-20 12:45:00+00:00,2026-07-20 13:00:00+00:00,no,0.31999999999999995,500,0.6267166042446941,0.685,0.033283395755305936,2,7.62,1,-167.61999999999998,41450.3159999997
2026-07-20 13:05:00+00:00,2026-07-20 13:00:00+00:00,2026-07-20 13:15:00+00:00,yes,0.61,500,0.6794195250659629,0.605,0.049419525065962935,9,8.33,1,186.67,41636.9859999997
2026-07-20 13:15:00+00:00,2026-07-20 13:15:00+00:00,2026-07-20 13:30:00+00:00,yes,0.51,500,0.5739130434782608,0.505,0.04391304347826076,14,8.75,0,-263.75,41373.2359999997
2026-07-20 13:30:00+00:00,2026-07-20 13:30:00+00:00,2026-07-20 13:45:00+00:00,yes,0.66,500,0.8053097345132744,0.655,0.12530973451327435,14,7.86,1,162.14,41535.3759999997
2026-07-20 14:00:00+00:00,2026-07-20 14:00:00+00:00,2026-07-20 14:15:00+00:00,yes,0.55,500,0.6188524590163934,0.545,0.04885245901639336,14,8.67,1,216.33,41751.7059999997
2026-07-20 14:25:00+00:00,2026-07-20 14:15:00+00:00,2026-07-20 14:30:00+00:00,no,0.35,500,0.5822784810126582,0.655,0.047721518987341796,4,7.97,1,-182.97,41568.7359999997
2026-07-20 14:42:00+00:00,2026-07-20 14:30:00+00:00,2026-07-20 14:45:00+00:00,no,0.45999999999999996,500,0.48905109489051074,0.545,0.03094890510948935,2,8.7,0,261.3,41830.0359999997
2026-07-20 14:46:00+00:00,2026-07-20 14:45:00+00:00,2026-07-20 15:00:00+00:00,yes,0.72,500,0.7880597014925373,0.715,0.04805970149253737,13,7.06,0,-367.06,41462.975999999704
2026-07-20 15:01:00+00:00,2026-07-20 15:00:00+00:00,2026-07-20 15:15:00+00:00,yes,0.78,500,0.8793532338308457,0.775,0.0793532338308457,13,6.01,1,103.99,41566.9659999997
2026-07-20 15:15:00+00:00,2026-07-20 15:15:00+00:00,2026-07-20 15:30:00+00:00,no,0.49,500,0.4515235457063712,0.515,0.038476454293628795,14,8.75,0,246.25,41813.2159999997
2026-07-20 15:35:00+00:00,2026-07-20 15:30:00+00:00,2026-07-20 15:45:00+00:00,no,0.81,500,0.10538373424971363,0.195,0.06461626575028635,9,5.39,1,-410.39,41402.8259999997
2026-07-20 15:46:00+00:00,2026-07-20 15:45:00+00:00,2026-07-20 16:00:00+00:00,yes,0.82,500,0.8793532338308457,0.815,0.03935323383084578,13,5.17,1,84.83,41487.655999999704
2026-07-20 16:00:00+00:00,2026-07-20 16:00:00+00:00,2026-07-20 16:15:00+00:00,no,0.53,500,0.4087665647298675,0.475,0.04123343527013247,14,8.72,0,226.28,41713.9359999997
2026-07-20 16:19:00+00:00,2026-07-20 16:15:00+00:00,2026-07-20 16:30:00+00:00,no,0.81,500,0.10538373424971363,0.195,0.06461626575028635,10,5.39,0,89.61,41803.545999999704
2026-07-20 16:36:00+00:00,2026-07-20 16:30:00+00:00,2026-07-20 16:45:00+00:00,no,0.54,500,0.4087665647298675,0.46499999999999997,0.031233435270132465,8,8.7,0,221.3,42024.84599999971
2026-07-20 16:48:00+00:00,2026-07-20 16:45:00+00:00,2026-07-20 17:00:00+00:00,no,0.32999999999999996,500,0.6188524590163934,0.675,0.03114754098360663,11,7.74,1,-172.73999999999998,41852.10599999971
2026-07-20 17:06:00+00:00,2026-07-20 17:00:00+00:00,2026-07-20 17:15:00+00:00,no,0.41000000000000003,500,0.5192307692307693,0.595,0.05076923076923069,8,8.47,1,-213.47000000000003,41638.63599999971
2026-07-20 17:18:00+00:00,2026-07-20 17:15:00+00:00,2026-07-20 17:30:00+00:00,no,0.61,500,0.33747412008281574,0.395,0.03252587991718427,11,8.33,0,186.67,41825.305999999706
2026-07-20 17:31:00+00:00,2026-07-20 17:30:00+00:00,2026-07-20 17:45:00+00:00,no,0.61,500,0.33747412008281574,0.395,0.03252587991718427,13,8.33,0,186.67,42011.975999999704
2026-07-20 17:45:00+00:00,2026-07-20 17:45:00+00:00,2026-07-20 18:00:00+00:00,yes,0.72,500,0.8053097345132744,0.71,0.06530973451327439,14,7.06,1,132.94,42144.91599999971
2026-07-20 18:01:00+00:00,2026-07-20 18:00:00+00:00,2026-07-20 18:15:00+00:00,yes,0.73,500,0.8250728862973761,0.725,0.07507288629737609,13,6.9,1,128.1,42273.015999999705
2026-07-20 18:15:00+00:00,2026-07-20 18:15:00+00:00,2026-07-20 18:30:00+00:00,no,0.61,500,0.33747412008281574,0.395,0.03252587991718427,14,8.33,0,186.67,42459.6859999997
2026-07-20 18:33:00+00:00,2026-07-20 18:30:00+00:00,2026-07-20 18:45:00+00:00,no,0.83,500,0.10538373424971363,0.18,0.05461626575028645,11,4.94,0,80.06,42539.7459999997
2026-07-20 18:46:00+00:00,2026-07-20 18:45:00+00:00,2026-07-20 19:00:00+00:00,yes,0.34,500,0.3900096061479347,0.335,0.03000960614793465,13,7.86,0,-177.86,42361.8859999997
2026-07-20 19:07:00+00:00,2026-07-20 19:00:00+00:00,2026-07-20 19:15:00+00:00,no,0.52,500,0.4087665647298675,0.485,0.05123343527013248,7,8.74,0,231.26,42593.1459999997
2026-07-20 19:15:00+00:00,2026-07-20 19:15:00+00:00,2026-07-20 19:30:00+00:00,yes,0.59,500,0.6794195250659629,0.585,0.06941952506596295,14,8.47,1,196.53,42789.6759999997
2026-07-20 19:43:00+00:00,2026-07-20 19:30:00+00:00,2026-07-20 19:45:00+00:00,yes,0.26,500,0.324468085106383,0.255,0.04446808510638296,1,6.74,0,-136.74,42652.9359999997
2026-07-20 19:52:00+00:00,2026-07-20 19:45:00+00:00,2026-07-20 20:00:00+00:00,yes,0.63,500,0.7157894736842105,0.625,0.06578947368421052,7,8.16,1,176.84,42829.7759999997
2026-07-20 20:03:00+00:00,2026-07-20 20:00:00+00:00,2026-07-20 20:15:00+00:00,no,0.81,500,0.10538373424971363,0.195,0.06461626575028635,11,5.39,1,-410.39,42419.3859999997
2026-07-20 20:20:00+00:00,2026-07-20 20:15:00+00:00,2026-07-20 20:30:00+00:00,yes,0.84,500,0.9157303370786517,0.835,0.06573033707865174,9,4.71,1,75.29,42494.6759999997
2026-07-20 20:31:00+00:00,2026-07-20 20:30:00+00:00,2026-07-20 20:45:00+00:00,yes,0.64,500,0.7157894736842105,0.635,0.055789473684210514,13,8.07,1,171.93,42666.6059999997
2026-07-20 20:47:00+00:00,2026-07-20 20:45:00+00:00,2026-07-20 21:00:00+00:00,yes,0.66,500,0.7157894736842105,0.655,0.035789473684210496,12,7.86,1,162.14,42828.7459999997
2026-07-20 21:07:00+00:00,2026-07-20 21:00:00+00:00,2026-07-20 21:15:00+00:00,no,0.84,500,0.10538373424971363,0.165,0.04461626575028644,7,4.71,0,75.29,42904.0359999997
2026-07-20 21:16:00+00:00,2026-07-20 21:15:00+00:00,2026-07-20 21:30:00+00:00,yes,0.57,500,0.6267166042446941,0.565,0.036716604244694154,13,8.58,0,-293.58,42610.4559999997
2026-07-20 21:30:00+00:00,2026-07-20 21:30:00+00:00,2026-07-20 21:45:00+00:00,yes,0.61,500,0.7157894736842105,0.605,0.08578947368421054,14,8.33,1,186.67,42797.1259999997
2026-07-20 21:49:00+00:00,2026-07-20 21:45:00+00:00,2026-07-20 22:00:00+00:00,no,0.74,500,0.20758483033932135,0.265,0.032415169660678714,10,6.74,0,123.26,42920.3859999997
2026-07-20 22:00:00+00:00,2026-07-20 22:00:00+00:00,2026-07-20 22:15:00+00:00,no,0.74,500,0.16076294277929154,0.265,0.07923705722070841,14,6.74,0,123.26,43043.6459999997
2026-07-20 22:48:00+00:00,2026-07-20 22:45:00+00:00,2026-07-20 23:00:00+00:00,no,0.31999999999999995,500,0.6267166042446941,0.685,0.033283395755305936,11,7.62,1,-167.61999999999998,42876.0259999997
2026-07-20 23:05:00+00:00,2026-07-20 23:00:00+00:00,2026-07-20 23:15:00+00:00,yes,0.82,500,0.8953168044077136,0.81,0.055316804407713596,9,5.17,1,84.83,42960.8559999997
2026-07-20 23:15:00+00:00,2026-07-20 23:15:00+00:00,2026-07-20 23:30:00+00:00,yes,0.77,500,0.823076923076923,0.765,0.03307692307692302,14,6.2,1,108.8,43069.655999999704
2026-07-20 23:30:00+00:00,2026-07-20 23:30:00+00:00,2026-07-20 23:45:00+00:00,yes,0.49,500,0.5739130434782608,0.485,0.06391304347826078,14,8.75,0,-253.75,42815.905999999704
2026-07-20 23:47:00+00:00,2026-07-20 23:45:00+00:00,2026-07-21 00:00:00+00:00,yes,0.76,500,0.8250728862973761,0.755,0.04507288629737606,12,6.39,1,113.61,42929.515999999705
2026-07-21 00:00:00+00:00,2026-07-21 00:00:00+00:00,2026-07-21 00:15:00+00:00,no,0.74,500,0.20758483033932135,0.265,0.032415169660678714,14,6.74,0,123.26,43052.77599999971
2026-07-21 00:18:00+00:00,2026-07-21 00:15:00+00:00,2026-07-21 00:30:00+00:00,no,0.20999999999999996,500,0.722473604826546,0.795,0.04752639517345404,11,5.81,1,-110.80999999999999,42941.96599999971
2026-07-21 00:38:00+00:00,2026-07-21 00:30:00+00:00,2026-07-21 00:45:00+00:00,no,0.20999999999999996,500,0.722473604826546,0.795,0.04752639517345404,6,5.81,1,-110.80999999999999,42831.15599999971
2026-07-21 01:13:00+00:00,2026-07-21 01:00:00+00:00,2026-07-21 01:15:00+00:00,yes,0.2,500,0.2605459057071961,0.195,0.04054590570719609,1,5.6,0,-105.6,42725.55599999971
2026-07-21 01:19:00+00:00,2026-07-21 01:15:00+00:00,2026-07-21 01:30:00+00:00,no,0.84,500,0.10538373424971363,0.165,0.04461626575028644,10,4.71,0,75.29,42800.845999999714
2026-07-21 01:31:00+00:00,2026-07-21 01:30:00+00:00,2026-07-21 01:45:00+00:00,no,0.83,500,0.10538373424971363,0.175,0.05461626575028645,13,4.94,0,80.06,42880.90599999971
2026-07-21 01:49:00+00:00,2026-07-21 01:45:00+00:00,2026-07-21 02:00:00+00:00,yes,0.21,500,0.2601744186046512,0.20500000000000002,0.030174418604651188,10,5.81,0,-110.81,42770.095999999714
2026-07-21 02:02:00+00:00,2026-07-21 02:00:00+00:00,2026-07-21 02:15:00+00:00,yes,0.8,500,0.8793532338308457,0.795,0.05935323383084569,12,5.6,1,94.4,42864.495999999715
2026-07-21 02:23:00+00:00,2026-07-21 02:15:00+00:00,2026-07-21 02:30:00+00:00,no,0.49,500,0.4087665647298675,0.515,0.0812334352701325,6,8.75,0,246.25,43110.745999999715
2026-07-21 02:33:00+00:00,2026-07-21 02:30:00+00:00,2026-07-21 02:45:00+00:00,yes,0.81,500,0.8793532338308457,0.805,0.04935323383084568,11,5.39,1,89.61,43200.355999999716
2026-07-21 02:52:00+00:00,2026-07-21 02:45:00+00:00,2026-07-21 03:00:00+00:00,no,0.52,500,0.4087665647298675,0.485,0.05123343527013248,7,8.74,1,-268.74,42931.61599999972
2026-07-21 03:10:00+00:00,2026-07-21 03:00:00+00:00,2026-07-21 03:15:00+00:00,no,0.06699999999999995,500,0.8793532338308457,0.9335,0.04364676616915431,4,2.19,1,-35.68999999999997,42895.925999999716
2026-07-21 03:15:00+00:00,2026-07-21 03:15:00+00:00,2026-07-21 03:30:00+00:00,no,0.33999999999999997,500,0.5822784810126582,0.665,0.057721518987341805,14,7.86,0,322.14,43218.065999999715
2026-07-21 03:33:00+00:00,2026-07-21 03:30:00+00:00,2026-07-21 03:45:00+00:00,no,0.55,500,0.3900096061479347,0.455,0.03999039385206528,11,8.67,1,-283.67,42934.39599999972
2026-07-21 03:45:00+00:00,2026-07-21 03:45:00+00:00,2026-07-21 04:00:00+00:00,no,0.53,500,0.324468085106383,0.475,0.12553191489361695,14,8.72,1,-273.72,42660.675999999716
2026-07-21 04:04:00+00:00,2026-07-21 04:00:00+00:00,2026-07-21 04:15:00+00:00,yes,0.85,500,0.9215686274509803,0.845,0.06156862745098036,10,4.47,1,70.53,42731.205999999715
2026-07-21 04:24:00+00:00,2026-07-21 04:15:00+00:00,2026-07-21 04:30:00+00:00,yes,0.2,500,0.2601744186046512,0.195,0.040174418604651166,5,5.6,0,-105.6,42625.605999999716
2026-07-21 04:30:00+00:00,2026-07-21 04:30:00+00:00,2026-07-21 04:45:00+00:00,yes,0.37,500,0.4515235457063712,0.365,0.06152354570637121,14,8.16,1,306.84,42932.44599999971
2026-07-21 04:53:00+00:00,2026-07-21 04:45:00+00:00,2026-07-21 05:00:00+00:00,no,0.84,500,0.10538373424971363,0.165,0.04461626575028644,6,4.71,0,75.29,43007.73599999971
2026-07-21 05:02:00+00:00,2026-07-21 05:00:00+00:00,2026-07-21 05:15:00+00:00,no,0.53,500,0.4087665647298675,0.475,0.04123343527013247,12,8.72,1,-273.72,42734.01599999971
2026-07-21 05:15:00+00:00,2026-07-21 05:15:00+00:00,2026-07-21 05:30:00+00:00,no,0.55,500,0.3900096061479347,0.455,0.03999039385206528,14,8.67,1,-283.67,42450.345999999714
2026-07-21 05:37:00+00:00,2026-07-21 05:30:00+00:00,2026-07-21 05:45:00+00:00,yes,0.28,500,0.33747412008281574,0.275,0.03747412008281571,7,7.06,1,352.94,42803.285999999716
2026-07-21 05:47:00+00:00,2026-07-21 05:45:00+00:00,2026-07-21 06:00:00+00:00,yes,0.72,500,0.7880597014925373,0.715,0.04805970149253737,12,7.06,1,132.94,42936.22599999972
2026-07-21 06:02:00+00:00,2026-07-21 06:00:00+00:00,2026-07-21 06:15:00+00:00,no,0.36,500,0.5822784810126582,0.645,0.03772151898734179,12,8.07,0,311.93,43248.15599999972
2026-07-21 06:33:00+00:00,2026-07-21 06:30:00+00:00,2026-07-21 06:45:00+00:00,yes,0.77,500,0.8250728862973761,0.765,0.03507288629737605,11,6.2,1,108.8,43356.95599999972
2026-07-21 06:45:00+00:00,2026-07-21 06:45:00+00:00,2026-07-21 07:00:00+00:00,no,0.53,500,0.4087665647298675,0.475,0.04123343527013247,14,8.72,0,226.28,43583.23599999972
2026-07-21 07:07:00+00:00,2026-07-21 07:00:00+00:00,2026-07-21 07:15:00+00:00,no,0.83,500,0.10538373424971363,0.175,0.05461626575028645,7,4.94,0,80.06,43663.29599999972
2026-07-21 07:18:00+00:00,2026-07-21 07:15:00+00:00,2026-07-21 07:30:00+00:00,yes,0.81,500,0.8793532338308457,0.805,0.04935323383084568,11,5.39,1,89.61,43752.90599999972
2026-07-21 07:31:00+00:00,2026-07-21 07:30:00+00:00,2026-07-21 07:45:00+00:00,no,0.54,500,0.4087665647298675,0.46499999999999997,0.031233435270132465,13,8.7,1,-278.7,43474.20599999972
2026-07-21 07:46:00+00:00,2026-07-21 07:45:00+00:00,2026-07-21 08:00:00+00:00,yes,0.73,500,0.8793532338308457,0.725,0.12935323383084577,13,6.9,1,128.1,43602.30599999972
2026-07-21 08:07:00+00:00,2026-07-21 08:00:00+00:00,2026-07-21 08:15:00+00:00,yes,0.52,500,0.5739130434782608,0.515,0.033913043478260754,7,8.74,1,231.26,43833.56599999972
2026-07-21 08:15:00+00:00,2026-07-21 08:15:00+00:00,2026-07-21 08:30:00+00:00,no,0.61,500,0.33747412008281574,0.395,0.03252587991718427,14,8.33,0,186.67,44020.23599999972
2026-07-21 08:33:00+00:00,2026-07-21 08:30:00+00:00,2026-07-21 08:45:00+00:00,no,0.43999999999999995,500,0.5035799522673032,0.565,0.03642004773269682,11,8.63,1,-228.62999999999997,43791.60599999972
2026-07-21 09:06:00+00:00,2026-07-21 09:00:00+00:00,2026-07-21 09:15:00+00:00,no,0.53,500,0.4087665647298675,0.475,0.04123343527013247,8,8.72,0,226.28,44017.88599999972
2026-07-21 09:20:00+00:00,2026-07-21 09:15:00+00:00,2026-07-21 09:30:00+00:00,yes,0.62,500,0.6794195250659629,0.615,0.039419525065962926,9,8.25,1,181.75,44199.63599999972
2026-07-21 09:31:00+00:00,2026-07-21 09:30:00+00:00,2026-07-21 09:45:00+00:00,yes,0.75,500,0.8053097345132744,0.745,0.03530973451327436,13,6.57,1,118.43,44318.06599999972
2026-07-21 09:47:00+00:00,2026-07-21 09:45:00+00:00,2026-07-21 10:00:00+00:00,no,0.45999999999999996,500,0.48905109489051074,0.545,0.03094890510948935,12,8.7,0,261.3,44579.365999999725
2026-07-21 10:05:00+00:00,2026-07-21 10:00:00+00:00,2026-07-21 10:15:00+00:00,yes,0.62,500,0.6861702127659575,0.615,0.046170212765957466,9,8.25,1,181.75,44761.115999999725
2026-07-21 10:16:00+00:00,2026-07-21 10:15:00+00:00,2026-07-21 10:30:00+00:00,no,0.44999999999999996,500,0.48905109489051074,0.555,0.040948905109489356,13,8.67,1,-233.66999999999996,44527.44599999973
2026-07-21 10:43:00+00:00,2026-07-21 10:30:00+00:00,2026-07-21 10:45:00+00:00,yes,0.41,500,0.5739130434782608,0.405,0.1439130434782608,1,8.47,0,-213.47,44313.975999999726
2026-07-21 10:49:00+00:00,2026-07-21 10:45:00+00:00,2026-07-21 11:00:00+00:00,no,0.85,500,0.10538373424971363,0.155,0.03461626575028643,10,4.47,0,70.53,44384.505999999725
2026-07-21 11:00:00+00:00,2026-07-21 11:00:00+00:00,2026-07-21 11:15:00+00:00,yes,0.4,500,0.4515235457063712,0.395,0.031523545706371184,14,8.4,1,291.6,44676.10599999972
2026-07-21 11:16:00+00:00,2026-07-21 11:15:00+00:00,2026-07-21 11:30:00+00:00,yes,0.53,500,0.5822784810126582,0.525,0.03227848101265819,13,8.72,0,-273.72,44402.38599999972
2026-07-21 11:52:00+00:00,2026-07-21 11:45:00+00:00,2026-07-21 12:00:00+00:00,yes,0.65,500,0.722473604826546,0.645,0.052473604826545964,7,7.97,1,167.03,44569.41599999972
2026-07-21 12:00:00+00:00,2026-07-21 12:00:00+00:00,2026-07-21 12:15:00+00:00,no,0.54,500,0.3900096061479347,0.46499999999999997,0.04999039385206529,14,8.7,1,-278.7,44290.715999999724
2026-07-21 12:21:00+00:00,2026-07-21 12:15:00+00:00,2026-07-21 12:30:00+00:00,yes,0.83,500,0.8953168044077136,0.825,0.05531680440771359,8,4.94,1,80.06,44370.77599999972
2026-07-21 12:32:00+00:00,2026-07-21 12:30:00+00:00,2026-07-21 12:45:00+00:00,yes,0.75,500,0.8250728862973761,0.745,0.05507288629737607,12,6.57,1,118.43,44489.20599999972
2026-07-21 12:55:00+00:00,2026-07-21 12:45:00+00:00,2026-07-21 13:00:00+00:00,no,0.4,500,0.5164113785557987,0.605,0.06358862144420131,4,8.4,1,-208.4,44280.80599999972
2026-07-21 13:10:00+00:00,2026-07-21 13:00:00+00:00,2026-07-21 13:15:00+00:00,yes,0.77,500,0.823076923076923,0.765,0.03307692307692302,4,6.2,1,108.8,44389.60599999972
2026-07-21 13:30:00+00:00,2026-07-21 13:30:00+00:00,2026-07-21 13:45:00+00:00,yes,0.56,500,0.6267166042446941,0.555,0.04671660424469405,14,8.63,0,-288.63,44100.975999999726
2026-07-21 13:45:00+00:00,2026-07-21 13:45:00+00:00,2026-07-21 14:00:00+00:00,yes,0.63,500,0.6861702127659575,0.625,0.03617021276595746,14,8.16,1,176.84,44277.81599999972
2026-07-21 14:04:00+00:00,2026-07-21 14:00:00+00:00,2026-07-21 14:15:00+00:00,yes,0.74,500,0.8053097345132744,0.735,0.04530973451327437,10,6.74,1,123.26,44401.075999999724
2026-07-21 14:41:00+00:00,2026-07-21 14:30:00+00:00,2026-07-21 14:45:00+00:00,yes,0.19,500,0.2601744186046512,0.185,0.050174418604651175,3,5.39,1,399.61,44800.685999999725
2026-07-21 14:55:00+00:00,2026-07-21 14:45:00+00:00,2026-07-21 15:00:00+00:00,no,0.32999999999999996,500,0.5786666666666667,0.675,0.07133333333333337,4,7.74,1,-172.73999999999998,44627.94599999973
2026-07-21 15:01:00+00:00,2026-07-21 15:00:00+00:00,2026-07-21 15:15:00+00:00,no,0.87,500,0.0824742268041237,0.135,0.03752577319587636,13,3.96,0,61.04,44688.98599999973
2026-07-21 15:15:00+00:00,2026-07-21 15:15:00+00:00,2026-07-21 15:30:00+00:00,yes,0.38,500,0.45121951219512196,0.375,0.051219512195121955,14,8.25,0,-198.25,44490.73599999973
2026-07-21 15:33:00+00:00,2026-07-21 15:30:00+00:00,2026-07-21 15:45:00+00:00,no,0.8,500,0.10538373424971363,0.20500000000000002,0.07461626575028636,11,5.6,0,94.4,44585.13599999973
2026-07-21 15:55:00+00:00,2026-07-21 15:45:00+00:00,2026-07-21 16:00:00+00:00,yes,0.83,500,0.8793532338308457,0.825,0.039353233830845775,4,4.94,1,80.06,44665.19599999973
2026-07-21 16:03:00+00:00,2026-07-21 16:00:00+00:00,2026-07-21 16:15:00+00:00,yes,0.62,500,0.6794195250659629,0.615,0.039419525065962926,11,8.25,0,-318.25,44346.94599999973
2026-07-21 16:15:00+00:00,2026-07-21 16:15:00+00:00,2026-07-21 16:30:00+00:00,no,0.61,500,0.33747412008281574,0.395,0.03252587991718427,14,8.33,0,186.67,44533.615999999725
2026-07-21 16:33:00+00:00,2026-07-21 16:30:00+00:00,2026-07-21 16:45:00+00:00,yes,0.55,500,0.6267166042446941,0.545,0.05671660424469406,11,8.67,1,216.33,44749.94599999973
2026-07-21 16:46:00+00:00,2026-07-21 16:45:00+00:00,2026-07-21 17:00:00+00:00,no,0.8200000000000001,500,0.10538373424971363,0.185,0.054616265750286344,13,5.17,0,84.82999999999994,44834.77599999973
2026-07-21 17:15:00+00:00,2026-07-21 17:15:00+00:00,2026-07-21 17:30:00+00:00,yes,0.6,500,0.6794195250659629,0.595,0.059419525065962944,14,8.4,1,191.6,45026.37599999973
2026-07-21 17:33:00+00:00,2026-07-21 17:30:00+00:00,2026-07-21 17:45:00+00:00,no,0.63,500,0.2605459057071961,0.375,0.08945409429280383,11,8.16,1,-323.16,44703.215999999724
2026-07-21 17:51:00+00:00,2026-07-21 17:45:00+00:00,2026-07-21 18:00:00+00:00,yes,0.12,500,0.17728055077452667,0.11499999999999999,0.047280550774526676,8,3.7,0,-63.7,44639.51599999973
2026-07-21 18:00:00+00:00,2026-07-21 18:00:00+00:00,2026-07-21 18:15:00+00:00,yes,0.45,500,0.5035799522673032,0.445,0.03357995226730322,14,8.67,1,266.33,44905.84599999973
2026-07-21 18:15:00+00:00,2026-07-21 18:15:00+00:00,2026-07-21 18:30:00+00:00,yes,0.45,500,0.5035799522673032,0.445,0.03357995226730322,14,8.67,0,-233.67,44672.17599999973
2026-07-21 18:41:00+00:00,2026-07-21 18:30:00+00:00,2026-07-21 18:45:00+00:00,no,0.25,500,0.6861702127659575,0.755,0.04382978723404253,3,6.57,1,-131.57,44540.60599999973
2026-07-21 18:51:00+00:00,2026-07-21 18:45:00+00:00,2026-07-21 19:00:00+00:00,no,0.31999999999999995,500,0.5822784810126582,0.685,0.07772151898734182,8,7.62,1,-167.61999999999998,44372.98599999973
2026-07-21 19:06:00+00:00,2026-07-21 19:00:00+00:00,2026-07-21 19:15:00+00:00,yes,0.84,500,0.8813559322033898,0.835,0.03135593220338984,8,4.71,0,-424.71,43948.27599999973
2026-07-21 19:16:00+00:00,2026-07-21 19:15:00+00:00,2026-07-21 19:30:00+00:00,yes,0.8,500,0.8793532338308457,0.795,0.05935323383084569,13,5.6,1,94.4,44042.67599999973
2026-07-21 19:48:00+00:00,2026-07-21 19:45:00+00:00,2026-07-21 20:00:00+00:00,yes,0.74,500,0.8053097345132744,0.735,0.04530973451327437,11,6.74,0,-376.74,43665.93599999973
2026-07-21 20:02:00+00:00,2026-07-21 20:00:00+00:00,2026-07-21 20:15:00+00:00,yes,0.34,500,0.3900096061479347,0.335,0.03000960614793465,12,7.86,0,-177.86,43488.07599999973
2026-07-21 20:21:00+00:00,2026-07-21 20:15:00+00:00,2026-07-21 20:30:00+00:00,no,0.85,500,0.10538373424971363,0.155,0.03461626575028643,8,4.47,0,70.53,43558.60599999973
2026-07-21 20:30:00+00:00,2026-07-21 20:30:00+00:00,2026-07-21 20:45:00+00:00,yes,0.65,500,0.7157894736842105,0.645,0.045789473684210505,14,7.97,1,167.03,43725.63599999973
2026-07-21 20:47:00+00:00,2026-07-21 20:45:00+00:00,2026-07-21 21:00:00+00:00,no,0.44999999999999996,500,0.48582995951417,0.56,0.04417004048583008,12,8.67,0,266.33,43991.96599999973
2026-07-21 21:00:00+00:00,2026-07-21 21:00:00+00:00,2026-07-21 21:15:00+00:00,no,0.71,500,0.17728055077452667,0.295,0.09271944922547339,14,7.21,0,137.79,44129.75599999973
2026-07-21 21:18:00+00:00,2026-07-21 21:15:00+00:00,2026-07-21 21:30:00+00:00,no,0.8,500,0.10538373424971363,0.20500000000000002,0.07461626575028636,11,5.6,0,94.4,44224.15599999973
2026-07-21 21:33:00+00:00,2026-07-21 21:30:00+00:00,2026-07-21 21:45:00+00:00,no,0.74,500,0.17728055077452667,0.265,0.06271944922547336,11,6.74,1,-376.74,43847.415999999736
2026-07-21 21:50:00+00:00,2026-07-21 21:45:00+00:00,2026-07-21 22:00:00+00:00,yes,0.7,500,0.7880597014925373,0.695,0.06805970149253739,9,7.35,1,142.65,43990.06599999974
2026-07-21 22:06:00+00:00,2026-07-21 22:00:00+00:00,2026-07-21 22:15:00+00:00,no,0.84,500,0.10538373424971363,0.165,0.04461626575028644,8,4.71,0,75.29,44065.35599999974
2026-07-21 22:19:00+00:00,2026-07-21 22:15:00+00:00,2026-07-21 22:30:00+00:00,no,0.87,500,0.06649616368286446,0.135,0.05350383631713552,10,3.96,0,61.04,44126.39599999974
2026-07-21 22:36:00+00:00,2026-07-21 22:30:00+00:00,2026-07-21 22:45:00+00:00,yes,0.83,500,0.8793532338308457,0.825,0.039353233830845775,8,4.94,1,80.06,44206.45599999974
2026-07-21 22:51:00+00:00,2026-07-21 22:45:00+00:00,2026-07-21 23:00:00+00:00,yes,0.27,500,0.324468085106383,0.265,0.034468085106382954,8,6.9,0,-141.9,44064.555999999735
2026-07-21 23:01:00+00:00,2026-07-21 23:00:00+00:00,2026-07-21 23:15:00+00:00,no,0.85,500,0.10538373424971363,0.155,0.03461626575028643,13,4.47,0,70.53,44135.085999999734
2026-07-21 23:31:00+00:00,2026-07-21 23:30:00+00:00,2026-07-21 23:45:00+00:00,no,0.49,500,0.4515235457063712,0.515,0.038476454293628795,13,8.75,1,-253.75,43881.335999999734
2026-07-21 23:50:00+00:00,2026-07-21 23:45:00+00:00,2026-07-22 00:00:00+00:00,yes,0.89,500,0.9368770764119602,0.885,0.03687707641196015,9,3.43,1,51.57,43932.90599999973
2026-07-22 00:04:00+00:00,2026-07-22 00:00:00+00:00,2026-07-22 00:15:00+00:00,yes,0.81,500,0.8793532338308457,0.805,0.04935323383084568,10,5.39,1,89.61,44022.515999999734
2026-07-22 00:21:00+00:00,2026-07-22 00:15:00+00:00,2026-07-22 00:30:00+00:00,no,0.20999999999999996,500,0.722473604826546,0.795,0.04752639517345404,8,5.81,0,389.19,44411.70599999974
2026-07-22 00:30:00+00:00,2026-07-22 00:30:00+00:00,2026-07-22 00:45:00+00:00,no,0.47,500,0.4515235457063712,0.535,0.05847645429362881,14,8.72,1,-243.72,44167.985999999735
2026-07-22 00:46:00+00:00,2026-07-22 00:45:00+00:00,2026-07-22 01:00:00+00:00,no,0.61,500,0.33747412008281574,0.395,0.03252587991718427,13,8.33,0,186.67,44354.65599999973
2026-07-22 01:01:00+00:00,2026-07-22 01:00:00+00:00,2026-07-22 01:15:00+00:00,yes,0.39,500,0.4515235457063712,0.385,0.04152354570637119,13,8.33,0,-203.33,44151.32599999973
2026-07-22 01:16:00+00:00,2026-07-22 01:15:00+00:00,2026-07-22 01:30:00+00:00,no,0.54,500,0.4087665647298675,0.46499999999999997,0.031233435270132465,13,8.7,0,221.3,44372.625999999735
2026-07-22 01:30:00+00:00,2026-07-22 01:30:00+00:00,2026-07-22 01:45:00+00:00,yes,0.5,500,0.5786666666666667,0.495,0.05866666666666666,14,8.75,0,-258.75,44113.875999999735
2026-07-22 01:54:00+00:00,2026-07-22 01:45:00+00:00,2026-07-22 02:00:00+00:00,no,0.14,500,0.8173913043478261,0.865,0.03260869565217384,5,4.22,1,-74.22,44039.65599999973
2026-07-22 02:04:00+00:00,2026-07-22 02:00:00+00:00,2026-07-22 02:15:00+00:00,no,0.36,500,0.5786666666666667,0.645,0.04133333333333335,10,8.07,1,-188.07,43851.585999999734
2026-07-22 02:17:00+00:00,2026-07-22 02:15:00+00:00,2026-07-22 02:30:00+00:00,no,0.31999999999999995,500,0.6267166042446941,0.685,0.033283395755305936,12,7.62,0,332.38,44183.96599999973
2026-07-22 02:41:00+00:00,2026-07-22 02:30:00+00:00,2026-07-22 02:45:00+00:00,yes,0.16,500,0.2601744186046512,0.155,0.09017441860465118,3,4.71,0,-84.71,44099.25599999973
2026-07-22 02:52:00+00:00,2026-07-22 02:45:00+00:00,2026-07-22 03:00:00+00:00,yes,0.26,500,0.33747412008281574,0.255,0.05747412008281573,7,6.74,0,-136.74,43962.515999999734
2026-07-22 03:07:00+00:00,2026-07-22 03:00:00+00:00,2026-07-22 03:15:00+00:00,yes,0.28,500,0.33747412008281574,0.275,0.03747412008281571,7,7.06,0,-147.06,43815.45599999974
2026-07-22 03:34:00+00:00,2026-07-22 03:30:00+00:00,2026-07-22 03:45:00+00:00,yes,0.19,500,0.2601744186046512,0.185,0.050174418604651175,10,5.39,0,-100.39,43715.06599999974
2026-07-22 03:46:00+00:00,2026-07-22 03:45:00+00:00,2026-07-22 04:00:00+00:00,yes,0.83,500,0.8793532338308457,0.825,0.039353233830845775,13,4.94,0,-419.94,43295.125999999735
2026-07-22 04:01:00+00:00,2026-07-22 04:00:00+00:00,2026-07-22 04:15:00+00:00,yes,0.65,500,0.7157894736842105,0.645,0.045789473684210505,13,7.97,1,167.03,43462.15599999973
2026-07-22 04:18:00+00:00,2026-07-22 04:15:00+00:00,2026-07-22 04:30:00+00:00,yes,0.74,500,0.8173913043478261,0.735,0.05739130434782615,11,6.74,1,123.26,43585.415999999736
2026-07-22 04:30:00+00:00,2026-07-22 04:30:00+00:00,2026-07-22 04:45:00+00:00,yes,0.23,500,0.324468085106383,0.225,0.07446808510638296,14,6.2,1,378.8,43964.21599999974
2026-07-22 04:46:00+00:00,2026-07-22 04:45:00+00:00,2026-07-22 05:00:00+00:00,yes,0.21,500,0.2601744186046512,0.20500000000000002,0.030174418604651188,13,5.81,0,-110.81,43853.40599999974
2026-07-22 05:16:00+00:00,2026-07-22 05:15:00+00:00,2026-07-22 05:30:00+00:00,no,0.77,500,0.17728055077452667,0.235,0.03271944922547333,13,6.2,0,108.8,43962.205999999744
2026-07-22 05:37:00+00:00,2026-07-22 05:30:00+00:00,2026-07-22 05:45:00+00:00,yes,0.23,500,0.324468085106383,0.225,0.07446808510638296,7,6.2,0,-121.2,43841.00599999975
2026-07-22 05:46:00+00:00,2026-07-22 05:45:00+00:00,2026-07-22 06:00:00+00:00,yes,0.7,500,0.7880597014925373,0.695,0.06805970149253739,13,7.35,0,-357.35,43483.65599999975
2026-07-22 06:07:00+00:00,2026-07-22 06:00:00+00:00,2026-07-22 06:15:00+00:00,no,0.76,500,0.17728055077452667,0.245,0.04271944922547334,7,6.39,0,113.61,43597.26599999975
2026-07-22 06:20:00+00:00,2026-07-22 06:15:00+00:00,2026-07-22 06:30:00+00:00,no,0.86,500,0.0824742268041237,0.14500000000000002,0.04752577319587637,9,4.22,0,65.78,43663.04599999975
2026-07-22 06:30:00+00:00,2026-07-22 06:30:00+00:00,2026-07-22 06:45:00+00:00,no,0.54,500,0.4087665647298675,0.46499999999999997,0.031233435270132465,14,8.7,1,-278.7,43384.34599999975
2026-07-22 06:51:00+00:00,2026-07-22 06:45:00+00:00,2026-07-22 07:00:00+00:00,no,0.6,500,0.33747412008281574,0.405,0.042525879917184276,8,8.4,0,191.6,43575.94599999975
2026-07-22 07:13:00+00:00,2026-07-22 07:00:00+00:00,2026-07-22 07:15:00+00:00,yes,0.017,500,0.0824742268041237,0.0165,0.05547422680412369,1,0.59,0,-9.09,43566.85599999975
2026-07-22 07:45:00+00:00,2026-07-22 07:45:00+00:00,2026-07-22 08:00:00+00:00,yes,0.61,500,0.6861702127659575,0.605,0.056170212765957475,14,8.33,1,186.67,43753.52599999975
2026-07-22 08:18:00+00:00,2026-07-22 08:15:00+00:00,2026-07-22 08:30:00+00:00,no,0.49,500,0.4515235457063712,0.515,0.038476454293628795,11,8.75,0,246.25,43999.77599999975
2026-07-22 08:37:00+00:00,2026-07-22 08:30:00+00:00,2026-07-22 08:45:00+00:00,yes,0.17,500,0.2601744186046512,0.165,0.08017441860465117,7,4.94,0,-89.94,43909.83599999975
2026-07-22 09:13:00+00:00,2026-07-22 09:00:00+00:00,2026-07-22 09:15:00+00:00,no,0.09199999999999997,500,0.6794195250659629,0.9085000000000001,0.2185804749340371,1,2.93,1,-48.929999999999986,43860.90599999975
2026-07-22 09:23:00+00:00,2026-07-22 09:15:00+00:00,2026-07-22 09:30:00+00:00,yes,0.79,500,0.8793532338308457,0.785,0.0693532338308457,6,5.81,1,99.19,43960.09599999975
2026-07-22 09:32:00+00:00,2026-07-22 09:30:00+00:00,2026-07-22 09:45:00+00:00,no,0.85,500,0.10538373424971363,0.155,0.03461626575028643,12,4.47,0,70.53,44030.62599999975
2026-07-22 09:47:00+00:00,2026-07-22 09:45:00+00:00,2026-07-22 10:00:00+00:00,no,0.53,500,0.4087665647298675,0.475,0.04123343527013247,12,8.72,1,-273.72,43756.90599999975
2026-07-22 10:01:00+00:00,2026-07-22 10:00:00+00:00,2026-07-22 10:15:00+00:00,yes,0.42,500,0.5786666666666667,0.415,0.1386666666666667,13,8.53,0,-218.53,43538.37599999975
2026-07-22 10:20:00+00:00,2026-07-22 10:15:00+00:00,2026-07-22 10:30:00+00:00,yes,0.76,500,0.8250728862973761,0.755,0.04507288629737606,9,6.39,1,113.61,43651.98599999975
2026-07-22 10:39:00+00:00,2026-07-22 10:30:00+00:00,2026-07-22 10:45:00+00:00,yes,0.66,500,0.722473604826546,0.655,0.042473604826545955,5,7.86,1,162.14,43814.12599999975
2026-07-22 10:45:00+00:00,2026-07-22 10:45:00+00:00,2026-07-22 11:00:00+00:00,yes,0.59,500,0.6794195250659629,0.585,0.06941952506596295,14,8.47,1,196.53,44010.65599999975
2026-07-22 11:01:00+00:00,2026-07-22 11:00:00+00:00,2026-07-22 11:15:00+00:00,no,0.51,500,0.4087665647298675,0.495,0.06123343527013249,13,8.75,0,236.25,44246.90599999975
2026-07-22 11:46:00+00:00,2026-07-22 11:45:00+00:00,2026-07-22 12:00:00+00:00,yes,0.76,500,0.8173913043478261,0.755,0.03739130434782613,13,6.39,1,113.61,44360.51599999975
2026-07-22 12:20:00+00:00,2026-07-22 12:15:00+00:00,2026-07-22 12:30:00+00:00,no,0.62,500,0.324468085106383,0.385,0.03553191489361697,9,8.25,0,181.75,44542.26599999975
2026-07-22 12:32:00+00:00,2026-07-22 12:30:00+00:00,2026-07-22 12:45:00+00:00,yes,0.5,500,0.5739130434782608,0.495,0.05391304347826077,12,8.75,0,-258.75,44283.51599999975
2026-07-22 12:50:00+00:00,2026-07-22 12:45:00+00:00,2026-07-22 13:00:00+00:00,yes,0.17,500,0.2601744186046512,0.165,0.08017441860465117,9,4.94,0,-89.94,44193.575999999746
2026-07-22 13:00:00+00:00,2026-07-22 13:00:00+00:00,2026-07-22 13:15:00+00:00,yes,0.45,500,0.5035799522673032,0.445,0.03357995226730322,14,8.67,1,266.33,44459.90599999975
2026-07-22 13:18:00+00:00,2026-07-22 13:15:00+00:00,2026-07-22 13:30:00+00:00,yes,0.27,500,0.324468085106383,0.265,0.034468085106382954,11,6.9,0,-141.9,44318.00599999975
2026-07-22 13:33:00+00:00,2026-07-22 13:30:00+00:00,2026-07-22 13:45:00+00:00,yes,0.78,500,0.8953168044077136,0.775,0.09531680440771352,11,6.01,1,103.99,44421.995999999745
2026-07-22 13:57:00+00:00,2026-07-22 13:45:00+00:00,2026-07-22 14:00:00+00:00,no,0.07199999999999995,500,0.8813559322033898,0.9285000000000001,0.03664406779661023,2,2.34,1,-38.339999999999975,44383.65599999975
2026-07-22 14:12:00+00:00,2026-07-22 14:00:00+00:00,2026-07-22 14:15:00+00:00,no,0.31999999999999995,500,0.6267166042446941,0.685,0.033283395755305936,2,7.62,0,332.38,44716.035999999745
2026-07-22 14:15:00+00:00,2026-07-22 14:15:00+00:00,2026-07-22 14:30:00+00:00,yes,0.21,500,0.2601744186046512,0.20500000000000002,0.030174418604651188,14,5.81,0,-110.81,44605.22599999975
2026-07-22 14:32:00+00:00,2026-07-22 14:30:00+00:00,2026-07-22 14:45:00+00:00,yes,0.76,500,0.8173913043478261,0.755,0.03739130434782613,12,6.39,1,113.61,44718.83599999975
2026-07-22 14:45:00+00:00,2026-07-22 14:45:00+00:00,2026-07-22 15:00:00+00:00,yes,0.41,500,0.5035799522673032,0.405,0.07357995226730325,14,8.47,1,286.53,45005.36599999975
2026-07-22 15:03:00+00:00,2026-07-22 15:00:00+00:00,2026-07-22 15:15:00+00:00,yes,0.83,500,0.8793532338308457,0.825,0.039353233830845775,11,4.94,1,80.06,45085.425999999745
2026-07-22 15:15:00+00:00,2026-07-22 15:15:00+00:00,2026-07-22 15:30:00+00:00,yes,0.48,500,0.5786666666666667,0.475,0.07866666666666668,14,8.74,1,251.26,45336.68599999975
2026-07-22 15:32:00+00:00,2026-07-22 15:30:00+00:00,2026-07-22 15:45:00+00:00,no,0.61,500,0.33747412008281574,0.395,0.03252587991718427,12,8.33,0,186.67,45523.355999999745
2026-07-22 15:58:00+00:00,2026-07-22 15:45:00+00:00,2026-07-22 16:00:00+00:00,no,0.17000000000000004,500,0.6861702127659575,0.835,0.13382978723404249,1,4.94,1,-89.94000000000001,45433.41599999974
2026-07-22 16:03:00+00:00,2026-07-22 16:00:00+00:00,2026-07-22 16:15:00+00:00,no,0.54,500,0.4087665647298675,0.46499999999999997,0.031233435270132465,11,8.7,1,-278.7,45154.715999999746
2026-07-22 16:20:00+00:00,2026-07-22 16:15:00+00:00,2026-07-22 16:30:00+00:00,yes,0.16,500,0.20758483033932135,0.155,0.03758483033932134,9,4.71,0,-84.71,45070.00599999975
2026-07-22 16:31:00+00:00,2026-07-22 16:30:00+00:00,2026-07-22 16:45:00+00:00,yes,0.85,500,0.8953168044077136,0.845,0.03531680440771357,13,4.47,1,70.53,45140.535999999745
2026-07-22 16:50:00+00:00,2026-07-22 16:45:00+00:00,2026-07-22 17:00:00+00:00,yes,0.21,500,0.2601744186046512,0.20500000000000002,0.030174418604651188,9,5.81,0,-110.81,45029.72599999975
2026-07-22 17:08:00+00:00,2026-07-22 17:00:00+00:00,2026-07-22 17:15:00+00:00,no,0.31000000000000005,500,0.6267166042446941,0.695,0.043283395755305834,6,7.49,0,337.51,45367.23599999975
2026-07-22 17:31:00+00:00,2026-07-22 17:30:00+00:00,2026-07-22 17:45:00+00:00,yes,0.82,500,0.8793532338308457,0.815,0.03935323383084578,13,5.17,1,84.83,45452.06599999975
2026-07-22 17:47:00+00:00,2026-07-22 17:45:00+00:00,2026-07-22 18:00:00+00:00,no,0.31999999999999995,500,0.6267166042446941,0.685,0.033283395755305936,12,7.62,0,332.38,45784.44599999975
2026-07-22 18:09:00+00:00,2026-07-22 18:00:00+00:00,2026-07-22 18:15:00+00:00,yes,0.27,500,0.324468085106383,0.265,0.034468085106382954,5,6.9,0,-141.9,45642.54599999975
2026-07-22 18:32:00+00:00,2026-07-22 18:30:00+00:00,2026-07-22 18:45:00+00:00,no,0.83,500,0.10538373424971363,0.175,0.05461626575028645,12,4.94,0,80.06,45722.605999999745
2026-07-22 19:02:00+00:00,2026-07-22 19:00:00+00:00,2026-07-22 19:15:00+00:00,yes,0.26,500,0.324468085106383,0.255,0.04446808510638296,12,6.74,0,-136.74,45585.86599999975
2026-07-22 19:39:00+00:00,2026-07-22 19:30:00+00:00,2026-07-22 19:45:00+00:00,no,0.5700000000000001,500,0.33747412008281574,0.435,0.07252587991718419,5,8.58,0,206.41999999999993,45792.285999999745
2026-07-22 19:52:00+00:00,2026-07-22 19:45:00+00:00,2026-07-22 20:00:00+00:00,yes,0.7,500,0.8053097345132744,0.695,0.08530973451327441,7,7.35,1,142.65,45934.93599999975
2026-07-22 20:04:00+00:00,2026-07-22 20:00:00+00:00,2026-07-22 20:15:00+00:00,no,0.86,500,0.0824742268041237,0.14500000000000002,0.04752577319587637,10,4.22,0,65.78,46000.715999999746
2026-07-22 20:28:00+00:00,2026-07-22 20:15:00+00:00,2026-07-22 20:30:00+00:00,no,0.02400000000000002,500,0.8793532338308457,0.9764999999999999,0.08664676616915425,1,0.82,1,-12.820000000000011,45987.895999999746
2026-07-22 20:33:00+00:00,2026-07-22 20:30:00+00:00,2026-07-22 20:45:00+00:00,yes,0.48,500,0.5686274509803921,0.475,0.06862745098039215,11,8.74,1,251.26,46239.15599999975
2026-07-22 20:47:00+00:00,2026-07-22 20:45:00+00:00,2026-07-22 21:00:00+00:00,no,0.85,500,0.10538373424971363,0.155,0.03461626575028643,12,4.47,0,70.53,46309.68599999975
2026-07-22 21:05:00+00:00,2026-07-22 21:00:00+00:00,2026-07-22 21:15:00+00:00,yes,0.71,500,0.8053097345132744,0.705,0.0753097345132744,9,7.21,1,137.79,46447.47599999975
2026-07-22 21:18:00+00:00,2026-07-22 21:15:00+00:00,2026-07-22 21:30:00+00:00,no,0.53,500,0.33747412008281574,0.475,0.11252587991718423,11,8.72,0,226.28,46673.75599999975
2026-07-22 21:33:00+00:00,2026-07-22 21:30:00+00:00,2026-07-22 21:45:00+00:00,yes,0.63,500,0.722473604826546,0.625,0.07247360482654598,11,8.16,1,176.84,46850.59599999974
2026-07-22 21:48:00+00:00,2026-07-22 21:45:00+00:00,2026-07-22 22:00:00+00:00,no,0.53,500,0.4087665647298675,0.48,0.04123343527013247,11,8.72,0,226.28,47076.87599999974
2026-07-22 22:00:00+00:00,2026-07-22 22:00:00+00:00,2026-07-22 22:15:00+00:00,no,0.5800000000000001,500,0.33747412008281574,0.425,0.06252587991718418,14,8.53,0,201.46999999999994,47278.34599999974
2026-07-22 22:17:00+00:00,2026-07-22 22:15:00+00:00,2026-07-22 22:30:00+00:00,no,0.45999999999999996,500,0.48905109489051074,0.545,0.03094890510948935,12,8.7,1,-238.69999999999996,47039.645999999746
2026-07-22 22:45:00+00:00,2026-07-22 22:45:00+00:00,2026-07-22 23:00:00+00:00,no,0.52,500,0.4087665647298675,0.485,0.05123343527013248,14,8.74,1,-268.74,46770.90599999975
2026-07-22 23:03:00+00:00,2026-07-22 23:00:00+00:00,2026-07-22 23:15:00+00:00,no,0.52,500,0.4087665647298675,0.485,0.05123343527013248,11,8.74,0,231.26,47002.16599999975
2026-07-22 23:25:00+00:00,2026-07-22 23:15:00+00:00,2026-07-22 23:30:00+00:00,no,0.04300000000000004,500,0.9157303370786517,0.9575,0.03126966292134826,4,1.45,1,-22.950000000000017,46979.21599999975
2026-07-22 23:36:00+00:00,2026-07-22 23:30:00+00:00,2026-07-22 23:45:00+00:00,yes,0.4,500,0.4515235457063712,0.395,0.031523545706371184,8,8.4,1,291.6,47270.81599999975
2026-07-22 23:46:00+00:00,2026-07-22 23:45:00+00:00,2026-07-23 00:00:00+00:00,yes,0.75,500,0.8053097345132744,0.74,0.03530973451327436,13,6.57,1,118.43,47389.24599999975
2026-07-23 00:00:00+00:00,2026-07-23 00:00:00+00:00,2026-07-23 00:15:00+00:00,no,0.47,500,0.4515235457063712,0.535,0.05847645429362881,14,8.72,1,-243.72,47145.52599999975
2026-07-23 00:30:00+00:00,2026-07-23 00:30:00+00:00,2026-07-23 00:45:00+00:00,no,0.73,500,0.20758483033932135,0.275,0.04241516966067872,14,6.9,0,128.1,47273.62599999975
2026-07-23 00:50:00+00:00,2026-07-23 00:45:00+00:00,2026-07-23 01:00:00+00:00,yes,0.26,500,0.324468085106383,0.255,0.04446808510638296,9,6.74,0,-136.74,47136.88599999975
2026-07-23 01:02:00+00:00,2026-07-23 01:00:00+00:00,2026-07-23 01:15:00+00:00,yes,0.61,500,0.6794195250659629,0.605,0.049419525065962935,12,8.33,0,-313.33,46823.55599999975
2026-07-23 01:16:00+00:00,2026-07-23 01:15:00+00:00,2026-07-23 01:30:00+00:00,yes,0.33,500,0.3900096061479347,0.325,0.040009606147934654,13,7.74,0,-172.74,46650.81599999975
2026-07-23 01:30:00+00:00,2026-07-23 01:30:00+00:00,2026-07-23 01:45:00+00:00,yes,0.27,500,0.324468085106383,0.265,0.034468085106382954,14,6.9,0,-141.9,46508.91599999975
2026-07-23 02:00:00+00:00,2026-07-23 02:00:00+00:00,2026-07-23 02:15:00+00:00,yes,0.26,500,0.324468085106383,0.255,0.04446808510638296,14,6.74,0,-136.74,46372.17599999975
2026-07-23 02:15:00+00:00,2026-07-23 02:15:00+00:00,2026-07-23 02:30:00+00:00,yes,0.5,500,0.5686274509803921,0.495,0.04862745098039213,14,8.75,0,-258.75,46113.42599999975
2026-07-23 02:35:00+00:00,2026-07-23 02:30:00+00:00,2026-07-23 02:45:00+00:00,no,0.05600000000000005,500,0.9019607843137255,0.9444999999999999,0.03203921568627444,9,1.86,1,-29.860000000000024,46083.56599999975
2026-07-23 03:04:00+00:00,2026-07-23 03:00:00+00:00,2026-07-23 03:15:00+00:00,no,0.85,500,0.10538373424971363,0.155,0.03461626575028643,10,4.47,0,70.53,46154.09599999975
2026-07-23 03:22:00+00:00,2026-07-23 03:15:00+00:00,2026-07-23 03:30:00+00:00,no,0.25,500,0.6794195250659629,0.755,0.05058047493403707,7,6.57,0,368.43,46522.52599999975
2026-07-23 03:30:00+00:00,2026-07-23 03:30:00+00:00,2026-07-23 03:45:00+00:00,yes,0.73,500,0.8173913043478261,0.725,0.06739130434782616,14,6.9,1,128.1,46650.62599999975
2026-07-23 03:47:00+00:00,2026-07-23 03:45:00+00:00,2026-07-23 04:00:00+00:00,yes,0.45,500,0.5035799522673032,0.445,0.03357995226730322,12,8.67,0,-233.67,46416.95599999975
2026-07-23 04:01:00+00:00,2026-07-23 04:00:00+00:00,2026-07-23 04:15:00+00:00,no,0.76,500,0.17728055077452667,0.245,0.04271944922547334,13,6.39,1,-386.39,46030.56599999975
2026-07-23 04:20:00+00:00,2026-07-23 04:15:00+00:00,2026-07-23 04:30:00+00:00,no,0.36,500,0.5822784810126582,0.645,0.03772151898734179,9,8.07,1,-188.07,45842.49599999975
2026-07-23 04:32:00+00:00,2026-07-23 04:30:00+00:00,2026-07-23 04:45:00+00:00,yes,0.21,500,0.2601744186046512,0.20500000000000002,0.030174418604651188,12,5.81,0,-110.81,45731.685999999754
2026-07-23 04:47:00+00:00,2026-07-23 04:45:00+00:00,2026-07-23 05:00:00+00:00,yes,0.79,500,0.8793532338308457,0.785,0.0693532338308457,12,5.81,0,-400.81,45330.87599999976
2026-07-23 05:12:00+00:00,2026-07-23 05:00:00+00:00,2026-07-23 05:15:00+00:00,no,0.19999999999999996,500,0.6794195250659629,0.805,0.10058047493403711,2,5.6,1,-105.59999999999997,45225.27599999976
2026-07-23 05:32:00+00:00,2026-07-23 05:30:00+00:00,2026-07-23 05:45:00+00:00,yes,0.85,500,0.9215686274509803,0.845,0.06156862745098036,12,4.47,1,70.53,45295.80599999976
2026-07-23 06:08:00+00:00,2026-07-23 06:00:00+00:00,2026-07-23 06:15:00+00:00,yes,0.27,500,0.324468085106383,0.265,0.034468085106382954,6,6.9,0,-141.9,45153.905999999755
2026-07-23 06:15:00+00:00,2026-07-23 06:15:00+00:00,2026-07-23 06:30:00+00:00,yes,0.55,500,0.6267166042446941,0.545,0.05671660424469406,14,8.67,1,216.33,45370.23599999976
2026-07-23 06:33:00+00:00,2026-07-23 06:30:00+00:00,2026-07-23 06:45:00+00:00,no,0.55,500,0.3900096061479347,0.455,0.03999039385206528,11,8.67,1,-283.67,45086.56599999976
2026-07-23 09:02:00+00:00,2026-07-23 09:00:00+00:00,2026-07-23 09:15:00+00:00,yes,0.54,500,0.6188524590163934,0.535,0.05885245901639337,12,8.7,1,221.3,45307.86599999976
2026-07-23 09:18:00+00:00,2026-07-23 09:15:00+00:00,2026-07-23 09:30:00+00:00,yes,0.75,500,0.8250728862973761,0.745,0.05507288629737607,11,6.57,1,118.43,45426.29599999976
2026-07-23 09:31:00+00:00,2026-07-23 09:30:00+00:00,2026-07-23 09:45:00+00:00,yes,0.54,500,0.6188524590163934,0.535,0.05885245901639337,13,8.7,1,221.3,45647.595999999765
2026-07-23 09:46:00+00:00,2026-07-23 09:45:00+00:00,2026-07-23 10:00:00+00:00,yes,0.34,500,0.3900096061479347,0.335,0.03000960614793465,13,7.86,0,-177.86,45469.735999999764
2026-07-23 10:06:00+00:00,2026-07-23 10:00:00+00:00,2026-07-23 10:15:00+00:00,yes,0.83,500,0.8793532338308457,0.825,0.039353233830845775,8,4.94,1,80.06,45549.79599999976
2026-07-23 10:17:00+00:00,2026-07-23 10:15:00+00:00,2026-07-23 10:30:00+00:00,no,0.52,500,0.4087665647298675,0.485,0.05123343527013248,12,8.74,1,-268.74,45281.055999999764
2026-07-23 10:31:00+00:00,2026-07-23 10:30:00+00:00,2026-07-23 10:45:00+00:00,yes,0.55,500,0.6267166042446941,0.545,0.05671660424469406,13,8.67,1,216.33,45497.385999999766
2026-07-23 10:47:00+00:00,2026-07-23 10:45:00+00:00,2026-07-23 11:00:00+00:00,no,0.5,500,0.4087665647298675,0.505,0.0712334352701325,12,8.75,0,241.25,45738.635999999766
2026-07-23 11:02:00+00:00,2026-07-23 11:00:00+00:00,2026-07-23 11:15:00+00:00,no,0.6799999999999999,500,0.2601744186046512,0.325,0.03982558139534888,12,7.62,0,152.38000000000005,45891.01599999976
2026-07-23 11:30:00+00:00,2026-07-23 11:30:00+00:00,2026-07-23 11:45:00+00:00,no,0.6,500,0.33747412008281574,0.405,0.042525879917184276,14,8.4,0,191.6,46082.61599999976
2026-07-23 11:57:00+00:00,2026-07-23 11:45:00+00:00,2026-07-23 12:00:00+00:00,yes,0.21,500,0.2601744186046512,0.20500000000000002,0.030174418604651188,2,5.81,0,-110.81,45971.805999999764
2026-07-23 12:16:00+00:00,2026-07-23 12:15:00+00:00,2026-07-23 12:30:00+00:00,no,0.83,500,0.10538373424971363,0.175,0.05461626575028645,13,4.94,0,80.06,46051.86599999976
2026-07-23 12:55:00+00:00,2026-07-23 12:45:00+00:00,2026-07-23 13:00:00+00:00,no,0.01200000000000001,500,0.9384615384615385,0.9884999999999999,0.03953846153846153,4,0.42,1,-6.420000000000005,46045.44599999976
2026-07-23 13:02:00+00:00,2026-07-23 13:00:00+00:00,2026-07-23 13:15:00+00:00,yes,0.62,500,0.6794195250659629,0.615,0.039419525065962926,12,8.25,0,-318.25,45727.19599999976
2026-07-23 13:23:00+00:00,2026-07-23 13:15:00+00:00,2026-07-23 13:30:00+00:00,no,0.26,500,0.6794195250659629,0.745,0.04058047493403706,6,6.74,0,363.26,46090.455999999765
2026-07-23 13:30:00+00:00,2026-07-23 13:30:00+00:00,2026-07-23 13:45:00+00:00,yes,0.62,500,0.722473604826546,0.615,0.08247360482654599,14,8.25,1,181.75,46272.205999999765
2026-07-23 13:47:00+00:00,2026-07-23 13:45:00+00:00,2026-07-23 14:00:00+00:00,no,0.8200000000000001,500,0.10538373424971363,0.185,0.054616265750286344,12,5.17,0,84.82999999999994,46357.03599999977
2026-07-23 14:04:00+00:00,2026-07-23 14:00:00+00:00,2026-07-23 14:15:00+00:00,yes,0.62,500,0.6794195250659629,0.615,0.039419525065962926,10,8.25,1,181.75,46538.78599999977
2026-07-23 14:21:00+00:00,2026-07-23 14:15:00+00:00,2026-07-23 14:30:00+00:00,yes,0.82,500,0.8953168044077136,0.815,0.055316804407713596,8,5.17,1,84.83,46623.61599999977
2026-07-23 14:48:00+00:00,2026-07-23 14:45:00+00:00,2026-07-23 15:00:00+00:00,yes,0.27,500,0.324468085106383,0.265,0.034468085106382954,11,6.9,0,-141.9,46481.71599999977
2026-07-23 15:17:00+00:00,2026-07-23 15:15:00+00:00,2026-07-23 15:30:00+00:00,yes,0.82,500,0.8793532338308457,0.815,0.03935323383084578,12,5.17,1,84.83,46566.54599999977
2026-07-23 15:37:00+00:00,2026-07-23 15:30:00+00:00,2026-07-23 15:45:00+00:00,yes,0.75,500,0.8053097345132744,0.745,0.03530973451327436,7,6.57,1,118.43,46684.97599999977
2026-07-23 16:24:00+00:00,2026-07-23 16:15:00+00:00,2026-07-23 16:30:00+00:00,yes,0.13,500,0.20758483033932135,0.125,0.06758483033932135,5,3.96,0,-68.96,46616.01599999977
2026-07-23 16:34:00+00:00,2026-07-23 16:30:00+00:00,2026-07-23 16:45:00+00:00,no,0.85,500,0.10538373424971363,0.155,0.03461626575028643,10,4.47,0,70.53,46686.54599999977
2026-07-23 17:00:00+00:00,2026-07-23 17:00:00+00:00,2026-07-23 17:15:00+00:00,yes,0.46,500,0.5739130434782608,0.455,0.09391304347826075,14,8.7,0,-238.7,46447.84599999977
2026-07-23 17:36:00+00:00,2026-07-23 17:30:00+00:00,2026-07-23 17:45:00+00:00,yes,0.26,500,0.324468085106383,0.25,0.04446808510638296,8,6.74,0,-136.74,46311.105999999774
2026-07-23 17:55:00+00:00,2026-07-23 17:45:00+00:00,2026-07-23 18:00:00+00:00,yes,0.12,500,0.16076294277929154,0.11499999999999999,0.030762942779291542,4,3.7,0,-63.7,46247.40599999978
2026-07-23 18:32:00+00:00,2026-07-23 18:30:00+00:00,2026-07-23 18:45:00+00:00,yes,0.71,500,0.7880597014925373,0.705,0.05805970149253738,12,7.21,1,137.79,46385.19599999978
2026-07-23 18:47:00+00:00,2026-07-23 18:45:00+00:00,2026-07-23 19:00:00+00:00,yes,0.85,500,0.9054545454545454,0.835,0.04545454545454542,12,4.47,1,70.53,46455.72599999978
2026-07-23 19:01:00+00:00,2026-07-23 19:00:00+00:00,2026-07-23 19:15:00+00:00,yes,0.75,500,0.8053097345132744,0.745,0.03530973451327436,13,6.57,0,-381.57,46074.15599999978
2026-07-23 19:21:00+00:00,2026-07-23 19:15:00+00:00,2026-07-23 19:30:00+00:00,no,0.32999999999999996,500,0.5822784810126582,0.675,0.06772151898734181,8,7.74,1,-172.73999999999998,45901.41599999978
2026-07-23 19:36:00+00:00,2026-07-23 19:30:00+00:00,2026-07-23 19:45:00+00:00,yes,0.51,500,0.5786666666666667,0.505,0.04866666666666665,8,8.75,0,-263.75,45637.66599999978
2026-07-23 19:52:00+00:00,2026-07-23 19:45:00+00:00,2026-07-23 20:00:00+00:00,yes,0.27,500,0.324468085106383,0.265,0.034468085106382954,7,6.9,1,358.1,45995.76599999978
2026-07-23 20:02:00+00:00,2026-07-23 20:00:00+00:00,2026-07-23 20:15:00+00:00,yes,0.81,500,0.8793532338308457,0.805,0.04935323383084568,12,5.39,1,89.61,46085.37599999978
2026-07-23 20:15:00+00:00,2026-07-23 20:15:00+00:00,2026-07-23 20:30:00+00:00,no,0.49,500,0.4515235457063712,0.515,0.038476454293628795,14,8.75,1,-253.75,45831.62599999978
2026-07-23 20:30:00+00:00,2026-07-23 20:30:00+00:00,2026-07-23 20:45:00+00:00,no,0.54,500,0.3900096061479347,0.46499999999999997,0.04999039385206529,14,8.7,0,221.3,46052.92599999978
2026-07-23 20:57:00+00:00,2026-07-23 20:45:00+00:00,2026-07-23 21:00:00+00:00,no,0.050000000000000044,500,0.9054545454545454,0.9504999999999999,0.03454545454545455,2,1.67,1,-26.670000000000023,46026.25599999978
2026-07-23 21:01:00+00:00,2026-07-23 21:00:00+00:00,2026-07-23 21:15:00+00:00,yes,0.74,500,0.8250728862973761,0.735,0.06507288629737608,13,6.74,0,-376.74,45649.515999999785
2026-07-23 21:19:00+00:00,2026-07-23 21:15:00+00:00,2026-07-23 21:30:00+00:00,no,0.64,500,0.2601744186046512,0.365,0.0798255813953488,10,8.07,1,-328.07,45321.445999999785
2026-07-23 21:33:00+00:00,2026-07-23 21:30:00+00:00,2026-07-23 21:45:00+00:00,no,0.6,500,0.324468085106383,0.405,0.05553191489361699,11,8.4,0,191.6,45513.045999999784
2026-07-23 21:45:00+00:00,2026-07-23 21:45:00+00:00,2026-07-23 22:00:00+00:00,yes,0.77,500,0.8793532338308457,0.765,0.08935323383084572,14,6.2,1,108.8,45621.84599999979
2026-07-23 22:01:00+00:00,2026-07-23 22:00:00+00:00,2026-07-23 22:15:00+00:00,no,0.54,500,0.3900096061479347,0.46499999999999997,0.04999039385206529,13,8.7,0,221.3,45843.14599999979
2026-07-23 22:56:00+00:00,2026-07-23 22:45:00+00:00,2026-07-23 23:00:00+00:00,yes,0.057,500,0.10538373424971363,0.0565,0.03838373424971363,3,1.89,0,-30.39,45812.75599999979
2026-07-23 23:01:00+00:00,2026-07-23 23:00:00+00:00,2026-07-23 23:15:00+00:00,no,0.55,500,0.3900096061479347,0.455,0.03999039385206528,13,8.67,0,216.33,46029.08599999979
2026-07-23 23:23:00+00:00,2026-07-23 23:15:00+00:00,2026-07-23 23:30:00+00:00,no,0.47,500,0.47794117647058826,0.535,0.03205882352941171,6,8.72,0,256.28,46285.36599999979
2026-07-23 23:31:00+00:00,2026-07-23 23:30:00+00:00,2026-07-23 23:45:00+00:00,no,0.55,500,0.33747412008281574,0.455,0.09252587991718421,13,8.67,1,-283.67,46001.69599999979
2026-07-24 00:01:00+00:00,2026-07-24 00:00:00+00:00,2026-07-24 00:15:00+00:00,no,0.6799999999999999,500,0.2601744186046512,0.325,0.03982558139534888,13,7.62,0,152.38000000000005,46154.07599999979
2026-07-24 00:26:00+00:00,2026-07-24 00:15:00+00:00,2026-07-24 00:30:00+00:00,yes,0.39,500,0.48582995951417,0.38,0.07582995951417,3,8.33,0,-203.33,45950.74599999979
2026-07-24 00:33:00+00:00,2026-07-24 00:30:00+00:00,2026-07-24 00:45:00+00:00,no,0.73,500,0.20758483033932135,0.275,0.04241516966067872,11,6.9,0,128.1,46078.84599999979
2026-07-24 01:30:00+00:00,2026-07-24 01:30:00+00:00,2026-07-24 01:45:00+00:00,yes,0.3,500,0.3900096061479347,0.295,0.07000960614793468,14,7.35,1,342.65,46421.49599999979
2026-07-24 01:47:00+00:00,2026-07-24 01:45:00+00:00,2026-07-24 02:00:00+00:00,no,0.42000000000000004,500,0.5164113785557987,0.585,0.043588621444201295,12,8.53,0,281.47,46702.96599999979
2026-07-24 02:03:00+00:00,2026-07-24 02:00:00+00:00,2026-07-24 02:15:00+00:00,yes,0.73,500,0.7880597014925373,0.725,0.03805970149253736,11,6.9,1,128.1,46831.06599999979
2026-07-24 02:21:00+00:00,2026-07-24 02:15:00+00:00,2026-07-24 02:30:00+00:00,no,0.902,500,0.056818181818181816,0.0985,0.031181818181818206,8,3.1,0,45.9,46876.96599999979
2026-07-24 02:31:00+00:00,2026-07-24 02:30:00+00:00,2026-07-24 02:45:00+00:00,no,0.75,500,0.17728055077452667,0.255,0.05271944922547335,13,6.57,0,118.43,46995.39599999979
2026-07-24 02:55:00+00:00,2026-07-24 02:45:00+00:00,2026-07-24 03:00:00+00:00,yes,0.18,500,0.2601744186046512,0.175,0.060174418604651184,4,5.17,1,404.83,47400.22599999979
2026-07-24 03:03:00+00:00,2026-07-24 03:00:00+00:00,2026-07-24 03:15:00+00:00,yes,0.76,500,0.8173913043478261,0.755,0.03739130434782613,11,6.39,1,113.61,47513.83599999979
2026-07-24 03:17:00+00:00,2026-07-24 03:15:00+00:00,2026-07-24 03:30:00+00:00,yes,0.76,500,0.8105899300757284,0.755,0.03058993007572843,12,6.39,1,113.61,47627.44599999979
2026-07-24 03:33:00+00:00,2026-07-24 03:30:00+00:00,2026-07-24 03:45:00+00:00,yes,0.26,500,0.324468085106383,0.255,0.04446808510638296,11,6.74,1,363.26,47990.705999999795
2026-07-24 03:54:00+00:00,2026-07-24 03:45:00+00:00,2026-07-24 04:00:00+00:00,no,0.30000000000000004,500,0.6188524590163934,0.705,0.061147540983606544,5,7.35,1,-157.35000000000002,47833.355999999796
2026-07-24 04:01:00+00:00,2026-07-24 04:00:00+00:00,2026-07-24 04:15:00+00:00,no,0.61,500,0.33747412008281574,0.395,0.03252587991718427,13,8.33,0,186.67,48020.025999999794
2026-07-24 04:19:00+00:00,2026-07-24 04:15:00+00:00,2026-07-24 04:30:00+00:00,no,0.54,500,0.33747412008281574,0.46499999999999997,0.10252587991718422,10,8.7,1,-278.7,47741.3259999998
2026-07-24 04:48:00+00:00,2026-07-24 04:45:00+00:00,2026-07-24 05:00:00+00:00,yes,0.34,500,0.3900096061479347,0.335,0.03000960614793465,11,7.86,0,-177.86,47563.4659999998
2026-07-24 05:00:00+00:00,2026-07-24 05:00:00+00:00,2026-07-24 05:15:00+00:00,no,0.51,500,0.4087665647298675,0.495,0.06123343527013249,14,8.75,1,-263.75,47299.7159999998
2026-07-24 05:18:00+00:00,2026-07-24 05:15:00+00:00,2026-07-24 05:30:00+00:00,no,0.53,500,0.4087665647298675,0.475,0.04123343527013247,11,8.72,0,226.28,47525.995999999795
2026-07-24 05:33:00+00:00,2026-07-24 05:30:00+00:00,2026-07-24 05:45:00+00:00,no,0.85,500,0.10538373424971363,0.155,0.03461626575028643,11,4.47,0,70.53,47596.525999999794
2026-07-24 05:45:00+00:00,2026-07-24 05:45:00+00:00,2026-07-24 06:00:00+00:00,yes,0.62,500,0.6794195250659629,0.615,0.039419525065962926,14,8.25,1,181.75,47778.275999999794
2026-07-24 06:00:00+00:00,2026-07-24 06:00:00+00:00,2026-07-24 06:15:00+00:00,no,0.5700000000000001,500,0.324468085106383,0.435,0.0855319148936169,14,8.58,1,-293.58000000000004,47484.69599999979
2026-07-24 06:15:00+00:00,2026-07-24 06:15:00+00:00,2026-07-24 06:30:00+00:00,no,0.49,500,0.4087665647298675,0.515,0.0812334352701325,14,8.75,1,-253.75,47230.94599999979
2026-07-24 06:31:00+00:00,2026-07-24 06:30:00+00:00,2026-07-24 06:45:00+00:00,no,0.48,500,0.4087665647298675,0.525,0.09123343527013252,13,8.74,1,-248.74,46982.205999999795
2026-07-24 06:50:00+00:00,2026-07-24 06:45:00+00:00,2026-07-24 07:00:00+00:00,yes,0.33,500,0.3900096061479347,0.325,0.040009606147934654,9,7.74,1,327.26,47309.4659999998
2026-07-24 07:15:00+00:00,2026-07-24 07:15:00+00:00,2026-07-24 07:30:00+00:00,no,0.61,500,0.33747412008281574,0.395,0.03252587991718427,14,8.33,0,186.67,47496.135999999795
2026-07-24 07:34:00+00:00,2026-07-24 07:30:00+00:00,2026-07-24 07:45:00+00:00,yes,0.21,500,0.2601744186046512,0.20500000000000002,0.030174418604651188,10,5.81,0,-110.81,47385.3259999998
2026-07-24 07:48:00+00:00,2026-07-24 07:45:00+00:00,2026-07-24 08:00:00+00:00,no,0.19999999999999996,500,0.7452830188679245,0.805,0.03471698113207557,11,5.6,1,-105.59999999999997,47279.7259999998
2026-07-24 08:10:00+00:00,2026-07-24 08:00:00+00:00,2026-07-24 08:15:00+00:00,yes,0.15,500,0.20758483033932135,0.14500000000000002,0.04758483033932135,4,4.47,0,-79.47,47200.2559999998
2026-07-24 08:16:00+00:00,2026-07-24 08:15:00+00:00,2026-07-24 08:30:00+00:00,yes,0.66,500,0.7157894736842105,0.655,0.035789473684210496,13,7.86,0,-337.86,46862.3959999998
2026-07-24 08:32:00+00:00,2026-07-24 08:30:00+00:00,2026-07-24 08:45:00+00:00,yes,0.71,500,0.8053097345132744,0.705,0.0753097345132744,12,7.21,1,137.79,47000.1859999998
2026-07-24 09:18:00+00:00,2026-07-24 09:15:00+00:00,2026-07-24 09:30:00+00:00,yes,0.27,500,0.324468085106383,0.265,0.034468085106382954,11,6.9,0,-141.9,46858.285999999796
2026-07-24 09:31:00+00:00,2026-07-24 09:30:00+00:00,2026-07-24 09:45:00+00:00,yes,0.56,500,0.6267166042446941,0.555,0.04671660424469405,13,8.63,1,211.37,47069.6559999998
2026-07-24 09:45:00+00:00,2026-07-24 09:45:00+00:00,2026-07-24 10:00:00+00:00,yes,0.5,500,0.5786666666666667,0.495,0.05866666666666666,14,8.75,1,241.25,47310.9059999998
2026-07-24 10:04:00+00:00,2026-07-24 10:00:00+00:00,2026-07-24 10:15:00+00:00,yes,0.52,500,0.5786666666666667,0.515,0.03866666666666664,10,8.74,0,-268.74,47042.1659999998
2026-07-24 10:16:00+00:00,2026-07-24 10:15:00+00:00,2026-07-24 10:30:00+00:00,yes,0.5,500,0.5786666666666667,0.495,0.05866666666666666,13,8.75,1,241.25,47283.4159999998
2026-07-24 10:31:00+00:00,2026-07-24 10:30:00+00:00,2026-07-24 10:45:00+00:00,yes,0.62,500,0.6794195250659629,0.615,0.039419525065962926,13,8.25,1,181.75,47465.1659999998
2026-07-24 10:46:00+00:00,2026-07-24 10:45:00+00:00,2026-07-24 11:00:00+00:00,yes,0.56,500,0.6188524590163934,0.555,0.03885245901639335,13,8.63,0,-288.63,47176.5359999998
2026-07-24 11:03:00+00:00,2026-07-24 11:00:00+00:00,2026-07-24 11:15:00+00:00,yes,0.81,500,0.8793532338308457,0.805,0.04935323383084568,11,5.39,1,89.61,47266.145999999804
2026-07-24 11:33:00+00:00,2026-07-24 11:30:00+00:00,2026-07-24 11:45:00+00:00,no,0.61,500,0.33747412008281574,0.395,0.03252587991718427,11,8.33,0,186.67,47452.8159999998
2026-07-24 11:45:00+00:00,2026-07-24 11:45:00+00:00,2026-07-24 12:00:00+00:00,yes,0.27,500,0.33747412008281574,0.265,0.04747412008281572,14,6.9,1,358.1,47810.9159999998
2026-07-24 12:00:00+00:00,2026-07-24 12:00:00+00:00,2026-07-24 12:15:00+00:00,no,0.61,500,0.33747412008281574,0.395,0.03252587991718427,14,8.33,0,186.67,47997.5859999998
2026-07-24 12:19:00+00:00,2026-07-24 12:15:00+00:00,2026-07-24 12:30:00+00:00,yes,0.23,500,0.3048128342245989,0.225,0.054812834224598914,10,6.2,0,-121.2,47876.3859999998
2026-07-24 12:36:00+00:00,2026-07-24 12:30:00+00:00,2026-07-24 12:45:00+00:00,yes,0.21,500,0.2601744186046512,0.20500000000000002,0.030174418604651188,8,5.81,0,-110.81,47765.575999999804
2026-07-24 12:47:00+00:00,2026-07-24 12:45:00+00:00,2026-07-24 13:00:00+00:00,yes,0.21,500,0.2601744186046512,0.20500000000000002,0.030174418604651188,12,5.81,0,-110.81,47654.76599999981
2026-07-24 13:02:00+00:00,2026-07-24 13:00:00+00:00,2026-07-24 13:15:00+00:00,yes,0.25,500,0.324468085106383,0.245,0.05446808510638297,12,6.57,0,-131.57,47523.19599999981
2026-07-24 13:15:00+00:00,2026-07-24 13:15:00+00:00,2026-07-24 13:30:00+00:00,yes,0.6,500,0.6794195250659629,0.595,0.059419525065962944,14,8.4,1,191.6,47714.795999999806
2026-07-24 13:30:00+00:00,2026-07-24 13:30:00+00:00,2026-07-24 13:45:00+00:00,no,0.62,500,0.324468085106383,0.385,0.03553191489361697,14,8.25,0,181.75,47896.545999999806
2026-07-24 13:45:00+00:00,2026-07-24 13:45:00+00:00,2026-07-24 14:00:00+00:00,yes,0.62,500,0.6794195250659629,0.615,0.039419525065962926,14,8.25,0,-318.25,47578.295999999806
2026-07-24 14:08:00+00:00,2026-07-24 14:00:00+00:00,2026-07-24 14:15:00+00:00,no,0.36,500,0.5822784810126582,0.645,0.03772151898734179,6,8.07,0,311.93,47890.225999999806
2026-07-24 14:42:00+00:00,2026-07-24 14:30:00+00:00,2026-07-24 14:45:00+00:00,yes,0.27,500,0.324468085106383,0.265,0.034468085106382954,2,6.9,0,-141.9,47748.325999999804
2026-07-24 15:13:00+00:00,2026-07-24 15:00:00+00:00,2026-07-24 15:15:00+00:00,no,0.54,500,0.3900096061479347,0.46499999999999997,0.04999039385206529,1,8.7,1,-278.7,47469.62599999981
2026-07-24 15:28:00+00:00,2026-07-24 15:15:00+00:00,2026-07-24 15:30:00+00:00,no,0.019000000000000017,500,0.9054545454545454,0.9855,0.06554545454545459,1,0.66,1,-10.160000000000009,47459.465999999804
2026-07-24 15:33:00+00:00,2026-07-24 15:30:00+00:00,2026-07-24 15:45:00+00:00,yes,0.72,500,0.7880597014925373,0.715,0.04805970149253737,11,7.06,1,132.94,47592.405999999806
2026-07-24 15:46:00+00:00,2026-07-24 15:45:00+00:00,2026-07-24 16:00:00+00:00,yes,0.33,500,0.3900096061479347,0.325,0.040009606147934654,13,7.74,0,-172.74,47419.66599999981
2026-07-24 16:00:00+00:00,2026-07-24 16:00:00+00:00,2026-07-24 16:15:00+00:00,yes,0.33,500,0.3900096061479347,0.325,0.040009606147934654,14,7.74,1,327.26,47746.92599999981
2026-07-24 16:17:00+00:00,2026-07-24 16:15:00+00:00,2026-07-24 16:30:00+00:00,yes,0.34,500,0.3900096061479347,0.335,0.03000960614793465,12,7.86,0,-177.86,47569.06599999981
2026-07-24 16:31:00+00:00,2026-07-24 16:30:00+00:00,2026-07-24 16:45:00+00:00,yes,0.2,500,0.2601744186046512,0.195,0.040174418604651166,13,5.6,0,-105.6,47463.46599999981
2026-07-24 16:46:00+00:00,2026-07-24 16:45:00+00:00,2026-07-24 17:00:00+00:00,yes,0.43,500,0.48582995951417,0.425,0.03582995951417002,13,8.58,1,276.42,47739.88599999981
2026-07-24 17:05:00+00:00,2026-07-24 17:00:00+00:00,2026-07-24 17:15:00+00:00,yes,0.57,500,0.6267166042446941,0.565,0.036716604244694154,9,8.58,0,-293.58,47446.30599999981
2026-07-24 17:15:00+00:00,2026-07-24 17:15:00+00:00,2026-07-24 17:30:00+00:00,yes,0.51,500,0.5786666666666667,0.505,0.04866666666666665,14,8.75,1,236.25,47682.55599999981
2026-07-24 17:35:00+00:00,2026-07-24 17:30:00+00:00,2026-07-24 17:45:00+00:00,yes,0.83,500,0.8793532338308457,0.825,0.039353233830845775,9,4.94,1,80.06,47762.615999999805
2026-07-24 17:49:00+00:00,2026-07-24 17:45:00+00:00,2026-07-24 18:00:00+00:00,no,0.63,500,0.2605459057071961,0.375,0.08945409429280383,10,8.16,1,-323.16,47439.4559999998
2026-07-24 18:10:00+00:00,2026-07-24 18:00:00+00:00,2026-07-24 18:15:00+00:00,yes,0.33,500,0.3900096061479347,0.325,0.040009606147934654,4,7.74,1,327.26,47766.715999999804
2026-07-24 18:24:00+00:00,2026-07-24 18:15:00+00:00,2026-07-24 18:30:00+00:00,yes,0.13,500,0.17728055077452667,0.125,0.03728055077452667,5,3.96,0,-68.96,47697.755999999805
2026-07-24 18:32:00+00:00,2026-07-24 18:30:00+00:00,2026-07-24 18:45:00+00:00,yes,0.77,500,0.8250728862973761,0.765,0.03507288629737605,12,6.2,1,108.8,47806.55599999981
2026-07-24 18:46:00+00:00,2026-07-24 18:45:00+00:00,2026-07-24 19:00:00+00:00,yes,0.66,500,0.7452830188679245,0.655,0.06528301886792444,13,7.86,1,162.14,47968.69599999981
2026-07-24 19:01:00+00:00,2026-07-24 19:00:00+00:00,2026-07-24 19:15:00+00:00,yes,0.41,500,0.6267166042446941,0.405,0.19671660424469414,13,8.47,0,-213.47,47755.225999999806
2026-07-24 19:17:00+00:00,2026-07-24 19:15:00+00:00,2026-07-24 19:30:00+00:00,yes,0.76,500,0.823076923076923,0.755,0.04307692307692303,12,6.39,1,113.61,47868.83599999981
2026-07-24 19:31:00+00:00,2026-07-24 19:30:00+00:00,2026-07-24 19:45:00+00:00,yes,0.48,500,0.5739130434782608,0.475,0.07391304347826079,13,8.74,1,251.26,48120.09599999981
2026-07-24 19:45:00+00:00,2026-07-24 19:45:00+00:00,2026-07-24 20:00:00+00:00,no,0.54,500,0.4087665647298675,0.46499999999999997,0.031233435270132465,14,8.7,0,221.3,48341.39599999981
2026-07-24 20:01:00+00:00,2026-07-24 20:00:00+00:00,2026-07-24 20:15:00+00:00,yes,0.76,500,0.8250728862973761,0.755,0.04507288629737606,13,6.39,0,-386.39,47955.00599999981
2026-07-24 20:21:00+00:00,2026-07-24 20:15:00+00:00,2026-07-24 20:30:00+00:00,yes,0.52,500,0.5739130434782608,0.515,0.033913043478260754,8,8.74,1,231.26,48186.265999999814
2026-07-24 20:36:00+00:00,2026-07-24 20:30:00+00:00,2026-07-24 20:45:00+00:00,no,0.8200000000000001,500,0.10538373424971363,0.185,0.054616265750286344,8,5.17,0,84.82999999999994,48271.095999999816
2026-07-24 20:47:00+00:00,2026-07-24 20:45:00+00:00,2026-07-24 21:00:00+00:00,yes,0.28,500,0.33747412008281574,0.275,0.03747412008281571,12,7.06,0,-147.06,48124.03599999982
2026-07-24 21:00:00+00:00,2026-07-24 21:00:00+00:00,2026-07-24 21:15:00+00:00,no,0.53,500,0.4087665647298675,0.475,0.04123343527013247,14,8.72,0,226.28,48350.31599999982
2026-07-24 21:15:00+00:00,2026-07-24 21:15:00+00:00,2026-07-24 21:30:00+00:00,no,0.43999999999999995,500,0.5035799522673032,0.565,0.03642004773269682,14,8.63,1,-228.62999999999997,48121.68599999982
2026-07-24 21:31:00+00:00,2026-07-24 21:30:00+00:00,2026-07-24 21:45:00+00:00,yes,0.72,500,0.8793532338308457,0.715,0.13935323383084577,13,7.06,0,-367.06,47754.62599999982
2026-07-24 21:47:00+00:00,2026-07-24 21:45:00+00:00,2026-07-24 22:00:00+00:00,no,0.61,500,0.2605459057071961,0.395,0.10945409429280385,12,8.33,0,186.67,47941.29599999982
2026-07-24 22:01:00+00:00,2026-07-24 22:00:00+00:00,2026-07-24 22:15:00+00:00,no,0.54,500,0.4087665647298675,0.46499999999999997,0.031233435270132465,13,8.7,1,-278.7,47662.59599999982
2026-07-24 22:16:00+00:00,2026-07-24 22:15:00+00:00,2026-07-24 22:30:00+00:00,yes,0.6,500,0.6861702127659575,0.595,0.06617021276595748,13,8.4,1,191.6,47854.19599999982
2026-07-24 22:30:00+00:00,2026-07-24 22:30:00+00:00,2026-07-24 22:45:00+00:00,yes,0.57,500,0.6267166042446941,0.565,0.036716604244694154,14,8.58,1,206.42,48060.61599999982
2026-07-24 22:45:00+00:00,2026-07-24 22:45:00+00:00,2026-07-24 23:00:00+00:00,yes,0.37,500,0.48582995951417,0.365,0.09582995951417002,14,8.16,0,-193.16,47867.45599999982
2026-07-24 23:05:00+00:00,2026-07-24 23:00:00+00:00,2026-07-24 23:15:00+00:00,no,0.69,500,0.17728055077452667,0.315,0.1127194492254734,9,7.49,0,147.51,48014.96599999982
2026-07-24 23:15:00+00:00,2026-07-24 23:15:00+00:00,2026-07-24 23:30:00+00:00,no,0.6,500,0.2605459057071961,0.405,0.11945409429280386,14,8.4,1,-308.4,47706.56599999982
2026-07-24 23:33:00+00:00,2026-07-24 23:30:00+00:00,2026-07-24 23:45:00+00:00,no,0.43000000000000005,500,0.5164113785557987,0.575,0.033588621444201286,11,8.58,1,-223.58000000000004,47482.985999999815
2026-07-24 23:45:00+00:00,2026-07-24 23:45:00+00:00,2026-07-25 00:00:00+00:00,no,0.55,500,0.3900096061479347,0.455,0.03999039385206528,14,8.67,0,216.33,47699.31599999982
2026-07-25 00:01:00+00:00,2026-07-25 00:00:00+00:00,2026-07-25 00:15:00+00:00,yes,0.57,500,0.6267166042446941,0.565,0.036716604244694154,13,8.58,0,-293.58,47405.735999999815
2026-07-25 00:20:00+00:00,2026-07-25 00:15:00+00:00,2026-07-25 00:30:00+00:00,yes,0.57,500,0.6794195250659629,0.565,0.08941952506596297,9,8.58,1,206.42,47612.15599999981
2026-07-25 00:38:00+00:00,2026-07-25 00:30:00+00:00,2026-07-25 00:45:00+00:00,yes,0.38,500,0.4515235457063712,0.375,0.0515235457063712,6,8.25,0,-198.25,47413.90599999981
2026-07-25 00:47:00+00:00,2026-07-25 00:45:00+00:00,2026-07-25 01:00:00+00:00,yes,0.4,500,0.48905109489051074,0.395,0.06905109489051071,12,8.4,0,-208.4,47205.50599999981
2026-07-25 01:00:00+00:00,2026-07-25 01:00:00+00:00,2026-07-25 01:15:00+00:00,yes,0.86,500,0.9054545454545454,0.855,0.03545454545454541,14,4.22,0,-434.22,46771.28599999981
2026-07-25 01:16:00+00:00,2026-07-25 01:15:00+00:00,2026-07-25 01:30:00+00:00,yes,0.45,500,0.5035799522673032,0.445,0.03357995226730322,13,8.67,1,266.33,47037.61599999981
2026-07-25 01:40:00+00:00,2026-07-25 01:30:00+00:00,2026-07-25 01:45:00+00:00,yes,0.86,500,0.9054545454545454,0.855,0.03545454545454541,4,4.22,1,65.78,47103.39599999981
2026-07-25 02:04:00+00:00,2026-07-25 02:00:00+00:00,2026-07-25 02:15:00+00:00,yes,0.69,500,0.7880597014925373,0.685,0.0780597014925374,10,7.49,1,147.51,47250.90599999981
2026-07-25 02:18:00+00:00,2026-07-25 02:15:00+00:00,2026-07-25 02:30:00+00:00,no,0.75,500,0.17728055077452667,0.255,0.05271944922547335,11,6.57,0,118.43,47369.335999999814
2026-07-25 02:31:00+00:00,2026-07-25 02:30:00+00:00,2026-07-25 02:45:00+00:00,no,0.6599999999999999,500,0.2605459057071961,0.345,0.05945409429280392,13,7.86,0,162.14000000000004,47531.47599999981
2026-07-25 02:50:00+00:00,2026-07-25 02:45:00+00:00,2026-07-25 03:00:00+00:00,no,0.79,500,0.10538373424971363,0.215,0.08461626575028637,9,5.81,0,99.19,47630.665999999816
2026-07-25 03:00:00+00:00,2026-07-25 03:00:00+00:00,2026-07-25 03:15:00+00:00,no,0.43000000000000005,500,0.4087665647298675,0.575,0.14123343527013246,14,8.58,1,-223.58000000000004,47407.085999999814
2026-07-25 03:15:00+00:00,2026-07-25 03:15:00+00:00,2026-07-25 03:30:00+00:00,yes,0.45,500,0.5786666666666667,0.445,0.10866666666666665,14,8.67,1,266.33,47673.415999999816
2026-07-25 03:39:00+00:00,2026-07-25 03:30:00+00:00,2026-07-25 03:45:00+00:00,no,0.36,500,0.5822784810126582,0.645,0.03772151898734179,5,8.07,1,-188.07,47485.345999999816
2026-07-25 03:50:00+00:00,2026-07-25 03:45:00+00:00,2026-07-25 04:00:00+00:00,no,0.89,500,0.06028368794326241,0.11499999999999999,0.03971631205673754,9,3.43,0,51.57,47536.915999999816
2026-07-25 04:01:00+00:00,2026-07-25 04:00:00+00:00,2026-07-25 04:15:00+00:00,yes,0.63,500,0.7157894736842105,0.625,0.06578947368421052,13,8.16,1,176.84,47713.75599999981
2026-07-25 04:21:00+00:00,2026-07-25 04:15:00+00:00,2026-07-25 04:30:00+00:00,no,0.76,500,0.17728055077452667,0.245,0.04271944922547334,8,6.39,0,113.61,47827.36599999981
2026-07-25 04:34:00+00:00,2026-07-25 04:30:00+00:00,2026-07-25 04:45:00+00:00,no,0.74,500,0.16076294277929154,0.265,0.07923705722070841,10,6.74,1,-376.74,47450.625999999815
2026-07-25 04:54:00+00:00,2026-07-25 04:45:00+00:00,2026-07-25 05:00:00+00:00,yes,0.038,500,0.0824742268041237,0.035,0.034474226804123695,5,1.28,0,-20.28,47430.345999999816
2026-07-25 05:04:00+00:00,2026-07-25 05:00:00+00:00,2026-07-25 05:15:00+00:00,no,0.43999999999999995,500,0.5035799522673032,0.565,0.03642004773269682,10,8.63,0,271.37,47701.71599999982
2026-07-25 05:19:00+00:00,2026-07-25 05:15:00+00:00,2026-07-25 05:30:00+00:00,yes,0.33,500,0.4087665647298675,0.325,0.05876656472986748,10,7.74,0,-172.74,47528.97599999982
2026-07-25 05:30:00+00:00,2026-07-25 05:30:00+00:00,2026-07-25 05:45:00+00:00,no,0.54,500,0.3900096061479347,0.46499999999999997,0.04999039385206529,14,8.7,0,221.3,47750.27599999982
2026-07-25 05:47:00+00:00,2026-07-25 05:45:00+00:00,2026-07-25 06:00:00+00:00,yes,0.43,500,0.5035799522673032,0.425,0.053579952267303235,12,8.58,0,-223.58,47526.69599999982
2026-07-25 06:01:00+00:00,2026-07-25 06:00:00+00:00,2026-07-25 06:15:00+00:00,no,0.37,500,0.5786666666666667,0.635,0.03133333333333334,13,8.16,1,-193.16,47333.53599999982
2026-07-25 06:16:00+00:00,2026-07-25 06:15:00+00:00,2026-07-25 06:30:00+00:00,no,0.74,500,0.16076294277929154,0.265,0.07923705722070841,13,6.74,0,123.26,47456.79599999982
2026-07-25 06:33:00+00:00,2026-07-25 06:30:00+00:00,2026-07-25 06:45:00+00:00,no,0.72,500,0.17728055077452667,0.28500000000000003,0.08271944922547338,11,7.06,0,132.94,47589.73599999982
2026-07-25 06:46:00+00:00,2026-07-25 06:45:00+00:00,2026-07-25 07:00:00+00:00,no,0.6599999999999999,500,0.2605459057071961,0.345,0.05945409429280392,13,7.86,1,-337.85999999999996,47251.87599999982
2026-07-25 07:00:00+00:00,2026-07-25 07:00:00+00:00,2026-07-25 07:15:00+00:00,yes,0.57,500,0.6267166042446941,0.565,0.036716604244694154,14,8.58,1,206.42,47458.29599999982
2026-07-25 07:15:00+00:00,2026-07-25 07:15:00+00:00,2026-07-25 07:30:00+00:00,no,0.49,500,0.4515235457063712,0.515,0.038476454293628795,14,8.75,1,-253.75,47204.54599999982
2026-07-25 07:34:00+00:00,2026-07-25 07:30:00+00:00,2026-07-25 07:45:00+00:00,yes,0.48,500,0.5822784810126582,0.475,0.08227848101265824,10,8.74,1,251.26,47455.80599999982
2026-07-25 07:46:00+00:00,2026-07-25 07:45:00+00:00,2026-07-25 08:00:00+00:00,yes,0.52,500,0.5822784810126582,0.515,0.0422784810126582,13,8.74,0,-268.74,47187.065999999824
2026-07-25 08:00:00+00:00,2026-07-25 08:00:00+00:00,2026-07-25 08:15:00+00:00,yes,0.33,500,0.3900096061479347,0.325,0.040009606147934654,14,7.74,0,-172.74,47014.325999999826
2026-07-25 08:18:00+00:00,2026-07-25 08:15:00+00:00,2026-07-25 08:30:00+00:00,yes,0.64,500,0.7157894736842105,0.635,0.055789473684210514,11,8.07,1,171.93,47186.25599999983
2026-07-25 08:30:00+00:00,2026-07-25 08:30:00+00:00,2026-07-25 08:45:00+00:00,no,0.54,500,0.3900096061479347,0.46499999999999997,0.04999039385206529,14,8.7,0,221.3,47407.55599999983
2026-07-25 09:00:00+00:00,2026-07-25 09:00:00+00:00,2026-07-25 09:15:00+00:00,yes,0.76,500,0.8173913043478261,0.755,0.03739130434782613,14,6.39,1,113.61,47521.16599999983
2026-07-25 09:18:00+00:00,2026-07-25 09:15:00+00:00,2026-07-25 09:30:00+00:00,yes,0.8,500,0.8793532338308457,0.795,0.05935323383084569,11,5.6,1,94.4,47615.56599999983
2026-07-25 09:35:00+00:00,2026-07-25 09:30:00+00:00,2026-07-25 09:45:00+00:00,yes,0.4,500,0.4515235457063712,0.395,0.031523545706371184,9,8.4,0,-208.4,47407.16599999983
2026-07-25 10:03:00+00:00,2026-07-25 10:00:00+00:00,2026-07-25 10:15:00+00:00,yes,0.65,500,0.722473604826546,0.645,0.052473604826545964,11,7.97,1,167.03,47574.19599999983
2026-07-25 10:19:00+00:00,2026-07-25 10:15:00+00:00,2026-07-25 10:30:00+00:00,yes,0.61,500,0.6794195250659629,0.605,0.049419525065962935,10,8.33,0,-313.33,47260.86599999983
2026-07-25 10:31:00+00:00,2026-07-25 10:30:00+00:00,2026-07-25 10:45:00+00:00,no,0.61,500,0.33747412008281574,0.395,0.03252587991718427,13,8.33,0,186.67,47447.535999999825
2026-07-25 10:53:00+00:00,2026-07-25 10:45:00+00:00,2026-07-25 11:00:00+00:00,no,0.43999999999999995,500,0.45121951219512196,0.565,0.08878048780487814,6,8.63,1,-228.62999999999997,47218.90599999983
2026-07-25 11:00:00+00:00,2026-07-25 11:00:00+00:00,2026-07-25 11:15:00+00:00,no,0.65,500,0.2605459057071961,0.355,0.06945409429280382,14,7.97,1,-332.97,46885.93599999983
2026-07-25 11:15:00+00:00,2026-07-25 11:15:00+00:00,2026-07-25 11:30:00+00:00,no,0.5900000000000001,500,0.33747412008281574,0.415,0.05252587991718417,14,8.47,1,-303.4700000000001,46582.465999999826
2026-07-25 11:32:00+00:00,2026-07-25 11:30:00+00:00,2026-07-25 11:45:00+00:00,yes,0.73,500,0.7880597014925373,0.725,0.03805970149253736,12,6.9,0,-371.9,46210.565999999824
2026-07-25 11:48:00+00:00,2026-07-25 11:45:00+00:00,2026-07-25 12:00:00+00:00,yes,0.56,500,0.6188524590163934,0.555,0.03885245901639335,11,8.63,1,211.37,46421.93599999983
2026-07-25 12:00:00+00:00,2026-07-25 12:00:00+00:00,2026-07-25 12:15:00+00:00,no,0.52,500,0.3900096061479347,0.485,0.0699903938520653,14,8.74,0,231.26,46653.19599999983
2026-07-25 12:15:00+00:00,2026-07-25 12:15:00+00:00,2026-07-25 12:30:00+00:00,no,0.39,500,0.5073746312684366,0.615,0.08262536873156336,14,8.33,0,296.67,46949.86599999983
2026-07-25 12:30:00+00:00,2026-07-25 12:30:00+00:00,2026-07-25 12:45:00+00:00,no,0.44999999999999996,500,0.47794117647058826,0.555,0.05205882352941173,14,8.67,1,-233.66999999999996,46716.19599999983
2026-07-25 12:46:00+00:00,2026-07-25 12:45:00+00:00,2026-07-25 13:00:00+00:00,no,0.4,500,0.5073746312684366,0.605,0.07262536873156335,13,8.4,1,-208.4,46507.79599999983
2026-07-25 13:02:00+00:00,2026-07-25 13:00:00+00:00,2026-07-25 13:15:00+00:00,yes,0.51,500,0.5786666666666667,0.505,0.04866666666666665,12,8.75,1,236.25,46744.04599999983
2026-07-25 13:16:00+00:00,2026-07-25 13:15:00+00:00,2026-07-25 13:30:00+00:00,yes,0.52,500,0.6188524590163934,0.515,0.07885245901639339,13,8.74,1,231.26,46975.30599999983
2026-07-25 13:31:00+00:00,2026-07-25 13:30:00+00:00,2026-07-25 13:45:00+00:00,yes,0.52,500,0.6267166042446941,0.515,0.08671660424469409,13,8.74,1,231.26,47206.56599999983
2026-07-25 13:45:00+00:00,2026-07-25 13:45:00+00:00,2026-07-25 14:00:00+00:00,yes,0.66,500,0.7157894736842105,0.655,0.035789473684210496,14,7.86,0,-337.86,46868.70599999983
2026-07-25 14:00:00+00:00,2026-07-25 14:00:00+00:00,2026-07-25 14:15:00+00:00,no,0.73,500,0.20758483033932135,0.28500000000000003,0.04241516966067872,14,6.9,1,-371.9,46496.80599999983
2026-07-25 14:19:00+00:00,2026-07-25 14:15:00+00:00,2026-07-25 14:30:00+00:00,no,0.45999999999999996,500,0.48905109489051074,0.545,0.03094890510948935,10,8.7,0,261.3,46758.10599999983
2026-07-25 14:30:00+00:00,2026-07-25 14:30:00+00:00,2026-07-25 14:45:00+00:00,no,0.43999999999999995,500,0.48905109489051074,0.565,0.050948905109489365,14,8.63,1,-228.62999999999997,46529.475999999835
2026-07-25 14:46:00+00:00,2026-07-25 14:45:00+00:00,2026-07-25 15:00:00+00:00,no,0.54,500,0.4087665647298675,0.46499999999999997,0.031233435270132465,13,8.7,1,-278.7,46250.77599999984
2026-07-25 15:00:00+00:00,2026-07-25 15:00:00+00:00,2026-07-25 15:15:00+00:00,no,0.6799999999999999,500,0.2601744186046512,0.325,0.03982558139534888,14,7.62,1,-347.61999999999995,45903.155999999835
2026-07-25 15:18:00+00:00,2026-07-25 15:15:00+00:00,2026-07-25 15:30:00+00:00,no,0.63,500,0.3048128342245989,0.375,0.045187165775401064,11,8.16,0,176.84,46079.99599999983
2026-07-25 15:38:00+00:00,2026-07-25 15:30:00+00:00,2026-07-25 15:45:00+00:00,yes,0.86,500,0.9157303370786517,0.855,0.04573033707865171,6,4.22,1,65.78,46145.77599999983
2026-07-25 15:46:00+00:00,2026-07-25 15:45:00+00:00,2026-07-25 16:00:00+00:00,yes,0.42,500,0.47794117647058826,0.415,0.03794117647058827,13,8.53,0,-218.53,45927.24599999983
2026-07-25 16:01:00+00:00,2026-07-25 16:00:00+00:00,2026-07-25 16:15:00+00:00,yes,0.73,500,0.8793532338308457,0.725,0.12935323383084577,13,6.9,1,128.1,46055.34599999983
2026-07-25 16:16:00+00:00,2026-07-25 16:15:00+00:00,2026-07-25 16:30:00+00:00,no,0.52,500,0.4087665647298675,0.485,0.05123343527013248,13,8.74,0,231.26,46286.60599999983
2026-07-25 16:31:00+00:00,2026-07-25 16:30:00+00:00,2026-07-25 16:45:00+00:00,yes,0.61,500,0.6794195250659629,0.605,0.049419525065962935,13,8.33,1,186.67,46473.27599999983
2026-07-25 16:47:00+00:00,2026-07-25 16:45:00+00:00,2026-07-25 17:00:00+00:00,yes,0.78,500,0.8793532338308457,0.775,0.0793532338308457,12,6.01,1,103.99,46577.26599999983
2026-07-25 17:02:00+00:00,2026-07-25 17:00:00+00:00,2026-07-25 17:15:00+00:00,yes,0.57,500,0.6267166042446941,0.56,0.036716604244694154,12,8.58,0,-293.58,46283.68599999983
2026-07-25 17:16:00+00:00,2026-07-25 17:15:00+00:00,2026-07-25 17:30:00+00:00,yes,0.74,500,0.8813559322033898,0.735,0.12135593220338982,13,6.74,1,123.26,46406.94599999983
2026-07-25 17:34:00+00:00,2026-07-25 17:30:00+00:00,2026-07-25 17:45:00+00:00,yes,0.76,500,0.8793532338308457,0.755,0.09935323383084572,10,6.39,1,113.61,46520.55599999983
2026-07-25 17:47:00+00:00,2026-07-25 17:45:00+00:00,2026-07-25 18:00:00+00:00,yes,0.67,500,0.722473604826546,0.665,0.032473604826545946,12,7.74,0,-342.74,46177.81599999983
2026-07-25 18:03:00+00:00,2026-07-25 18:00:00+00:00,2026-07-25 18:15:00+00:00,yes,0.86,500,0.9215686274509803,0.855,0.05156862745098035,11,4.22,1,65.78,46243.59599999983
2026-07-25 18:15:00+00:00,2026-07-25 18:15:00+00:00,2026-07-25 18:30:00+00:00,no,0.48,500,0.4087665647298675,0.525,0.09123343527013252,14,8.74,1,-248.74,45994.85599999983
2026-07-25 18:33:00+00:00,2026-07-25 18:30:00+00:00,2026-07-25 18:45:00+00:00,no,0.27,500,0.6267166042446941,0.735,0.08328339575530587,11,6.9,0,358.1,46352.95599999983
2026-07-25 18:46:00+00:00,2026-07-25 18:45:00+00:00,2026-07-25 19:00:00+00:00,no,0.36,500,0.5822784810126582,0.645,0.03772151898734179,13,8.07,1,-188.07,46164.88599999983
2026-07-25 19:02:00+00:00,2026-07-25 19:00:00+00:00,2026-07-25 19:15:00+00:00,no,0.43999999999999995,500,0.5073746312684366,0.565,0.03262536873156342,12,8.63,1,-228.62999999999997,45936.255999999834
2026-07-25 19:17:00+00:00,2026-07-25 19:15:00+00:00,2026-07-25 19:30:00+00:00,no,0.72,500,0.17728055077452667,0.28500000000000003,0.08271944922547338,12,7.06,0,132.94,46069.195999999836
2026-07-25 19:32:00+00:00,2026-07-25 19:30:00+00:00,2026-07-25 19:45:00+00:00,yes,0.52,500,0.5786666666666667,0.515,0.03866666666666664,12,8.74,0,-268.74,45800.45599999984
2026-07-25 19:48:00+00:00,2026-07-25 19:45:00+00:00,2026-07-25 20:00:00+00:00,yes,0.39,500,0.5035799522673032,0.385,0.09357995226730322,11,8.33,0,-203.33,45597.12599999984
2026-07-25 20:00:00+00:00,2026-07-25 20:00:00+00:00,2026-07-25 20:15:00+00:00,no,0.43000000000000005,500,0.5192307692307693,0.575,0.030769230769230677,14,8.58,0,276.42,45873.545999999835
2026-07-25 20:15:00+00:00,2026-07-25 20:15:00+00:00,2026-07-25 20:30:00+00:00,no,0.48,500,0.45121951219512196,0.525,0.048780487804878106,14,8.74,0,251.26,46124.80599999984
2026-07-25 20:31:00+00:00,2026-07-25 20:30:00+00:00,2026-07-25 20:45:00+00:00,no,0.65,500,0.2601744186046512,0.355,0.06982558139534879,13,7.97,0,167.03,46291.835999999836
2026-07-25 20:46:00+00:00,2026-07-25 20:45:00+00:00,2026-07-25 21:00:00+00:00,no,0.52,500,0.4087665647298675,0.485,0.05123343527013248,13,8.74,1,-268.74,46023.09599999984
2026-07-25 21:00:00+00:00,2026-07-25 21:00:00+00:00,2026-07-25 21:15:00+00:00,no,0.5900000000000001,500,0.33747412008281574,0.415,0.05252587991718417,14,8.47,0,196.52999999999994,46219.62599999984
2026-07-25 21:15:00+00:00,2026-07-25 21:15:00+00:00,2026-07-25 21:30:00+00:00,yes,0.5,500,0.5739130434782608,0.495,0.05391304347826077,14,8.75,1,241.25,46460.87599999984
2026-07-25 21:31:00+00:00,2026-07-25 21:30:00+00:00,2026-07-25 21:45:00+00:00,yes,0.69,500,0.8053097345132744,0.685,0.09530973451327442,13,7.49,1,147.51,46608.38599999984
2026-07-25 21:45:00+00:00,2026-07-25 21:45:00+00:00,2026-07-25 22:00:00+00:00,no,0.55,500,0.3900096061479347,0.455,0.03999039385206528,14,8.67,0,216.33,46824.71599999984
2026-07-25 22:01:00+00:00,2026-07-25 22:00:00+00:00,2026-07-25 22:15:00+00:00,yes,0.76,500,0.8793532338308457,0.755,0.09935323383084572,13,6.39,1,113.61,46938.32599999984
2026-07-25 22:17:00+00:00,2026-07-25 22:15:00+00:00,2026-07-25 22:30:00+00:00,no,0.35,500,0.5822784810126582,0.655,0.047721518987341796,12,7.97,1,-182.97,46755.35599999984
2026-07-25 22:31:00+00:00,2026-07-25 22:30:00+00:00,2026-07-25 22:45:00+00:00,no,0.53,500,0.4087665647298675,0.475,0.04123343527013247,13,8.72,1,-273.72,46481.63599999984
2026-07-25 22:45:00+00:00,2026-07-25 22:45:00+00:00,2026-07-25 23:00:00+00:00,no,0.61,500,0.33747412008281574,0.395,0.03252587991718427,14,8.33,1,-313.33,46168.30599999984
2026-07-25 23:02:00+00:00,2026-07-25 23:00:00+00:00,2026-07-25 23:15:00+00:00,no,0.5800000000000001,500,0.35555555555555557,0.425,0.0444444444444443,12,8.53,1,-298.53000000000003,45869.77599999984
2026-07-25 23:15:00+00:00,2026-07-25 23:15:00+00:00,2026-07-25 23:30:00+00:00,yes,0.43,500,0.5073746312684366,0.425,0.05737463126843663,14,8.58,0,-223.58,45646.195999999836
2026-07-25 23:33:00+00:00,2026-07-25 23:30:00+00:00,2026-07-25 23:45:00+00:00,no,0.43999999999999995,500,0.5035799522673032,0.565,0.03642004773269682,11,8.63,0,271.37,45917.56599999984
2026-07-26 00:00:00+00:00,2026-07-26 00:00:00+00:00,2026-07-26 00:15:00+00:00,yes,0.38,500,0.4515235457063712,0.375,0.0515235457063712,14,8.25,1,301.75,46219.31599999984
2026-07-26 00:23:00+00:00,2026-07-26 00:15:00+00:00,2026-07-26 00:30:00+00:00,yes,0.72,500,0.7880597014925373,0.715,0.04805970149253737,6,7.06,1,132.94,46352.25599999984
2026-07-26 00:35:00+00:00,2026-07-26 00:30:00+00:00,2026-07-26 00:45:00+00:00,no,0.74,500,0.17728055077452667,0.265,0.06271944922547336,9,6.74,0,123.26,46475.51599999984
2026-07-26 01:00:00+00:00,2026-07-26 01:00:00+00:00,2026-07-26 01:15:00+00:00,yes,0.67,500,0.722473604826546,0.665,0.032473604826545946,14,7.74,0,-342.74,46132.775999999845
2026-07-26 01:18:00+00:00,2026-07-26 01:15:00+00:00,2026-07-26 01:30:00+00:00,no,0.62,500,0.324468085106383,0.385,0.03553191489361697,11,8.25,0,181.75,46314.525999999845
2026-07-26 01:33:00+00:00,2026-07-26 01:30:00+00:00,2026-07-26 01:45:00+00:00,yes,0.6,500,0.6794195250659629,0.595,0.059419525065962944,11,8.4,0,-308.4,46006.125999999844
2026-07-26 01:45:00+00:00,2026-07-26 01:45:00+00:00,2026-07-26 02:00:00+00:00,no,0.5,500,0.4087665647298675,0.505,0.0712334352701325,14,8.75,0,241.25,46247.375999999844
2026-07-26 02:03:00+00:00,2026-07-26 02:00:00+00:00,2026-07-26 02:15:00+00:00,no,0.54,500,0.4087665647298675,0.46499999999999997,0.031233435270132465,11,8.7,1,-278.7,45968.67599999985
2026-07-26 02:16:00+00:00,2026-07-26 02:15:00+00:00,2026-07-26 02:30:00+00:00,no,0.54,500,0.4087665647298675,0.46499999999999997,0.031233435270132465,13,8.7,0,221.3,46189.97599999985
2026-07-26 02:30:00+00:00,2026-07-26 02:30:00+00:00,2026-07-26 02:45:00+00:00,yes,0.48,500,0.5786666666666667,0.475,0.07866666666666668,14,8.74,0,-248.74,45941.23599999985
2026-07-26 02:48:00+00:00,2026-07-26 02:45:00+00:00,2026-07-26 03:00:00+00:00,yes,0.75,500,0.8793532338308457,0.745,0.10935323383084573,11,6.57,1,118.43,46059.66599999985
2026-07-26 03:00:00+00:00,2026-07-26 03:00:00+00:00,2026-07-26 03:15:00+00:00,yes,0.62,500,0.6794195250659629,0.615,0.039419525065962926,14,8.25,1,181.75,46241.41599999985
2026-07-26 03:16:00+00:00,2026-07-26 03:15:00+00:00,2026-07-26 03:30:00+00:00,no,0.6599999999999999,500,0.2601744186046512,0.345,0.059825581395348895,13,7.86,0,162.14000000000004,46403.55599999985
2026-07-26 03:33:00+00:00,2026-07-26 03:30:00+00:00,2026-07-26 03:45:00+00:00,yes,0.73,500,0.8053097345132744,0.725,0.05530973451327438,11,6.9,1,128.1,46531.65599999985
2026-07-26 03:55:00+00:00,2026-07-26 03:45:00+00:00,2026-07-26 04:00:00+00:00,yes,0.24,500,0.3048128342245989,0.235,0.04481283422459893,4,6.39,0,-126.39,46405.26599999985
2026-07-26 04:00:00+00:00,2026-07-26 04:00:00+00:00,2026-07-26 04:15:00+00:00,no,0.44999999999999996,500,0.45121951219512196,0.555,0.07878048780487813,14,8.67,0,266.33,46671.59599999985
2026-07-26 04:15:00+00:00,2026-07-26 04:15:00+00:00,2026-07-26 04:30:00+00:00,no,0.5900000000000001,500,0.33747412008281574,0.415,0.05252587991718417,14,8.47,1,-303.4700000000001,46368.12599999985
2026-07-26 04:34:00+00:00,2026-07-26 04:30:00+00:00,2026-07-26 04:45:00+00:00,no,0.5800000000000001,500,0.33747412008281574,0.425,0.06252587991718418,10,8.53,1,-298.53000000000003,46069.59599999985
2026-07-26 04:45:00+00:00,2026-07-26 04:45:00+00:00,2026-07-26 05:00:00+00:00,yes,0.62,500,0.7452830188679245,0.615,0.10528301886792447,14,8.25,0,-318.25,45751.34599999985
2026-07-26 05:00:00+00:00,2026-07-26 05:00:00+00:00,2026-07-26 05:15:00+00:00,no,0.6,500,0.324468085106383,0.405,0.05553191489361699,14,8.4,0,191.6,45942.94599999985
2026-07-26 05:16:00+00:00,2026-07-26 05:15:00+00:00,2026-07-26 05:30:00+00:00,no,0.5700000000000001,500,0.33747412008281574,0.435,0.07252587991718419,13,8.58,0,206.41999999999993,46149.36599999985
2026-07-26 05:30:00+00:00,2026-07-26 05:30:00+00:00,2026-07-26 05:45:00+00:00,no,0.5700000000000001,500,0.324468085106383,0.435,0.0855319148936169,14,8.58,0,206.41999999999993,46355.78599999985
2026-07-26 05:49:00+00:00,2026-07-26 05:45:00+00:00,2026-07-26 06:00:00+00:00,no,0.72,500,0.20758483033932135,0.28500000000000003,0.05241516966067873,10,7.06,0,132.94,46488.72599999985
2026-07-26 06:05:00+00:00,2026-07-26 06:00:00+00:00,2026-07-26 06:15:00+00:00,no,0.75,500,0.17728055077452667,0.255,0.05271944922547335,9,6.57,0,118.43,46607.15599999985
2026-07-26 06:15:00+00:00,2026-07-26 06:15:00+00:00,2026-07-26 06:30:00+00:00,yes,0.52,500,0.5822784810126582,0.515,0.0422784810126582,14,8.74,0,-268.74,46338.41599999985
2026-07-26 06:45:00+00:00,2026-07-26 06:45:00+00:00,2026-07-26 07:00:00+00:00,yes,0.61,500,0.6794195250659629,0.605,0.049419525065962935,14,8.33,1,186.67,46525.08599999985
2026-07-26 07:01:00+00:00,2026-07-26 07:00:00+00:00,2026-07-26 07:15:00+00:00,yes,0.74,500,0.8053097345132744,0.735,0.04530973451327437,13,6.74,0,-376.74,46148.34599999985
2026-07-26 07:38:00+00:00,2026-07-26 07:30:00+00:00,2026-07-26 07:45:00+00:00,no,0.8200000000000001,500,0.10538373424971363,0.185,0.054616265750286344,6,5.17,0,84.82999999999994,46233.175999999854
2026-07-26 07:46:00+00:00,2026-07-26 07:45:00+00:00,2026-07-26 08:00:00+00:00,yes,0.55,500,0.6188524590163934,0.545,0.04885245901639336,13,8.67,1,216.33,46449.505999999856
2026-07-26 08:03:00+00:00,2026-07-26 08:00:00+00:00,2026-07-26 08:15:00+00:00,no,0.69,500,0.20758483033932135,0.315,0.08241516966067876,11,7.49,1,-352.49,46097.01599999986
2026-07-26 08:15:00+00:00,2026-07-26 08:15:00+00:00,2026-07-26 08:30:00+00:00,yes,0.62,500,0.6794195250659629,0.615,0.039419525065962926,14,8.25,1,181.75,46278.76599999986
2026-07-26 08:32:00+00:00,2026-07-26 08:30:00+00:00,2026-07-26 08:45:00+00:00,no,0.53,500,0.4087665647298675,0.475,0.04123343527013247,12,8.72,1,-273.72,46005.04599999986
2026-07-26 08:45:00+00:00,2026-07-26 08:45:00+00:00,2026-07-26 09:00:00+00:00,yes,0.55,500,0.6267166042446941,0.545,0.05671660424469406,14,8.67,1,216.33,46221.37599999986
2026-07-26 09:01:00+00:00,2026-07-26 09:00:00+00:00,2026-07-26 09:15:00+00:00,yes,0.66,500,0.722473604826546,0.655,0.042473604826545955,13,7.86,1,162.14,46383.51599999986
2026-07-26 09:18:00+00:00,2026-07-26 09:15:00+00:00,2026-07-26 09:30:00+00:00,yes,0.85,500,0.8953168044077136,0.845,0.03531680440771357,11,4.47,1,70.53,46454.04599999986
2026-07-26 09:34:00+00:00,2026-07-26 09:30:00+00:00,2026-07-26 09:45:00+00:00,no,0.73,500,0.20758483033932135,0.275,0.04241516966067872,10,6.9,1,-371.9,46082.145999999855
2026-07-26 09:49:00+00:00,2026-07-26 09:45:00+00:00,2026-07-26 10:00:00+00:00,yes,0.66,500,0.722473604826546,0.655,0.042473604826545955,10,7.86,0,-337.86,45744.285999999855
2026-07-26 10:03:00+00:00,2026-07-26 10:00:00+00:00,2026-07-26 10:15:00+00:00,no,0.8,500,0.10538373424971363,0.20500000000000002,0.07461626575028636,11,5.6,0,94.4,45838.685999999856
2026-07-26 10:16:00+00:00,2026-07-26 10:15:00+00:00,2026-07-26 10:30:00+00:00,no,0.62,500,0.3157894736842105,0.385,0.04421052631578949,13,8.25,1,-318.25,45520.435999999856
2026-07-26 10:31:00+00:00,2026-07-26 10:30:00+00:00,2026-07-26 10:45:00+00:00,yes,0.64,500,0.7452830188679245,0.635,0.08528301886792446,13,8.07,1,171.93,45692.365999999856
2026-07-26 10:52:00+00:00,2026-07-26 10:45:00+00:00,2026-07-26 11:00:00+00:00,no,0.89,500,0.06649616368286446,0.11499999999999999,0.0335038363171355,7,3.43,0,51.57,45743.935999999856
2026-07-26 11:03:00+00:00,2026-07-26 11:00:00+00:00,2026-07-26 11:15:00+00:00,yes,0.62,500,0.6794195250659629,0.615,0.039419525065962926,11,8.25,0,-318.25,45425.685999999856
2026-07-26 11:16:00+00:00,2026-07-26 11:15:00+00:00,2026-07-26 11:30:00+00:00,yes,0.61,500,0.6794195250659629,0.605,0.049419525065962935,13,8.33,0,-313.33,45112.355999999854
2026-07-26 11:31:00+00:00,2026-07-26 11:30:00+00:00,2026-07-26 11:45:00+00:00,no,0.6,500,0.33747412008281574,0.405,0.042525879917184276,13,8.4,0,191.6,45303.95599999985
2026-07-26 11:47:00+00:00,2026-07-26 11:45:00+00:00,2026-07-26 12:00:00+00:00,yes,0.74,500,0.8793532338308457,0.735,0.11935323383084574,12,6.74,1,123.26,45427.215999999855
2026-07-26 12:02:00+00:00,2026-07-26 12:00:00+00:00,2026-07-26 12:15:00+00:00,yes,0.83,500,0.9215686274509803,0.825,0.08156862745098038,12,4.94,1,80.06,45507.27599999985
2026-07-26 12:26:00+00:00,2026-07-26 12:15:00+00:00,2026-07-26 12:30:00+00:00,yes,0.026,500,0.06649616368286446,0.0245,0.03049616368286446,3,0.89,0,-13.89,45493.38599999985
2026-07-26 12:30:00+00:00,2026-07-26 12:30:00+00:00,2026-07-26 12:45:00+00:00,yes,0.33,500,0.3900096061479347,0.325,0.040009606147934654,14,7.74,0,-172.74,45320.645999999855
2026-07-26 12:52:00+00:00,2026-07-26 12:45:00+00:00,2026-07-26 13:00:00+00:00,yes,0.13,500,0.17728055077452667,0.125,0.03728055077452667,7,3.96,0,-68.96,45251.685999999856
2026-07-26 13:01:00+00:00,2026-07-26 13:00:00+00:00,2026-07-26 13:15:00+00:00,yes,0.51,500,0.5739130434782608,0.505,0.04391304347826076,13,8.75,0,-263.75,44987.935999999856
2026-07-26 13:15:00+00:00,2026-07-26 13:15:00+00:00,2026-07-26 13:30:00+00:00,yes,0.77,500,0.8250728862973761,0.765,0.03507288629737605,14,6.2,1,108.8,45096.73599999986
2026-07-26 13:37:00+00:00,2026-07-26 13:30:00+00:00,2026-07-26 13:45:00+00:00,yes,0.82,500,0.8953168044077136,0.815,0.055316804407713596,7,5.17,1,84.83,45181.56599999986
2026-07-26 13:45:00+00:00,2026-07-26 13:45:00+00:00,2026-07-26 14:00:00+00:00,no,0.31999999999999995,500,0.5822784810126582,0.69,0.07772151898734182,14,7.62,0,332.38,45513.94599999986
2026-07-26 14:01:00+00:00,2026-07-26 14:00:00+00:00,2026-07-26 14:15:00+00:00,yes,0.7,500,0.7880597014925373,0.695,0.06805970149253739,13,7.35,1,142.65,45656.59599999986
2026-07-26 14:17:00+00:00,2026-07-26 14:15:00+00:00,2026-07-26 14:30:00+00:00,yes,0.34,500,0.3900096061479347,0.335,0.03000960614793465,12,7.86,0,-177.86,45478.73599999986
2026-07-26 14:52:00+00:00,2026-07-26 14:45:00+00:00,2026-07-26 15:00:00+00:00,no,0.25,500,0.6188524590163934,0.755,0.11114754098360659,7,6.57,1,-131.57,45347.16599999986
2026-07-26 15:02:00+00:00,2026-07-26 15:00:00+00:00,2026-07-26 15:15:00+00:00,yes,0.4,500,0.4515235457063712,0.395,0.031523545706371184,12,8.4,0,-208.4,45138.76599999986
2026-07-26 15:16:00+00:00,2026-07-26 15:15:00+00:00,2026-07-26 15:30:00+00:00,yes,0.86,500,0.9054545454545454,0.855,0.03545454545454541,13,4.22,1,65.78,45204.54599999986
2026-07-26 15:36:00+00:00,2026-07-26 15:30:00+00:00,2026-07-26 15:45:00+00:00,yes,0.89,500,0.9368770764119602,0.885,0.03687707641196015,8,3.43,1,51.57,45256.115999999856
2026-07-26 15:56:00+00:00,2026-07-26 15:45:00+00:00,2026-07-26 16:00:00+00:00,yes,0.012,500,0.0824742268041237,0.011,0.0604742268041237,3,0.42,0,-6.42,45249.69599999986
2026-07-26 16:00:00+00:00,2026-07-26 16:00:00+00:00,2026-07-26 16:15:00+00:00,no,0.4,500,0.5164113785557987,0.605,0.06358862144420131,14,8.4,0,291.6,45541.29599999986
2026-07-26 16:16:00+00:00,2026-07-26 16:15:00+00:00,2026-07-26 16:30:00+00:00,yes,0.85,500,0.8953168044077136,0.845,0.03531680440771357,13,4.47,1,70.53,45611.825999999855
2026-07-26 16:31:00+00:00,2026-07-26 16:30:00+00:00,2026-07-26 16:45:00+00:00,yes,0.83,500,0.8953168044077136,0.825,0.05531680440771359,13,4.94,1,80.06,45691.88599999985
2026-07-26 17:04:00+00:00,2026-07-26 17:00:00+00:00,2026-07-26 17:15:00+00:00,yes,0.21,500,0.324468085106383,0.20500000000000002,0.09446808510638298,10,5.81,1,389.19,46081.075999999855
2026-07-26 17:15:00+00:00,2026-07-26 17:15:00+00:00,2026-07-26 17:30:00+00:00,no,0.31000000000000005,500,0.6267166042446941,0.695,0.043283395755305834,14,7.49,0,337.51,46418.58599999986
2026-07-26 17:33:00+00:00,2026-07-26 17:30:00+00:00,2026-07-26 17:45:00+00:00,yes,0.72,500,0.8173913043478261,0.715,0.07739130434782616,11,7.06,0,-367.06,46051.52599999986
2026-07-26 17:45:00+00:00,2026-07-26 17:45:00+00:00,2026-07-26 18:00:00+00:00,no,0.31000000000000005,500,0.6188524590163934,0.695,0.051147540983606535,14,7.49,1,-162.49000000000004,45889.03599999986
2026-07-26 18:00:00+00:00,2026-07-26 18:00:00+00:00,2026-07-26 18:15:00+00:00,no,0.55,500,0.3900096061479347,0.455,0.03999039385206528,14,8.67,1,-283.67,45605.36599999986
2026-07-26 18:16:00+00:00,2026-07-26 18:15:00+00:00,2026-07-26 18:30:00+00:00,no,0.5900000000000001,500,0.33747412008281574,0.415,0.05252587991718417,13,8.47,0,196.52999999999994,45801.89599999986
2026-07-26 18:31:00+00:00,2026-07-26 18:30:00+00:00,2026-07-26 18:45:00+00:00,yes,0.66,500,0.722473604826546,0.655,0.042473604826545955,13,7.86,1,162.14,45964.03599999986
2026-07-26 18:45:00+00:00,2026-07-26 18:45:00+00:00,2026-07-26 19:00:00+00:00,no,0.43999999999999995,500,0.5073746312684366,0.565,0.03262536873156342,14,8.63,1,-228.62999999999997,45735.405999999864
2026-07-26 19:02:00+00:00,2026-07-26 19:00:00+00:00,2026-07-26 19:15:00+00:00,no,0.6699999999999999,500,0.2605459057071961,0.335,0.04945409429280391,12,7.74,0,157.26000000000005,45892.66599999987
2026-07-26 19:19:00+00:00,2026-07-26 19:15:00+00:00,2026-07-26 19:30:00+00:00,yes,0.77,500,0.8250728862973761,0.765,0.03507288629737605,10,6.2,1,108.8,46001.46599999987
2026-07-26 19:30:00+00:00,2026-07-26 19:30:00+00:00,2026-07-26 19:45:00+00:00,yes,0.51,500,0.6267166042446941,0.505,0.0967166042446941,14,8.75,1,236.25,46237.71599999987
2026-07-26 19:48:00+00:00,2026-07-26 19:45:00+00:00,2026-07-26 20:00:00+00:00,no,0.77,500,0.17728055077452667,0.235,0.03271944922547333,11,6.2,0,108.8,46346.51599999987
2026-07-26 20:00:00+00:00,2026-07-26 20:00:00+00:00,2026-07-26 20:15:00+00:00,yes,0.53,500,0.6267166042446941,0.525,0.07671660424469408,14,8.72,0,-273.72,46072.79599999987
2026-07-26 20:17:00+00:00,2026-07-26 20:15:00+00:00,2026-07-26 20:30:00+00:00,no,0.78,500,0.0824742268041237,0.225,0.11752577319587633,12,6.01,0,103.99,46176.78599999987
2026-07-26 20:30:00+00:00,2026-07-26 20:30:00+00:00,2026-07-26 20:45:00+00:00,yes,0.69,500,0.8053097345132744,0.685,0.09530973451327442,14,7.49,1,147.51,46324.29599999987
2026-07-26 20:50:00+00:00,2026-07-26 20:45:00+00:00,2026-07-26 21:00:00+00:00,no,0.8,500,0.10538373424971363,0.20500000000000002,0.07461626575028636,9,5.6,0,94.4,46418.69599999987
2026-07-26 21:00:00+00:00,2026-07-26 21:00:00+00:00,2026-07-26 21:15:00+00:00,yes,0.66,500,0.8053097345132744,0.655,0.12530973451327435,14,7.86,1,162.14,46580.83599999987
2026-07-26 21:19:00+00:00,2026-07-26 21:15:00+00:00,2026-07-26 21:30:00+00:00,yes,0.84,500,0.8953168044077136,0.835,0.04531680440771358,10,4.71,1,75.29,46656.12599999987
2026-07-26 21:42:00+00:00,2026-07-26 21:30:00+00:00,2026-07-26 21:45:00+00:00,no,0.6799999999999999,500,0.2605459057071961,0.325,0.0394540942928039,2,7.62,1,-347.61999999999995,46308.50599999987
2026-07-26 21:48:00+00:00,2026-07-26 21:45:00+00:00,2026-07-26 22:00:00+00:00,yes,0.78,500,0.8793532338308457,0.775,0.0793532338308457,11,6.01,1,103.99,46412.49599999987
2026-07-26 22:00:00+00:00,2026-07-26 22:00:00+00:00,2026-07-26 22:15:00+00:00,yes,0.87,500,0.9157303370786517,0.865,0.035730337078651704,14,3.96,1,61.04,46473.53599999987
2026-07-26 22:16:00+00:00,2026-07-26 22:15:00+00:00,2026-07-26 22:30:00+00:00,no,0.43000000000000005,500,0.48905109489051074,0.575,0.06094890510948926,13,8.58,1,-223.58000000000004,46249.95599999987
2026-07-26 22:32:00+00:00,2026-07-26 22:30:00+00:00,2026-07-26 22:45:00+00:00,yes,0.81,500,0.8793532338308457,0.805,0.04935323383084568,12,5.39,1,89.61,46339.56599999987
2026-07-26 22:46:00+00:00,2026-07-26 22:45:00+00:00,2026-07-26 23:00:00+00:00,yes,0.21,500,0.2601744186046512,0.20500000000000002,0.030174418604651188,13,5.81,0,-110.81,46228.75599999987
2026-07-26 23:05:00+00:00,2026-07-26 23:00:00+00:00,2026-07-26 23:15:00+00:00,yes,0.83,500,0.8793532338308457,0.825,0.039353233830845775,9,4.94,1,80.06,46308.81599999987
2026-07-26 23:18:00+00:00,2026-07-26 23:15:00+00:00,2026-07-26 23:30:00+00:00,no,0.5900000000000001,500,0.33747412008281574,0.42,0.05252587991718417,11,8.47,0,196.52999999999994,46505.34599999987
2026-07-26 23:39:00+00:00,2026-07-26 23:30:00+00:00,2026-07-26 23:45:00+00:00,no,0.45999999999999996,500,0.4515235457063712,0.545,0.06847645429362882,5,8.7,1,-238.69999999999996,46266.64599999987
2026-07-26 23:50:00+00:00,2026-07-26 23:45:00+00:00,2026-07-27 00:00:00+00:00,no,0.31999999999999995,500,0.5786666666666667,0.685,0.08133333333333338,9,7.62,0,332.38,46599.02599999987
2026-07-27 00:02:00+00:00,2026-07-27 00:00:00+00:00,2026-07-27 00:15:00+00:00,no,0.6799999999999999,500,0.2601744186046512,0.325,0.03982558139534888,12,7.62,0,152.38000000000005,46751.405999999864
2026-07-27 00:16:00+00:00,2026-07-27 00:15:00+00:00,2026-07-27 00:30:00+00:00,no,0.5800000000000001,500,0.33747412008281574,0.425,0.06252587991718418,13,8.53,0,201.46999999999994,46952.875999999866
2026-07-27 00:47:00+00:00,2026-07-27 00:45:00+00:00,2026-07-27 01:00:00+00:00,no,0.54,500,0.4087665647298675,0.46499999999999997,0.031233435270132465,12,8.7,0,221.3,47174.17599999987
2026-07-27 01:03:00+00:00,2026-07-27 01:00:00+00:00,2026-07-27 01:15:00+00:00,yes,0.81,500,0.8793532338308457,0.805,0.04935323383084568,11,5.39,0,-410.39,46763.78599999987
2026-07-27 01:23:00+00:00,2026-07-27 01:15:00+00:00,2026-07-27 01:30:00+00:00,no,0.42000000000000004,500,0.5164113785557987,0.585,0.043588621444201295,6,8.53,0,281.47,47045.25599999987
2026-07-27 01:40:00+00:00,2026-07-27 01:30:00+00:00,2026-07-27 01:45:00+00:00,no,0.02400000000000002,500,0.9347826086956522,0.9764999999999999,0.03121739130434776,4,0.82,1,-12.820000000000011,47032.43599999987
2026-07-27 01:53:00+00:00,2026-07-27 01:45:00+00:00,2026-07-27 02:00:00+00:00,no,0.049000000000000044,500,0.9054545454545454,0.9515,0.035545454545454554,6,1.64,1,-26.140000000000022,47006.29599999987
2026-07-27 02:03:00+00:00,2026-07-27 02:00:00+00:00,2026-07-27 02:15:00+00:00,no,0.61,500,0.33747412008281574,0.395,0.03252587991718427,11,8.33,0,186.67,47192.96599999987
2026-07-27 02:23:00+00:00,2026-07-27 02:15:00+00:00,2026-07-27 02:30:00+00:00,yes,0.2,500,0.2601744186046512,0.195,0.040174418604651166,6,5.6,0,-105.6,47087.36599999987
2026-07-27 02:37:00+00:00,2026-07-27 02:30:00+00:00,2026-07-27 02:45:00+00:00,yes,0.76,500,0.823076923076923,0.755,0.04307692307692303,7,6.39,1,113.61,47200.97599999987
2026-07-27 02:49:00+00:00,2026-07-27 02:45:00+00:00,2026-07-27 03:00:00+00:00,yes,0.24,500,0.324468085106383,0.235,0.06446808510638298,10,6.39,0,-126.39,47074.58599999987
2026-07-27 03:01:00+00:00,2026-07-27 03:00:00+00:00,2026-07-27 03:15:00+00:00,yes,0.78,500,0.8813559322033898,0.775,0.08135593220338978,13,6.01,1,103.99,47178.57599999987
2026-07-27 03:37:00+00:00,2026-07-27 03:30:00+00:00,2026-07-27 03:45:00+00:00,yes,0.21,500,0.2601744186046512,0.20500000000000002,0.030174418604651188,7,5.81,1,389.19,47567.76599999987
2026-07-27 03:52:00+00:00,2026-07-27 03:45:00+00:00,2026-07-27 04:00:00+00:00,no,0.83,500,0.10538373424971363,0.175,0.05461626575028645,7,4.94,0,80.06,47647.82599999987
2026-07-27 04:00:00+00:00,2026-07-27 04:00:00+00:00,2026-07-27 04:15:00+00:00,no,0.49,500,0.4087665647298675,0.515,0.0812334352701325,14,8.75,1,-253.75,47394.07599999987
2026-07-27 04:17:00+00:00,2026-07-27 04:15:00+00:00,2026-07-27 04:30:00+00:00,no,0.20999999999999996,500,0.722473604826546,0.795,0.04752639517345404,12,5.81,1,-110.80999999999999,47283.26599999987
2026-07-27 04:31:00+00:00,2026-07-27 04:30:00+00:00,2026-07-27 04:45:00+00:00,yes,0.26,500,0.33747412008281574,0.255,0.05747412008281573,13,6.74,1,363.26,47646.525999999874
2026-07-27 04:51:00+00:00,2026-07-27 04:45:00+00:00,2026-07-27 05:00:00+00:00,no,0.76,500,0.17728055077452667,0.245,0.04271944922547334,8,6.39,0,113.61,47760.135999999875
2026-07-27 05:09:00+00:00,2026-07-27 05:00:00+00:00,2026-07-27 05:15:00+00:00,yes,0.82,500,0.8793532338308457,0.815,0.03935323383084578,5,5.17,1,84.83,47844.96599999988
2026-07-27 05:21:00+00:00,2026-07-27 05:15:00+00:00,2026-07-27 05:30:00+00:00,yes,0.83,500,0.8793532338308457,0.825,0.039353233830845775,8,4.94,1,80.06,47925.025999999874
2026-07-27 05:30:00+00:00,2026-07-27 05:30:00+00:00,2026-07-27 05:45:00+00:00,no,0.54,500,0.3900096061479347,0.46499999999999997,0.04999039385206529,14,8.7,0,221.3,48146.32599999988
2026-07-27 05:47:00+00:00,2026-07-27 05:45:00+00:00,2026-07-27 06:00:00+00:00,no,0.74,500,0.17728055077452667,0.265,0.06271944922547336,12,6.74,1,-376.74,47769.58599999988
2026-07-27 06:03:00+00:00,2026-07-27 06:00:00+00:00,2026-07-27 06:15:00+00:00,yes,0.77,500,0.8793532338308457,0.765,0.08935323383084572,11,6.2,1,108.8,47878.38599999988
2026-07-27 06:15:00+00:00,2026-07-27 06:15:00+00:00,2026-07-27 06:30:00+00:00,no,0.43000000000000005,500,0.5164113785557987,0.575,0.033588621444201286,14,8.58,0,276.42,48154.80599999988
2026-07-27 06:39:00+00:00,2026-07-27 06:30:00+00:00,2026-07-27 06:45:00+00:00,no,0.21999999999999997,500,0.722473604826546,0.785,0.03752639517345403,5,6.01,1,-116.00999999999999,48038.79599999988
2026-07-27 06:48:00+00:00,2026-07-27 06:45:00+00:00,2026-07-27 07:00:00+00:00,no,0.85,500,0.10538373424971363,0.155,0.03461626575028643,11,4.47,0,70.53,48109.32599999988
2026-07-27 07:00:00+00:00,2026-07-27 07:00:00+00:00,2026-07-27 07:15:00+00:00,no,0.53,500,0.3900096061479347,0.475,0.059990393852065296,14,8.72,0,226.28,48335.605999999876
2026-07-27 07:17:00+00:00,2026-07-27 07:15:00+00:00,2026-07-27 07:30:00+00:00,no,0.54,500,0.4087665647298675,0.46499999999999997,0.031233435270132465,12,8.7,0,221.3,48556.90599999988
2026-07-27 07:30:00+00:00,2026-07-27 07:30:00+00:00,2026-07-27 07:45:00+00:00,no,0.84,500,0.10538373424971363,0.165,0.04461626575028644,14,4.71,0,75.29,48632.19599999988
2026-07-27 07:45:00+00:00,2026-07-27 07:45:00+00:00,2026-07-27 08:00:00+00:00,yes,0.62,500,0.6794195250659629,0.615,0.039419525065962926,14,8.25,0,-318.25,48313.94599999988
2026-07-27 08:08:00+00:00,2026-07-27 08:00:00+00:00,2026-07-27 08:15:00+00:00,yes,0.53,500,0.6188524590163934,0.525,0.06885245901639338,6,8.72,0,-273.72,48040.22599999988
2026-07-27 08:17:00+00:00,2026-07-27 08:15:00+00:00,2026-07-27 08:30:00+00:00,yes,0.75,500,0.8250728862973761,0.745,0.05507288629737607,12,6.57,1,118.43,48158.65599999988
2026-07-27 08:53:00+00:00,2026-07-27 08:45:00+00:00,2026-07-27 09:00:00+00:00,yes,0.34,500,0.3900096061479347,0.335,0.03000960614793465,6,7.86,1,322.14,48480.79599999988
2026-07-27 09:06:00+00:00,2026-07-27 09:00:00+00:00,2026-07-27 09:15:00+00:00,yes,0.21,500,0.2601744186046512,0.20500000000000002,0.030174418604651188,8,5.81,0,-110.81,48369.98599999988
2026-07-27 09:15:00+00:00,2026-07-27 09:15:00+00:00,2026-07-27 09:30:00+00:00,no,0.55,500,0.3900096061479347,0.455,0.03999039385206528,14,8.67,1,-283.67,48086.31599999988
2026-07-27 09:33:00+00:00,2026-07-27 09:30:00+00:00,2026-07-27 09:45:00+00:00,yes,0.75,500,0.8250728862973761,0.745,0.05507288629737607,11,6.57,1,118.43,48204.74599999988
2026-07-27 09:55:00+00:00,2026-07-27 09:45:00+00:00,2026-07-27 10:00:00+00:00,yes,0.12,500,0.16076294277929154,0.11499999999999999,0.030762942779291542,4,3.7,0,-63.7,48141.045999999886
2026-07-27 10:06:00+00:00,2026-07-27 10:00:00+00:00,2026-07-27 10:15:00+00:00,no,0.8200000000000001,500,0.10538373424971363,0.185,0.054616265750286344,8,5.17,0,84.82999999999994,48225.87599999989
2026-07-27 10:36:00+00:00,2026-07-27 10:30:00+00:00,2026-07-27 10:45:00+00:00,no,0.43000000000000005,500,0.5164113785557987,0.575,0.033588621444201286,8,8.58,1,-223.58000000000004,48002.295999999886
2026-07-27 10:48:00+00:00,2026-07-27 10:45:00+00:00,2026-07-27 11:00:00+00:00,no,0.84,500,0.10538373424971363,0.165,0.04461626575028644,11,4.71,0,75.29,48077.58599999989
2026-07-27 11:02:00+00:00,2026-07-27 11:00:00+00:00,2026-07-27 11:15:00+00:00,no,0.81,500,0.10538373424971363,0.195,0.06461626575028635,12,5.39,0,89.61,48167.19599999989
2026-07-27 11:21:00+00:00,2026-07-27 11:15:00+00:00,2026-07-27 11:30:00+00:00,yes,0.37,500,0.4515235457063712,0.365,0.06152354570637121,8,8.16,0,-193.16,47974.035999999884
2026-07-27 11:30:00+00:00,2026-07-27 11:30:00+00:00,2026-07-27 11:45:00+00:00,yes,0.52,500,0.6267166042446941,0.515,0.08671660424469409,14,8.74,1,231.26,48205.295999999886
2026-07-27 11:46:00+00:00,2026-07-27 11:45:00+00:00,2026-07-27 12:00:00+00:00,no,0.5900000000000001,500,0.324468085106383,0.415,0.06553191489361689,13,8.47,0,196.52999999999994,48401.825999999885
2026-07-27 12:00:00+00:00,2026-07-27 12:00:00+00:00,2026-07-27 12:15:00+00:00,yes,0.6,500,0.6861702127659575,0.595,0.06617021276595748,14,8.4,0,-308.4,48093.42599999988
2026-07-27 12:19:00+00:00,2026-07-27 12:15:00+00:00,2026-07-27 12:30:00+00:00,yes,0.34,500,0.3900096061479347,0.335,0.03000960614793465,10,7.86,0,-177.86,47915.56599999988
2026-07-27 12:30:00+00:00,2026-07-27 12:30:00+00:00,2026-07-27 12:45:00+00:00,yes,0.42,500,0.48905109489051074,0.415,0.04905109489051075,14,8.53,1,281.47,48197.035999999884
2026-07-27 12:51:00+00:00,2026-07-27 12:45:00+00:00,2026-07-27 13:00:00+00:00,yes,0.33,500,0.3900096061479347,0.325,0.040009606147934654,8,7.74,1,327.26,48524.295999999886
2026-07-27 13:08:00+00:00,2026-07-27 13:00:00+00:00,2026-07-27 13:15:00+00:00,no,0.5800000000000001,500,0.33747412008281574,0.425,0.06252587991718418,6,8.53,0,201.46999999999994,48725.76599999989
2026-07-27 13:22:00+00:00,2026-07-27 13:15:00+00:00,2026-07-27 13:30:00+00:00,no,0.54,500,0.4087665647298675,0.46499999999999997,0.031233435270132465,7,8.7,0,221.3,48947.06599999989
2026-07-27 13:30:00+00:00,2026-07-27 13:30:00+00:00,2026-07-27 13:45:00+00:00,yes,0.63,500,0.722473604826546,0.625,0.07247360482654598,14,8.16,1,176.84,49123.905999999886
2026-07-27 13:45:00+00:00,2026-07-27 13:45:00+00:00,2026-07-27 14:00:00+00:00,no,0.53,500,0.4087665647298675,0.475,0.04123343527013247,14,8.72,0,226.28,49350.185999999885
2026-07-27 14:11:00+00:00,2026-07-27 14:00:00+00:00,2026-07-27 14:15:00+00:00,no,0.19999999999999996,500,0.6861702127659575,0.805,0.09382978723404257,3,5.6,1,-105.59999999999997,49244.58599999989
2026-07-27 14:31:00+00:00,2026-07-27 14:30:00+00:00,2026-07-27 14:45:00+00:00,yes,0.32,500,0.4087665647298675,0.315,0.06876656472986749,13,7.62,0,-167.62,49076.965999999884
2026-07-27 15:09:00+00:00,2026-07-27 15:00:00+00:00,2026-07-27 15:15:00+00:00,yes,0.2,500,0.2605459057071961,0.195,0.04054590570719609,5,5.6,1,394.4,49471.365999999885
2026-07-27 15:18:00+00:00,2026-07-27 15:15:00+00:00,2026-07-27 15:30:00+00:00,yes,0.25,500,0.324468085106383,0.245,0.05446808510638297,11,6.57,0,-131.57,49339.795999999886
2026-07-27 15:31:00+00:00,2026-07-27 15:30:00+00:00,2026-07-27 15:45:00+00:00,yes,0.53,500,0.5822784810126582,0.525,0.03227848101265819,13,8.72,0,-273.72,49066.075999999885
2026-07-27 15:56:00+00:00,2026-07-27 15:45:00+00:00,2026-07-27 16:00:00+00:00,yes,0.4,500,0.4515235457063712,0.395,0.031523545706371184,3,8.4,0,-208.4,48857.67599999988
2026-07-27 16:04:00+00:00,2026-07-27 16:00:00+00:00,2026-07-27 16:15:00+00:00,yes,0.81,500,0.8793532338308457,0.805,0.04935323383084568,10,5.39,1,89.61,48947.285999999884
2026-07-27 16:21:00+00:00,2026-07-27 16:15:00+00:00,2026-07-27 16:30:00+00:00,no,0.61,500,0.33747412008281574,0.395,0.03252587991718427,8,8.33,1,-313.33,48633.95599999988
2026-07-27 16:57:00+00:00,2026-07-27 16:45:00+00:00,2026-07-27 17:00:00+00:00,yes,0.19,500,0.2605459057071961,0.185,0.050545905707196095,2,5.39,0,-100.39,48533.56599999988
2026-07-27 17:06:00+00:00,2026-07-27 17:00:00+00:00,2026-07-27 17:15:00+00:00,no,0.84,500,0.10538373424971363,0.165,0.04461626575028644,8,4.71,0,75.29,48608.85599999988
2026-07-27 17:18:00+00:00,2026-07-27 17:15:00+00:00,2026-07-27 17:30:00+00:00,yes,0.71,500,0.7880597014925373,0.705,0.05805970149253738,11,7.21,1,137.79,48746.645999999884
2026-07-27 17:35:00+00:00,2026-07-27 17:30:00+00:00,2026-07-27 17:45:00+00:00,yes,0.8,500,0.8793532338308457,0.795,0.05935323383084569,9,5.6,1,94.4,48841.045999999886
2026-07-27 17:53:00+00:00,2026-07-27 17:45:00+00:00,2026-07-27 18:00:00+00:00,no,0.85,500,0.10538373424971363,0.155,0.03461626575028643,6,4.47,1,-429.47,48411.575999999885
2026-07-27 18:01:00+00:00,2026-07-27 18:00:00+00:00,2026-07-27 18:15:00+00:00,yes,0.61,500,0.6794195250659629,0.605,0.049419525065962935,13,8.33,0,-313.33,48098.24599999988
2026-07-27 18:33:00+00:00,2026-07-27 18:30:00+00:00,2026-07-27 18:45:00+00:00,no,0.84,500,0.10538373424971363,0.165,0.04461626575028644,11,4.71,0,75.29,48173.535999999884
2026-07-27 18:51:00+00:00,2026-07-27 18:45:00+00:00,2026-07-27 19:00:00+00:00,yes,0.064,500,0.10538373424971363,0.0635,0.03138373424971363,8,2.1,1,465.9,48639.435999999885
2026-07-27 19:07:00+00:00,2026-07-27 19:00:00+00:00,2026-07-27 19:15:00+00:00,yes,0.79,500,0.8793532338308457,0.785,0.0693532338308457,7,5.81,1,99.19,48738.62599999989
2026-07-27 19:27:00+00:00,2026-07-27 19:15:00+00:00,2026-07-27 19:30:00+00:00,yes,0.2,500,0.2601744186046512,0.195,0.040174418604651166,2,5.6,1,394.4,49133.02599999989
2026-07-27 19:38:00+00:00,2026-07-27 19:30:00+00:00,2026-07-27 19:45:00+00:00,no,0.18999999999999995,500,0.722473604826546,0.815,0.06752639517345406,6,5.39,1,-100.38999999999997,49032.63599999989
2026-07-27 19:55:00+00:00,2026-07-27 19:45:00+00:00,2026-07-27 20:00:00+00:00,yes,0.3,500,0.4087665647298675,0.295,0.0887665647298675,4,7.35,0,-157.35,48875.28599999989
2026-07-27 20:00:00+00:00,2026-07-27 20:00:00+00:00,2026-07-27 20:15:00+00:00,yes,0.83,500,0.8793532338308457,0.825,0.039353233830845775,14,4.94,0,-419.94,48455.34599999989
2026-07-27 20:23:00+00:00,2026-07-27 20:15:00+00:00,2026-07-27 20:30:00+00:00,yes,0.48,500,0.5739130434782608,0.475,0.07391304347826079,6,8.74,1,251.26,48706.60599999989
2026-07-27 20:30:00+00:00,2026-07-27 20:30:00+00:00,2026-07-27 20:45:00+00:00,no,0.5900000000000001,500,0.33747412008281574,0.415,0.05252587991718417,14,8.47,0,196.52999999999994,48903.13599999989
2026-07-27 20:48:00+00:00,2026-07-27 20:45:00+00:00,2026-07-27 21:00:00+00:00,no,0.72,500,0.20758483033932135,0.28500000000000003,0.05241516966067873,11,7.06,1,-367.06,48536.07599999989
2026-07-27 21:01:00+00:00,2026-07-27 21:00:00+00:00,2026-07-27 21:15:00+00:00,no,0.62,500,0.324468085106383,0.385,0.03553191489361697,13,8.25,0,181.75,48717.82599999989
2026-07-27 21:17:00+00:00,2026-07-27 21:15:00+00:00,2026-07-27 21:30:00+00:00,no,0.73,500,0.20758483033932135,0.275,0.04241516966067872,12,6.9,0,128.1,48845.92599999989
2026-07-27 21:30:00+00:00,2026-07-27 21:30:00+00:00,2026-07-27 21:45:00+00:00,yes,0.66,500,0.722473604826546,0.655,0.042473604826545955,14,7.86,0,-337.86,48508.06599999989
2026-07-27 21:49:00+00:00,2026-07-27 21:45:00+00:00,2026-07-27 22:00:00+00:00,yes,0.6,500,0.6794195250659629,0.595,0.059419525065962944,10,8.4,1,191.6,48699.66599999989
2026-07-27 22:00:00+00:00,2026-07-27 22:00:00+00:00,2026-07-27 22:15:00+00:00,no,0.7,500,0.20758483033932135,0.305,0.07241516966067875,14,7.35,0,142.65,48842.31599999989
2026-07-27 22:18:00+00:00,2026-07-27 22:15:00+00:00,2026-07-27 22:30:00+00:00,yes,0.75,500,0.8250728862973761,0.745,0.05507288629737607,11,6.57,0,-381.57,48460.74599999989
2026-07-27 22:32:00+00:00,2026-07-27 22:30:00+00:00,2026-07-27 22:45:00+00:00,yes,0.39,500,0.47794117647058826,0.385,0.06794117647058824,12,8.33,0,-203.33,48257.41599999989
2026-07-27 22:45:00+00:00,2026-07-27 22:45:00+00:00,2026-07-27 23:00:00+00:00,yes,0.37,500,0.4515235457063712,0.365,0.06152354570637121,14,8.16,0,-193.16,48064.255999999885
2026-07-27 23:12:00+00:00,2026-07-27 23:00:00+00:00,2026-07-27 23:15:00+00:00,yes,0.13,500,0.17728055077452667,0.125,0.03728055077452667,2,3.96,0,-68.96,47995.295999999886
2026-07-27 23:16:00+00:00,2026-07-27 23:15:00+00:00,2026-07-27 23:30:00+00:00,yes,0.34,500,0.3900096061479347,0.335,0.03000960614793465,13,7.86,1,322.14,48317.435999999885
2026-07-27 23:34:00+00:00,2026-07-27 23:30:00+00:00,2026-07-27 23:45:00+00:00,yes,0.27,500,0.324468085106383,0.265,0.034468085106382954,10,6.9,0,-141.9,48175.535999999884
2026-07-27 23:55:00+00:00,2026-07-27 23:45:00+00:00,2026-07-28 00:00:00+00:00,no,0.07699999999999996,500,0.8793532338308457,0.9235,0.0336467661691543,4,2.49,1,-40.98999999999998,48134.545999999886
2026-07-28 00:28:00+00:00,2026-07-28 00:15:00+00:00,2026-07-28 00:30:00+00:00,no,0.03200000000000003,500,0.9054545454545454,0.9684999999999999,0.05254545454545457,1,1.09,1,-17.090000000000014,48117.45599999989
2026-07-28 00:36:00+00:00,2026-07-28 00:30:00+00:00,2026-07-28 00:45:00+00:00,no,0.54,500,0.4087665647298675,0.46499999999999997,0.031233435270132465,8,8.7,0,221.3,48338.75599999989
2026-07-28 00:48:00+00:00,2026-07-28 00:45:00+00:00,2026-07-28 01:00:00+00:00,no,0.83,500,0.10538373424971363,0.175,0.05461626575028645,11,4.94,0,80.06,48418.81599999989
2026-07-28 01:05:00+00:00,2026-07-28 01:00:00+00:00,2026-07-28 01:15:00+00:00,no,0.81,500,0.10538373424971363,0.195,0.06461626575028635,9,5.39,0,89.61,48508.42599999989
2026-07-28 01:19:00+00:00,2026-07-28 01:15:00+00:00,2026-07-28 01:30:00+00:00,yes,0.45,500,0.5035799522673032,0.445,0.03357995226730322,10,8.67,1,266.33,48774.75599999989
2026-07-28 01:45:00+00:00,2026-07-28 01:45:00+00:00,2026-07-28 02:00:00+00:00,no,0.53,500,0.4087665647298675,0.475,0.04123343527013247,14,8.72,1,-273.72,48501.03599999989
2026-07-28 02:13:00+00:00,2026-07-28 02:00:00+00:00,2026-07-28 02:15:00+00:00,no,0.10999999999999999,500,0.6267166042446941,0.895,0.2532833957553059,1,3.43,1,-58.42999999999999,48442.60599999989
2026-07-28 02:27:00+00:00,2026-07-28 02:15:00+00:00,2026-07-28 02:30:00+00:00,yes,0.26,500,0.3900096061479347,0.255,0.11000960614793466,2,6.74,0,-136.74,48305.86599999989
2026-07-28 02:39:00+00:00,2026-07-28 02:30:00+00:00,2026-07-28 02:45:00+00:00,no,0.88,500,0.06649616368286446,0.125,0.04350383631713551,5,3.7,0,56.3,48362.165999999896
2026-07-28 03:01:00+00:00,2026-07-28 03:00:00+00:00,2026-07-28 03:15:00+00:00,no,0.52,500,0.4087665647298675,0.485,0.05123343527013248,13,8.74,1,-268.74,48093.4259999999
2026-07-28 03:19:00+00:00,2026-07-28 03:15:00+00:00,2026-07-28 03:30:00+00:00,yes,0.76,500,0.8250728862973761,0.755,0.04507288629737606,10,6.39,1,113.61,48207.0359999999
2026-07-28 03:31:00+00:00,2026-07-28 03:30:00+00:00,2026-07-28 03:45:00+00:00,no,0.6699999999999999,500,0.2605459057071961,0.335,0.04945409429280391,13,7.74,1,-342.73999999999995,47864.2959999999
2026-07-28 03:46:00+00:00,2026-07-28 03:45:00+00:00,2026-07-28 04:00:00+00:00,no,0.75,500,0.17728055077452667,0.255,0.05271944922547335,13,6.57,0,118.43,47982.7259999999
2026-07-28 04:11:00+00:00,2026-07-28 04:00:00+00:00,2026-07-28 04:15:00+00:00,no,0.18000000000000005,500,0.722473604826546,0.825,0.07752639517345396,3,5.17,0,404.83,48387.5559999999
2026-07-28 04:15:00+00:00,2026-07-28 04:15:00+00:00,2026-07-28 04:30:00+00:00,yes,0.6,500,0.6794195250659629,0.595,0.059419525065962944,14,8.4,0,-308.4,48079.1559999999
2026-07-28 04:35:00+00:00,2026-07-28 04:30:00+00:00,2026-07-28 04:45:00+00:00,no,0.84,500,0.10538373424971363,0.165,0.04461626575028644,9,4.71,0,75.29,48154.4459999999
2026-07-28 04:46:00+00:00,2026-07-28 04:45:00+00:00,2026-07-28 05:00:00+00:00,yes,0.73,500,0.8173913043478261,0.725,0.06739130434782616,13,6.9,1,128.1,48282.5459999999
2026-07-28 05:01:00+00:00,2026-07-28 05:00:00+00:00,2026-07-28 05:15:00+00:00,yes,0.8,500,0.8793532338308457,0.795,0.05935323383084569,13,5.6,1,94.4,48376.9459999999
2026-07-28 05:16:00+00:00,2026-07-28 05:15:00+00:00,2026-07-28 05:30:00+00:00,yes,0.73,500,0.8053097345132744,0.725,0.05530973451327438,13,6.9,1,128.1,48505.0459999999
2026-07-28 05:31:00+00:00,2026-07-28 05:30:00+00:00,2026-07-28 05:45:00+00:00,no,0.48,500,0.4515235457063712,0.525,0.048476454293628804,13,8.74,1,-248.74,48256.3059999999
2026-07-28 05:45:00+00:00,2026-07-28 05:45:00+00:00,2026-07-28 06:00:00+00:00,no,0.39,500,0.5164113785557987,0.615,0.07358862144420132,14,8.33,0,296.67,48552.9759999999
2026-07-28 06:18:00+00:00,2026-07-28 06:15:00+00:00,2026-07-28 06:30:00+00:00,yes,0.65,500,0.7157894736842105,0.645,0.045789473684210505,11,7.97,1,167.03,48720.0059999999
2026-07-28 06:50:00+00:00,2026-07-28 06:45:00+00:00,2026-07-28 07:00:00+00:00,yes,0.72,500,0.8053097345132744,0.715,0.06530973451327439,9,7.06,1,132.94,48852.9459999999
2026-07-28 07:01:00+00:00,2026-07-28 07:00:00+00:00,2026-07-28 07:15:00+00:00,no,0.53,500,0.4087665647298675,0.475,0.04123343527013247,13,8.72,0,226.28,49079.2259999999
2026-07-28 07:15:00+00:00,2026-07-28 07:15:00+00:00,2026-07-28 07:30:00+00:00,no,0.51,500,0.3900096061479347,0.495,0.07999039385206531,14,8.75,0,236.25,49315.4759999999
2026-07-28 07:32:00+00:00,2026-07-28 07:30:00+00:00,2026-07-28 07:45:00+00:00,no,0.41000000000000003,500,0.5164113785557987,0.595,0.053588621444201304,12,8.47,0,286.53,49602.0059999999
2026-07-28 07:58:00+00:00,2026-07-28 07:45:00+00:00,2026-07-28 08:00:00+00:00,no,0.051000000000000045,500,0.8793532338308457,0.95,0.059646766169154215,1,1.7,1,-27.20000000000002,49574.8059999999
2026-07-28 08:07:00+00:00,2026-07-28 08:00:00+00:00,2026-07-28 08:15:00+00:00,no,0.37,500,0.5786666666666667,0.635,0.03133333333333334,7,8.16,0,306.84,49881.6459999999
2026-07-28 08:25:00+00:00,2026-07-28 08:15:00+00:00,2026-07-28 08:30:00+00:00,no,0.15000000000000002,500,0.7880597014925373,0.855,0.05194029850746263,4,4.47,1,-79.47000000000001,49802.1759999999
2026-07-28 08:35:00+00:00,2026-07-28 08:30:00+00:00,2026-07-28 08:45:00+00:00,yes,0.13,500,0.17728055077452667,0.125,0.03728055077452667,9,3.96,1,431.04,50233.2159999999
2026-07-28 08:45:00+00:00,2026-07-28 08:45:00+00:00,2026-07-28 09:00:00+00:00,no,0.54,500,0.3900096061479347,0.46499999999999997,0.04999039385206529,14,8.7,0,221.3,50454.5159999999
2026-07-28 09:15:00+00:00,2026-07-28 09:15:00+00:00,2026-07-28 09:30:00+00:00,no,0.43000000000000005,500,0.47794117647058826,0.575,0.07205882352941163,14,8.58,1,-223.58000000000004,50230.9359999999
2026-07-28 09:31:00+00:00,2026-07-28 09:30:00+00:00,2026-07-28 09:45:00+00:00,yes,0.8,500,0.8793532338308457,0.795,0.05935323383084569,13,5.6,1,94.4,50325.3359999999
2026-07-28 09:49:00+00:00,2026-07-28 09:45:00+00:00,2026-07-28 10:00:00+00:00,yes,0.47,500,0.5686274509803921,0.46499999999999997,0.07862745098039216,10,8.72,0,-243.72,50081.6159999999
2026-07-28 10:01:00+00:00,2026-07-28 10:00:00+00:00,2026-07-28 10:15:00+00:00,yes,0.57,500,0.6267166042446941,0.565,0.036716604244694154,13,8.58,0,-293.58,49788.0359999999
2026-07-28 10:24:00+00:00,2026-07-28 10:15:00+00:00,2026-07-28 10:30:00+00:00,no,0.10999999999999999,500,0.823076923076923,0.895,0.05692307692307697,5,3.43,1,-58.42999999999999,49729.6059999999
2026-07-28 10:34:00+00:00,2026-07-28 10:30:00+00:00,2026-07-28 10:45:00+00:00,yes,0.8,500,0.8793532338308457,0.795,0.05935323383084569,10,5.6,1,94.4,49824.0059999999
2026-07-28 10:49:00+00:00,2026-07-28 10:45:00+00:00,2026-07-28 11:00:00+00:00,no,0.41000000000000003,500,0.5035799522673032,0.595,0.06642004773269673,10,8.47,0,286.53,50110.5359999999
2026-07-28 11:15:00+00:00,2026-07-28 11:15:00+00:00,2026-07-28 11:30:00+00:00,yes,0.72,500,0.7880597014925373,0.715,0.04805970149253737,14,7.06,1,132.94,50243.4759999999
2026-07-28 11:32:00+00:00,2026-07-28 11:30:00+00:00,2026-07-28 11:45:00+00:00,yes,0.67,500,0.722473604826546,0.665,0.032473604826545946,12,7.74,0,-342.74,49900.7359999999
2026-07-28 12:00:00+00:00,2026-07-28 12:00:00+00:00,2026-07-28 12:15:00+00:00,yes,0.34,500,0.3900096061479347,0.335,0.03000960614793465,14,7.86,0,-177.86,49722.8759999999
2026-07-28 12:28:00+00:00,2026-07-28 12:15:00+00:00,2026-07-28 12:30:00+00:00,no,0.26,500,0.4087665647298675,0.745,0.3112334352701325,1,6.74,0,363.26,50086.135999999904
2026-07-28 12:30:00+00:00,2026-07-28 12:30:00+00:00,2026-07-28 12:45:00+00:00,yes,0.5,500,0.5786666666666667,0.495,0.05866666666666666,14,8.75,1,241.25,50327.385999999904
2026-07-28 12:47:00+00:00,2026-07-28 12:45:00+00:00,2026-07-28 13:00:00+00:00,yes,0.83,500,0.8793532338308457,0.825,0.039353233830845775,12,4.94,1,80.06,50407.4459999999
2026-07-28 13:07:00+00:00,2026-07-28 13:00:00+00:00,2026-07-28 13:15:00+00:00,yes,0.62,500,0.6794195250659629,0.615,0.039419525065962926,7,8.25,0,-318.25,50089.1959999999
2026-07-28 13:18:00+00:00,2026-07-28 13:15:00+00:00,2026-07-28 13:30:00+00:00,no,0.54,500,0.4087665647298675,0.46499999999999997,0.031233435270132465,11,8.7,0,221.3,50310.495999999905
2026-07-28 13:30:00+00:00,2026-07-28 13:30:00+00:00,2026-07-28 13:45:00+00:00,yes,0.53,500,0.6267166042446941,0.525,0.07671660424469408,14,8.72,0,-273.72,50036.7759999999
2026-07-28 13:45:00+00:00,2026-07-28 13:45:00+00:00,2026-07-28 14:00:00+00:00,yes,0.39,500,0.48905109489051074,0.385,0.07905109489051072,14,8.33,1,296.67,50333.4459999999
2026-07-28 14:10:00+00:00,2026-07-28 14:00:00+00:00,2026-07-28 14:15:00+00:00,no,0.018000000000000016,500,0.9384615384615385,0.9824999999999999,0.033538461538461524,4,0.62,1,-9.620000000000006,50323.8259999999
2026-07-28 14:15:00+00:00,2026-07-28 14:15:00+00:00,2026-07-28 14:30:00+00:00,yes,0.33,500,0.3870967741935484,0.325,0.03709677419354836,14,7.74,0,-172.74,50151.0859999999
2026-07-28 14:36:00+00:00,2026-07-28 14:30:00+00:00,2026-07-28 14:45:00+00:00,yes,0.87,500,0.9157303370786517,0.865,0.035730337078651704,8,3.96,1,61.04,50212.1259999999
2026-07-28 14:52:00+00:00,2026-07-28 14:45:00+00:00,2026-07-28 15:00:00+00:00,no,0.13,500,0.8250728862973761,0.875,0.03492711370262392,7,3.96,1,-68.96,50143.1659999999
2026-07-28 15:02:00+00:00,2026-07-28 15:00:00+00:00,2026-07-28 15:15:00+00:00,yes,0.27,500,0.324468085106383,0.265,0.034468085106382954,12,6.9,1,358.1,50501.2659999999
2026-07-28 15:38:00+00:00,2026-07-28 15:30:00+00:00,2026-07-28 15:45:00+00:00,no,0.21999999999999997,500,0.722473604826546,0.785,0.03752639517345403,6,6.01,1,-116.00999999999999,50385.2559999999
2026-07-28 15:45:00+00:00,2026-07-28 15:45:00+00:00,2026-07-28 16:00:00+00:00,no,0.43000000000000005,500,0.5164113785557987,0.575,0.033588621444201286,14,8.58,1,-223.58000000000004,50161.6759999999
2026-07-28 16:01:00+00:00,2026-07-28 16:00:00+00:00,2026-07-28 16:15:00+00:00,no,0.54,500,0.4087665647298675,0.46499999999999997,0.031233435270132465,13,8.7,0,221.3,50382.9759999999
2026-07-28 16:20:00+00:00,2026-07-28 16:15:00+00:00,2026-07-28 16:30:00+00:00,yes,0.82,500,0.8793532338308457,0.815,0.03935323383084578,9,5.17,1,84.83,50467.8059999999
2026-07-28 16:30:00+00:00,2026-07-28 16:30:00+00:00,2026-07-28 16:45:00+00:00,yes,0.27,500,0.324468085106383,0.265,0.034468085106382954,14,6.9,1,358.1,50825.9059999999
2026-07-28 17:05:00+00:00,2026-07-28 17:00:00+00:00,2026-07-28 17:15:00+00:00,yes,0.21,500,0.2601744186046512,0.20500000000000002,0.030174418604651188,9,5.81,0,-110.81,50715.0959999999
2026-07-28 17:20:00+00:00,2026-07-28 17:15:00+00:00,2026-07-28 17:30:00+00:00,yes,0.51,500,0.5739130434782608,0.505,0.04391304347826076,9,8.75,0,-263.75,50451.3459999999
2026-07-28 17:31:00+00:00,2026-07-28 17:30:00+00:00,2026-07-28 17:45:00+00:00,yes,0.21,500,0.2601744186046512,0.20500000000000002,0.030174418604651188,13,5.81,0,-110.81,50340.535999999905
2026-07-28 18:00:00+00:00,2026-07-28 18:00:00+00:00,2026-07-28 18:15:00+00:00,yes,0.79,500,0.8793532338308457,0.785,0.0693532338308457,14,5.81,1,99.19,50439.72599999991
2026-07-28 18:17:00+00:00,2026-07-28 18:15:00+00:00,2026-07-28 18:30:00+00:00,no,0.53,500,0.4087665647298675,0.475,0.04123343527013247,12,8.72,0,226.28,50666.00599999991
2026-07-28 18:33:00+00:00,2026-07-28 18:30:00+00:00,2026-07-28 18:45:00+00:00,yes,0.74,500,0.8053097345132744,0.735,0.04530973451327437,11,6.74,1,123.26,50789.26599999991
2026-07-28 18:45:00+00:00,2026-07-28 18:45:00+00:00,2026-07-28 19:00:00+00:00,no,0.43000000000000005,500,0.5164113785557987,0.575,0.033588621444201286,14,8.58,0,276.42,51065.68599999991
2026-07-28 19:08:00+00:00,2026-07-28 19:00:00+00:00,2026-07-28 19:15:00+00:00,no,0.36,500,0.5786666666666667,0.645,0.04133333333333335,6,8.07,1,-188.07,50877.61599999991
2026-07-28 19:16:00+00:00,2026-07-28 19:15:00+00:00,2026-07-28 19:30:00+00:00,yes,0.34,500,0.3900096061479347,0.335,0.03000960614793465,13,7.86,0,-177.86,50699.75599999991
2026-07-28 19:30:00+00:00,2026-07-28 19:30:00+00:00,2026-07-28 19:45:00+00:00,yes,0.82,500,0.8953168044077136,0.815,0.055316804407713596,14,5.17,0,-415.17,50284.58599999991
2026-07-28 19:48:00+00:00,2026-07-28 19:45:00+00:00,2026-07-28 20:00:00+00:00,yes,0.77,500,0.823076923076923,0.765,0.03307692307692302,11,6.2,1,108.8,50393.38599999991
2026-07-28 20:00:00+00:00,2026-07-28 20:00:00+00:00,2026-07-28 20:15:00+00:00,yes,0.7,500,0.7880597014925373,0.695,0.06805970149253739,14,7.35,1,142.65,50536.03599999991
2026-07-28 20:15:00+00:00,2026-07-28 20:15:00+00:00,2026-07-28 20:30:00+00:00,no,0.45999999999999996,500,0.47794117647058826,0.545,0.04205882352941172,14,8.7,0,261.3,50797.335999999916
2026-07-28 20:43:00+00:00,2026-07-28 20:30:00+00:00,2026-07-28 20:45:00+00:00,no,0.007000000000000006,500,0.9054545454545454,0.9935,0.0775454545454546,1,0.25,1,-3.750000000000003,50793.585999999916
2026-07-28 20:48:00+00:00,2026-07-28 20:45:00+00:00,2026-07-28 21:00:00+00:00,no,0.35,500,0.5822784810126582,0.655,0.047721518987341796,11,7.97,0,317.03,51110.615999999914
2026-07-28 21:03:00+00:00,2026-07-28 21:00:00+00:00,2026-07-28 21:15:00+00:00,yes,0.78,500,0.8793532338308457,0.775,0.0793532338308457,11,6.01,1,103.99,51214.60599999991
2026-07-28 21:16:00+00:00,2026-07-28 21:15:00+00:00,2026-07-28 21:30:00+00:00,no,0.61,500,0.33747412008281574,0.395,0.03252587991718427,13,8.33,0,186.67,51401.27599999991
2026-07-28 21:33:00+00:00,2026-07-28 21:30:00+00:00,2026-07-28 21:45:00+00:00,no,0.55,500,0.3900096061479347,0.455,0.03999039385206528,11,8.67,1,-283.67,51117.60599999991
2026-07-28 21:47:00+00:00,2026-07-28 21:45:00+00:00,2026-07-28 22:00:00+00:00,no,0.52,500,0.4087665647298675,0.485,0.05123343527013248,12,8.74,0,231.26,51348.865999999914
2026-07-28 22:00:00+00:00,2026-07-28 22:00:00+00:00,2026-07-28 22:15:00+00:00,no,0.76,500,0.16076294277929154,0.245,0.05923705722070839,14,6.39,0,113.61,51462.475999999915
2026-07-28 22:19:00+00:00,2026-07-28 22:15:00+00:00,2026-07-28 22:30:00+00:00,yes,0.52,500,0.5786666666666667,0.515,0.03866666666666664,10,8.74,0,-268.74,51193.73599999992
2026-07-28 22:40:00+00:00,2026-07-28 22:30:00+00:00,2026-07-28 22:45:00+00:00,yes,0.12,500,0.16076294277929154,0.11499999999999999,0.030762942779291542,4,3.7,0,-63.7,51130.03599999992
2026-07-28 22:48:00+00:00,2026-07-28 22:45:00+00:00,2026-07-28 23:00:00+00:00,no,0.78,500,0.10538373424971363,0.225,0.09461626575028638,11,6.01,0,103.99,51234.02599999992
2026-07-28 23:03:00+00:00,2026-07-28 23:00:00+00:00,2026-07-28 23:15:00+00:00,no,0.85,500,0.10538373424971363,0.155,0.03461626575028643,11,4.47,0,70.53,51304.55599999992
2026-07-28 23:15:00+00:00,2026-07-28 23:15:00+00:00,2026-07-28 23:30:00+00:00,yes,0.62,500,0.8053097345132744,0.615,0.16530973451327438,14,8.25,1,181.75,51486.30599999992
2026-07-28 23:30:00+00:00,2026-07-28 23:30:00+00:00,2026-07-28 23:45:00+00:00,yes,0.83,500,0.8793532338308457,0.825,0.039353233830845775,14,4.94,1,80.06,51566.365999999914
2026-07-28 23:45:00+00:00,2026-07-28 23:45:00+00:00,2026-07-29 00:00:00+00:00,yes,0.75,500,0.8250728862973761,0.745,0.05507288629737607,14,6.57,1,118.43,51684.795999999915
2026-07-29 00:01:00+00:00,2026-07-29 00:00:00+00:00,2026-07-29 00:15:00+00:00,yes,0.76,500,0.823076923076923,0.755,0.04307692307692303,13,6.39,1,113.61,51798.405999999915
2026-07-29 00:25:00+00:00,2026-07-29 00:15:00+00:00,2026-07-29 00:30:00+00:00,yes,0.27,500,0.324468085106383,0.265,0.034468085106382954,4,6.9,0,-141.9,51656.505999999914
2026-07-29 00:30:00+00:00,2026-07-29 00:30:00+00:00,2026-07-29 00:45:00+00:00,no,0.49,500,0.4087665647298675,0.515,0.0812334352701325,14,8.75,1,-253.75,51402.755999999914
2026-07-29 00:45:00+00:00,2026-07-29 00:45:00+00:00,2026-07-29 01:00:00+00:00,no,0.18999999999999995,500,0.722473604826546,0.815,0.06752639517345406,14,5.39,0,399.61,51802.365999999914
2026-07-29 01:01:00+00:00,2026-07-29 01:00:00+00:00,2026-07-29 01:15:00+00:00,no,0.43000000000000005,500,0.5164113785557987,0.575,0.033588621444201286,13,8.58,0,276.42,52078.78599999991
2026-07-29 01:15:00+00:00,2026-07-29 01:15:00+00:00,2026-07-29 01:30:00+00:00,no,0.54,500,0.4087665647298675,0.46499999999999997,0.031233435270132465,14,8.7,1,-278.7,51800.085999999916
2026-07-29 01:39:00+00:00,2026-07-29 01:30:00+00:00,2026-07-29 01:45:00+00:00,yes,0.27,500,0.324468085106383,0.265,0.034468085106382954,5,6.9,0,-141.9,51658.185999999914
2026-07-29 01:48:00+00:00,2026-07-29 01:45:00+00:00,2026-07-29 02:00:00+00:00,yes,0.51,500,0.5739130434782608,0.505,0.04391304347826076,11,8.75,0,-263.75,51394.435999999914
2026-07-29 02:09:00+00:00,2026-07-29 02:00:00+00:00,2026-07-29 02:15:00+00:00,no,0.052000000000000046,500,0.9054545454545454,0.9484999999999999,0.03254545454545455,5,1.73,1,-27.73000000000002,51366.70599999991
2026-07-29 02:18:00+00:00,2026-07-29 02:15:00+00:00,2026-07-29 02:30:00+00:00,no,0.83,500,0.10538373424971363,0.175,0.05461626575028645,11,4.94,1,-419.94,50946.76599999991
2026-07-29 02:30:00+00:00,2026-07-29 02:30:00+00:00,2026-07-29 02:45:00+00:00,yes,0.53,500,0.5822784810126582,0.525,0.03227848101265819,14,8.72,1,226.28,51173.04599999991
2026-07-29 02:54:00+00:00,2026-07-29 02:45:00+00:00,2026-07-29 03:00:00+00:00,yes,0.098,500,0.16076294277929154,0.0975,0.052762942779291534,5,3.1,0,-52.1,51120.94599999991
2026-07-29 03:02:00+00:00,2026-07-29 03:00:00+00:00,2026-07-29 03:15:00+00:00,no,0.77,500,0.17728055077452667,0.235,0.03271944922547333,12,6.2,0,108.8,51229.74599999991
2026-07-29 03:18:00+00:00,2026-07-29 03:15:00+00:00,2026-07-29 03:30:00+00:00,no,0.61,500,0.33747412008281574,0.395,0.03252587991718427,11,8.33,0,186.67,51416.41599999991
2026-07-29 03:33:00+00:00,2026-07-29 03:30:00+00:00,2026-07-29 03:45:00+00:00,yes,0.34,500,0.3900096061479347,0.335,0.03000960614793465,11,7.86,0,-177.86,51238.55599999991
2026-07-29 03:51:00+00:00,2026-07-29 03:45:00+00:00,2026-07-29 04:00:00+00:00,no,0.6699999999999999,500,0.2605459057071961,0.335,0.04945409429280391,8,7.74,0,157.26000000000005,51395.81599999991
2026-07-29 04:02:00+00:00,2026-07-29 04:00:00+00:00,2026-07-29 04:15:00+00:00,no,0.61,500,0.324468085106383,0.395,0.04553191489361698,12,8.33,1,-313.33,51082.48599999991
2026-07-29 04:20:00+00:00,2026-07-29 04:15:00+00:00,2026-07-29 04:30:00+00:00,no,0.8,500,0.10538373424971363,0.20500000000000002,0.07461626575028636,9,5.6,1,-405.6,50676.88599999991
2026-07-29 04:51:00+00:00,2026-07-29 04:45:00+00:00,2026-07-29 05:00:00+00:00,yes,0.75,500,0.8173913043478261,0.745,0.04739130434782614,8,6.57,1,118.43,50795.31599999991
2026-07-29 05:05:00+00:00,2026-07-29 05:00:00+00:00,2026-07-29 05:15:00+00:00,no,0.55,500,0.3900096061479347,0.455,0.03999039385206528,9,8.67,1,-283.67,50511.64599999991
2026-07-29 05:17:00+00:00,2026-07-29 05:15:00+00:00,2026-07-29 05:30:00+00:00,no,0.83,500,0.10538373424971363,0.175,0.05461626575028645,12,4.94,0,80.06,50591.70599999991
2026-07-29 05:34:00+00:00,2026-07-29 05:30:00+00:00,2026-07-29 05:45:00+00:00,yes,0.71,500,0.7880597014925373,0.705,0.05805970149253738,10,7.21,1,137.79,50729.49599999991
2026-07-29 05:51:00+00:00,2026-07-29 05:45:00+00:00,2026-07-29 06:00:00+00:00,yes,0.76,500,0.8173913043478261,0.755,0.03739130434782613,8,6.39,1,113.61,50843.10599999991
2026-07-29 06:10:00+00:00,2026-07-29 06:00:00+00:00,2026-07-29 06:15:00+00:00,no,0.54,500,0.4087665647298675,0.46499999999999997,0.031233435270132465,4,8.7,1,-278.7,50564.405999999915
2026-07-29 06:15:00+00:00,2026-07-29 06:15:00+00:00,2026-07-29 06:30:00+00:00,no,0.6,500,0.33747412008281574,0.405,0.042525879917184276,14,8.4,1,-308.4,50256.005999999914
2026-07-29 06:32:00+00:00,2026-07-29 06:30:00+00:00,2026-07-29 06:45:00+00:00,yes,0.67,500,0.722473604826546,0.665,0.032473604826545946,12,7.74,1,157.26,50413.265999999916
2026-07-29 06:55:00+00:00,2026-07-29 06:45:00+00:00,2026-07-29 07:00:00+00:00,yes,0.16,500,0.2601744186046512,0.155,0.09017441860465118,4,4.71,0,-84.71,50328.55599999992
2026-07-29 07:01:00+00:00,2026-07-29 07:00:00+00:00,2026-07-29 07:15:00+00:00,no,0.61,500,0.324468085106383,0.395,0.04553191489361698,13,8.33,1,-313.33,50015.225999999915
2026-07-29 07:22:00+00:00,2026-07-29 07:15:00+00:00,2026-07-29 07:30:00+00:00,no,0.6799999999999999,500,0.2605459057071961,0.325,0.0394540942928039,7,7.62,1,-347.61999999999995,49667.60599999991
2026-07-29 07:45:00+00:00,2026-07-29 07:45:00+00:00,2026-07-29 08:00:00+00:00,no,0.5900000000000001,500,0.33747412008281574,0.415,0.05252587991718417,14,8.47,1,-303.4700000000001,49364.13599999991
2026-07-29 08:01:00+00:00,2026-07-29 08:00:00+00:00,2026-07-29 08:15:00+00:00,no,0.7,500,0.20758483033932135,0.305,0.07241516966067875,13,7.35,0,142.65,49506.78599999991
2026-07-29 08:16:00+00:00,2026-07-29 08:15:00+00:00,2026-07-29 08:30:00+00:00,yes,0.41,500,0.5035799522673032,0.405,0.07357995226730325,13,8.47,0,-213.47,49293.31599999991
2026-07-29 08:32:00+00:00,2026-07-29 08:30:00+00:00,2026-07-29 08:45:00+00:00,yes,0.74,500,0.8173913043478261,0.735,0.05739130434782615,12,6.74,1,123.26,49416.57599999991
2026-07-29 08:45:00+00:00,2026-07-29 08:45:00+00:00,2026-07-29 09:00:00+00:00,yes,0.85,500,0.8953168044077136,0.845,0.03531680440771357,14,4.47,1,70.53,49487.10599999991
2026-07-29 09:18:00+00:00,2026-07-29 09:15:00+00:00,2026-07-29 09:30:00+00:00,yes,0.66,500,0.7157894736842105,0.655,0.035789473684210496,11,7.86,1,162.14,49649.24599999991
2026-07-29 09:31:00+00:00,2026-07-29 09:30:00+00:00,2026-07-29 09:45:00+00:00,yes,0.81,500,0.8793532338308457,0.805,0.04935323383084568,13,5.39,1,89.61,49738.85599999991
2026-07-29 09:48:00+00:00,2026-07-29 09:45:00+00:00,2026-07-29 10:00:00+00:00,yes,0.18,500,0.2601744186046512,0.175,0.060174418604651184,11,5.17,1,404.83,50143.685999999914
2026-07-29 10:06:00+00:00,2026-07-29 10:00:00+00:00,2026-07-29 10:15:00+00:00,no,0.85,500,0.10538373424971363,0.155,0.03461626575028643,8,4.47,0,70.53,50214.21599999991
2026-07-29 10:17:00+00:00,2026-07-29 10:15:00+00:00,2026-07-29 10:30:00+00:00,no,0.43000000000000005,500,0.5164113785557987,0.575,0.033588621444201286,12,8.58,0,276.42,50490.63599999991
2026-07-29 10:34:00+00:00,2026-07-29 10:30:00+00:00,2026-07-29 10:45:00+00:00,no,0.61,500,0.33747412008281574,0.395,0.03252587991718427,10,8.33,1,-313.33,50177.30599999991
2026-07-29 10:46:00+00:00,2026-07-29 10:45:00+00:00,2026-07-29 11:00:00+00:00,yes,0.21,500,0.2601744186046512,0.20500000000000002,0.030174418604651188,13,5.81,0,-110.81,50066.49599999991
2026-07-29 11:07:00+00:00,2026-07-29 11:00:00+00:00,2026-07-29 11:15:00+00:00,no,0.31000000000000005,500,0.6267166042446941,0.695,0.043283395755305834,7,7.49,1,-162.49000000000004,49904.005999999914
2026-07-29 11:17:00+00:00,2026-07-29 11:15:00+00:00,2026-07-29 11:30:00+00:00,no,0.5700000000000001,500,0.35555555555555557,0.435,0.05444444444444431,12,8.58,0,206.41999999999993,50110.42599999991
2026-07-29 12:04:00+00:00,2026-07-29 12:00:00+00:00,2026-07-29 12:15:00+00:00,no,0.77,500,0.17728055077452667,0.235,0.03271944922547333,10,6.2,0,108.8,50219.225999999915
2026-07-29 12:15:00+00:00,2026-07-29 12:15:00+00:00,2026-07-29 12:30:00+00:00,no,0.77,500,0.17728055077452667,0.235,0.03271944922547333,14,6.2,0,108.8,50328.02599999992
2026-07-29 12:34:00+00:00,2026-07-29 12:30:00+00:00,2026-07-29 12:45:00+00:00,yes,0.63,500,0.7157894736842105,0.625,0.06578947368421052,10,8.16,0,-323.16,50004.865999999914
2026-07-29 12:55:00+00:00,2026-07-29 12:45:00+00:00,2026-07-29 13:00:00+00:00,yes,0.19,500,0.2601744186046512,0.185,0.050174418604651175,4,5.39,0,-100.39,49904.475999999915
2026-07-29 13:31:00+00:00,2026-07-29 13:30:00+00:00,2026-07-29 13:45:00+00:00,yes,0.65,500,0.7880597014925373,0.645,0.11805970149253732,13,7.97,1,167.03,50071.505999999914
2026-07-29 13:55:00+00:00,2026-07-29 13:45:00+00:00,2026-07-29 14:00:00+00:00,yes,0.16,500,0.20758483033932135,0.155,0.03758483033932134,4,4.71,1,415.29,50486.795999999915
2026-07-29 14:31:00+00:00,2026-07-29 14:30:00+00:00,2026-07-29 14:45:00+00:00,yes,0.49,500,0.5739130434782608,0.485,0.06391304347826078,13,8.75,0,-253.75,50233.045999999915
2026-07-29 14:48:00+00:00,2026-07-29 14:45:00+00:00,2026-07-29 15:00:00+00:00,yes,0.52,500,0.5786666666666667,0.515,0.03866666666666664,11,8.74,1,231.26,50464.30599999992
2026-07-29 15:02:00+00:00,2026-07-29 15:00:00+00:00,2026-07-29 15:15:00+00:00,yes,0.52,500,0.5739130434782608,0.515,0.033913043478260754,12,8.74,1,231.26,50695.56599999992
2026-07-29 15:27:00+00:00,2026-07-29 15:15:00+00:00,2026-07-29 15:30:00+00:00,yes,0.056,500,0.10538373424971363,0.0545,0.03938373424971363,2,1.86,0,-29.86,50665.70599999992
2026-07-29 15:41:00+00:00,2026-07-29 15:30:00+00:00,2026-07-29 15:45:00+00:00,yes,0.14,500,0.20758483033932135,0.135,0.05758483033932133,3,4.22,0,-74.22,50591.48599999992
2026-07-29 15:56:00+00:00,2026-07-29 15:45:00+00:00,2026-07-29 16:00:00+00:00,yes,0.12,500,0.16076294277929154,0.11499999999999999,0.030762942779291542,3,3.7,0,-63.7,50527.78599999992
2026-07-29 16:00:00+00:00,2026-07-29 16:00:00+00:00,2026-07-29 16:15:00+00:00,yes,0.56,500,0.6267166042446941,0.555,0.04671660424469405,14,8.63,1,211.37,50739.15599999992
2026-07-29 16:15:00+00:00,2026-07-29 16:15:00+00:00,2026-07-29 16:30:00+00:00,yes,0.6,500,0.6794195250659629,0.595,0.059419525065962944,14,8.4,1,191.6,50930.75599999992
2026-07-29 16:30:00+00:00,2026-07-29 16:30:00+00:00,2026-07-29 16:45:00+00:00,yes,0.51,500,0.5739130434782608,0.505,0.04391304347826076,14,8.75,0,-263.75,50667.00599999992
2026-07-29 16:46:00+00:00,2026-07-29 16:45:00+00:00,2026-07-29 17:00:00+00:00,yes,0.66,500,0.7157894736842105,0.655,0.035789473684210496,13,7.86,1,162.14,50829.14599999992
2026-07-29 17:08:00+00:00,2026-07-29 17:00:00+00:00,2026-07-29 17:15:00+00:00,yes,0.33,500,0.3900096061479347,0.325,0.040009606147934654,6,7.74,1,327.26,51156.40599999992
2026-07-29 17:17:00+00:00,2026-07-29 17:15:00+00:00,2026-07-29 17:30:00+00:00,yes,0.27,500,0.324468085106383,0.265,0.034468085106382954,12,6.9,0,-141.9,51014.50599999992
2026-07-29 17:48:00+00:00,2026-07-29 17:45:00+00:00,2026-07-29 18:00:00+00:00,no,0.48,500,0.4515235457063712,0.525,0.048476454293628804,11,8.74,1,-248.74,50765.76599999992
2026-07-29 18:00:00+00:00,2026-07-29 18:00:00+00:00,2026-07-29 18:15:00+00:00,yes,0.85,500,0.9215686274509803,0.845,0.06156862745098036,14,4.47,1,70.53,50836.29599999992
2026-07-29 18:18:00+00:00,2026-07-29 18:15:00+00:00,2026-07-29 18:30:00+00:00,yes,0.21,500,0.2601744186046512,0.20500000000000002,0.030174418604651188,11,5.81,0,-110.81,50725.485999999924
2026-07-29 18:34:00+00:00,2026-07-29 18:30:00+00:00,2026-07-29 18:45:00+00:00,yes,0.21,500,0.2601744186046512,0.20500000000000002,0.030174418604651188,10,5.81,1,389.19,51114.67599999993
2026-07-29 18:47:00+00:00,2026-07-29 18:45:00+00:00,2026-07-29 19:00:00+00:00,yes,0.52,500,0.5739130434782608,0.515,0.033913043478260754,12,8.74,1,231.26,51345.93599999993
2026-07-29 19:36:00+00:00,2026-07-29 19:30:00+00:00,2026-07-29 19:45:00+00:00,no,0.36,500,0.5786666666666667,0.645,0.04133333333333335,8,8.07,0,311.93,51657.86599999993
2026-07-29 19:48:00+00:00,2026-07-29 19:45:00+00:00,2026-07-29 20:00:00+00:00,no,0.86,500,0.0824742268041237,0.14500000000000002,0.04752577319587637,11,4.22,0,65.78,51723.64599999993
2026-07-29 20:00:00+00:00,2026-07-29 20:00:00+00:00,2026-07-29 20:15:00+00:00,yes,0.49,500,0.5786666666666667,0.485,0.06866666666666667,14,8.75,1,246.25,51969.89599999993
2026-07-29 20:26:00+00:00,2026-07-29 20:15:00+00:00,2026-07-29 20:30:00+00:00,yes,0.13,500,0.17728055077452667,0.125,0.03728055077452667,3,3.96,0,-68.96,51900.93599999993
2026-07-29 20:31:00+00:00,2026-07-29 20:30:00+00:00,2026-07-29 20:45:00+00:00,yes,0.53,500,0.6188524590163934,0.52,0.06885245901639338,13,8.72,1,226.28,52127.21599999993
2026-07-29 20:52:00+00:00,2026-07-29 20:45:00+00:00,2026-07-29 21:00:00+00:00,no,0.77,500,0.17728055077452667,0.235,0.03271944922547333,7,6.2,0,108.8,52236.01599999993
2026-07-29 21:07:00+00:00,2026-07-29 21:00:00+00:00,2026-07-29 21:15:00+00:00,no,0.89,500,0.06649616368286446,0.11499999999999999,0.0335038363171355,7,3.43,0,51.57,52287.58599999993
2026-07-29 21:24:00+00:00,2026-07-29 21:15:00+00:00,2026-07-29 21:30:00+00:00,no,0.22999999999999998,500,0.7157894736842105,0.775,0.03421052631578948,5,6.2,1,-121.19999999999999,52166.38599999993
2026-07-29 21:38:00+00:00,2026-07-29 21:30:00+00:00,2026-07-29 21:45:00+00:00,yes,0.86,500,0.9019607843137255,0.855,0.03196078431372552,6,4.22,1,65.78,52232.16599999993
2026-07-29 21:47:00+00:00,2026-07-29 21:45:00+00:00,2026-07-29 22:00:00+00:00,no,0.51,500,0.4087665647298675,0.495,0.06123343527013249,12,8.75,1,-263.75,51968.41599999993
2026-07-29 22:20:00+00:00,2026-07-29 22:15:00+00:00,2026-07-29 22:30:00+00:00,no,0.31000000000000005,500,0.6267166042446941,0.695,0.043283395755305834,9,7.49,0,337.51,52305.925999999934
2026-07-29 22:33:00+00:00,2026-07-29 22:30:00+00:00,2026-07-29 22:45:00+00:00,yes,0.25,500,0.32011419991570045,0.245,0.050114199915700444,11,6.57,0,-131.57,52174.355999999934
2026-07-29 22:47:00+00:00,2026-07-29 22:45:00+00:00,2026-07-29 23:00:00+00:00,yes,0.2,500,0.2601744186046512,0.195,0.040174418604651166,12,5.6,0,-105.6,52068.755999999936
2026-07-29 23:17:00+00:00,2026-07-29 23:15:00+00:00,2026-07-29 23:30:00+00:00,yes,0.86,500,0.9276315789473685,0.855,0.057631578947368485,12,4.22,1,65.78,52134.535999999935
2026-07-29 23:33:00+00:00,2026-07-29 23:30:00+00:00,2026-07-29 23:45:00+00:00,no,0.75,500,0.176,0.255,0.05400000000000006,11,6.57,0,118.43,52252.965999999935
2026-07-29 23:45:00+00:00,2026-07-29 23:45:00+00:00,2026-07-30 00:00:00+00:00,no,0.31000000000000005,500,0.625,0.695,0.04499999999999994,14,7.49,0,337.51,52590.47599999994
2026-07-30 00:00:00+00:00,2026-07-30 00:00:00+00:00,2026-07-30 00:15:00+00:00,yes,0.7,500,0.7621744054360136,0.695,0.0421744054360136,14,7.35,1,142.65,52733.12599999994
2026-07-30 00:31:00+00:00,2026-07-30 00:30:00+00:00,2026-07-30 00:45:00+00:00,no,0.75,500,0.1875,0.255,0.042499999999999996,13,6.57,0,118.43,52851.55599999994
2026-07-30 00:45:00+00:00,2026-07-30 00:45:00+00:00,2026-07-30 01:00:00+00:00,yes,0.57,500,0.6239837398373984,0.565,0.033983739837398455,14,8.58,0,-293.58,52557.97599999994
2026-07-30 01:02:00+00:00,2026-07-30 01:00:00+00:00,2026-07-30 01:15:00+00:00,yes,0.83,500,0.8846675712347354,0.825,0.04466757123473542,12,4.94,1,80.06,52638.035999999935
2026-07-30 01:31:00+00:00,2026-07-30 01:30:00+00:00,2026-07-30 01:45:00+00:00,yes,0.74,500,0.798941798941799,0.735,0.03894179894179896,13,6.74,1,123.26,52761.29599999994
2026-07-30 01:46:00+00:00,2026-07-30 01:45:00+00:00,2026-07-30 02:00:00+00:00,yes,0.84,500,0.8846675712347354,0.835,0.03466757123473541,13,4.71,1,75.29,52836.58599999994
2026-07-30 02:10:00+00:00,2026-07-30 02:00:00+00:00,2026-07-30 02:15:00+00:00,no,0.28,500,0.664179104477612,0.725,0.035820895522388,4,7.06,1,-147.06,52689.52599999994
2026-07-30 02:16:00+00:00,2026-07-30 02:15:00+00:00,2026-07-30 02:30:00+00:00,no,0.61,500,0.33753148614609574,0.395,0.03246851385390427,13,8.33,1,-313.33,52376.19599999994
2026-07-30 02:30:00+00:00,2026-07-30 02:30:00+00:00,2026-07-30 02:45:00+00:00,no,0.6,500,0.33753148614609574,0.405,0.04246851385390428,14,8.4,0,191.6,52567.79599999994
2026-07-30 02:55:00+00:00,2026-07-30 02:45:00+00:00,2026-07-30 03:00:00+00:00,yes,0.021,500,0.06420927467300833,0.0205,0.03320927467300832,4,0.72,0,-11.22,52556.575999999935
2026-07-30 03:16:00+00:00,2026-07-30 03:15:00+00:00,2026-07-30 03:30:00+00:00,yes,0.87,500,0.9276315789473685,0.865,0.047631578947368476,13,3.96,1,61.04,52617.615999999936
2026-07-30 03:32:00+00:00,2026-07-30 03:30:00+00:00,2026-07-30 03:45:00+00:00,no,0.87,500,0.06420927467300833,0.135,0.055790725326991704,12,3.96,0,61.04,52678.65599999994
2026-07-30 03:49:00+00:00,2026-07-30 03:45:00+00:00,2026-07-30 04:00:00+00:00,yes,0.71,500,0.7621744054360136,0.705,0.03217440543601359,10,7.21,1,137.79,52816.44599999994
2026-07-30 04:19:00+00:00,2026-07-30 04:15:00+00:00,2026-07-30 04:30:00+00:00,no,0.5900000000000001,500,0.33753148614609574,0.415,0.05246851385390418,10,8.47,0,196.52999999999994,53012.97599999994
2026-07-30 04:30:00+00:00,2026-07-30 04:30:00+00:00,2026-07-30 04:45:00+00:00,yes,0.51,500,0.6343283582089553,0.505,0.10432835820895527,14,8.75,0,-263.75,52749.22599999994
2026-07-30 04:49:00+00:00,2026-07-30 04:45:00+00:00,2026-07-30 05:00:00+00:00,no,0.26,500,0.664179104477612,0.745,0.05582089552238802,10,6.74,0,363.26,53112.48599999994
2026-07-30 05:00:00+00:00,2026-07-30 05:00:00+00:00,2026-07-30 05:15:00+00:00,yes,0.51,500,0.5834018077239113,0.505,0.053401807723911246,14,8.75,0,-263.75,52848.73599999994
2026-07-30 05:15:00+00:00,2026-07-30 05:15:00+00:00,2026-07-30 05:30:00+00:00,yes,0.42,500,0.4702886247877759,0.415,0.030288624787775904,14,8.53,1,281.47,53130.20599999994
2026-07-30 05:30:00+00:00,2026-07-30 05:30:00+00:00,2026-07-30 05:45:00+00:00,yes,0.7,500,0.782051282051282,0.695,0.06205128205128209,14,7.35,1,142.65,53272.85599999994
2026-07-30 05:49:00+00:00,2026-07-30 05:45:00+00:00,2026-07-30 06:00:00+00:00,no,0.65,500,0.2797297297297297,0.355,0.050270270270270326,10,7.97,0,167.03,53439.88599999994
2026-07-30 06:04:00+00:00,2026-07-30 06:00:00+00:00,2026-07-30 06:15:00+00:00,yes,0.67,500,0.7621744054360136,0.665,0.07217440543601351,10,7.74,0,-342.74,53097.14599999994
2026-07-30 06:23:00+00:00,2026-07-30 06:15:00+00:00,2026-07-30 06:30:00+00:00,yes,0.5,500,0.5834018077239113,0.495,0.06340180772391125,6,8.75,1,241.25,53338.39599999994
2026-07-30 06:33:00+00:00,2026-07-30 06:30:00+00:00,2026-07-30 06:45:00+00:00,no,0.62,500,0.30039525691699603,0.385,0.05960474308300391,11,8.25,0,181.75,53520.14599999994
2026-07-30 09:00:00+00:00,2026-07-30 09:00:00+00:00,2026-07-30 09:15:00+00:00,no,0.5700000000000001,500,0.34361233480176206,0.435,0.06638766519823781,14,8.58,1,-293.58000000000004,53226.56599999994
2026-07-30 10:49:00+00:00,2026-07-30 10:45:00+00:00,2026-07-30 11:00:00+00:00,no,0.74,500,0.20512820512820512,0.265,0.03487179487179494,10,6.74,0,123.26,53349.82599999994
2026-07-30 11:00:00+00:00,2026-07-30 11:00:00+00:00,2026-07-30 11:15:00+00:00,yes,0.35,500,0.4045383411580595,0.345,0.034538341158059496,14,7.97,1,317.03,53666.85599999994
2026-07-30 11:17:00+00:00,2026-07-30 11:15:00+00:00,2026-07-30 11:30:00+00:00,yes,0.76,500,0.8292682926829268,0.755,0.049268292682926776,12,6.39,0,-386.39,53280.46599999994
2026-07-30 11:45:00+00:00,2026-07-30 11:45:00+00:00,2026-07-30 12:00:00+00:00,no,0.47,500,0.4702886247877759,0.535,0.039711375212224134,14,8.72,1,-243.72,53036.74599999994
2026-07-30 12:02:00+00:00,2026-07-30 12:00:00+00:00,2026-07-30 12:15:00+00:00,no,0.29000000000000004,500,0.6343283582089553,0.715,0.05567164179104468,12,7.21,1,-152.21000000000004,52884.53599999994
2026-07-30 12:15:00+00:00,2026-07-30 12:15:00+00:00,2026-07-30 12:30:00+00:00,no,0.47,500,0.4702886247877759,0.535,0.039711375212224134,14,8.72,0,256.28,53140.81599999994
2026-07-30 13:00:00+00:00,2026-07-30 13:00:00+00:00,2026-07-30 13:15:00+00:00,no,0.5900000000000001,500,0.33753148614609574,0.415,0.05246851385390418,14,8.47,0,196.52999999999994,53337.34599999994
2026-07-30 13:16:00+00:00,2026-07-30 13:15:00+00:00,2026-07-30 13:30:00+00:00,no,0.5900000000000001,500,0.34361233480176206,0.415,0.046387665198237796,13,8.47,0,196.52999999999994,53533.87599999994
2026-07-30 13:31:00+00:00,2026-07-30 13:30:00+00:00,2026-07-30 13:45:00+00:00,no,0.5900000000000001,500,0.29670329670329665,0.415,0.09329670329670327,13,8.47,1,-303.4700000000001,53230.40599999994
2026-07-30 13:46:00+00:00,2026-07-30 13:45:00+00:00,2026-07-30 14:00:00+00:00,yes,0.56,500,0.6343283582089553,0.555,0.05432835820895522,13,8.63,1,211.37,53441.77599999994
2026-07-30 14:03:00+00:00,2026-07-30 14:00:00+00:00,2026-07-30 14:15:00+00:00,no,0.8200000000000001,500,0.10220125786163523,0.185,0.05779874213836468,11,5.17,0,84.82999999999994,53526.60599999994
2026-07-30 14:15:00+00:00,2026-07-30 14:15:00+00:00,2026-07-30 14:30:00+00:00,yes,0.53,500,0.5834018077239113,0.525,0.03340180772391123,14,8.72,1,226.28,53752.88599999994
2026-07-30 14:43:00+00:00,2026-07-30 14:30:00+00:00,2026-07-30 14:45:00+00:00,no,0.0040000000000000036,500,0.9276315789473685,0.9964999999999999,0.05836842105263152,1,0.14,1,-2.140000000000002,53750.74599999994
2026-07-30 14:54:00+00:00,2026-07-30 14:45:00+00:00,2026-07-30 15:00:00+00:00,no,0.86,500,0.06420927467300833,0.14500000000000002,0.06579072532699172,5,4.22,0,65.78,53816.52599999994
2026-07-30 15:04:00+00:00,2026-07-30 15:00:00+00:00,2026-07-30 15:15:00+00:00,yes,0.75,500,0.8125,0.745,0.042499999999999996,10,6.57,1,118.43,53934.95599999994
2026-07-30 15:25:00+00:00,2026-07-30 15:15:00+00:00,2026-07-30 15:30:00+00:00,no,0.28,500,0.6404255319148936,0.725,0.05957446808510637,4,7.06,0,352.94,54287.89599999994
2026-07-30 15:38:00+00:00,2026-07-30 15:30:00+00:00,2026-07-30 15:45:00+00:00,yes,0.47,500,0.5433333333333336,0.46499999999999997,0.05333333333333358,6,8.72,1,256.28,54544.17599999994
2026-07-30 15:50:00+00:00,2026-07-30 15:45:00+00:00,2026-07-30 16:00:00+00:00,yes,0.27,500,0.32786885245901637,0.265,0.03786885245901635,9,6.9,0,-141.9,54402.27599999994
2026-07-30 16:02:00+00:00,2026-07-30 16:00:00+00:00,2026-07-30 16:15:00+00:00,yes,0.7,500,0.7621744054360136,0.695,0.0421744054360136,12,7.35,1,142.65,54544.92599999994
2026-07-30 16:15:00+00:00,2026-07-30 16:15:00+00:00,2026-07-30 16:30:00+00:00,no,0.56,500,0.35175879396984927,0.445,0.06824120603015073,14,8.63,0,211.37,54756.295999999944
2026-07-30 16:31:00+00:00,2026-07-30 16:30:00+00:00,2026-07-30 16:45:00+00:00,no,0.65,500,0.2797297297297297,0.355,0.050270270270270326,13,7.97,0,167.03,54923.32599999994
2026-07-30 16:47:00+00:00,2026-07-30 16:45:00+00:00,2026-07-30 17:00:00+00:00,yes,0.61,500,0.664179104477612,0.605,0.03417910447761198,12,8.33,1,186.67,55109.99599999994
2026-07-30 17:01:00+00:00,2026-07-30 17:00:00+00:00,2026-07-30 17:15:00+00:00,yes,0.76,500,0.8292682926829268,0.755,0.049268292682926776,13,6.39,0,-386.39,54723.60599999994
2026-07-30 17:17:00+00:00,2026-07-30 17:15:00+00:00,2026-07-30 17:30:00+00:00,yes,0.74,500,0.8292682926829268,0.735,0.0692682926829268,12,6.74,1,123.26,54846.86599999994
2026-07-30 17:52:00+00:00,2026-07-30 17:45:00+00:00,2026-07-30 18:00:00+00:00,no,0.88,500,0.06420927467300833,0.125,0.045790725326991695,7,3.7,0,56.3,54903.16599999995
2026-07-30 18:06:00+00:00,2026-07-30 18:00:00+00:00,2026-07-30 18:15:00+00:00,yes,0.76,500,0.8125,0.755,0.03249999999999999,8,6.39,0,-386.39,54516.77599999995
2026-07-30 18:20:00+00:00,2026-07-30 18:15:00+00:00,2026-07-30 18:30:00+00:00,no,0.78,500,0.15434782608695652,0.225,0.04565217391304345,9,6.01,0,103.99,54620.765999999945
2026-07-30 18:34:00+00:00,2026-07-30 18:30:00+00:00,2026-07-30 18:45:00+00:00,no,0.79,500,0.15434782608695652,0.215,0.03565217391304344,10,5.81,0,99.19,54719.95599999995
2026-07-30 18:45:00+00:00,2026-07-30 18:45:00+00:00,2026-07-30 19:00:00+00:00,yes,0.49,500,0.5433333333333336,0.485,0.03333333333333356,14,8.75,0,-253.75,54466.20599999995
2026-07-30 19:00:00+00:00,2026-07-30 19:00:00+00:00,2026-07-30 19:15:00+00:00,yes,0.58,500,0.6404255319148936,0.575,0.040425531914893634,14,8.53,1,201.47,54667.67599999995
2026-07-30 19:18:00+00:00,2026-07-30 19:15:00+00:00,2026-07-30 19:30:00+00:00,yes,0.59,500,0.664179104477612,0.585,0.054179104477612,11,8.47,1,196.53,54864.20599999995
2026-07-30 19:32:00+00:00,2026-07-30 19:30:00+00:00,2026-07-30 19:45:00+00:00,no,0.85,500,0.10220125786163523,0.155,0.03779874213836477,12,4.47,0,70.53,54934.735999999946
2026-07-30 19:49:00+00:00,2026-07-30 19:45:00+00:00,2026-07-30 20:00:00+00:00,no,0.84,500,0.06420927467300833,0.165,0.08579072532699174,10,4.71,0,75.29,55010.02599999995
2026-07-30 20:00:00+00:00,2026-07-30 20:00:00+00:00,2026-07-30 20:15:00+00:00,yes,0.35,500,0.4045383411580595,0.345,0.034538341158059496,14,7.97,0,-182.97,54827.055999999946
2026-07-30 20:30:00+00:00,2026-07-30 20:30:00+00:00,2026-07-30 20:45:00+00:00,yes,0.35,500,0.4045383411580595,0.345,0.034538341158059496,14,7.97,1,317.03,55144.085999999945
2026-07-30 20:45:00+00:00,2026-07-30 20:45:00+00:00,2026-07-30 21:00:00+00:00,no,0.52,500,0.4045383411580595,0.485,0.055461658841940556,14,8.74,0,231.26,55375.34599999995
2026-07-30 21:00:00+00:00,2026-07-30 21:00:00+00:00,2026-07-30 21:15:00+00:00,no,0.36,500,0.5834018077239113,0.645,0.03659819227608875,14,8.07,0,311.93,55687.27599999995
2026-07-30 21:24:00+00:00,2026-07-30 21:15:00+00:00,2026-07-30 21:30:00+00:00,no,0.30000000000000004,500,0.6343283582089553,0.705,0.04567164179104467,5,7.35,1,-157.35000000000002,55529.92599999995
2026-07-30 21:32:00+00:00,2026-07-30 21:30:00+00:00,2026-07-30 21:45:00+00:00,yes,0.56,500,0.6239837398373984,0.555,0.04398373983739835,12,8.63,1,211.37,55741.29599999995
2026-07-30 21:46:00+00:00,2026-07-30 21:45:00+00:00,2026-07-30 22:00:00+00:00,no,0.42000000000000004,500,0.4045383411580595,0.585,0.15546165884194055,13,8.53,0,281.47,56022.76599999995
2026-07-30 22:01:00+00:00,2026-07-30 22:00:00+00:00,2026-07-30 22:15:00+00:00,yes,0.65,500,0.7621744054360136,0.645,0.09217440543601353,13,7.97,1,167.03,56189.79599999995
2026-07-30 22:22:00+00:00,2026-07-30 22:15:00+00:00,2026-07-30 22:30:00+00:00,no,0.32999999999999996,500,0.5834018077239113,0.675,0.06659819227608878,7,7.74,1,-172.73999999999998,56017.05599999995
2026-07-30 22:31:00+00:00,2026-07-30 22:30:00+00:00,2026-07-30 22:45:00+00:00,no,0.76,500,0.1875,0.245,0.03249999999999999,13,6.39,0,113.61,56130.665999999954
2026-07-30 22:51:00+00:00,2026-07-30 22:45:00+00:00,2026-07-30 23:00:00+00:00,no,0.81,500,0.12399999999999999,0.195,0.045999999999999944,8,5.39,0,89.61,56220.275999999954
2026-07-30 23:21:00+00:00,2026-07-30 23:15:00+00:00,2026-07-30 23:30:00+00:00,yes,0.18,500,0.23790322580645162,0.175,0.037903225806451626,8,5.17,0,-95.17,56125.105999999956
2026-07-30 23:30:00+00:00,2026-07-30 23:30:00+00:00,2026-07-30 23:45:00+00:00,no,0.4,500,0.5433333333333336,0.605,0.03666666666666642,14,8.4,0,291.6,56416.705999999955
2026-07-30 23:45:00+00:00,2026-07-30 23:45:00+00:00,2026-07-31 00:00:00+00:00,no,0.39,500,0.5433333333333336,0.615,0.046666666666666426,14,8.33,0,296.67,56713.37599999995
2026-07-31 00:12:00+00:00,2026-07-31 00:00:00+00:00,2026-07-31 00:15:00+00:00,no,0.27,500,0.664179104477612,0.735,0.04582089552238801,2,6.9,1,-141.9,56571.47599999995
2026-07-31 00:16:00+00:00,2026-07-31 00:15:00+00:00,2026-07-31 00:30:00+00:00,yes,0.47,500,0.5834018077239113,0.46499999999999997,0.09340180772391128,13,8.72,0,-243.72,56327.75599999995
2026-07-31 00:33:00+00:00,2026-07-31 00:30:00+00:00,2026-07-31 00:45:00+00:00,no,0.37,500,0.5433333333333336,0.635,0.06666666666666644,11,8.16,1,-193.16,56134.59599999995
2026-07-31 00:45:00+00:00,2026-07-31 00:45:00+00:00,2026-07-31 01:00:00+00:00,no,0.47,500,0.47841726618705044,0.535,0.03158273381294953,14,8.72,0,256.28,56390.875999999946
2026-07-31 01:00:00+00:00,2026-07-31 01:00:00+00:00,2026-07-31 01:15:00+00:00,yes,0.86,500,0.9276315789473685,0.855,0.057631578947368485,14,4.22,1,65.78,56456.655999999944
2026-07-31 01:18:00+00:00,2026-07-31 01:15:00+00:00,2026-07-31 01:30:00+00:00,yes,0.27,500,0.33753148614609574,0.265,0.04753148614609572,11,6.9,0,-141.9,56314.75599999994
2026-07-31 02:00:00+00:00,2026-07-31 02:00:00+00:00,2026-07-31 02:15:00+00:00,yes,0.47,500,0.5433333333333336,0.46499999999999997,0.05333333333333358,14,8.72,0,-243.72,56071.03599999994
2026-07-31 02:19:00+00:00,2026-07-31 02:15:00+00:00,2026-07-31 02:30:00+00:00,no,0.83,500,0.10220125786163523,0.175,0.057798742138364785,10,4.94,0,80.06,56151.09599999994
2026-07-31 02:30:00+00:00,2026-07-31 02:30:00+00:00,2026-07-31 02:45:00+00:00,yes,0.48,500,0.5433333333333336,0.475,0.04333333333333357,14,8.74,0,-248.74,55902.35599999994
2026-07-31 02:56:00+00:00,2026-07-31 02:45:00+00:00,2026-07-31 03:00:00+00:00,no,0.12,500,0.8292682926829268,0.885,0.040731707317073214,3,3.7,1,-63.7,55838.655999999944
2026-07-31 03:12:00+00:00,2026-07-31 03:00:00+00:00,2026-07-31 03:15:00+00:00,no,0.8200000000000001,500,0.10220125786163523,0.185,0.05779874213836468,2,5.17,0,84.82999999999994,55923.485999999946
2026-07-31 03:16:00+00:00,2026-07-31 03:15:00+00:00,2026-07-31 03:30:00+00:00,yes,0.73,500,0.8125,0.725,0.06250000000000001,13,6.9,1,128.1,56051.585999999945
2026-07-31 03:55:00+00:00,2026-07-31 03:45:00+00:00,2026-07-31 04:00:00+00:00,no,0.47,500,0.45348837209302323,0.535,0.05651162790697685,4,8.72,0,256.28,56307.86599999994
2026-07-31 04:03:00+00:00,2026-07-31 04:00:00+00:00,2026-07-31 04:15:00+00:00,yes,0.74,500,0.798941798941799,0.735,0.03894179894179896,11,6.74,0,-376.74,55931.125999999946
2026-07-31 04:15:00+00:00,2026-07-31 04:15:00+00:00,2026-07-31 04:30:00+00:00,no,0.45999999999999996,500,0.4881889763779527,0.545,0.031811023622047255,14,8.7,0,261.3,56192.42599999995
2026-07-31 04:35:00+00:00,2026-07-31 04:30:00+00:00,2026-07-31 04:45:00+00:00,no,0.44999999999999996,500,0.45348837209302323,0.555,0.07651162790697687,9,8.67,0,266.33,56458.75599999995
2026-07-31 04:47:00+00:00,2026-07-31 04:45:00+00:00,2026-07-31 05:00:00+00:00,yes,0.61,500,0.664179104477612,0.605,0.03417910447761198,12,8.33,1,186.67,56645.42599999995
2026-07-31 05:01:00+00:00,2026-07-31 05:00:00+00:00,2026-07-31 05:15:00+00:00,yes,0.78,500,0.8846675712347354,0.775,0.08466757123473535,13,6.01,1,103.99,56749.41599999995
2026-07-31 05:21:00+00:00,2026-07-31 05:15:00+00:00,2026-07-31 05:30:00+00:00,no,0.76,500,0.15434782608695652,0.245,0.06565217391304347,8,6.39,0,113.61,56863.02599999995
2026-07-31 05:30:00+00:00,2026-07-31 05:30:00+00:00,2026-07-31 05:45:00+00:00,no,0.47,500,0.4702886247877759,0.535,0.039711375212224134,14,8.72,0,256.28,57119.305999999946
2026-07-31 05:45:00+00:00,2026-07-31 05:45:00+00:00,2026-07-31 06:00:00+00:00,no,0.5900000000000001,500,0.32786885245901637,0.415,0.0621311475409836,14,8.47,1,-303.4700000000001,56815.835999999945
2026-07-31 06:00:00+00:00,2026-07-31 06:00:00+00:00,2026-07-31 06:15:00+00:00,no,0.64,500,0.30039525691699603,0.365,0.03960474308300389,14,8.07,1,-328.07,56487.765999999945
2026-07-31 06:16:00+00:00,2026-07-31 06:15:00+00:00,2026-07-31 06:30:00+00:00,no,0.54,500,0.4045383411580595,0.46499999999999997,0.03546165884194054,13,8.7,1,-278.7,56209.06599999995
2026-07-31 06:30:00+00:00,2026-07-31 06:30:00+00:00,2026-07-31 06:45:00+00:00,no,0.36,500,0.5834018077239113,0.645,0.03659819227608875,14,8.07,0,311.93,56520.99599999995
2026-07-31 06:49:00+00:00,2026-07-31 06:45:00+00:00,2026-07-31 07:00:00+00:00,no,0.5900000000000001,500,0.33753148614609574,0.415,0.05246851385390418,10,8.47,0,196.52999999999994,56717.52599999995
2026-07-31 07:02:00+00:00,2026-07-31 07:00:00+00:00,2026-07-31 07:15:00+00:00,no,0.78,500,0.15434782608695652,0.225,0.04565217391304345,12,6.01,0,103.99,56821.515999999945
2026-07-31 07:31:00+00:00,2026-07-31 07:30:00+00:00,2026-07-31 07:45:00+00:00,yes,0.45,500,0.5433333333333336,0.445,0.07333333333333354,13,8.67,0,-233.67,56587.84599999995
2026-07-31 07:45:00+00:00,2026-07-31 07:45:00+00:00,2026-07-31 08:00:00+00:00,yes,0.66,500,0.7621744054360136,0.655,0.08217440543601352,14,7.86,1,162.14,56749.985999999946
2026-07-31 08:03:00+00:00,2026-07-31 08:00:00+00:00,2026-07-31 08:15:00+00:00,yes,0.49,500,0.5433333333333336,0.485,0.03333333333333356,11,8.75,1,246.25,56996.235999999946
2026-07-31 08:26:00+00:00,2026-07-31 08:15:00+00:00,2026-07-31 08:30:00+00:00,yes,0.099,500,0.15434782608695652,0.0985,0.04534782608695651,3,3.13,1,447.37,57443.60599999995
2026-07-31 08:55:00+00:00,2026-07-31 08:45:00+00:00,2026-07-31 09:00:00+00:00,no,0.6,500,0.29670329670329665,0.405,0.08329670329670337,4,8.4,0,191.6,57635.20599999995
2026-07-31 09:06:00+00:00,2026-07-31 09:00:00+00:00,2026-07-31 09:15:00+00:00,no,0.76,500,0.15434782608695652,0.245,0.06565217391304347,8,6.39,0,113.61,57748.81599999995
2026-07-31 09:30:00+00:00,2026-07-31 09:30:00+00:00,2026-07-31 09:45:00+00:00,yes,0.5,500,0.5834018077239113,0.495,0.06340180772391125,14,8.75,1,241.25,57990.06599999995
2026-07-31 09:47:00+00:00,2026-07-31 09:45:00+00:00,2026-07-31 10:00:00+00:00,yes,0.53,500,0.5834018077239113,0.525,0.03340180772391123,12,8.72,1,226.28,58216.34599999995
2026-07-31 10:13:00+00:00,2026-07-31 10:00:00+00:00,2026-07-31 10:15:00+00:00,no,0.01100000000000001,500,0.9276315789473685,0.9895,0.051368421052631515,1,0.39,1,-5.890000000000005,58210.45599999995
2026-07-31 10:20:00+00:00,2026-07-31 10:15:00+00:00,2026-07-31 10:30:00+00:00,yes,0.74,500,0.8125,0.735,0.052500000000000005,9,6.74,1,123.26,58333.71599999995
2026-07-31 10:30:00+00:00,2026-07-31 10:30:00+00:00,2026-07-31 10:45:00+00:00,no,0.30000000000000004,500,0.6484375,0.705,0.03156249999999995,14,7.35,1,-157.35000000000002,58176.36599999995
2026-07-31 10:48:00+00:00,2026-07-31 10:45:00+00:00,2026-07-31 11:00:00+00:00,no,0.6,500,0.33753148614609574,0.405,0.04246851385390428,11,8.4,1,-308.4,57867.96599999995
2026-07-31 11:01:00+00:00,2026-07-31 11:00:00+00:00,2026-07-31 11:15:00+00:00,yes,0.7,500,0.798941798941799,0.695,0.078941798941799,13,7.35,0,-357.35,57510.61599999995
2026-07-31 11:18:00+00:00,2026-07-31 11:15:00+00:00,2026-07-31 11:30:00+00:00,yes,0.65,500,0.7621744054360136,0.645,0.09217440543601353,11,7.97,1,167.03,57677.64599999995
2026-07-31 11:30:00+00:00,2026-07-31 11:30:00+00:00,2026-07-31 11:45:00+00:00,no,0.64,500,0.2797297297297297,0.365,0.060270270270270335,14,8.07,0,171.93,57849.57599999995
2026-07-31 12:05:00+00:00,2026-07-31 12:00:00+00:00,2026-07-31 12:15:00+00:00,no,0.88,500,0.06420927467300833,0.125,0.045790725326991695,9,3.7,0,56.3,57905.87599999995
2026-07-31 12:15:00+00:00,2026-07-31 12:15:00+00:00,2026-07-31 12:30:00+00:00,yes,0.37,500,0.45348837209302323,0.365,0.06348837209302323,14,8.16,1,306.84,58212.71599999995
2026-07-31 12:30:00+00:00,2026-07-31 12:30:00+00:00,2026-07-31 12:45:00+00:00,no,0.61,500,0.33753148614609574,0.395,0.03246851385390427,14,8.33,0,186.67,58399.38599999995
2026-07-31 12:48:00+00:00,2026-07-31 12:45:00+00:00,2026-07-31 13:00:00+00:00,yes,0.73,500,0.798941798941799,0.725,0.04894179894179897,11,6.9,1,128.1,58527.485999999946
2026-07-31 13:05:00+00:00,2026-07-31 13:00:00+00:00,2026-07-31 13:15:00+00:00,yes,0.68,500,0.7621744054360136,0.675,0.062174405436013505,9,7.62,0,-347.62,58179.86599999994
2026-07-31 13:15:00+00:00,2026-07-31 13:15:00+00:00,2026-07-31 13:30:00+00:00,yes,0.77,500,0.8292682926829268,0.765,0.03926829268292677,14,6.2,1,108.8,58288.66599999995
2026-07-31 13:30:00+00:00,2026-07-31 13:30:00+00:00,2026-07-31 13:45:00+00:00,no,0.76,500,0.12698412698412698,0.245,0.09301587301587301,14,6.39,0,113.61,58402.27599999995
2026-07-31 13:45:00+00:00,2026-07-31 13:45:00+00:00,2026-07-31 14:00:00+00:00,yes,0.58,500,0.6404255319148936,0.575,0.040425531914893634,14,8.53,0,-298.53,58103.74599999995
2026-07-31 14:00:00+00:00,2026-07-31 14:00:00+00:00,2026-07-31 14:15:00+00:00,yes,0.58,500,0.664179104477612,0.575,0.064179104477612,14,8.53,0,-298.53,57805.21599999995
2026-07-31 14:16:00+00:00,2026-07-31 14:15:00+00:00,2026-07-31 14:30:00+00:00,yes,0.4,500,0.45348837209302323,0.395,0.0334883720930232,13,8.4,0,-208.4,57596.81599999995
2026-07-31 14:39:00+00:00,2026-07-31 14:30:00+00:00,2026-07-31 14:45:00+00:00,no,0.13,500,0.8292682926829268,0.875,0.030731707317073205,5,3.96,1,-68.96,57527.85599999995
2026-07-31 14:54:00+00:00,2026-07-31 14:45:00+00:00,2026-07-31 15:00:00+00:00,yes,0.21,500,0.32786885245901637,0.20500000000000002,0.09786885245901637,5,5.81,1,389.19,57917.04599999995
2026-07-31 15:00:00+00:00,2026-07-31 15:00:00+00:00,2026-07-31 15:15:00+00:00,yes,0.27,500,0.32786885245901637,0.265,0.03786885245901635,14,6.9,0,-141.9,57775.14599999995
2026-07-31 15:31:00+00:00,2026-07-31 15:30:00+00:00,2026-07-31 15:45:00+00:00,yes,0.57,500,0.6239837398373984,0.565,0.033983739837398455,13,8.58,1,206.42,57981.56599999995
2026-07-31 15:57:00+00:00,2026-07-31 15:45:00+00:00,2026-07-31 16:00:00+00:00,no,0.21999999999999997,500,0.6890459363957597,0.785,0.0709540636042403,2,6.01,0,383.99,58365.555999999946
2026-07-31 16:01:00+00:00,2026-07-31 16:00:00+00:00,2026-07-31 16:15:00+00:00,yes,0.73,500,0.782051282051282,0.725,0.03205128205128206,13,6.9,1,128.1,58493.655999999944
2026-07-31 16:17:00+00:00,2026-07-31 16:15:00+00:00,2026-07-31 16:30:00+00:00,no,0.5900000000000001,500,0.34361233480176206,0.415,0.046387665198237796,12,8.47,1,-303.4700000000001,58190.18599999994
2026-07-31 16:31:00+00:00,2026-07-31 16:30:00+00:00,2026-07-31 16:45:00+00:00,no,0.61,500,0.33753148614609574,0.395,0.03246851385390427,13,8.33,0,186.67,58376.85599999994
2026-07-31 16:56:00+00:00,2026-07-31 16:45:00+00:00,2026-07-31 17:00:00+00:00,no,0.09899999999999998,500,0.8537549407114624,0.9015,0.037245059288537614,3,3.13,1,-52.62999999999999,58324.225999999944
2026-07-31 17:01:00+00:00,2026-07-31 17:00:00+00:00,2026-07-31 17:15:00+00:00,yes,0.61,500,0.69375,0.605,0.06374999999999999,13,8.33,1,186.67,58510.89599999994
2026-07-31 17:16:00+00:00,2026-07-31 17:15:00+00:00,2026-07-31 17:30:00+00:00,yes,0.42,500,0.4702886247877759,0.415,0.030288624787775904,13,8.53,1,281.47,58792.36599999994
2026-07-31 17:30:00+00:00,2026-07-31 17:30:00+00:00,2026-07-31 17:45:00+00:00,yes,0.48,500,0.5433333333333336,0.475,0.04333333333333357,14,8.74,1,251.26,59043.625999999946
2026-07-31 17:46:00+00:00,2026-07-31 17:45:00+00:00,2026-07-31 18:00:00+00:00,yes,0.69,500,0.7621744054360136,0.685,0.05217440543601361,13,7.49,1,147.51,59191.13599999995
2026-07-31 18:02:00+00:00,2026-07-31 18:00:00+00:00,2026-07-31 18:15:00+00:00,no,0.53,500,0.4045383411580595,0.475,0.04546165884194055,12,8.72,0,226.28,59417.41599999995
2026-07-31 18:34:00+00:00,2026-07-31 18:30:00+00:00,2026-07-31 18:45:00+00:00,yes,0.49,500,0.5433333333333336,0.485,0.03333333333333356,10,8.75,0,-253.75,59163.66599999995
2026-07-31 18:49:00+00:00,2026-07-31 18:45:00+00:00,2026-07-31 19:00:00+00:00,yes,0.82,500,0.8846675712347354,0.815,0.04466757123473543,10,5.17,1,84.83,59248.49599999995
2026-07-31 19:00:00+00:00,2026-07-31 19:00:00+00:00,2026-07-31 19:15:00+00:00,yes,0.71,500,0.782051282051282,0.705,0.05205128205128208,14,7.21,0,-362.21,58886.28599999995
2026-07-31 19:24:00+00:00,2026-07-31 19:15:00+00:00,2026-07-31 19:30:00+00:00,yes,0.16,500,0.20512820512820512,0.155,0.035128205128205116,5,4.71,0,-84.71,58801.57599999995
2026-07-31 19:33:00+00:00,2026-07-31 19:30:00+00:00,2026-07-31 19:45:00+00:00,yes,0.22,500,0.27133479212253825,0.215,0.031334792122538244,11,6.01,0,-116.01,58685.56599999995
2026-07-31 19:45:00+00:00,2026-07-31 19:45:00+00:00,2026-07-31 20:00:00+00:00,yes,0.55,500,0.6239837398373984,0.545,0.05398373983739836,14,8.67,0,-283.67,58401.89599999995
2026-07-31 20:03:00+00:00,2026-07-31 20:00:00+00:00,2026-07-31 20:15:00+00:00,yes,0.7,500,0.782051282051282,0.695,0.06205128205128209,11,7.35,1,142.65,58544.54599999995
2026-07-31 20:15:00+00:00,2026-07-31 20:15:00+00:00,2026-07-31 20:30:00+00:00,yes,0.68,500,0.7621744054360136,0.675,0.062174405436013505,14,7.62,1,152.38,58696.92599999995
2026-07-31 20:33:00+00:00,2026-07-31 20:30:00+00:00,2026-07-31 20:45:00+00:00,yes,0.51,500,0.5834018077239113,0.505,0.053401807723911246,11,8.75,0,-263.75,58433.17599999995
2026-07-31 20:54:00+00:00,2026-07-31 20:45:00+00:00,2026-07-31 21:00:00+00:00,no,0.81,500,0.10220125786163523,0.195,0.06779874213836469,5,5.39,0,89.61,58522.78599999995
2026-07-31 21:01:00+00:00,2026-07-31 21:00:00+00:00,2026-07-31 21:15:00+00:00,no,0.62,500,0.32786885245901637,0.385,0.03213114754098369,13,8.25,1,-318.25,58204.53599999995
2026-07-31 21:15:00+00:00,2026-07-31 21:15:00+00:00,2026-07-31 21:30:00+00:00,yes,0.46,500,0.5433333333333336,0.455,0.06333333333333353,14,8.7,0,-238.7,57965.83599999995
2026-07-31 21:30:00+00:00,2026-07-31 21:30:00+00:00,2026-07-31 21:45:00+00:00,yes,0.56,500,0.664179104477612,0.555,0.08417910447761191,14,8.63,1,211.37,58177.205999999955
2026-07-31 21:47:00+00:00,2026-07-31 21:45:00+00:00,2026-07-31 22:00:00+00:00,yes,0.64,500,0.798941798941799,0.635,0.13894179894179895,12,8.07,0,-328.07,57849.135999999955
2026-07-31 22:04:00+00:00,2026-07-31 22:00:00+00:00,2026-07-31 22:15:00+00:00,yes,0.51,500,0.5834018077239113,0.505,0.053401807723911246,10,8.75,1,236.25,58085.385999999955
2026-07-31 22:22:00+00:00,2026-07-31 22:15:00+00:00,2026-07-31 22:30:00+00:00,yes,0.68,500,0.798941798941799,0.675,0.0989417989417989,7,7.62,0,-347.62,57737.76599999995
2026-07-31 22:30:00+00:00,2026-07-31 22:30:00+00:00,2026-07-31 22:45:00+00:00,yes,0.39,500,0.5433333333333336,0.385,0.13333333333333355,14,8.33,0,-203.33,57534.43599999995
2026-07-31 22:45:00+00:00,2026-07-31 22:45:00+00:00,2026-07-31 23:00:00+00:00,yes,0.51,500,0.5834018077239113,0.505,0.053401807723911246,14,8.75,0,-263.75,57270.68599999995
2026-07-31 23:02:00+00:00,2026-07-31 23:00:00+00:00,2026-07-31 23:15:00+00:00,yes,0.7,500,0.7621744054360136,0.695,0.0421744054360136,12,7.35,1,142.65,57413.33599999995
2026-07-31 23:16:00+00:00,2026-07-31 23:15:00+00:00,2026-07-31 23:30:00+00:00,no,0.53,500,0.4045383411580595,0.475,0.04546165884194055,13,8.72,1,-273.72,57139.61599999995
2026-07-31 23:30:00+00:00,2026-07-31 23:30:00+00:00,2026-07-31 23:45:00+00:00,yes,0.59,500,0.6847826086956522,0.585,0.07478260869565224,14,8.47,0,-303.47,56836.14599999995
2026-07-31 23:47:00+00:00,2026-07-31 23:45:00+00:00,2026-08-01 00:00:00+00:00,no,0.85,500,0.06420927467300833,0.155,0.07579072532699173,12,4.47,0,70.53,56906.67599999995
2026-08-01 00:01:00+00:00,2026-08-01 00:00:00+00:00,2026-08-01 00:15:00+00:00,yes,0.84,500,0.8846675712347354,0.835,0.03466757123473541,13,4.71,1,75.29,56981.96599999995
2026-08-01 00:15:00+00:00,2026-08-01 00:15:00+00:00,2026-08-01 00:30:00+00:00,yes,0.47,500,0.5433333333333336,0.46499999999999997,0.05333333333333358,14,8.72,1,256.28,57238.24599999995
2026-08-01 00:30:00+00:00,2026-08-01 00:30:00+00:00,2026-08-01 00:45:00+00:00,yes,0.41,500,0.5433333333333336,0.405,0.11333333333333358,14,8.47,1,286.53,57524.77599999995
2026-08-01 00:50:00+00:00,2026-08-01 00:45:00+00:00,2026-08-01 01:00:00+00:00,yes,0.54,500,0.6239837398373984,0.535,0.06398373983739837,9,8.7,0,-278.7,57246.07599999995
2026-08-01 01:00:00+00:00,2026-08-01 01:00:00+00:00,2026-08-01 01:15:00+00:00,yes,0.67,500,0.7621744054360136,0.665,0.07217440543601351,14,7.74,1,157.26,57403.33599999995
2026-08-01 01:15:00+00:00,2026-08-01 01:15:00+00:00,2026-08-01 01:30:00+00:00,yes,0.56,500,0.6404255319148936,0.555,0.06042553191489354,14,8.63,0,-288.63,57114.705999999955
2026-08-01 01:30:00+00:00,2026-08-01 01:30:00+00:00,2026-08-01 01:45:00+00:00,no,0.43000000000000005,500,0.4702886247877759,0.575,0.07971137521222406,14,8.58,1,-223.58000000000004,56891.12599999995
2026-08-01 01:51:00+00:00,2026-08-01 01:45:00+00:00,2026-08-01 02:00:00+00:00,no,0.8200000000000001,500,0.12399999999999999,0.185,0.035999999999999935,8,5.17,0,84.82999999999994,56975.955999999955
2026-08-01 02:01:00+00:00,2026-08-01 02:00:00+00:00,2026-08-01 02:15:00+00:00,yes,0.67,500,0.798941798941799,0.665,0.10894179894179891,13,7.74,1,157.26,57133.21599999996
2026-08-01 02:15:00+00:00,2026-08-01 02:15:00+00:00,2026-08-01 02:30:00+00:00,yes,0.63,500,0.6890459363957597,0.625,0.03904593639575972,14,8.16,1,176.84,57310.05599999995
2026-08-01 02:30:00+00:00,2026-08-01 02:30:00+00:00,2026-08-01 02:45:00+00:00,no,0.53,500,0.4045383411580595,0.475,0.04546165884194055,14,8.72,1,-273.72,57036.33599999995
2026-08-01 02:47:00+00:00,2026-08-01 02:45:00+00:00,2026-08-01 03:00:00+00:00,yes,0.5,500,0.5834018077239113,0.495,0.06340180772391125,12,8.75,0,-258.75,56777.58599999995
2026-08-01 03:05:00+00:00,2026-08-01 03:00:00+00:00,2026-08-01 03:15:00+00:00,no,0.8200000000000001,500,0.10220125786163523,0.185,0.05779874213836468,9,5.17,0,84.82999999999994,56862.415999999954
2026-08-01 03:16:00+00:00,2026-08-01 03:15:00+00:00,2026-08-01 03:30:00+00:00,yes,0.49,500,0.5433333333333336,0.485,0.03333333333333356,13,8.75,1,246.25,57108.665999999954
2026-08-01 03:37:00+00:00,2026-08-01 03:30:00+00:00,2026-08-01 03:45:00+00:00,yes,0.36,500,0.4186046511627907,0.355,0.03860465116279073,7,8.07,0,-188.07,56920.595999999954
2026-08-01 03:46:00+00:00,2026-08-01 03:45:00+00:00,2026-08-01 04:00:00+00:00,yes,0.4,500,0.4881889763779527,0.395,0.0681889763779527,13,8.4,1,291.6,57212.19599999995
2026-08-01 04:00:00+00:00,2026-08-01 04:00:00+00:00,2026-08-01 04:15:00+00:00,yes,0.47,500,0.5433333333333336,0.46499999999999997,0.05333333333333358,14,8.72,1,256.28,57468.47599999995
2026-08-01 04:16:00+00:00,2026-08-01 04:15:00+00:00,2026-08-01 04:30:00+00:00,yes,0.52,500,0.5834018077239113,0.515,0.04340180772391124,13,8.74,1,231.26,57699.73599999995
2026-08-01 04:31:00+00:00,2026-08-01 04:30:00+00:00,2026-08-01 04:45:00+00:00,yes,0.61,500,0.69375,0.605,0.06374999999999999,13,8.33,1,186.67,57886.40599999995
2026-08-01 04:48:00+00:00,2026-08-01 04:45:00+00:00,2026-08-01 05:00:00+00:00,no,0.43999999999999995,500,0.4186046511627907,0.565,0.12139534883720927,11,8.63,1,-228.62999999999997,57657.775999999954
2026-08-01 05:02:00+00:00,2026-08-01 05:00:00+00:00,2026-08-01 05:15:00+00:00,no,0.81,500,0.10220125786163523,0.195,0.06779874213836469,12,5.39,1,-410.39,57247.385999999955
2026-08-01 05:16:00+00:00,2026-08-01 05:15:00+00:00,2026-08-01 05:30:00+00:00,no,0.8,500,0.12399999999999999,0.20500000000000002,0.05599999999999995,13,5.6,0,94.4,57341.78599999996
2026-08-01 05:34:00+00:00,2026-08-01 05:30:00+00:00,2026-08-01 05:45:00+00:00,no,0.52,500,0.4045383411580595,0.485,0.055461658841940556,10,8.74,0,231.26,57573.04599999996
2026-08-01 05:48:00+00:00,2026-08-01 05:45:00+00:00,2026-08-01 06:00:00+00:00,yes,0.35,500,0.4045383411580595,0.345,0.034538341158059496,11,7.97,1,317.03,57890.07599999996
2026-08-01 06:01:00+00:00,2026-08-01 06:00:00+00:00,2026-08-01 06:15:00+00:00,yes,0.42,500,0.47841726618705044,0.415,0.03841726618705045,13,8.53,0,-218.53,57671.54599999996
2026-08-01 06:19:00+00:00,2026-08-01 06:15:00+00:00,2026-08-01 06:30:00+00:00,no,0.38,500,0.5433333333333336,0.625,0.056666666666666435,10,8.25,1,-198.25,57473.29599999996
2026-08-01 06:30:00+00:00,2026-08-01 06:30:00+00:00,2026-08-01 06:45:00+00:00,yes,0.54,500,0.6239837398373984,0.535,0.06398373983739837,14,8.7,0,-278.7,57194.59599999996
2026-08-01 06:46:00+00:00,2026-08-01 06:45:00+00:00,2026-08-01 07:00:00+00:00,yes,0.46,500,0.5433333333333336,0.455,0.06333333333333353,13,8.7,1,261.3,57455.895999999964
2026-08-01 07:00:00+00:00,2026-08-01 07:00:00+00:00,2026-08-01 07:15:00+00:00,yes,0.53,500,0.6239837398373984,0.525,0.07398373983739838,14,8.72,1,226.28,57682.17599999996
2026-08-01 07:17:00+00:00,2026-08-01 07:15:00+00:00,2026-08-01 07:30:00+00:00,no,0.77,500,0.12399999999999999,0.235,0.08599999999999998,12,6.2,0,108.8,57790.975999999966
2026-08-01 07:30:00+00:00,2026-08-01 07:30:00+00:00,2026-08-01 07:45:00+00:00,yes,0.38,500,0.5433333333333336,0.375,0.14333333333333356,14,8.25,0,-198.25,57592.725999999966
2026-08-01 07:48:00+00:00,2026-08-01 07:45:00+00:00,2026-08-01 08:00:00+00:00,no,0.42000000000000004,500,0.45348837209302323,0.585,0.10651162790697678,11,8.53,1,-218.53000000000003,57374.19599999997
2026-08-01 08:00:00+00:00,2026-08-01 08:00:00+00:00,2026-08-01 08:15:00+00:00,yes,0.79,500,0.8846675712347354,0.785,0.07466757123473534,14,5.81,1,99.19,57473.38599999997
2026-08-01 08:18:00+00:00,2026-08-01 08:15:00+00:00,2026-08-01 08:30:00+00:00,yes,0.48,500,0.5433333333333336,0.475,0.04333333333333357,11,8.74,0,-248.74,57224.64599999997
2026-08-01 08:30:00+00:00,2026-08-01 08:30:00+00:00,2026-08-01 08:45:00+00:00,yes,0.67,500,0.7621744054360136,0.665,0.07217440543601351,14,7.74,1,157.26,57381.90599999997
2026-08-01 08:45:00+00:00,2026-08-01 08:45:00+00:00,2026-08-01 09:00:00+00:00,no,0.62,500,0.2797297297297297,0.385,0.08027027027027035,14,8.25,1,-318.25,57063.65599999997
2026-08-01 09:00:00+00:00,2026-08-01 09:00:00+00:00,2026-08-01 09:15:00+00:00,yes,0.52,500,0.5834018077239113,0.515,0.04340180772391124,14,8.74,0,-268.74,56794.915999999976
2026-08-01 09:15:00+00:00,2026-08-01 09:15:00+00:00,2026-08-01 09:30:00+00:00,no,0.35,500,0.5834018077239113,0.655,0.04659819227608876,14,7.97,0,317.03,57111.945999999974
2026-08-01 09:35:00+00:00,2026-08-01 09:30:00+00:00,2026-08-01 09:45:00+00:00,yes,0.47,500,0.5433333333333336,0.46499999999999997,0.05333333333333358,9,8.72,0,-243.72,56868.22599999997
2026-08-01 09:45:00+00:00,2026-08-01 09:45:00+00:00,2026-08-01 10:00:00+00:00,no,0.6,500,0.33753148614609574,0.405,0.04246851385390428,14,8.4,0,191.6,57059.82599999997
2026-08-01 10:00:00+00:00,2026-08-01 10:00:00+00:00,2026-08-01 10:15:00+00:00,yes,0.66,500,0.782051282051282,0.655,0.10205128205128201,14,7.86,0,-337.86,56721.96599999997
2026-08-01 10:36:00+00:00,2026-08-01 10:30:00+00:00,2026-08-01 10:45:00+00:00,yes,0.37,500,0.45348837209302323,0.365,0.06348837209302323,8,8.16,1,306.84,57028.80599999997
2026-08-01 10:45:00+00:00,2026-08-01 10:45:00+00:00,2026-08-01 11:00:00+00:00,yes,0.46,500,0.6239837398373984,0.455,0.1439837398373984,14,8.7,0,-238.7,56790.10599999997
2026-08-01 11:00:00+00:00,2026-08-01 11:00:00+00:00,2026-08-01 11:15:00+00:00,no,0.56,500,0.35175879396984927,0.445,0.06824120603015073,14,8.63,0,211.37,57001.47599999997
2026-08-01 11:17:00+00:00,2026-08-01 11:15:00+00:00,2026-08-01 11:30:00+00:00,no,0.6699999999999999,500,0.2797297297297297,0.335,0.030270270270270423,12,7.74,1,-342.73999999999995,56658.735999999975
2026-08-01 11:32:00+00:00,2026-08-01 11:30:00+00:00,2026-08-01 11:45:00+00:00,yes,0.49,500,0.5433333333333336,0.485,0.03333333333333356,12,8.75,0,-253.75,56404.985999999975
2026-08-01 11:50:00+00:00,2026-08-01 11:45:00+00:00,2026-08-01 12:00:00+00:00,yes,0.57,500,0.6404255319148936,0.565,0.05042553191489364,9,8.58,1,206.42,56611.40599999997
2026-08-01 12:00:00+00:00,2026-08-01 12:00:00+00:00,2026-08-01 12:15:00+00:00,yes,0.74,500,0.8537549407114624,0.735,0.09375494071146241,14,6.74,1,123.26,56734.665999999976
2026-08-01 12:15:00+00:00,2026-08-01 12:15:00+00:00,2026-08-01 12:30:00+00:00,yes,0.39,500,0.5433333333333336,0.385,0.13333333333333355,14,8.33,0,-203.33,56531.335999999974
2026-08-01 12:31:00+00:00,2026-08-01 12:30:00+00:00,2026-08-01 12:45:00+00:00,yes,0.43,500,0.5433333333333336,0.425,0.09333333333333356,13,8.58,0,-223.58,56307.75599999997
2026-08-01 12:49:00+00:00,2026-08-01 12:45:00+00:00,2026-08-01 13:00:00+00:00,no,0.28,500,0.5834018077239113,0.725,0.11659819227608871,10,7.06,1,-147.06,56160.695999999974
2026-08-01 13:01:00+00:00,2026-08-01 13:00:00+00:00,2026-08-01 13:15:00+00:00,no,0.48,500,0.45348837209302323,0.525,0.04651162790697684,13,8.74,0,251.26,56411.95599999998
2026-08-01 13:16:00+00:00,2026-08-01 13:15:00+00:00,2026-08-01 13:30:00+00:00,no,0.61,500,0.33753148614609574,0.395,0.03246851385390427,13,8.33,0,186.67,56598.625999999975
2026-08-01 13:30:00+00:00,2026-08-01 13:30:00+00:00,2026-08-01 13:45:00+00:00,yes,0.49,500,0.5834018077239113,0.485,0.07340180772391126,14,8.75,0,-253.75,56344.875999999975
2026-08-01 13:45:00+00:00,2026-08-01 13:45:00+00:00,2026-08-01 14:00:00+00:00,yes,0.52,500,0.5834018077239113,0.515,0.04340180772391124,14,8.74,0,-268.74,56076.13599999998
2026-08-01 14:03:00+00:00,2026-08-01 14:00:00+00:00,2026-08-01 14:15:00+00:00,yes,0.79,500,0.8846675712347354,0.785,0.07466757123473534,11,5.81,1,99.19,56175.32599999998
2026-08-01 14:15:00+00:00,2026-08-01 14:15:00+00:00,2026-08-01 14:30:00+00:00,no,0.5,500,0.4045383411580595,0.505,0.07546165884194057,14,8.75,1,-258.75,55916.57599999998
2026-08-01 14:32:00+00:00,2026-08-01 14:30:00+00:00,2026-08-01 14:45:00+00:00,no,0.6,500,0.33753148614609574,0.405,0.04246851385390428,12,8.4,0,191.6,56108.17599999998
2026-08-01 14:45:00+00:00,2026-08-01 14:45:00+00:00,2026-08-01 15:00:00+00:00,no,0.4,500,0.4702886247877759,0.605,0.10971137521222409,14,8.4,1,-208.4,55899.775999999976
2026-08-01 15:06:00+00:00,2026-08-01 15:00:00+00:00,2026-08-01 15:15:00+00:00,no,0.38,500,0.5433333333333336,0.625,0.056666666666666435,8,8.25,0,301.75,56201.525999999976
2026-08-01 15:16:00+00:00,2026-08-01 15:15:00+00:00,2026-08-01 15:30:00+00:00,no,0.6599999999999999,500,0.2797297297297297,0.345,0.04027027027027043,13,7.86,0,162.14000000000004,56363.665999999976
2026-08-01 15:33:00+00:00,2026-08-01 15:30:00+00:00,2026-08-01 15:45:00+00:00,no,0.55,500,0.33753148614609574,0.455,0.09246851385390421,11,8.67,0,216.33,56579.99599999998
2026-08-01 15:47:00+00:00,2026-08-01 15:45:00+00:00,2026-08-01 16:00:00+00:00,yes,0.52,500,0.5834018077239113,0.515,0.04340180772391124,12,8.74,0,-268.74,56311.25599999998
2026-08-01 16:00:00+00:00,2026-08-01 16:00:00+00:00,2026-08-01 16:15:00+00:00,yes,0.3,500,0.4045383411580595,0.295,0.08453834115805949,14,7.35,0,-157.35,56153.90599999998
2026-08-01 16:15:00+00:00,2026-08-01 16:15:00+00:00,2026-08-01 16:30:00+00:00,yes,0.53,500,0.7621744054360136,0.525,0.21217440543601354,14,8.72,0,-273.72,55880.18599999998
2026-08-01 16:32:00+00:00,2026-08-01 16:30:00+00:00,2026-08-01 16:45:00+00:00,no,0.45999999999999996,500,0.4702886247877759,0.545,0.04971137521222414,12,8.7,1,-238.69999999999996,55641.48599999998
2026-08-01 16:47:00+00:00,2026-08-01 16:45:00+00:00,2026-08-01 17:00:00+00:00,yes,0.38,500,0.45348837209302323,0.375,0.05348837209302322,12,8.25,0,-198.25,55443.23599999998
2026-08-01 17:00:00+00:00,2026-08-01 17:00:00+00:00,2026-08-01 17:15:00+00:00,no,0.4,500,0.5433333333333336,0.605,0.03666666666666642,14,8.4,0,291.6,55734.83599999998
2026-08-01 17:21:00+00:00,2026-08-01 17:15:00+00:00,2026-08-01 17:30:00+00:00,yes,0.28,500,0.34361233480176206,0.275,0.043612334801762034,8,7.06,0,-147.06,55587.77599999998
2026-08-01 17:32:00+00:00,2026-08-01 17:30:00+00:00,2026-08-01 17:45:00+00:00,yes,0.27,500,0.32786885245901637,0.265,0.03786885245901635,12,6.9,0,-141.9,55445.87599999998
2026-08-01 17:46:00+00:00,2026-08-01 17:45:00+00:00,2026-08-01 18:00:00+00:00,yes,0.21,500,0.2797297297297297,0.20500000000000002,0.04972972972972971,13,5.81,0,-110.81,55335.065999999984
2026-08-01 18:00:00+00:00,2026-08-01 18:00:00+00:00,2026-08-01 18:15:00+00:00,yes,0.4,500,0.45348837209302323,0.395,0.0334883720930232,14,8.4,1,291.6,55626.66599999998
2026-08-01 18:30:00+00:00,2026-08-01 18:30:00+00:00,2026-08-01 18:45:00+00:00,yes,0.27,500,0.33753148614609574,0.265,0.04753148614609572,14,6.9,0,-141.9,55484.76599999998
2026-08-01 18:45:00+00:00,2026-08-01 18:45:00+00:00,2026-08-01 19:00:00+00:00,yes,0.3,500,0.4702886247877759,0.295,0.1502886247877759,14,7.35,1,342.65,55827.41599999998
2026-08-01 19:08:00+00:00,2026-08-01 19:00:00+00:00,2026-08-01 19:15:00+00:00,no,0.19999999999999996,500,0.6404255319148936,0.805,0.13957446808510646,6,5.6,0,394.4,56221.815999999984
2026-08-01 19:15:00+00:00,2026-08-01 19:15:00+00:00,2026-08-01 19:30:00+00:00,yes,0.31,500,0.4045383411580595,0.305,0.07453834115805948,14,7.49,0,-162.49,56059.32599999999
2026-08-01 19:32:00+00:00,2026-08-01 19:30:00+00:00,2026-08-01 19:45:00+00:00,yes,0.48,500,0.5433333333333336,0.475,0.04333333333333357,12,8.74,0,-248.74,55810.58599999999
2026-08-01 19:46:00+00:00,2026-08-01 19:45:00+00:00,2026-08-01 20:00:00+00:00,yes,0.7,500,0.782051282051282,0.695,0.06205128205128209,13,7.35,1,142.65,55953.23599999999
2026-08-01 20:05:00+00:00,2026-08-01 20:00:00+00:00,2026-08-01 20:15:00+00:00,no,0.28,500,0.664179104477612,0.73,0.035820895522388,9,7.06,1,-147.06,55806.17599999999
2026-08-01 20:37:00+00:00,2026-08-01 20:30:00+00:00,2026-08-01 20:45:00+00:00,yes,0.31,500,0.4045383411580595,0.305,0.07453834115805948,7,7.49,0,-162.49,55643.685999999994
2026-08-01 20:45:00+00:00,2026-08-01 20:45:00+00:00,2026-08-01 21:00:00+00:00,yes,0.46,500,0.5433333333333336,0.455,0.06333333333333353,14,8.7,1,261.3,55904.986
2026-08-01 21:03:00+00:00,2026-08-01 21:00:00+00:00,2026-08-01 21:15:00+00:00,yes,0.88,500,0.9276315789473685,0.875,0.03763157894736847,11,3.7,1,56.3,55961.286
2026-08-01 21:23:00+00:00,2026-08-01 21:15:00+00:00,2026-08-01 21:30:00+00:00,no,0.12,500,0.798941798941799,0.885,0.07105820105820106,6,3.7,1,-63.7,55897.586
2026-08-01 21:34:00+00:00,2026-08-01 21:30:00+00:00,2026-08-01 21:45:00+00:00,yes,0.82,500,0.8846675712347354,0.815,0.04466757123473543,10,5.17,1,84.83,55982.416000000005
2026-08-01 21:48:00+00:00,2026-08-01 21:45:00+00:00,2026-08-01 22:00:00+00:00,yes,0.7,500,0.7621744054360136,0.695,0.0421744054360136,11,7.35,1,142.65,56125.066000000006
2026-08-01 22:02:00+00:00,2026-08-01 22:00:00+00:00,2026-08-01 22:15:00+00:00,no,0.6699999999999999,500,0.2797297297297297,0.335,0.030270270270270423,12,7.74,1,-342.73999999999995,55782.32600000001
2026-08-01 22:16:00+00:00,2026-08-01 22:15:00+00:00,2026-08-01 22:30:00+00:00,no,0.61,500,0.33753148614609574,0.395,0.03246851385390427,13,8.33,0,186.67,55968.99600000001
2026-08-01 22:31:00+00:00,2026-08-01 22:30:00+00:00,2026-08-01 22:45:00+00:00,yes,0.49,500,0.5433333333333336,0.485,0.03333333333333356,13,8.75,0,-253.75,55715.24600000001
2026-08-01 22:51:00+00:00,2026-08-01 22:45:00+00:00,2026-08-01 23:00:00+00:00,no,0.6699999999999999,500,0.2797297297297297,0.335,0.030270270270270423,8,7.74,0,157.26000000000005,55872.50600000001
2026-08-01 23:00:00+00:00,2026-08-01 23:00:00+00:00,2026-08-01 23:15:00+00:00,yes,0.65,500,0.798941798941799,0.645,0.12894179894179894,14,7.97,0,-332.97,55539.53600000001
2026-08-01 23:16:00+00:00,2026-08-01 23:15:00+00:00,2026-08-01 23:30:00+00:00,no,0.74,500,0.176,0.265,0.06400000000000007,13,6.74,0,123.26,55662.79600000001
2026-08-01 23:30:00+00:00,2026-08-01 23:30:00+00:00,2026-08-01 23:45:00+00:00,yes,0.55,500,0.6343283582089553,0.545,0.06432835820895523,14,8.67,1,216.33,55879.12600000001
2026-08-01 23:45:00+00:00,2026-08-01 23:45:00+00:00,2026-08-02 00:00:00+00:00,no,0.27,500,0.664179104477612,0.735,0.04582089552238801,14,6.9,1,-141.9,55737.22600000001
2026-08-02 00:00:00+00:00,2026-08-02 00:00:00+00:00,2026-08-02 00:15:00+00:00,yes,0.65,500,0.7621744054360136,0.645,0.09217440543601353,14,7.97,1,167.03,55904.25600000001
2026-08-02 00:15:00+00:00,2026-08-02 00:15:00+00:00,2026-08-02 00:30:00+00:00,no,0.64,500,0.29670329670329665,0.365,0.043296703296703334,14,8.07,0,171.93,56076.18600000001
2026-08-02 00:31:00+00:00,2026-08-02 00:30:00+00:00,2026-08-02 00:45:00+00:00,yes,0.57,500,0.6404255319148936,0.565,0.05042553191489364,13,8.58,0,-293.58,55782.60600000001
2026-08-02 00:45:00+00:00,2026-08-02 00:45:00+00:00,2026-08-02 01:00:00+00:00,yes,0.47,500,0.5433333333333336,0.46499999999999997,0.05333333333333358,14,8.72,0,-243.72,55538.886000000006
2026-08-02 01:01:00+00:00,2026-08-02 01:00:00+00:00,2026-08-02 01:15:00+00:00,yes,0.69,500,0.7621744054360136,0.685,0.05217440543601361,13,7.49,1,147.51,55686.39600000001
2026-08-02 01:15:00+00:00,2026-08-02 01:15:00+00:00,2026-08-02 01:30:00+00:00,yes,0.84,500,0.8846675712347354,0.835,0.03466757123473541,14,4.71,0,-424.71,55261.68600000001
2026-08-02 01:32:00+00:00,2026-08-02 01:30:00+00:00,2026-08-02 01:45:00+00:00,no,0.36,500,0.5433333333333336,0.645,0.07666666666666645,12,8.07,1,-188.07,55073.61600000001
2026-08-02 01:56:00+00:00,2026-08-02 01:45:00+00:00,2026-08-02 02:00:00+00:00,yes,0.17,500,0.25547445255474455,0.165,0.07547445255474454,3,4.94,0,-89.94,54983.67600000001
2026-08-02 02:03:00+00:00,2026-08-02 02:00:00+00:00,2026-08-02 02:15:00+00:00,no,0.84,500,0.10220125786163523,0.165,0.047798742138364776,11,4.71,1,-424.71,54558.96600000001
2026-08-02 02:16:00+00:00,2026-08-02 02:15:00+00:00,2026-08-02 02:30:00+00:00,no,0.47,500,0.4702886247877759,0.535,0.039711375212224134,13,8.72,0,256.28,54815.24600000001
2026-08-02 02:37:00+00:00,2026-08-02 02:30:00+00:00,2026-08-02 02:45:00+00:00,yes,0.26,500,0.34361233480176206,0.255,0.06361233480176205,7,6.74,0,-136.74,54678.50600000001
2026-08-02 02:50:00+00:00,2026-08-02 02:45:00+00:00,2026-08-02 03:00:00+00:00,no,0.29000000000000004,500,0.6484375,0.715,0.04156249999999996,9,7.21,1,-152.21000000000004,54526.29600000001
2026-08-02 03:07:00+00:00,2026-08-02 03:00:00+00:00,2026-08-02 03:15:00+00:00,no,0.49,500,0.45348837209302323,0.515,0.03651162790697683,7,8.75,0,246.25,54772.54600000001
2026-08-02 03:27:00+00:00,2026-08-02 03:15:00+00:00,2026-08-02 03:30:00+00:00,no,0.03700000000000003,500,0.8846675712347354,0.964,0.06833242876526459,2,1.25,1,-19.750000000000018,54752.79600000001
2026-08-02 03:31:00+00:00,2026-08-02 03:30:00+00:00,2026-08-02 03:45:00+00:00,no,0.33999999999999997,500,0.5834018077239113,0.665,0.05659819227608877,13,7.86,1,-177.85999999999999,54574.93600000001
2026-08-02 03:46:00+00:00,2026-08-02 03:45:00+00:00,2026-08-02 04:00:00+00:00,yes,0.49,500,0.5433333333333336,0.485,0.03333333333333356,13,8.75,0,-253.75,54321.18600000001
2026-08-02 04:16:00+00:00,2026-08-02 04:15:00+00:00,2026-08-02 04:30:00+00:00,no,0.72,500,0.176,0.28500000000000003,0.08400000000000009,13,7.06,0,132.94,54454.12600000001
2026-08-02 04:31:00+00:00,2026-08-02 04:30:00+00:00,2026-08-02 04:45:00+00:00,no,0.51,500,0.4186046511627907,0.495,0.05139534883720921,13,8.75,0,236.25,54690.37600000001
2026-08-02 05:01:00+00:00,2026-08-02 05:00:00+00:00,2026-08-02 05:15:00+00:00,yes,0.67,500,0.782051282051282,0.665,0.092051282051282,13,7.74,0,-342.74,54347.63600000001
2026-08-02 05:18:00+00:00,2026-08-02 05:15:00+00:00,2026-08-02 05:30:00+00:00,no,0.5900000000000001,500,0.33753148614609574,0.415,0.05246851385390418,11,8.47,1,-303.4700000000001,54044.16600000001
2026-08-02 05:30:00+00:00,2026-08-02 05:30:00+00:00,2026-08-02 05:45:00+00:00,no,0.4,500,0.47841726618705044,0.605,0.10158273381294948,14,8.4,0,291.6,54335.76600000001
2026-08-02 06:04:00+00:00,2026-08-02 06:00:00+00:00,2026-08-02 06:15:00+00:00,yes,0.71,500,0.7621744054360136,0.705,0.03217440543601359,10,7.21,0,-362.21,53973.55600000001
2026-08-02 06:21:00+00:00,2026-08-02 06:15:00+00:00,2026-08-02 06:30:00+00:00,yes,0.67,500,0.782051282051282,0.665,0.092051282051282,8,7.74,1,157.26,54130.81600000001
2026-08-02 06:32:00+00:00,2026-08-02 06:30:00+00:00,2026-08-02 06:45:00+00:00,no,0.8,500,0.10220125786163523,0.20500000000000002,0.0777987421383647,12,5.6,0,94.4,54225.216000000015
2026-08-02 06:49:00+00:00,2026-08-02 06:45:00+00:00,2026-08-02 07:00:00+00:00,yes,0.51,500,0.5834018077239113,0.505,0.053401807723911246,10,8.75,0,-263.75,53961.466000000015
2026-08-02 07:02:00+00:00,2026-08-02 07:00:00+00:00,2026-08-02 07:15:00+00:00,yes,0.52,500,0.5834018077239113,0.515,0.04340180772391124,12,8.74,1,231.26,54192.72600000002
2026-08-02 07:15:00+00:00,2026-08-02 07:15:00+00:00,2026-08-02 07:30:00+00:00,no,0.35,500,0.5834018077239113,0.655,0.04659819227608876,14,7.97,0,317.03,54509.756000000016
2026-08-02 07:33:00+00:00,2026-08-02 07:30:00+00:00,2026-08-02 07:45:00+00:00,yes,0.52,500,0.5834018077239113,0.515,0.04340180772391124,11,8.74,1,231.26,54741.01600000002
2026-08-02 07:47:00+00:00,2026-08-02 07:45:00+00:00,2026-08-02 08:00:00+00:00,no,0.85,500,0.10220125786163523,0.155,0.03779874213836477,12,4.47,0,70.53,54811.54600000002
2026-08-02 08:01:00+00:00,2026-08-02 08:00:00+00:00,2026-08-02 08:15:00+00:00,no,0.56,500,0.33753148614609574,0.445,0.0824685138539042,13,8.63,0,211.37,55022.91600000002
2026-08-02 08:18:00+00:00,2026-08-02 08:15:00+00:00,2026-08-02 08:30:00+00:00,no,0.61,500,0.33753148614609574,0.395,0.03246851385390427,11,8.33,0,186.67,55209.58600000002
2026-08-02 08:30:00+00:00,2026-08-02 08:30:00+00:00,2026-08-02 08:45:00+00:00,yes,0.51,500,0.5834018077239113,0.505,0.053401807723911246,14,8.75,0,-263.75,54945.83600000002
2026-08-02 08:45:00+00:00,2026-08-02 08:45:00+00:00,2026-08-02 09:00:00+00:00,yes,0.43,500,0.5433333333333336,0.425,0.09333333333333356,14,8.58,0,-223.58,54722.256000000016
2026-08-02 09:00:00+00:00,2026-08-02 09:00:00+00:00,2026-08-02 09:15:00+00:00,yes,0.72,500,0.8125,0.715,0.07250000000000002,14,7.06,1,132.94,54855.19600000002
2026-08-02 09:22:00+00:00,2026-08-02 09:15:00+00:00,2026-08-02 09:30:00+00:00,no,0.36,500,0.5433333333333336,0.645,0.07666666666666645,7,8.07,0,311.93,55167.12600000002
2026-08-02 09:30:00+00:00,2026-08-02 09:30:00+00:00,2026-08-02 09:45:00+00:00,no,0.26,500,0.664179104477612,0.745,0.05582089552238802,14,6.74,1,-136.74,55030.38600000002
2026-08-02 09:47:00+00:00,2026-08-02 09:45:00+00:00,2026-08-02 10:00:00+00:00,yes,0.42,500,0.47841726618705044,0.415,0.03841726618705045,12,8.53,0,-218.53,54811.85600000002
2026-08-02 10:04:00+00:00,2026-08-02 10:00:00+00:00,2026-08-02 10:15:00+00:00,no,0.85,500,0.06420927467300833,0.155,0.07579072532699173,10,4.47,0,70.53,54882.38600000002
2026-08-02 10:16:00+00:00,2026-08-02 10:15:00+00:00,2026-08-02 10:30:00+00:00,yes,0.78,500,0.8537549407114624,0.775,0.053754940711462376,13,6.01,0,-396.01,54486.37600000002
2026-08-02 10:33:00+00:00,2026-08-02 10:30:00+00:00,2026-08-02 10:45:00+00:00,yes,0.85,500,0.9276315789473685,0.845,0.0676315789473685,11,4.47,1,70.53,54556.90600000002
2026-08-02 10:47:00+00:00,2026-08-02 10:45:00+00:00,2026-08-02 11:00:00+00:00,yes,0.48,500,0.5433333333333336,0.475,0.04333333333333357,12,8.74,0,-248.74,54308.16600000002
2026-08-02 11:04:00+00:00,2026-08-02 11:00:00+00:00,2026-08-02 11:15:00+00:00,no,0.81,500,0.12698412698412698,0.195,0.043015873015872966,10,5.39,0,89.61,54397.77600000002
2026-08-02 11:16:00+00:00,2026-08-02 11:15:00+00:00,2026-08-02 11:30:00+00:00,no,0.27,500,0.6404255319148936,0.735,0.06957446808510638,13,6.9,1,-141.9,54255.87600000002
2026-08-02 11:30:00+00:00,2026-08-02 11:30:00+00:00,2026-08-02 11:45:00+00:00,yes,0.22,500,0.2797297297297297,0.215,0.0397297297297297,14,6.01,0,-116.01,54139.866000000016
2026-08-02 11:46:00+00:00,2026-08-02 11:45:00+00:00,2026-08-02 12:00:00+00:00,yes,0.83,500,0.8846675712347354,0.825,0.04466757123473542,13,4.94,0,-419.94,53719.926000000014
2026-08-02 12:01:00+00:00,2026-08-02 12:00:00+00:00,2026-08-02 12:15:00+00:00,yes,0.82,500,0.8846675712347354,0.815,0.04466757123473543,13,5.17,1,84.83,53804.756000000016
2026-08-02 12:15:00+00:00,2026-08-02 12:15:00+00:00,2026-08-02 12:30:00+00:00,no,0.41000000000000003,500,0.47841726618705044,0.595,0.09158273381294947,14,8.47,1,-213.47000000000003,53591.286000000015
2026-08-02 12:37:00+00:00,2026-08-02 12:30:00+00:00,2026-08-02 12:45:00+00:00,yes,0.19,500,0.27133479212253825,0.185,0.06133479212253824,7,5.39,0,-100.39,53490.896000000015
2026-08-02 12:50:00+00:00,2026-08-02 12:45:00+00:00,2026-08-02 13:00:00+00:00,yes,0.42,500,0.4881889763779527,0.415,0.04818897637795273,9,8.53,0,-218.53,53272.366000000016
2026-08-02 13:02:00+00:00,2026-08-02 13:00:00+00:00,2026-08-02 13:15:00+00:00,yes,0.67,500,0.798941798941799,0.665,0.10894179894179891,12,7.74,0,-342.74,52929.62600000002
2026-08-02 13:19:00+00:00,2026-08-02 13:15:00+00:00,2026-08-02 13:30:00+00:00,no,0.88,500,0.06420927467300833,0.125,0.045790725326991695,10,3.7,0,56.3,52985.92600000002
2026-08-02 13:32:00+00:00,2026-08-02 13:30:00+00:00,2026-08-02 13:45:00+00:00,yes,0.56,500,0.6239837398373984,0.555,0.04398373983739835,12,8.63,0,-288.63,52697.296000000024
2026-08-02 13:45:00+00:00,2026-08-02 13:45:00+00:00,2026-08-02 14:00:00+00:00,no,0.31999999999999995,500,0.6239837398373984,0.685,0.036016260162601635,14,7.62,1,-167.61999999999998,52529.67600000002
2026-08-02 14:02:00+00:00,2026-08-02 14:00:00+00:00,2026-08-02 14:15:00+00:00,no,0.8,500,0.10220125786163523,0.20500000000000002,0.0777987421383647,12,5.6,0,94.4,52624.07600000002
2026-08-02 14:17:00+00:00,2026-08-02 14:15:00+00:00,2026-08-02 14:30:00+00:00,yes,0.77,500,0.8297872340425532,0.765,0.039787234042553146,12,6.2,1,108.8,52732.876000000026
2026-08-02 14:30:00+00:00,2026-08-02 14:30:00+00:00,2026-08-02 14:45:00+00:00,yes,0.39,500,0.45348837209302323,0.38,0.04348837209302321,14,8.33,1,296.67,53029.546000000024
2026-08-02 14:45:00+00:00,2026-08-02 14:45:00+00:00,2026-08-02 15:00:00+00:00,yes,0.47,500,0.5433333333333336,0.46499999999999997,0.05333333333333358,14,8.72,0,-243.72,52785.82600000002
2026-08-02 15:01:00+00:00,2026-08-02 15:00:00+00:00,2026-08-02 15:15:00+00:00,yes,0.7,500,0.782051282051282,0.695,0.06205128205128209,13,7.35,1,142.65,52928.476000000024
2026-08-02 15:19:00+00:00,2026-08-02 15:15:00+00:00,2026-08-02 15:30:00+00:00,yes,0.33,500,0.4045383411580595,0.325,0.05453834115805946,10,7.74,1,327.26,53255.736000000026
2026-08-02 15:30:00+00:00,2026-08-02 15:30:00+00:00,2026-08-02 15:45:00+00:00,yes,0.63,500,0.7621744054360136,0.625,0.11217440543601355,14,8.16,1,176.84,53432.57600000002
2026-08-02 15:50:00+00:00,2026-08-02 15:45:00+00:00,2026-08-02 16:00:00+00:00,no,0.88,500,0.06420927467300833,0.125,0.045790725326991695,9,3.7,0,56.3,53488.876000000026
2026-08-02 16:01:00+00:00,2026-08-02 16:00:00+00:00,2026-08-02 16:15:00+00:00,no,0.53,500,0.4186046511627907,0.475,0.031395348837209194,13,8.72,0,226.28,53715.156000000025
2026-08-02 16:15:00+00:00,2026-08-02 16:15:00+00:00,2026-08-02 16:30:00+00:00,yes,0.28,500,0.34361233480176206,0.275,0.043612334801762034,14,7.06,1,352.94,54068.09600000003
2026-08-02 16:30:00+00:00,2026-08-02 16:30:00+00:00,2026-08-02 16:45:00+00:00,yes,0.4,500,0.47841726618705044,0.395,0.05841726618705041,14,8.4,1,291.6,54359.696000000025
2026-08-02 17:00:00+00:00,2026-08-02 17:00:00+00:00,2026-08-02 17:15:00+00:00,yes,0.4,500,0.4881889763779527,0.395,0.0681889763779527,14,8.4,1,291.6,54651.296000000024
2026-08-02 17:17:00+00:00,2026-08-02 17:15:00+00:00,2026-08-02 17:30:00+00:00,yes,0.47,500,0.5433333333333336,0.46499999999999997,0.05333333333333358,12,8.72,1,256.28,54907.57600000002
2026-08-02 17:30:00+00:00,2026-08-02 17:30:00+00:00,2026-08-02 17:45:00+00:00,no,0.37,500,0.5433333333333336,0.635,0.06666666666666644,14,8.16,1,-193.16,54714.41600000002
2026-08-02 17:52:00+00:00,2026-08-02 17:45:00+00:00,2026-08-02 18:00:00+00:00,no,0.45999999999999996,500,0.4702886247877759,0.545,0.04971137521222414,7,8.7,0,261.3,54975.71600000002
2026-08-02 18:02:00+00:00,2026-08-02 18:00:00+00:00,2026-08-02 18:15:00+00:00,yes,0.55,500,0.6239837398373984,0.545,0.05398373983739836,12,8.67,1,216.33,55192.046000000024
2026-08-02 18:19:00+00:00,2026-08-02 18:15:00+00:00,2026-08-02 18:30:00+00:00,yes,0.51,500,0.5834018077239113,0.505,0.053401807723911246,10,8.75,0,-263.75,54928.296000000024
2026-08-02 18:32:00+00:00,2026-08-02 18:30:00+00:00,2026-08-02 18:45:00+00:00,yes,0.5,500,0.6343283582089553,0.495,0.11432835820895527,12,8.75,1,241.25,55169.546000000024
2026-08-02 18:45:00+00:00,2026-08-02 18:45:00+00:00,2026-08-02 19:00:00+00:00,yes,0.22,500,0.27133479212253825,0.215,0.031334792122538244,14,6.01,0,-116.01,55053.53600000002
2026-08-02 19:12:00+00:00,2026-08-02 19:00:00+00:00,2026-08-02 19:15:00+00:00,yes,0.078,500,0.20512820512820512,0.07400000000000001,0.11712820512820511,2,2.52,0,-41.52,55012.016000000025
2026-08-02 19:17:00+00:00,2026-08-02 19:15:00+00:00,2026-08-02 19:30:00+00:00,no,0.5,500,0.42207792207792205,0.505,0.057922077922077944,12,8.75,0,241.25,55253.266000000025
2026-08-02 19:46:00+00:00,2026-08-02 19:45:00+00:00,2026-08-02 20:00:00+00:00,yes,0.85,500,0.9276315789473685,0.845,0.0676315789473685,13,4.47,1,70.53,55323.796000000024
2026-08-02 20:04:00+00:00,2026-08-02 20:00:00+00:00,2026-08-02 20:15:00+00:00,no,0.83,500,0.12399999999999999,0.175,0.03600000000000004,10,4.94,1,-419.94,54903.85600000002
2026-08-02 20:15:00+00:00,2026-08-02 20:15:00+00:00,2026-08-02 20:30:00+00:00,no,0.49,500,0.45348837209302323,0.515,0.03651162790697683,14,8.75,0,246.25,55150.10600000002
2026-08-02 20:32:00+00:00,2026-08-02 20:30:00+00:00,2026-08-02 20:45:00+00:00,yes,0.82,500,0.8846675712347354,0.815,0.04466757123473543,12,5.17,1,84.83,55234.93600000002
2026-08-02 20:46:00+00:00,2026-08-02 20:45:00+00:00,2026-08-02 21:00:00+00:00,yes,0.84,500,0.9276315789473685,0.835,0.07763157894736851,13,4.71,1,75.29,55310.226000000024
2026-08-02 21:01:00+00:00,2026-08-02 21:00:00+00:00,2026-08-02 21:15:00+00:00,no,0.6,500,0.33753148614609574,0.405,0.04246851385390428,13,8.4,1,-308.4,55001.82600000002
2026-08-02 21:25:00+00:00,2026-08-02 21:15:00+00:00,2026-08-02 21:30:00+00:00,yes,0.22,500,0.2797297297297297,0.215,0.0397297297297297,4,6.01,1,383.99,55385.81600000002
2026-08-02 21:32:00+00:00,2026-08-02 21:30:00+00:00,2026-08-02 21:45:00+00:00,no,0.64,500,0.29670329670329665,0.365,0.043296703296703334,12,8.07,1,-328.07,55057.74600000002
2026-08-02 21:49:00+00:00,2026-08-02 21:45:00+00:00,2026-08-02 22:00:00+00:00,no,0.54,500,0.4045383411580595,0.46499999999999997,0.03546165884194054,10,8.7,0,221.3,55279.046000000024
2026-08-02 22:00:00+00:00,2026-08-02 22:00:00+00:00,2026-08-02 22:15:00+00:00,yes,0.73,500,0.8292682926829268,0.725,0.0792682926829268,14,6.9,1,128.1,55407.14600000002
2026-08-02 22:24:00+00:00,2026-08-02 22:15:00+00:00,2026-08-02 22:30:00+00:00,yes,0.16,500,0.25547445255474455,0.155,0.08547445255474455,5,4.71,0,-84.71,55322.43600000002
2026-08-02 22:46:00+00:00,2026-08-02 22:45:00+00:00,2026-08-02 23:00:00+00:00,yes,0.52,500,0.5834018077239113,0.515,0.04340180772391124,13,8.74,0,-268.74,55053.696000000025
2026-08-02 23:03:00+00:00,2026-08-02 23:00:00+00:00,2026-08-02 23:15:00+00:00,yes,0.56,500,0.6239837398373984,0.555,0.04398373983739835,11,8.63,0,-288.63,54765.06600000003
2026-08-02 23:15:00+00:00,2026-08-02 23:15:00+00:00,2026-08-02 23:30:00+00:00,yes,0.47,500,0.5433333333333336,0.46499999999999997,0.05333333333333358,14,8.72,1,256.28,55021.34600000003
2026-08-02 23:33:00+00:00,2026-08-02 23:30:00+00:00,2026-08-02 23:45:00+00:00,yes,0.7,500,0.7621744054360136,0.695,0.0421744054360136,11,7.35,0,-357.35,54663.99600000003
2026-08-02 23:50:00+00:00,2026-08-02 23:45:00+00:00,2026-08-03 00:00:00+00:00,no,0.6,500,0.34361233480176206,0.405,0.0363876651982379,9,8.4,1,-308.4,54355.59600000003
2026-08-03 00:00:00+00:00,2026-08-03 00:00:00+00:00,2026-08-03 00:15:00+00:00,no,0.5900000000000001,500,0.35175879396984927,0.415,0.0382412060301507,14,8.47,0,196.52999999999994,54552.126000000026
2026-08-03 00:15:00+00:00,2026-08-03 00:15:00+00:00,2026-08-03 00:30:00+00:00,yes,0.56,500,0.6239837398373984,0.555,0.04398373983739835,14,8.63,0,-288.63,54263.49600000003
2026-08-03 00:30:00+00:00,2026-08-03 00:30:00+00:00,2026-08-03 00:45:00+00:00,yes,0.36,500,0.4702886247877759,0.355,0.0902886247877759,14,8.07,1,311.93,54575.42600000003
2026-08-03 00:53:00+00:00,2026-08-03 00:45:00+00:00,2026-08-03 01:00:00+00:00,yes,0.33,500,0.4045383411580595,0.325,0.05453834115805946,6,7.74,0,-172.74,54402.68600000003
2026-08-03 01:09:00+00:00,2026-08-03 01:00:00+00:00,2026-08-03 01:15:00+00:00,yes,0.16,500,0.23790322580645162,0.155,0.06790322580645163,5,4.71,0,-84.71,54317.97600000003
2026-08-03 01:15:00+00:00,2026-08-03 01:15:00+00:00,2026-08-03 01:30:00+00:00,yes,0.5,500,0.5834018077239113,0.495,0.06340180772391125,14,8.75,0,-258.75,54059.22600000003
2026-08-03 01:31:00+00:00,2026-08-03 01:30:00+00:00,2026-08-03 01:45:00+00:00,yes,0.74,500,0.798941798941799,0.735,0.03894179894179896,13,6.74,1,123.26,54182.48600000003
2026-08-03 01:51:00+00:00,2026-08-03 01:45:00+00:00,2026-08-03 02:00:00+00:00,yes,0.2,500,0.27133479212253825,0.195,0.051334792122538234,8,5.6,0,-105.6,54076.886000000035
2026-08-03 02:21:00+00:00,2026-08-03 02:15:00+00:00,2026-08-03 02:30:00+00:00,yes,0.83,500,0.8846675712347354,0.825,0.04466757123473542,8,4.94,0,-419.94,53656.94600000003
2026-08-03 02:30:00+00:00,2026-08-03 02:30:00+00:00,2026-08-03 02:45:00+00:00,yes,0.63,500,0.7621744054360136,0.625,0.11217440543601355,14,8.16,1,176.84,53833.78600000003
2026-08-03 02:50:00+00:00,2026-08-03 02:45:00+00:00,2026-08-03 03:00:00+00:00,yes,0.53,500,0.5834018077239113,0.525,0.03340180772391123,9,8.72,0,-273.72,53560.06600000003
2026-08-03 03:00:00+00:00,2026-08-03 03:00:00+00:00,2026-08-03 03:15:00+00:00,no,0.51,500,0.42207792207792205,0.495,0.047922077922077935,14,8.75,0,236.25,53796.31600000003
2026-08-03 03:20:00+00:00,2026-08-03 03:15:00+00:00,2026-08-03 03:30:00+00:00,no,0.5800000000000001,500,0.34361233480176206,0.425,0.056387665198237805,9,8.53,0,201.46999999999994,53997.78600000003
2026-08-03 03:35:00+00:00,2026-08-03 03:30:00+00:00,2026-08-03 03:45:00+00:00,yes,0.49,500,0.5433333333333336,0.485,0.03333333333333356,9,8.75,0,-253.75,53744.03600000003
2026-08-03 03:45:00+00:00,2026-08-03 03:45:00+00:00,2026-08-03 04:00:00+00:00,no,0.6699999999999999,500,0.2797297297297297,0.335,0.030270270270270423,14,7.74,0,157.26000000000005,53901.29600000003
2026-08-03 04:06:00+00:00,2026-08-03 04:00:00+00:00,2026-08-03 04:15:00+00:00,no,0.17000000000000004,500,0.7621744054360136,0.835,0.0578255945639864,8,4.94,0,410.06,54311.35600000003
2026-08-03 04:40:00+00:00,2026-08-03 04:30:00+00:00,2026-08-03 04:45:00+00:00,no,0.08399999999999996,500,0.8537549407114624,0.9165000000000001,0.05224505928853763,4,2.7,0,455.3,54766.65600000003
2026-08-03 04:48:00+00:00,2026-08-03 04:45:00+00:00,2026-08-03 05:00:00+00:00,no,0.6699999999999999,500,0.2797297297297297,0.335,0.030270270270270423,11,7.74,0,157.26000000000005,54923.916000000034
2026-08-03 05:00:00+00:00,2026-08-03 05:00:00+00:00,2026-08-03 05:15:00+00:00,yes,0.75,500,0.8292682926829268,0.745,0.059268292682926785,14,6.57,1,118.43,55042.346000000034
2026-08-03 05:17:00+00:00,2026-08-03 05:15:00+00:00,2026-08-03 05:30:00+00:00,no,0.74,500,0.1875,0.265,0.052500000000000005,12,6.74,0,123.26,55165.606000000036
2026-08-03 05:30:00+00:00,2026-08-03 05:30:00+00:00,2026-08-03 05:45:00+00:00,yes,0.42,500,0.5433333333333336,0.415,0.10333333333333357,14,8.53,0,-218.53,54947.07600000004
2026-08-03 05:47:00+00:00,2026-08-03 05:45:00+00:00,2026-08-03 06:00:00+00:00,yes,0.76,500,0.8292682926829268,0.755,0.049268292682926776,12,6.39,1,113.61,55060.68600000004
2026-08-03 06:01:00+00:00,2026-08-03 06:00:00+00:00,2026-08-03 06:15:00+00:00,yes,0.65,500,0.782051282051282,0.645,0.11205128205128202,13,7.97,1,167.03,55227.71600000004
2026-08-03 06:19:00+00:00,2026-08-03 06:15:00+00:00,2026-08-03 06:30:00+00:00,no,0.76,500,0.15434782608695652,0.245,0.06565217391304347,10,6.39,0,113.61,55341.32600000004
2026-08-03 06:30:00+00:00,2026-08-03 06:30:00+00:00,2026-08-03 06:45:00+00:00,yes,0.59,500,0.6404255319148936,0.585,0.03042553191489363,14,8.47,0,-303.47,55037.856000000036
2026-08-03 06:45:00+00:00,2026-08-03 06:45:00+00:00,2026-08-03 07:00:00+00:00,yes,0.56,500,0.6239837398373984,0.555,0.04398373983739835,14,8.63,0,-288.63,54749.22600000004
2026-08-03 07:05:00+00:00,2026-08-03 07:00:00+00:00,2026-08-03 07:15:00+00:00,yes,0.68,500,0.7621744054360136,0.675,0.062174405436013505,9,7.62,1,152.38,54901.606000000036
2026-08-03 07:16:00+00:00,2026-08-03 07:15:00+00:00,2026-08-03 07:30:00+00:00,yes,0.43,500,0.5433333333333336,0.425,0.09333333333333356,13,8.58,1,276.42,55178.026000000034
2026-08-03 07:30:00+00:00,2026-08-03 07:30:00+00:00,2026-08-03 07:45:00+00:00,yes,0.56,500,0.664179104477612,0.555,0.08417910447761191,14,8.63,0,-288.63,54889.39600000004
2026-08-03 07:51:00+00:00,2026-08-03 07:45:00+00:00,2026-08-03 08:00:00+00:00,no,0.39,500,0.5433333333333336,0.615,0.046666666666666426,8,8.33,0,296.67,55186.066000000035
2026-08-03 08:00:00+00:00,2026-08-03 08:00:00+00:00,2026-08-03 08:15:00+00:00,yes,0.71,500,0.7621744054360136,0.705,0.03217440543601359,14,7.21,0,-362.21,54823.856000000036
2026-08-03 08:18:00+00:00,2026-08-03 08:15:00+00:00,2026-08-03 08:30:00+00:00,no,0.8200000000000001,500,0.10220125786163523,0.185,0.05779874213836468,11,5.17,0,84.82999999999994,54908.68600000004
2026-08-03 08:31:00+00:00,2026-08-03 08:30:00+00:00,2026-08-03 08:45:00+00:00,yes,0.58,500,0.6343283582089553,0.575,0.034328358208955315,13,8.53,1,201.47,55110.15600000004
2026-08-03 08:51:00+00:00,2026-08-03 08:45:00+00:00,2026-08-03 09:00:00+00:00,yes,0.7,500,0.7621744054360136,0.695,0.0421744054360136,8,7.35,1,142.65,55252.80600000004
2026-08-03 09:10:00+00:00,2026-08-03 09:00:00+00:00,2026-08-03 09:15:00+00:00,no,0.12,500,0.8125,0.885,0.0575,4,3.7,1,-63.7,55189.10600000004
2026-08-03 09:19:00+00:00,2026-08-03 09:15:00+00:00,2026-08-03 09:30:00+00:00,yes,0.71,500,0.8125,0.705,0.08250000000000003,10,7.21,1,137.79,55326.896000000044
2026-08-03 09:32:00+00:00,2026-08-03 09:30:00+00:00,2026-08-03 09:45:00+00:00,no,0.45999999999999996,500,0.42207792207792205,0.545,0.09792207792207798,12,8.7,1,-238.69999999999996,55088.19600000005
2026-08-03 10:01:00+00:00,2026-08-03 10:00:00+00:00,2026-08-03 10:15:00+00:00,no,0.75,500,0.176,0.255,0.05400000000000006,13,6.57,0,118.43,55206.62600000005
2026-08-03 10:21:00+00:00,2026-08-03 10:15:00+00:00,2026-08-03 10:30:00+00:00,no,0.52,500,0.42207792207792205,0.485,0.037922077922077926,8,8.74,0,231.26,55437.88600000005
2026-08-03 10:51:00+00:00,2026-08-03 10:45:00+00:00,2026-08-03 11:00:00+00:00,no,0.87,500,0.07692307692307693,0.135,0.04307692307692313,8,3.96,1,-438.96,54998.92600000005
2026-08-03 11:01:00+00:00,2026-08-03 11:00:00+00:00,2026-08-03 11:15:00+00:00,yes,0.19,500,0.2797297297297297,0.185,0.0697297297297297,13,5.39,0,-100.39,54898.53600000005
2026-08-03 11:18:00+00:00,2026-08-03 11:15:00+00:00,2026-08-03 11:30:00+00:00,yes,0.88,500,0.9276315789473685,0.875,0.03763157894736847,11,3.7,1,56.3,54954.836000000054
2026-08-03 11:35:00+00:00,2026-08-03 11:30:00+00:00,2026-08-03 11:45:00+00:00,yes,0.87,500,0.9276315789473685,0.865,0.047631578947368476,9,3.96,0,-438.96,54515.876000000055
2026-08-03 11:45:00+00:00,2026-08-03 11:45:00+00:00,2026-08-03 12:00:00+00:00,yes,0.47,500,0.5433333333333336,0.45999999999999996,0.05333333333333358,14,8.72,0,-243.72,54272.15600000005
2026-08-03 12:00:00+00:00,2026-08-03 12:00:00+00:00,2026-08-03 12:15:00+00:00,yes,0.58,500,0.6343283582089553,0.575,0.034328358208955315,14,8.53,0,-298.53,53973.626000000055
2026-08-03 12:20:00+00:00,2026-08-03 12:15:00+00:00,2026-08-03 12:30:00+00:00,yes,0.87,500,0.9276315789473685,0.865,0.047631578947368476,9,3.96,1,61.04,54034.666000000056
2026-08-03 12:43:00+00:00,2026-08-03 12:30:00+00:00,2026-08-03 12:45:00+00:00,no,0.06000000000000005,500,0.8846675712347354,0.9404999999999999,0.04533242876526456,1,1.98,1,-31.98000000000003,54002.68600000005
2026-08-03 12:46:00+00:00,2026-08-03 12:45:00+00:00,2026-08-03 13:00:00+00:00,yes,0.69,500,0.7621744054360136,0.685,0.05217440543601361,13,7.49,0,-352.49,53650.196000000054
2026-08-03 13:01:00+00:00,2026-08-03 13:00:00+00:00,2026-08-03 13:15:00+00:00,yes,0.7,500,0.798941798941799,0.695,0.078941798941799,13,7.35,1,142.65,53792.846000000056
2026-08-03 13:17:00+00:00,2026-08-03 13:15:00+00:00,2026-08-03 13:30:00+00:00,yes,0.83,500,0.8846675712347354,0.825,0.04466757123473542,12,4.94,0,-419.94,53372.90600000005
2026-08-03 13:31:00+00:00,2026-08-03 13:30:00+00:00,2026-08-03 13:45:00+00:00,no,0.77,500,0.176,0.235,0.034000000000000044,13,6.2,1,-391.2,52981.70600000006
2026-08-03 14:00:00+00:00,2026-08-03 14:00:00+00:00,2026-08-03 14:15:00+00:00,no,0.77,500,0.15434782608695652,0.235,0.05565217391304346,14,6.2,0,108.8,53090.50600000006
2026-08-03 14:38:00+00:00,2026-08-03 14:30:00+00:00,2026-08-03 14:45:00+00:00,yes,0.52,500,0.5834018077239113,0.515,0.04340180772391124,6,8.74,1,231.26,53321.76600000006
2026-08-03 14:53:00+00:00,2026-08-03 14:45:00+00:00,2026-08-03 15:00:00+00:00,yes,0.75,500,0.8125,0.745,0.042499999999999996,6,6.57,1,118.43,53440.19600000006
2026-08-03 15:04:00+00:00,2026-08-03 15:00:00+00:00,2026-08-03 15:15:00+00:00,no,0.63,500,0.29670329670329665,0.375,0.05329670329670334,10,8.16,0,176.84,53617.03600000006
2026-08-03 15:22:00+00:00,2026-08-03 15:15:00+00:00,2026-08-03 15:30:00+00:00,yes,0.22,500,0.27133479212253825,0.215,0.031334792122538244,7,6.01,0,-116.01,53501.026000000056
2026-08-03 15:31:00+00:00,2026-08-03 15:30:00+00:00,2026-08-03 15:45:00+00:00,yes,0.71,500,0.7621744054360136,0.705,0.03217440543601359,13,7.21,1,137.79,53638.81600000006
2026-08-03 16:10:00+00:00,2026-08-03 16:00:00+00:00,2026-08-03 16:15:00+00:00,no,0.17000000000000004,500,0.782051282051282,0.835,0.03794871794871791,4,4.94,1,-89.94000000000001,53548.876000000055
2026-08-03 16:18:00+00:00,2026-08-03 16:15:00+00:00,2026-08-03 16:30:00+00:00,yes,0.69,500,0.7621744054360136,0.685,0.05217440543601361,11,7.49,1,147.51,53696.38600000006
2026-08-03 16:35:00+00:00,2026-08-03 16:30:00+00:00,2026-08-03 16:45:00+00:00,yes,0.21,500,0.27133479212253825,0.20500000000000002,0.04133479212253825,9,5.81,0,-110.81,53585.57600000006
2026-08-03 16:45:00+00:00,2026-08-03 16:45:00+00:00,2026-08-03 17:00:00+00:00,yes,0.7,500,0.7621744054360136,0.695,0.0421744054360136,14,7.35,1,142.65,53728.22600000006
2026-08-03 17:05:00+00:00,2026-08-03 17:00:00+00:00,2026-08-03 17:15:00+00:00,yes,0.71,500,0.7621744054360136,0.705,0.03217440543601359,9,7.21,1,137.79,53866.01600000006
2026-08-03 17:19:00+00:00,2026-08-03 17:15:00+00:00,2026-08-03 17:30:00+00:00,yes,0.35,500,0.4045383411580595,0.345,0.034538341158059496,10,7.97,0,-182.97,53683.04600000006
2026-08-03 17:31:00+00:00,2026-08-03 17:30:00+00:00,2026-08-03 17:45:00+00:00,yes,0.48,500,0.5433333333333336,0.475,0.04333333333333357,13,8.74,1,251.26,53934.30600000006
2026-08-03 17:49:00+00:00,2026-08-03 17:45:00+00:00,2026-08-03 18:00:00+00:00,yes,0.69,500,0.7621744054360136,0.685,0.05217440543601361,10,7.49,1,147.51,54081.816000000064
2026-08-03 18:06:00+00:00,2026-08-03 18:00:00+00:00,2026-08-03 18:15:00+00:00,yes,0.49,500,0.5433333333333336,0.485,0.03333333333333356,8,8.75,1,246.25,54328.066000000064
2026-08-03 18:30:00+00:00,2026-08-03 18:30:00+00:00,2026-08-03 18:45:00+00:00,yes,0.69,500,0.782051282051282,0.685,0.0720512820512821,14,7.49,1,147.51,54475.57600000007
2026-08-03 19:06:00+00:00,2026-08-03 19:00:00+00:00,2026-08-03 19:15:00+00:00,no,0.51,500,0.4045383411580595,0.495,0.06546165884194056,8,8.75,1,-263.75,54211.82600000007
2026-08-03 19:17:00+00:00,2026-08-03 19:15:00+00:00,2026-08-03 19:30:00+00:00,yes,0.73,500,0.8125,0.725,0.06250000000000001,12,6.9,1,128.1,54339.926000000065
2026-08-03 19:32:00+00:00,2026-08-03 19:30:00+00:00,2026-08-03 19:45:00+00:00,yes,0.73,500,0.798941798941799,0.725,0.04894179894179897,12,6.9,0,-371.9,53968.02600000006
2026-08-03 19:54:00+00:00,2026-08-03 19:45:00+00:00,2026-08-03 20:00:00+00:00,no,0.61,500,0.33753148614609574,0.395,0.03246851385390427,5,8.33,0,186.67,54154.69600000006
2026-08-03 20:08:00+00:00,2026-08-03 20:00:00+00:00,2026-08-03 20:15:00+00:00,yes,0.42,500,0.4881889763779527,0.415,0.04818897637795273,6,8.53,1,281.47,54436.16600000006
2026-08-03 20:18:00+00:00,2026-08-03 20:15:00+00:00,2026-08-03 20:30:00+00:00,yes,0.79,500,0.8846675712347354,0.785,0.07466757123473534,11,5.81,1,99.19,54535.356000000065
2026-08-03 20:31:00+00:00,2026-08-03 20:30:00+00:00,2026-08-03 20:45:00+00:00,yes,0.46,500,0.5433333333333336,0.455,0.06333333333333353,13,8.7,0,-238.7,54296.65600000007
2026-08-03 20:45:00+00:00,2026-08-03 20:45:00+00:00,2026-08-03 21:00:00+00:00,no,0.6599999999999999,500,0.2797297297297297,0.345,0.04027027027027043,14,7.86,0,162.14000000000004,54458.79600000007
2026-08-03 21:00:00+00:00,2026-08-03 21:00:00+00:00,2026-08-03 21:15:00+00:00,yes,0.48,500,0.5433333333333336,0.475,0.04333333333333357,14,8.74,0,-248.74,54210.05600000007
2026-08-03 21:15:00+00:00,2026-08-03 21:15:00+00:00,2026-08-03 21:30:00+00:00,yes,0.4,500,0.5433333333333336,0.395,0.12333333333333353,14,8.4,0,-208.4,54001.65600000007
2026-08-03 21:35:00+00:00,2026-08-03 21:30:00+00:00,2026-08-03 21:45:00+00:00,no,0.75,500,0.15434782608695652,0.255,0.07565217391304348,9,6.57,0,118.43,54120.08600000007
2026-08-03 21:45:00+00:00,2026-08-03 21:45:00+00:00,2026-08-03 22:00:00+00:00,yes,0.43,500,0.5433333333333336,0.425,0.09333333333333356,14,8.58,0,-223.58,53896.50600000007
2026-08-03 22:00:00+00:00,2026-08-03 22:00:00+00:00,2026-08-03 22:15:00+00:00,yes,0.57,500,0.6404255319148936,0.565,0.05042553191489364,14,8.58,0,-293.58,53602.926000000065
2026-08-03 22:15:00+00:00,2026-08-03 22:15:00+00:00,2026-08-03 22:30:00+00:00,yes,0.75,500,0.8125,0.745,0.042499999999999996,14,6.57,1,118.43,53721.356000000065
2026-08-03 22:30:00+00:00,2026-08-03 22:30:00+00:00,2026-08-03 22:45:00+00:00,yes,0.45,500,0.5433333333333336,0.445,0.07333333333333354,14,8.67,0,-233.67,53487.68600000007
2026-08-03 22:45:00+00:00,2026-08-03 22:45:00+00:00,2026-08-03 23:00:00+00:00,yes,0.52,500,0.5834018077239113,0.515,0.04340180772391124,14,8.74,1,231.26,53718.94600000007
2026-08-03 23:04:00+00:00,2026-08-03 23:00:00+00:00,2026-08-03 23:15:00+00:00,no,0.61,500,0.33753148614609574,0.395,0.03246851385390427,10,8.33,0,186.67,53905.61600000007
2026-08-03 23:16:00+00:00,2026-08-03 23:15:00+00:00,2026-08-03 23:30:00+00:00,yes,0.73,500,0.798941798941799,0.725,0.04894179894179897,13,6.9,1,128.1,54033.716000000066
2026-08-03 23:30:00+00:00,2026-08-03 23:30:00+00:00,2026-08-03 23:45:00+00:00,yes,0.27,500,0.33753148614609574,0.265,0.04753148614609572,14,6.9,0,-141.9,53891.816000000064
2026-08-03 23:54:00+00:00,2026-08-03 23:45:00+00:00,2026-08-04 00:00:00+00:00,no,0.45999999999999996,500,0.4881889763779527,0.545,0.031811023622047255,5,8.7,1,-238.69999999999996,53653.11600000007
2026-08-04 00:00:00+00:00,2026-08-04 00:00:00+00:00,2026-08-04 00:15:00+00:00,no,0.6799999999999999,500,0.25547445255474455,0.325,0.04452554744525551,14,7.62,0,152.38000000000005,53805.496000000065
2026-08-04 00:21:00+00:00,2026-08-04 00:15:00+00:00,2026-08-04 00:30:00+00:00,yes,0.52,500,0.5834018077239113,0.515,0.04340180772391124,8,8.74,0,-268.74,53536.75600000007
2026-08-04 00:50:00+00:00,2026-08-04 00:45:00+00:00,2026-08-04 01:00:00+00:00,yes,0.74,500,0.798941798941799,0.735,0.03894179894179896,9,6.74,0,-376.74,53160.01600000007
2026-08-04 01:15:00+00:00,2026-08-04 01:15:00+00:00,2026-08-04 01:30:00+00:00,yes,0.57,500,0.6239837398373984,0.565,0.033983739837398455,14,8.58,1,206.42,53366.43600000007
2026-08-04 01:45:00+00:00,2026-08-04 01:45:00+00:00,2026-08-04 02:00:00+00:00,no,0.33999999999999997,500,0.5834018077239113,0.665,0.05659819227608877,14,7.86,1,-177.85999999999999,53188.57600000007
2026-08-04 02:04:00+00:00,2026-08-04 02:00:00+00:00,2026-08-04 02:15:00+00:00,yes,0.27,500,0.32786885245901637,0.265,0.03786885245901635,10,6.9,0,-141.9,53046.676000000065
2026-08-04 02:15:00+00:00,2026-08-04 02:15:00+00:00,2026-08-04 02:30:00+00:00,yes,0.48,500,0.5433333333333336,0.475,0.04333333333333357,14,8.74,0,-248.74,52797.93600000007
2026-08-04 02:34:00+00:00,2026-08-04 02:30:00+00:00,2026-08-04 02:45:00+00:00,yes,0.88,500,0.9276315789473685,0.875,0.03763157894736847,10,3.7,1,56.3,52854.23600000007
2026-08-04 02:48:00+00:00,2026-08-04 02:45:00+00:00,2026-08-04 03:00:00+00:00,yes,0.29,500,0.34361233480176206,0.28500000000000003,0.03361233480176208,11,7.21,0,-152.21,52702.02600000007
2026-08-04 03:06:00+00:00,2026-08-04 03:00:00+00:00,2026-08-04 03:15:00+00:00,no,0.83,500,0.12399999999999999,0.175,0.03600000000000004,8,4.94,0,80.06,52782.08600000007
2026-08-04 03:16:00+00:00,2026-08-04 03:15:00+00:00,2026-08-04 03:30:00+00:00,yes,0.68,500,0.7621744054360136,0.675,0.062174405436013505,13,7.62,1,152.38,52934.466000000066
2026-08-04 03:31:00+00:00,2026-08-04 03:30:00+00:00,2026-08-04 03:45:00+00:00,no,0.28,500,0.664179104477612,0.725,0.035820895522388,13,7.06,1,-147.06,52787.40600000007
2026-08-04 03:45:00+00:00,2026-08-04 03:45:00+00:00,2026-08-04 04:00:00+00:00,no,0.55,500,0.35175879396984927,0.455,0.07824120603015074,14,8.67,0,216.33,53003.73600000007
2026-08-04 04:02:00+00:00,2026-08-04 04:00:00+00:00,2026-08-04 04:15:00+00:00,yes,0.48,500,0.5433333333333336,0.475,0.04333333333333357,12,8.74,1,251.26,53254.99600000007
2026-08-04 04:19:00+00:00,2026-08-04 04:15:00+00:00,2026-08-04 04:30:00+00:00,yes,0.88,500,0.9276315789473685,0.875,0.03763157894736847,10,3.7,1,56.3,53311.296000000075
2026-08-04 04:33:00+00:00,2026-08-04 04:30:00+00:00,2026-08-04 04:45:00+00:00,yes,0.85,500,0.9276315789473685,0.845,0.0676315789473685,11,4.47,1,70.53,53381.826000000074
2026-08-04 04:46:00+00:00,2026-08-04 04:45:00+00:00,2026-08-04 05:00:00+00:00,yes,0.73,500,0.8537549407114624,0.725,0.10375494071146242,13,6.9,1,128.1,53509.92600000007
2026-08-04 05:05:00+00:00,2026-08-04 05:00:00+00:00,2026-08-04 05:15:00+00:00,no,0.89,500,0.06420927467300833,0.11499999999999999,0.035790725326991686,9,3.43,0,51.57,53561.49600000007
2026-08-04 05:15:00+00:00,2026-08-04 05:15:00+00:00,2026-08-04 05:30:00+00:00,yes,0.59,500,0.6404255319148936,0.585,0.03042553191489363,14,8.47,0,-303.47,53258.02600000007
2026-08-04 05:34:00+00:00,2026-08-04 05:30:00+00:00,2026-08-04 05:45:00+00:00,yes,0.47,500,0.5433333333333336,0.46499999999999997,0.05333333333333358,10,8.72,1,256.28,53514.30600000007
2026-08-04 05:46:00+00:00,2026-08-04 05:45:00+00:00,2026-08-04 06:00:00+00:00,no,0.61,500,0.33753148614609574,0.395,0.03246851385390427,13,8.33,0,186.67,53700.97600000007
2026-08-04 06:00:00+00:00,2026-08-04 06:00:00+00:00,2026-08-04 06:15:00+00:00,no,0.74,500,0.20512820512820512,0.265,0.03487179487179494,14,6.74,0,123.26,53824.23600000007
2026-08-04 06:19:00+00:00,2026-08-04 06:15:00+00:00,2026-08-04 06:30:00+00:00,yes,0.86,500,0.9276315789473685,0.855,0.057631578947368485,10,4.22,0,-434.22,53390.01600000007
2026-08-04 06:34:00+00:00,2026-08-04 06:30:00+00:00,2026-08-04 06:45:00+00:00,yes,0.61,500,0.664179104477612,0.605,0.03417910447761198,10,8.33,0,-313.33,53076.68600000007
2026-08-04 06:46:00+00:00,2026-08-04 06:45:00+00:00,2026-08-04 07:00:00+00:00,no,0.49,500,0.45348837209302323,0.515,0.03651162790697683,13,8.75,0,246.25,53322.93600000007
2026-08-04 07:02:00+00:00,2026-08-04 07:00:00+00:00,2026-08-04 07:15:00+00:00,no,0.53,500,0.4045383411580595,0.475,0.04546165884194055,12,8.72,0,226.28,53549.216000000066
2026-08-04 07:15:00+00:00,2026-08-04 07:15:00+00:00,2026-08-04 07:30:00+00:00,no,0.55,500,0.32786885245901637,0.455,0.10213114754098364,14,8.67,1,-283.67,53265.54600000007
2026-08-04 07:37:00+00:00,2026-08-04 07:30:00+00:00,2026-08-04 07:45:00+00:00,no,0.15000000000000002,500,0.798941798941799,0.855,0.04105820105820102,7,4.47,1,-79.47000000000001,53186.07600000007
2026-08-04 07:45:00+00:00,2026-08-04 07:45:00+00:00,2026-08-04 08:00:00+00:00,yes,0.73,500,0.782051282051282,0.725,0.03205128205128206,14,6.9,1,128.1,53314.176000000065
2026-08-04 08:00:00+00:00,2026-08-04 08:00:00+00:00,2026-08-04 08:15:00+00:00,yes,0.5,500,0.5834018077239113,0.495,0.06340180772391125,14,8.75,0,-258.75,53055.426000000065
2026-08-04 08:24:00+00:00,2026-08-04 08:15:00+00:00,2026-08-04 08:30:00+00:00,no,0.85,500,0.06420927467300833,0.155,0.07579072532699173,5,4.47,0,70.53,53125.956000000064
2026-08-04 08:33:00+00:00,2026-08-04 08:30:00+00:00,2026-08-04 08:45:00+00:00,no,0.83,500,0.12399999999999999,0.175,0.03600000000000004,11,4.94,0,80.06,53206.01600000006
2026-08-04 08:45:00+00:00,2026-08-04 08:45:00+00:00,2026-08-04 09:00:00+00:00,no,0.36,500,0.5834018077239113,0.645,0.03659819227608875,14,8.07,0,311.93,53517.94600000006
2026-08-04 09:03:00+00:00,2026-08-04 09:00:00+00:00,2026-08-04 09:15:00+00:00,no,0.55,500,0.35175879396984927,0.455,0.07824120603015074,11,8.67,0,216.33,53734.27600000006
2026-08-04 09:15:00+00:00,2026-08-04 09:15:00+00:00,2026-08-04 09:30:00+00:00,yes,0.45,500,0.5834018077239113,0.445,0.11340180772391124,14,8.67,1,266.33,54000.606000000065
2026-08-04 09:40:00+00:00,2026-08-04 09:30:00+00:00,2026-08-04 09:45:00+00:00,yes,0.18,500,0.25547445255474455,0.175,0.05547445255474455,4,5.17,0,-95.17,53905.43600000007
2026-08-04 09:47:00+00:00,2026-08-04 09:45:00+00:00,2026-08-04 10:00:00+00:00,no,0.6,500,0.33753148614609574,0.405,0.04246851385390428,12,8.4,1,-308.4,53597.036000000066
2026-08-04 10:01:00+00:00,2026-08-04 10:00:00+00:00,2026-08-04 10:15:00+00:00,no,0.75,500,0.176,0.255,0.05400000000000006,13,6.57,0,118.43,53715.466000000066
2026-08-04 10:16:00+00:00,2026-08-04 10:15:00+00:00,2026-08-04 10:30:00+00:00,no,0.78,500,0.15434782608695652,0.225,0.04565217391304345,13,6.01,0,103.99,53819.456000000064
2026-08-04 10:31:00+00:00,2026-08-04 10:30:00+00:00,2026-08-04 10:45:00+00:00,yes,0.48,500,0.5433333333333336,0.475,0.04333333333333357,13,8.74,1,251.26,54070.716000000066
2026-08-04 10:45:00+00:00,2026-08-04 10:45:00+00:00,2026-08-04 11:00:00+00:00,yes,0.85,500,0.9276315789473685,0.845,0.0676315789473685,14,4.47,1,70.53,54141.246000000065
2026-08-04 11:07:00+00:00,2026-08-04 11:00:00+00:00,2026-08-04 11:15:00+00:00,yes,0.2,500,0.27133479212253825,0.195,0.051334792122538234,7,5.6,0,-105.6,54035.646000000066
2026-08-04 11:18:00+00:00,2026-08-04 11:15:00+00:00,2026-08-04 11:30:00+00:00,yes,0.4,500,0.45348837209302323,0.395,0.0334883720930232,11,8.4,1,291.6,54327.246000000065
2026-08-04 11:36:00+00:00,2026-08-04 11:30:00+00:00,2026-08-04 11:45:00+00:00,yes,0.18,500,0.27133479212253825,0.175,0.07133479212253825,8,5.17,1,404.83,54732.07600000007
2026-08-04 11:45:00+00:00,2026-08-04 11:45:00+00:00,2026-08-04 12:00:00+00:00,no,0.31000000000000005,500,0.6343283582089553,0.695,0.035671641791044664,14,7.49,1,-162.49000000000004,54569.58600000007
2026-08-04 12:06:00+00:00,2026-08-04 12:00:00+00:00,2026-08-04 12:15:00+00:00,no,0.83,500,0.12399999999999999,0.175,0.03600000000000004,8,4.94,0,80.06,54649.646000000066
2026-08-04 12:17:00+00:00,2026-08-04 12:15:00+00:00,2026-08-04 12:30:00+00:00,no,0.53,500,0.4045383411580595,0.475,0.04546165884194055,12,8.72,1,-273.72,54375.926000000065
2026-08-04 12:53:00+00:00,2026-08-04 12:45:00+00:00,2026-08-04 13:00:00+00:00,yes,0.46,500,0.5433333333333336,0.455,0.06333333333333353,6,8.7,0,-238.7,54137.22600000007
2026-08-04 13:06:00+00:00,2026-08-04 13:00:00+00:00,2026-08-04 13:15:00+00:00,yes,0.86,500,0.9276315789473685,0.855,0.057631578947368485,8,4.22,1,65.78,54203.00600000007
2026-08-04 13:15:00+00:00,2026-08-04 13:15:00+00:00,2026-08-04 13:30:00+00:00,yes,0.48,500,0.5433333333333336,0.475,0.04333333333333357,14,8.74,0,-248.74,53954.26600000007
2026-08-04 13:30:00+00:00,2026-08-04 13:30:00+00:00,2026-08-04 13:45:00+00:00,yes,0.71,500,0.798941798941799,0.705,0.06894179894179898,14,7.21,1,137.79,54092.05600000007
2026-08-04 13:46:00+00:00,2026-08-04 13:45:00+00:00,2026-08-04 14:00:00+00:00,no,0.85,500,0.06420927467300833,0.155,0.07579072532699173,13,4.47,0,70.53,54162.58600000007
2026-08-04 14:04:00+00:00,2026-08-04 14:00:00+00:00,2026-08-04 14:15:00+00:00,yes,0.74,500,0.798941798941799,0.735,0.03894179894179896,10,6.74,1,123.26,54285.84600000007
2026-08-04 14:28:00+00:00,2026-08-04 14:15:00+00:00,2026-08-04 14:30:00+00:00,no,0.07099999999999995,500,0.8292682926829268,0.9295,0.08973170731707326,1,2.31,1,-37.80999999999998,54248.03600000007
2026-08-04 14:30:00+00:00,2026-08-04 14:30:00+00:00,2026-08-04 14:45:00+00:00,yes,0.57,500,0.6404255319148936,0.565,0.05042553191489364,14,8.58,1,206.42,54454.45600000007
2026-08-04 14:47:00+00:00,2026-08-04 14:45:00+00:00,2026-08-04 15:00:00+00:00,no,0.6,500,0.34361233480176206,0.405,0.0363876651982379,12,8.4,1,-308.4,54146.05600000007
2026-08-04 15:08:00+00:00,2026-08-04 15:00:00+00:00,2026-08-04 15:15:00+00:00,no,0.83,500,0.10220125786163523,0.175,0.057798742138364785,6,4.94,0,80.06,54226.11600000007
2026-08-04 15:33:00+00:00,2026-08-04 15:30:00+00:00,2026-08-04 15:45:00+00:00,no,0.88,500,0.06420927467300833,0.125,0.045790725326991695,11,3.7,1,-443.7,53782.41600000007
2026-08-04 15:45:00+00:00,2026-08-04 15:45:00+00:00,2026-08-04 16:00:00+00:00,no,0.28,500,0.6484375,0.725,0.05156249999999997,14,7.06,1,-147.06,53635.35600000007
2026-08-04 16:05:00+00:00,2026-08-04 16:00:00+00:00,2026-08-04 16:15:00+00:00,no,0.89,500,0.06420927467300833,0.11499999999999999,0.035790725326991686,9,3.43,0,51.57,53686.92600000007
2026-08-04 16:23:00+00:00,2026-08-04 16:15:00+00:00,2026-08-04 16:30:00+00:00,yes,0.87,500,0.9276315789473685,0.865,0.047631578947368476,6,3.96,1,61.04,53747.96600000007
2026-08-04 16:45:00+00:00,2026-08-04 16:45:00+00:00,2026-08-04 17:00:00+00:00,yes,0.57,500,0.6239837398373984,0.565,0.033983739837398455,14,8.58,1,206.42,53954.38600000007
2026-08-04 17:00:00+00:00,2026-08-04 17:00:00+00:00,2026-08-04 17:15:00+00:00,yes,0.68,500,0.7621744054360136,0.675,0.062174405436013505,14,7.62,1,152.38,54106.76600000007
2026-08-04 17:21:00+00:00,2026-08-04 17:15:00+00:00,2026-08-04 17:30:00+00:00,yes,0.62,500,0.6890459363957597,0.615,0.04904593639575973,8,8.25,1,181.75,54288.51600000007
2026-08-04 17:32:00+00:00,2026-08-04 17:30:00+00:00,2026-08-04 17:45:00+00:00,yes,0.49,500,0.5433333333333336,0.485,0.03333333333333356,12,8.75,0,-253.75,54034.76600000007
2026-08-04 18:15:00+00:00,2026-08-04 18:15:00+00:00,2026-08-04 18:30:00+00:00,yes,0.76,500,0.8297872340425532,0.755,0.049787234042553155,14,6.39,1,113.61,54148.37600000007
2026-08-04 18:48:00+00:00,2026-08-04 18:45:00+00:00,2026-08-04 19:00:00+00:00,yes,0.71,500,0.7621744054360136,0.705,0.03217440543601359,11,7.21,1,137.79,54286.16600000007
2026-08-04 19:05:00+00:00,2026-08-04 19:00:00+00:00,2026-08-04 19:15:00+00:00,no,0.45999999999999996,500,0.4881889763779527,0.545,0.031811023622047255,9,8.7,1,-238.69999999999996,54047.46600000007
2026-08-04 19:16:00+00:00,2026-08-04 19:15:00+00:00,2026-08-04 19:30:00+00:00,yes,0.49,500,0.5433333333333336,0.485,0.03333333333333356,13,8.75,0,-253.75,53793.71600000007
2026-08-04 19:30:00+00:00,2026-08-04 19:30:00+00:00,2026-08-04 19:45:00+00:00,yes,0.62,500,0.6847826086956522,0.615,0.04478260869565222,14,8.25,1,181.75,53975.46600000007
2026-08-04 19:47:00+00:00,2026-08-04 19:45:00+00:00,2026-08-04 20:00:00+00:00,yes,0.22,500,0.27133479212253825,0.215,0.031334792122538244,12,6.01,0,-116.01,53859.45600000007
2026-08-04 20:00:00+00:00,2026-08-04 20:00:00+00:00,2026-08-04 20:15:00+00:00,yes,0.24,500,0.29670329670329665,0.235,0.03670329670329665,14,6.39,0,-126.39,53733.06600000007
2026-08-04 20:25:00+00:00,2026-08-04 20:15:00+00:00,2026-08-04 20:30:00+00:00,yes,0.043,500,0.10220125786163523,0.042499999999999996,0.04920125786163523,4,1.45,0,-22.95,53710.116000000075
2026-08-04 20:33:00+00:00,2026-08-04 20:30:00+00:00,2026-08-04 20:45:00+00:00,yes,0.87,500,0.9276315789473685,0.865,0.047631578947368476,11,3.96,1,61.04,53771.156000000075
2026-08-04 20:49:00+00:00,2026-08-04 20:45:00+00:00,2026-08-04 21:00:00+00:00,yes,0.21,500,0.2797297297297297,0.20500000000000002,0.04972972972972971,10,5.81,0,-110.81,53660.34600000008
2026-08-04 21:04:00+00:00,2026-08-04 21:00:00+00:00,2026-08-04 21:15:00+00:00,no,0.6699999999999999,500,0.2797297297297297,0.335,0.030270270270270423,10,7.74,0,157.26000000000005,53817.60600000008
2026-08-04 21:21:00+00:00,2026-08-04 21:15:00+00:00,2026-08-04 21:30:00+00:00,no,0.31000000000000005,500,0.5834018077239113,0.695,0.08659819227608868,8,7.49,1,-162.49000000000004,53655.11600000008
2026-08-04 21:30:00+00:00,2026-08-04 21:30:00+00:00,2026-08-04 21:45:00+00:00,yes,0.37,500,0.45348837209302323,0.365,0.06348837209302323,14,8.16,0,-193.16,53461.95600000008
2026-08-04 22:02:00+00:00,2026-08-04 22:00:00+00:00,2026-08-04 22:15:00+00:00,no,0.79,500,0.15434782608695652,0.215,0.03565217391304344,12,5.81,1,-400.81,53061.14600000008
2026-08-04 22:20:00+00:00,2026-08-04 22:15:00+00:00,2026-08-04 22:30:00+00:00,yes,0.42,500,0.4702886247877759,0.415,0.030288624787775904,9,8.53,1,281.47,53342.61600000008
2026-08-04 22:32:00+00:00,2026-08-04 22:30:00+00:00,2026-08-04 22:45:00+00:00,no,0.49,500,0.45348837209302323,0.515,0.03651162790697683,12,8.75,0,246.25,53588.86600000008
2026-08-04 22:46:00+00:00,2026-08-04 22:45:00+00:00,2026-08-04 23:00:00+00:00,yes,0.53,500,0.5834018077239113,0.525,0.03340180772391123,13,8.72,1,226.28,53815.14600000008
2026-08-04 23:01:00+00:00,2026-08-04 23:00:00+00:00,2026-08-04 23:15:00+00:00,no,0.76,500,0.15434782608695652,0.245,0.06565217391304347,13,6.39,1,-386.39,53428.75600000008
2026-08-04 23:31:00+00:00,2026-08-04 23:30:00+00:00,2026-08-04 23:45:00+00:00,yes,0.49,500,0.5433333333333336,0.485,0.03333333333333356,13,8.75,1,246.25,53675.00600000008
2026-08-04 23:48:00+00:00,2026-08-04 23:45:00+00:00,2026-08-05 00:00:00+00:00,yes,0.22,500,0.2797297297297297,0.215,0.0397297297297297,11,6.01,0,-116.01,53558.99600000008
2026-08-05 00:00:00+00:00,2026-08-05 00:00:00+00:00,2026-08-05 00:15:00+00:00,yes,0.48,500,0.5433333333333336,0.475,0.04333333333333357,14,8.74,0,-248.74,53310.25600000008
2026-08-05 00:24:00+00:00,2026-08-05 00:15:00+00:00,2026-08-05 00:30:00+00:00,yes,0.61,500,0.69375,0.605,0.06374999999999999,5,8.33,1,186.67,53496.92600000008
2026-08-05 00:30:00+00:00,2026-08-05 00:30:00+00:00,2026-08-05 00:45:00+00:00,no,0.25,500,0.69375,0.755,0.03625000000000002,14,6.57,1,-131.57,53365.35600000008
2026-08-05 01:02:00+00:00,2026-08-05 01:00:00+00:00,2026-08-05 01:15:00+00:00,no,0.61,500,0.33753148614609574,0.395,0.03246851385390427,12,8.33,1,-313.33,53052.02600000008
2026-08-05 01:34:00+00:00,2026-08-05 01:30:00+00:00,2026-08-05 01:45:00+00:00,yes,0.84,500,0.8846675712347354,0.835,0.03466757123473541,10,4.71,1,75.29,53127.31600000008
2026-08-05 02:24:00+00:00,2026-08-05 02:15:00+00:00,2026-08-05 02:30:00+00:00,yes,0.19,500,0.27133479212253825,0.185,0.06133479212253824,5,5.39,0,-100.39,53026.92600000008
2026-08-05 02:30:00+00:00,2026-08-05 02:30:00+00:00,2026-08-05 02:45:00+00:00,yes,0.42,500,0.4702886247877759,0.415,0.030288624787775904,14,8.53,1,281.47,53308.39600000008
2026-08-05 02:55:00+00:00,2026-08-05 02:45:00+00:00,2026-08-05 03:00:00+00:00,no,0.56,500,0.3763440860215054,0.445,0.04365591397849457,4,8.63,0,211.37,53519.76600000008
2026-08-05 03:09:00+00:00,2026-08-05 03:00:00+00:00,2026-08-05 03:15:00+00:00,no,0.31000000000000005,500,0.6343283582089553,0.695,0.035671641791044664,5,7.49,0,337.51,53857.276000000085
2026-08-05 03:15:00+00:00,2026-08-05 03:15:00+00:00,2026-08-05 03:30:00+00:00,yes,0.34,500,0.4045383411580595,0.335,0.04453834115805945,14,7.86,0,-177.86,53679.416000000085
2026-08-05 03:30:00+00:00,2026-08-05 03:30:00+00:00,2026-08-05 03:45:00+00:00,yes,0.57,500,0.6404255319148936,0.565,0.05042553191489364,14,8.58,1,206.42,53885.83600000008
2026-08-05 03:45:00+00:00,2026-08-05 03:45:00+00:00,2026-08-05 04:00:00+00:00,yes,0.52,500,0.5834018077239113,0.515,0.04340180772391124,14,8.74,1,231.26,54117.096000000085
2026-08-05 04:07:00+00:00,2026-08-05 04:00:00+00:00,2026-08-05 04:15:00+00:00,yes,0.16,500,0.23790322580645162,0.155,0.06790322580645163,7,4.71,0,-84.71,54032.386000000086
2026-08-05 04:18:00+00:00,2026-08-05 04:15:00+00:00,2026-08-05 04:30:00+00:00,yes,0.33,500,0.4045383411580595,0.325,0.05453834115805946,11,7.74,1,327.26,54359.64600000009
2026-08-05 04:39:00+00:00,2026-08-05 04:30:00+00:00,2026-08-05 04:45:00+00:00,no,0.13,500,0.8125,0.875,0.047499999999999994,5,3.96,1,-68.96,54290.68600000009
2026-08-05 04:53:00+00:00,2026-08-05 04:45:00+00:00,2026-08-05 05:00:00+00:00,yes,0.24,500,0.29670329670329665,0.235,0.03670329670329665,6,6.39,0,-126.39,54164.29600000009
2026-08-05 05:15:00+00:00,2026-08-05 05:15:00+00:00,2026-08-05 05:30:00+00:00,no,0.54,500,0.4045383411580595,0.46499999999999997,0.03546165884194054,14,8.7,1,-278.7,53885.59600000009
2026-08-05 05:46:00+00:00,2026-08-05 05:45:00+00:00,2026-08-05 06:00:00+00:00,no,0.35,500,0.5834018077239113,0.655,0.04659819227608876,13,7.97,0,317.03,54202.62600000009
2026-08-05 06:00:00+00:00,2026-08-05 06:00:00+00:00,2026-08-05 06:15:00+00:00,yes,0.28,500,0.33753148614609574,0.275,0.03753148614609571,14,7.06,0,-147.06,54055.56600000009
2026-08-05 06:15:00+00:00,2026-08-05 06:15:00+00:00,2026-08-05 06:30:00+00:00,no,0.5900000000000001,500,0.35175879396984927,0.415,0.0382412060301507,14,8.47,0,196.52999999999994,54252.09600000009
2026-08-05 06:34:00+00:00,2026-08-05 06:30:00+00:00,2026-08-05 06:45:00+00:00,yes,0.67,500,0.7621744054360136,0.665,0.07217440543601351,10,7.74,0,-342.74,53909.356000000094
2026-08-05 06:46:00+00:00,2026-08-05 06:45:00+00:00,2026-08-05 07:00:00+00:00,no,0.76,500,0.15434782608695652,0.245,0.06565217391304347,13,6.39,0,113.61,54022.966000000095
2026-08-05 07:00:00+00:00,2026-08-05 07:00:00+00:00,2026-08-05 07:15:00+00:00,yes,0.57,500,0.6239837398373984,0.565,0.033983739837398455,14,8.58,0,-293.58,53729.38600000009
2026-08-05 07:19:00+00:00,2026-08-05 07:15:00+00:00,2026-08-05 07:30:00+00:00,no,0.87,500,0.06420927467300833,0.135,0.055790725326991704,10,3.96,0,61.04,53790.426000000094
2026-08-05 07:31:00+00:00,2026-08-05 07:30:00+00:00,2026-08-05 07:45:00+00:00,no,0.47,500,0.45348837209302323,0.535,0.05651162790697685,13,8.72,0,256.28,54046.70600000009
2026-08-05 07:46:00+00:00,2026-08-05 07:45:00+00:00,2026-08-05 08:00:00+00:00,yes,0.78,500,0.8846675712347354,0.775,0.08466757123473535,13,6.01,1,103.99,54150.69600000009
2026-08-05 08:05:00+00:00,2026-08-05 08:00:00+00:00,2026-08-05 08:15:00+00:00,no,0.32999999999999996,500,0.5834018077239113,0.675,0.06659819227608878,9,7.74,1,-172.73999999999998,53977.95600000009
2026-08-05 08:16:00+00:00,2026-08-05 08:15:00+00:00,2026-08-05 08:30:00+00:00,yes,0.3,500,0.4045383411580595,0.295,0.08453834115805949,13,7.35,1,342.65,54320.606000000094
2026-08-05 08:30:00+00:00,2026-08-05 08:30:00+00:00,2026-08-05 08:45:00+00:00,no,0.44999999999999996,500,0.47841726618705044,0.555,0.05158273381294955,14,8.67,0,266.33,54586.936000000096
2026-08-05 08:57:00+00:00,2026-08-05 08:45:00+00:00,2026-08-05 09:00:00+00:00,no,0.61,500,0.32786885245901637,0.395,0.042131147540983696,2,8.33,0,186.67,54773.606000000094
2026-08-05 09:15:00+00:00,2026-08-05 09:15:00+00:00,2026-08-05 09:30:00+00:00,yes,0.49,500,0.5433333333333336,0.485,0.03333333333333356,14,8.75,1,246.25,55019.856000000094
2026-08-05 09:32:00+00:00,2026-08-05 09:30:00+00:00,2026-08-05 09:45:00+00:00,yes,0.66,500,0.7621744054360136,0.655,0.08217440543601352,12,7.86,1,162.14,55181.996000000094
2026-08-05 09:50:00+00:00,2026-08-05 09:45:00+00:00,2026-08-05 10:00:00+00:00,yes,0.71,500,0.798941798941799,0.705,0.06894179894179898,9,7.21,0,-362.21,54819.786000000095
2026-08-05 10:02:00+00:00,2026-08-05 10:00:00+00:00,2026-08-05 10:15:00+00:00,no,0.55,500,0.30039525691699603,0.455,0.12960474308300388,12,8.67,1,-283.67,54536.1160000001
2026-08-05 10:19:00+00:00,2026-08-05 10:15:00+00:00,2026-08-05 10:30:00+00:00,yes,0.33,500,0.4045383411580595,0.325,0.05453834115805946,10,7.74,1,327.26,54863.3760000001
2026-08-05 10:35:00+00:00,2026-08-05 10:30:00+00:00,2026-08-05 10:45:00+00:00,yes,0.2,500,0.2797297297297297,0.195,0.05972972972972969,9,5.6,0,-105.6,54757.7760000001
2026-08-05 10:45:00+00:00,2026-08-05 10:45:00+00:00,2026-08-05 11:00:00+00:00,no,0.6,500,0.33753148614609574,0.405,0.04246851385390428,14,8.4,0,191.6,54949.3760000001
2026-08-05 11:02:00+00:00,2026-08-05 11:00:00+00:00,2026-08-05 11:15:00+00:00,yes,0.69,500,0.7621744054360136,0.685,0.05217440543601361,12,7.49,1,147.51,55096.8860000001
2026-08-05 11:21:00+00:00,2026-08-05 11:15:00+00:00,2026-08-05 11:30:00+00:00,yes,0.27,500,0.33753148614609574,0.265,0.04753148614609572,8,6.9,0,-141.9,54954.9860000001
2026-08-05 11:34:00+00:00,2026-08-05 11:30:00+00:00,2026-08-05 11:45:00+00:00,yes,0.85,500,0.9276315789473685,0.845,0.0676315789473685,10,4.47,1,70.53,55025.5160000001
2026-08-05 11:49:00+00:00,2026-08-05 11:45:00+00:00,2026-08-05 12:00:00+00:00,yes,0.43,500,0.5433333333333336,0.425,0.09333333333333356,10,8.58,0,-223.58,54801.936000000096
2026-08-05 12:03:00+00:00,2026-08-05 12:00:00+00:00,2026-08-05 12:15:00+00:00,yes,0.76,500,0.8537549407114624,0.755,0.0737549407114624,11,6.39,1,113.61,54915.5460000001
2026-08-05 12:17:00+00:00,2026-08-05 12:15:00+00:00,2026-08-05 12:30:00+00:00,yes,0.75,500,0.8292682926829268,0.745,0.059268292682926785,12,6.57,1,118.43,55033.9760000001
2026-08-05 12:30:00+00:00,2026-08-05 12:30:00+00:00,2026-08-05 12:45:00+00:00,no,0.65,500,0.2797297297297297,0.355,0.050270270270270326,14,7.97,0,167.03,55201.006000000096
2026-08-05 13:28:00+00:00,2026-08-05 13:15:00+00:00,2026-08-05 13:30:00+00:00,no,0.39,500,0.5433333333333336,0.615,0.046666666666666426,1,8.33,1,-203.33,54997.676000000094
2026-08-05 13:39:00+00:00,2026-08-05 13:30:00+00:00,2026-08-05 13:45:00+00:00,yes,0.77,500,0.8846675712347354,0.765,0.09466757123473536,5,6.2,1,108.8,55106.4760000001
2026-08-05 14:05:00+00:00,2026-08-05 14:00:00+00:00,2026-08-05 14:15:00+00:00,yes,0.73,500,0.798941798941799,0.725,0.04894179894179897,9,6.9,1,128.1,55234.576000000096
2026-08-05 14:15:00+00:00,2026-08-05 14:15:00+00:00,2026-08-05 14:30:00+00:00,yes,0.53,500,0.5834018077239113,0.525,0.03340180772391123,14,8.72,0,-273.72,54960.856000000094
2026-08-05 14:31:00+00:00,2026-08-05 14:30:00+00:00,2026-08-05 14:45:00+00:00,yes,0.28,500,0.33753148614609574,0.275,0.03753148614609571,13,7.06,1,352.94,55313.7960000001
2026-08-05 14:48:00+00:00,2026-08-05 14:45:00+00:00,2026-08-05 15:00:00+00:00,yes,0.48,500,0.5433333333333336,0.475,0.04333333333333357,11,8.74,1,251.26,55565.0560000001
2026-08-05 15:03:00+00:00,2026-08-05 15:00:00+00:00,2026-08-05 15:15:00+00:00,yes,0.74,500,0.798941798941799,0.735,0.03894179894179896,11,6.74,1,123.26,55688.3160000001
2026-08-05 15:20:00+00:00,2026-08-05 15:15:00+00:00,2026-08-05 15:30:00+00:00,yes,0.25,500,0.32786885245901637,0.245,0.057868852459016365,9,6.57,0,-131.57,55556.7460000001
2026-08-05 16:01:00+00:00,2026-08-05 16:00:00+00:00,2026-08-05 16:15:00+00:00,yes,0.61,500,0.664179104477612,0.605,0.03417910447761198,13,8.33,1,186.67,55743.4160000001
2026-08-05 16:15:00+00:00,2026-08-05 16:15:00+00:00,2026-08-05 16:30:00+00:00,no,0.45999999999999996,500,0.4702886247877759,0.545,0.04971137521222414,14,8.7,1,-238.69999999999996,55504.7160000001
2026-08-05 16:35:00+00:00,2026-08-05 16:30:00+00:00,2026-08-05 16:45:00+00:00,yes,0.17,500,0.23790322580645162,0.165,0.05790322580645161,9,4.94,0,-89.94,55414.7760000001
2026-08-05 16:58:00+00:00,2026-08-05 16:45:00+00:00,2026-08-05 17:00:00+00:00,yes,0.088,500,0.15434782608695652,0.08499999999999999,0.05634782608695652,1,2.81,0,-46.81,55367.9660000001
2026-08-05 17:02:00+00:00,2026-08-05 17:00:00+00:00,2026-08-05 17:15:00+00:00,no,0.47,500,0.4702886247877759,0.535,0.039711375212224134,12,8.72,0,256.28,55624.2460000001
2026-08-05 17:20:00+00:00,2026-08-05 17:15:00+00:00,2026-08-05 17:30:00+00:00,yes,0.27,500,0.34361233480176206,0.265,0.05361233480176204,9,6.9,1,358.1,55982.3460000001
2026-08-05 17:32:00+00:00,2026-08-05 17:30:00+00:00,2026-08-05 17:45:00+00:00,yes,0.49,500,0.5433333333333336,0.485,0.03333333333333356,12,8.75,1,246.25,56228.5960000001
2026-08-05 17:49:00+00:00,2026-08-05 17:45:00+00:00,2026-08-05 18:00:00+00:00,no,0.33999999999999997,500,0.5834018077239113,0.67,0.05659819227608877,10,7.86,1,-177.85999999999999,56050.7360000001
2026-08-05 18:13:00+00:00,2026-08-05 18:00:00+00:00,2026-08-05 18:15:00+00:00,yes,0.41,500,0.6343283582089553,0.405,0.2043283582089553,1,8.47,1,286.53,56337.2660000001
2026-08-05 18:20:00+00:00,2026-08-05 18:15:00+00:00,2026-08-05 18:30:00+00:00,yes,0.46,500,0.5433333333333336,0.455,0.06333333333333353,9,8.7,0,-238.7,56098.5660000001
2026-08-05 18:37:00+00:00,2026-08-05 18:30:00+00:00,2026-08-05 18:45:00+00:00,no,0.30000000000000004,500,0.6404255319148936,0.705,0.039574468085106354,7,7.35,1,-157.35000000000002,55941.2160000001
2026-08-05 18:57:00+00:00,2026-08-05 18:45:00+00:00,2026-08-05 19:00:00+00:00,yes,0.2,500,0.27133479212253825,0.195,0.051334792122538234,2,5.6,0,-105.6,55835.616000000104
2026-08-05 19:03:00+00:00,2026-08-05 19:00:00+00:00,2026-08-05 19:15:00+00:00,yes,0.69,500,0.7621744054360136,0.685,0.05217440543601361,11,7.49,1,147.51,55983.126000000106
2026-08-05 19:40:00+00:00,2026-08-05 19:30:00+00:00,2026-08-05 19:45:00+00:00,yes,0.48,500,0.5433333333333336,0.475,0.04333333333333357,4,8.74,0,-248.74,55734.38600000011
2026-08-05 19:48:00+00:00,2026-08-05 19:45:00+00:00,2026-08-05 20:00:00+00:00,yes,0.27,500,0.33753148614609574,0.265,0.04753148614609572,11,6.9,0,-141.9,55592.486000000106
2026-08-05 20:00:00+00:00,2026-08-05 20:00:00+00:00,2026-08-05 20:15:00+00:00,yes,0.48,500,0.5433333333333336,0.475,0.04333333333333357,14,8.74,1,251.26,55843.74600000011
2026-08-05 20:18:00+00:00,2026-08-05 20:15:00+00:00,2026-08-05 20:30:00+00:00,no,0.54,500,0.4045383411580595,0.46499999999999997,0.03546165884194054,11,8.7,1,-278.7,55565.04600000011
2026-08-05 20:30:00+00:00,2026-08-05 20:30:00+00:00,2026-08-05 20:45:00+00:00,yes,0.5,500,0.5834018077239113,0.495,0.06340180772391125,14,8.75,1,241.25,55806.29600000011
2026-08-05 21:00:00+00:00,2026-08-05 21:00:00+00:00,2026-08-05 21:15:00+00:00,yes,0.26,500,0.32786885245901637,0.255,0.047868852459016356,14,6.74,0,-136.74,55669.55600000011
2026-08-05 21:15:00+00:00,2026-08-05 21:15:00+00:00,2026-08-05 21:30:00+00:00,yes,0.53,500,0.6239837398373984,0.525,0.07398373983739838,14,8.72,0,-273.72,55395.83600000011
2026-08-05 21:30:00+00:00,2026-08-05 21:30:00+00:00,2026-08-05 21:45:00+00:00,yes,0.79,500,0.8846675712347354,0.785,0.07466757123473534,14,5.81,1,99.19,55495.026000000114
2026-08-05 21:54:00+00:00,2026-08-05 21:45:00+00:00,2026-08-05 22:00:00+00:00,no,0.25,500,0.6890459363957597,0.755,0.04095406360424027,5,6.57,1,-131.57,55363.456000000115
2026-08-05 22:04:00+00:00,2026-08-05 22:00:00+00:00,2026-08-05 22:15:00+00:00,no,0.81,500,0.10220125786163523,0.195,0.06779874213836469,10,5.39,0,89.61,55453.066000000115
2026-08-05 22:16:00+00:00,2026-08-05 22:15:00+00:00,2026-08-05 22:30:00+00:00,yes,0.53,500,0.5834018077239113,0.525,0.03340180772391123,13,8.72,1,226.28,55679.346000000114
2026-08-05 22:30:00+00:00,2026-08-05 22:30:00+00:00,2026-08-05 22:45:00+00:00,yes,0.69,500,0.7621744054360136,0.685,0.05217440543601361,14,7.49,0,-352.49,55326.856000000116
2026-08-05 23:06:00+00:00,2026-08-05 23:00:00+00:00,2026-08-05 23:15:00+00:00,yes,0.39,500,0.4702886247877759,0.385,0.06028862478777587,8,8.33,1,296.67,55623.526000000114
2026-08-05 23:16:00+00:00,2026-08-05 23:15:00+00:00,2026-08-05 23:30:00+00:00,yes,0.35,500,0.4045383411580595,0.345,0.034538341158059496,13,7.97,1,317.03,55940.55600000011
2026-08-05 23:40:00+00:00,2026-08-05 23:30:00+00:00,2026-08-05 23:45:00+00:00,yes,0.18,500,0.23790322580645162,0.175,0.037903225806451626,4,5.17,0,-95.17,55845.386000000115
2026-08-05 23:46:00+00:00,2026-08-05 23:45:00+00:00,2026-08-06 00:00:00+00:00,no,0.88,500,0.06420927467300833,0.125,0.045790725326991695,13,3.7,0,56.3,55901.68600000012
2026-08-06 00:04:00+00:00,2026-08-06 00:00:00+00:00,2026-08-06 00:15:00+00:00,no,0.79,500,0.15434782608695652,0.215,0.03565217391304344,10,5.81,0,99.19,56000.87600000012
2026-08-06 00:19:00+00:00,2026-08-06 00:15:00+00:00,2026-08-06 00:30:00+00:00,yes,0.5,500,0.5834018077239113,0.495,0.06340180772391125,10,8.75,1,241.25,56242.12600000012
2026-08-06 00:33:00+00:00,2026-08-06 00:30:00+00:00,2026-08-06 00:45:00+00:00,yes,0.5,500,0.5834018077239113,0.495,0.06340180772391125,11,8.75,0,-258.75,55983.37600000012
2026-08-06 01:09:00+00:00,2026-08-06 01:00:00+00:00,2026-08-06 01:15:00+00:00,yes,0.15,500,0.20512820512820512,0.14500000000000002,0.045128205128205125,5,4.47,0,-79.47,55903.90600000012
2026-08-06 01:17:00+00:00,2026-08-06 01:15:00+00:00,2026-08-06 01:30:00+00:00,yes,0.52,500,0.5834018077239113,0.515,0.04340180772391124,12,8.74,0,-268.74,55635.16600000012
2026-08-06 01:32:00+00:00,2026-08-06 01:30:00+00:00,2026-08-06 01:45:00+00:00,yes,0.7,500,0.8292682926829268,0.695,0.10926829268292683,12,7.35,1,142.65,55777.81600000012
2026-08-06 01:47:00+00:00,2026-08-06 01:45:00+00:00,2026-08-06 02:00:00+00:00,yes,0.84,500,0.8846675712347354,0.835,0.03466757123473541,12,4.71,1,75.29,55853.10600000012
2026-08-06 02:09:00+00:00,2026-08-06 02:00:00+00:00,2026-08-06 02:15:00+00:00,yes,0.33,500,0.4186046511627907,0.325,0.0686046511627907,5,7.74,1,327.26,56180.366000000125
2026-08-06 02:16:00+00:00,2026-08-06 02:15:00+00:00,2026-08-06 02:30:00+00:00,yes,0.2,500,0.27133479212253825,0.195,0.051334792122538234,13,5.6,0,-105.6,56074.76600000013
2026-08-06 02:30:00+00:00,2026-08-06 02:30:00+00:00,2026-08-06 02:45:00+00:00,yes,0.45,500,0.5433333333333336,0.445,0.07333333333333354,14,8.67,1,266.33,56341.09600000013
2026-08-06 02:58:00+00:00,2026-08-06 02:45:00+00:00,2026-08-06 03:00:00+00:00,no,0.03200000000000003,500,0.8846675712347354,0.9684999999999999,0.07333242876526459,1,1.09,1,-17.090000000000014,56324.00600000013
2026-08-06 03:07:00+00:00,2026-08-06 03:00:00+00:00,2026-08-06 03:15:00+00:00,no,0.89,500,0.06420927467300833,0.11499999999999999,0.035790725326991686,7,3.43,0,51.57,56375.57600000013
2026-08-06 03:17:00+00:00,2026-08-06 03:15:00+00:00,2026-08-06 03:30:00+00:00,no,0.76,500,0.1875,0.245,0.03249999999999999,12,6.39,0,113.61,56489.18600000013
2026-08-06 03:30:00+00:00,2026-08-06 03:30:00+00:00,2026-08-06 03:45:00+00:00,yes,0.72,500,0.798941798941799,0.715,0.058941798941798976,14,7.06,0,-367.06,56122.126000000135
2026-08-06 03:48:00+00:00,2026-08-06 03:45:00+00:00,2026-08-06 04:00:00+00:00,yes,0.72,500,0.798941798941799,0.715,0.058941798941798976,11,7.06,1,132.94,56255.06600000014
2026-08-06 04:16:00+00:00,2026-08-06 04:15:00+00:00,2026-08-06 04:30:00+00:00,yes,0.75,500,0.8125,0.745,0.042499999999999996,13,6.57,1,118.43,56373.49600000014
2026-08-06 04:31:00+00:00,2026-08-06 04:30:00+00:00,2026-08-06 04:45:00+00:00,yes,0.71,500,0.7621744054360136,0.705,0.03217440543601359,13,7.21,0,-362.21,56011.28600000014
2026-08-06 05:01:00+00:00,2026-08-06 05:00:00+00:00,2026-08-06 05:15:00+00:00,yes,0.79,500,0.8537549407114624,0.785,0.04375494071146237,13,5.81,1,99.19,56110.47600000014
2026-08-06 05:15:00+00:00,2026-08-06 05:15:00+00:00,2026-08-06 05:30:00+00:00,no,0.53,500,0.4186046511627907,0.475,0.031395348837209194,14,8.72,0,226.28,56336.75600000014
2026-08-06 05:31:00+00:00,2026-08-06 05:30:00+00:00,2026-08-06 05:45:00+00:00,no,0.32999999999999996,500,0.5834018077239113,0.675,0.06659819227608878,13,7.74,0,327.26,56664.01600000014
2026-08-06 05:52:00+00:00,2026-08-06 05:45:00+00:00,2026-08-06 06:00:00+00:00,yes,0.27,500,0.33753148614609574,0.265,0.04753148614609572,7,6.9,1,358.1,57022.11600000014
2026-08-06 06:00:00+00:00,2026-08-06 06:00:00+00:00,2026-08-06 06:15:00+00:00,no,0.6599999999999999,500,0.2797297297297297,0.345,0.04027027027027043,14,7.86,0,162.14000000000004,57184.25600000014
2026-08-06 06:23:00+00:00,2026-08-06 06:15:00+00:00,2026-08-06 06:30:00+00:00,yes,0.53,500,0.6239837398373984,0.525,0.07398373983739838,6,8.72,1,226.28,57410.53600000014
2026-08-06 06:32:00+00:00,2026-08-06 06:30:00+00:00,2026-08-06 06:45:00+00:00,yes,0.57,500,0.6239837398373984,0.56,0.033983739837398455,12,8.58,1,206.42,57616.95600000014
2026-08-06 09:23:00+00:00,2026-08-06 09:15:00+00:00,2026-08-06 09:30:00+00:00,no,0.21999999999999997,500,0.6890459363957597,0.785,0.0709540636042403,6,6.01,0,383.99,58000.946000000135
2026-08-06 09:33:00+00:00,2026-08-06 09:30:00+00:00,2026-08-06 09:45:00+00:00,yes,0.16,500,0.23790322580645162,0.155,0.06790322580645163,11,4.71,0,-84.71,57916.236000000135
2026-08-06 09:45:00+00:00,2026-08-06 09:45:00+00:00,2026-08-06 10:00:00+00:00,yes,0.4,500,0.45348837209302323,0.395,0.0334883720930232,14,8.4,1,291.6,58207.836000000134
2026-08-06 10:02:00+00:00,2026-08-06 10:00:00+00:00,2026-08-06 10:15:00+00:00,yes,0.34,500,0.4045383411580595,0.335,0.04453834115805945,12,7.86,0,-177.86,58029.97600000013
2026-08-06 10:16:00+00:00,2026-08-06 10:15:00+00:00,2026-08-06 10:30:00+00:00,yes,0.69,500,0.7621744054360136,0.685,0.05217440543601361,13,7.49,1,147.51,58177.486000000135
2026-08-06 10:36:00+00:00,2026-08-06 10:30:00+00:00,2026-08-06 10:45:00+00:00,no,0.78,500,0.15434782608695652,0.225,0.04565217391304345,8,6.01,0,103.99,58281.47600000013
2026-08-06 10:46:00+00:00,2026-08-06 10:45:00+00:00,2026-08-06 11:00:00+00:00,yes,0.48,500,0.5433333333333336,0.475,0.04333333333333357,13,8.74,0,-248.74,58032.736000000135
2026-08-06 11:00:00+00:00,2026-08-06 11:00:00+00:00,2026-08-06 11:15:00+00:00,no,0.6,500,0.33753148614609574,0.405,0.04246851385390428,14,8.4,0,191.6,58224.336000000134
2026-08-06 11:18:00+00:00,2026-08-06 11:15:00+00:00,2026-08-06 11:30:00+00:00,yes,0.84,500,0.8846675712347354,0.835,0.03466757123473541,11,4.71,1,75.29,58299.626000000135
2026-08-06 11:31:00+00:00,2026-08-06 11:30:00+00:00,2026-08-06 11:45:00+00:00,yes,0.74,500,0.8292682926829268,0.735,0.0692682926829268,13,6.74,1,123.26,58422.88600000014
2026-08-06 11:50:00+00:00,2026-08-06 11:45:00+00:00,2026-08-06 12:00:00+00:00,no,0.8,500,0.10220125786163523,0.20500000000000002,0.0777987421383647,9,5.6,0,94.4,58517.28600000014
2026-08-06 12:01:00+00:00,2026-08-06 12:00:00+00:00,2026-08-06 12:15:00+00:00,no,0.85,500,0.10220125786163523,0.155,0.03779874213836477,13,4.47,0,70.53,58587.81600000014
2026-08-06 12:18:00+00:00,2026-08-06 12:15:00+00:00,2026-08-06 12:30:00+00:00,no,0.65,500,0.29670329670329665,0.355,0.033296703296703326,11,7.97,1,-332.97,58254.846000000136
2026-08-06 12:32:00+00:00,2026-08-06 12:30:00+00:00,2026-08-06 12:45:00+00:00,no,0.5800000000000001,500,0.34361233480176206,0.425,0.056387665198237805,12,8.53,0,201.46999999999994,58456.31600000014
2026-08-06 12:47:00+00:00,2026-08-06 12:45:00+00:00,2026-08-06 13:00:00+00:00,no,0.54,500,0.4045383411580595,0.46499999999999997,0.03546165884194054,12,8.7,0,221.3,58677.61600000014
2026-08-06 13:04:00+00:00,2026-08-06 13:00:00+00:00,2026-08-06 13:15:00+00:00,no,0.79,500,0.12698412698412698,0.215,0.06301587301587298,10,5.81,0,99.19,58776.80600000014
2026-08-06 13:15:00+00:00,2026-08-06 13:15:00+00:00,2026-08-06 13:30:00+00:00,yes,0.46,500,0.5433333333333336,0.455,0.06333333333333353,14,8.7,0,-238.7,58538.106000000145
2026-08-06 13:34:00+00:00,2026-08-06 13:30:00+00:00,2026-08-06 13:45:00+00:00,yes,0.5,500,0.5834018077239113,0.495,0.06340180772391125,10,8.75,1,241.25,58779.356000000145
2026-08-06 13:46:00+00:00,2026-08-06 13:45:00+00:00,2026-08-06 14:00:00+00:00,yes,0.55,500,0.6239837398373984,0.545,0.05398373983739836,13,8.67,1,216.33,58995.68600000015
2026-08-06 14:26:00+00:00,2026-08-06 14:15:00+00:00,2026-08-06 14:30:00+00:00,yes,0.21,500,0.2797297297297297,0.20500000000000002,0.04972972972972971,3,5.81,0,-110.81,58884.87600000015
2026-08-06 14:57:00+00:00,2026-08-06 14:45:00+00:00,2026-08-06 15:00:00+00:00,yes,0.21,500,0.27133479212253825,0.20500000000000002,0.04133479212253825,2,5.81,0,-110.81,58774.06600000015
2026-08-06 15:24:00+00:00,2026-08-06 15:15:00+00:00,2026-08-06 15:30:00+00:00,no,0.83,500,0.12698412698412698,0.175,0.03301587301587306,5,4.94,0,80.06,58854.12600000015
2026-08-06 15:48:00+00:00,2026-08-06 15:45:00+00:00,2026-08-06 16:00:00+00:00,yes,0.81,500,0.8846675712347354,0.805,0.05466757123473533,11,5.39,0,-410.39,58443.73600000015
2026-08-06 16:05:00+00:00,2026-08-06 16:00:00+00:00,2026-08-06 16:15:00+00:00,yes,0.6,500,0.664179104477612,0.595,0.04417910447761199,9,8.4,0,-308.4,58135.33600000015
2026-08-06 16:19:00+00:00,2026-08-06 16:15:00+00:00,2026-08-06 16:30:00+00:00,yes,0.71,500,0.7621744054360136,0.705,0.03217440543601359,10,7.21,1,137.79,58273.12600000015
2026-08-06 16:30:00+00:00,2026-08-06 16:30:00+00:00,2026-08-06 16:45:00+00:00,yes,0.67,500,0.7621744054360136,0.665,0.07217440543601351,14,7.74,1,157.26,58430.38600000015
2026-08-06 17:00:00+00:00,2026-08-06 17:00:00+00:00,2026-08-06 17:15:00+00:00,yes,0.74,500,0.798941798941799,0.735,0.03894179894179896,14,6.74,0,-376.74,58053.64600000015
2026-08-06 17:17:00+00:00,2026-08-06 17:15:00+00:00,2026-08-06 17:30:00+00:00,yes,0.48,500,0.5433333333333336,0.475,0.04333333333333357,12,8.74,0,-248.74,57804.906000000155
2026-08-06 17:31:00+00:00,2026-08-06 17:30:00+00:00,2026-08-06 17:45:00+00:00,yes,0.49,500,0.5433333333333336,0.485,0.03333333333333356,13,8.75,0,-253.75,57551.156000000155
2026-08-06 17:46:00+00:00,2026-08-06 17:45:00+00:00,2026-08-06 18:00:00+00:00,yes,0.73,500,0.782051282051282,0.725,0.03205128205128206,13,6.9,1,128.1,57679.256000000154
2026-08-06 18:00:00+00:00,2026-08-06 18:00:00+00:00,2026-08-06 18:15:00+00:00,no,0.54,500,0.4045383411580595,0.46499999999999997,0.03546165884194054,14,8.7,0,221.3,57900.55600000016
2026-08-06 18:21:00+00:00,2026-08-06 18:15:00+00:00,2026-08-06 18:30:00+00:00,yes,0.84,500,0.8846675712347354,0.835,0.03466757123473541,8,4.71,0,-424.71,57475.84600000016
2026-08-06 18:30:00+00:00,2026-08-06 18:30:00+00:00,2026-08-06 18:45:00+00:00,no,0.6,500,0.34361233480176206,0.405,0.0363876651982379,14,8.4,0,191.6,57667.446000000156
2026-08-06 18:45:00+00:00,2026-08-06 18:45:00+00:00,2026-08-06 19:00:00+00:00,yes,0.62,500,0.69375,0.615,0.05374999999999998,14,8.25,0,-318.25,57349.196000000156
2026-08-06 19:00:00+00:00,2026-08-06 19:00:00+00:00,2026-08-06 19:15:00+00:00,yes,0.6,500,0.664179104477612,0.595,0.04417910447761199,14,8.4,1,191.6,57540.796000000155
2026-08-06 19:16:00+00:00,2026-08-06 19:15:00+00:00,2026-08-06 19:30:00+00:00,yes,0.43,500,0.4881889763779527,0.425,0.038188976377952724,13,8.58,0,-223.58,57317.21600000015
2026-08-06 19:34:00+00:00,2026-08-06 19:30:00+00:00,2026-08-06 19:45:00+00:00,yes,0.53,500,0.5834018077239113,0.525,0.03340180772391123,10,8.72,1,226.28,57543.49600000015
2026-08-06 19:46:00+00:00,2026-08-06 19:45:00+00:00,2026-08-06 20:00:00+00:00,yes,0.55,500,0.6239837398373984,0.545,0.05398373983739836,13,8.67,1,216.33,57759.826000000154
2026-08-06 20:00:00+00:00,2026-08-06 20:00:00+00:00,2026-08-06 20:15:00+00:00,yes,0.72,500,0.8292682926829268,0.715,0.08926829268292681,14,7.06,1,132.94,57892.766000000156
2026-08-06 20:15:00+00:00,2026-08-06 20:15:00+00:00,2026-08-06 20:30:00+00:00,yes,0.48,500,0.5433333333333336,0.475,0.04333333333333357,14,8.74,0,-248.74,57644.02600000016
2026-08-06 20:33:00+00:00,2026-08-06 20:30:00+00:00,2026-08-06 20:45:00+00:00,yes,0.57,500,0.6239837398373984,0.565,0.033983739837398455,11,8.58,0,-293.58,57350.446000000156
2026-08-06 20:47:00+00:00,2026-08-06 20:45:00+00:00,2026-08-06 21:00:00+00:00,yes,0.49,500,0.5433333333333336,0.485,0.03333333333333356,12,8.75,0,-253.75,57096.696000000156
2026-08-06 21:00:00+00:00,2026-08-06 21:00:00+00:00,2026-08-06 21:15:00+00:00,yes,0.7,500,0.8125,0.69,0.09250000000000004,14,7.35,1,142.65,57239.34600000016
2026-08-06 21:15:00+00:00,2026-08-06 21:15:00+00:00,2026-08-06 21:30:00+00:00,yes,0.6,500,0.7621744054360136,0.595,0.1421744054360136,14,8.4,0,-308.4,56930.946000000156
2026-08-06 21:30:00+00:00,2026-08-06 21:30:00+00:00,2026-08-06 21:45:00+00:00,yes,0.64,500,0.7621744054360136,0.635,0.10217440543601354,14,8.07,1,171.93,57102.87600000016
2026-08-06 21:45:00+00:00,2026-08-06 21:45:00+00:00,2026-08-06 22:00:00+00:00,yes,0.35,500,0.45348837209302323,0.345,0.08348837209302325,14,7.97,0,-182.97,56919.906000000155
2026-08-06 22:02:00+00:00,2026-08-06 22:00:00+00:00,2026-08-06 22:15:00+00:00,no,0.6699999999999999,500,0.27133479212253825,0.335,0.038665207877461874,12,7.74,0,157.26000000000005,57077.16600000016
2026-08-06 22:19:00+00:00,2026-08-06 22:15:00+00:00,2026-08-06 22:30:00+00:00,yes,0.19,500,0.27133479212253825,0.185,0.06133479212253824,10,5.39,0,-100.39,56976.77600000016
2026-08-06 22:31:00+00:00,2026-08-06 22:30:00+00:00,2026-08-06 22:45:00+00:00,yes,0.53,500,0.5834018077239113,0.525,0.03340180772391123,13,8.72,0,-273.72,56703.05600000016
2026-08-06 22:45:00+00:00,2026-08-06 22:45:00+00:00,2026-08-06 23:00:00+00:00,yes,0.76,500,0.8292682926829268,0.755,0.049268292682926776,14,6.39,1,113.61,56816.66600000016
2026-08-06 23:07:00+00:00,2026-08-06 23:00:00+00:00,2026-08-06 23:15:00+00:00,yes,0.58,500,0.664179104477612,0.575,0.064179104477612,7,8.53,0,-298.53,56518.13600000016
2026-08-06 23:32:00+00:00,2026-08-06 23:30:00+00:00,2026-08-06 23:45:00+00:00,yes,0.53,500,0.5834018077239113,0.525,0.03340180772391123,12,8.72,0,-273.72,56244.41600000016
2026-08-07 00:02:00+00:00,2026-08-07 00:00:00+00:00,2026-08-07 00:15:00+00:00,yes,0.77,500,0.8292682926829268,0.765,0.03926829268292677,12,6.2,0,-391.2,55853.21600000016
2026-08-07 00:20:00+00:00,2026-08-07 00:15:00+00:00,2026-08-07 00:30:00+00:00,yes,0.2,500,0.27133479212253825,0.195,0.051334792122538234,9,5.6,0,-105.6,55747.61600000016
2026-08-07 00:31:00+00:00,2026-08-07 00:30:00+00:00,2026-08-07 00:45:00+00:00,yes,0.25,500,0.33753148614609574,0.245,0.06753148614609573,13,6.57,1,368.43,56116.04600000016
2026-08-07 00:48:00+00:00,2026-08-07 00:45:00+00:00,2026-08-07 01:00:00+00:00,yes,0.22,500,0.27133479212253825,0.215,0.031334792122538244,11,6.01,0,-116.01,56000.03600000016
2026-08-07 01:31:00+00:00,2026-08-07 01:30:00+00:00,2026-08-07 01:45:00+00:00,no,0.43999999999999995,500,0.4881889763779527,0.565,0.05181102362204727,13,8.63,0,271.37,56271.40600000016
2026-08-07 01:45:00+00:00,2026-08-07 01:45:00+00:00,2026-08-07 02:00:00+00:00,yes,0.73,500,0.782051282051282,0.725,0.03205128205128206,14,6.9,1,128.1,56399.50600000016
2026-08-07 02:04:00+00:00,2026-08-07 02:00:00+00:00,2026-08-07 02:15:00+00:00,yes,0.38,500,0.45348837209302323,0.375,0.05348837209302322,10,8.25,0,-198.25,56201.25600000016
2026-08-07 02:15:00+00:00,2026-08-07 02:15:00+00:00,2026-08-07 02:30:00+00:00,yes,0.8,500,0.8846675712347354,0.795,0.06466757123473534,14,5.6,0,-405.6,55795.65600000016
2026-08-07 02:40:00+00:00,2026-08-07 02:30:00+00:00,2026-08-07 02:45:00+00:00,no,0.6799999999999999,500,0.25547445255474455,0.325,0.04452554744525551,4,7.62,1,-347.61999999999995,55448.03600000016
2026-08-07 02:45:00+00:00,2026-08-07 02:45:00+00:00,2026-08-07 03:00:00+00:00,no,0.4,500,0.5433333333333336,0.605,0.03666666666666642,14,8.4,0,291.6,55739.63600000016
2026-08-07 03:03:00+00:00,2026-08-07 03:00:00+00:00,2026-08-07 03:15:00+00:00,yes,0.23,500,0.29670329670329665,0.225,0.046703296703296635,11,6.2,0,-121.2,55618.43600000016
2026-08-07 03:25:00+00:00,2026-08-07 03:15:00+00:00,2026-08-07 03:30:00+00:00,yes,0.17,500,0.27133479212253825,0.165,0.09133479212253824,4,4.94,0,-89.94,55528.49600000016
2026-08-07 03:32:00+00:00,2026-08-07 03:30:00+00:00,2026-08-07 03:45:00+00:00,yes,0.73,500,0.798941798941799,0.725,0.04894179894179897,12,6.9,1,128.1,55656.59600000016
2026-08-07 03:50:00+00:00,2026-08-07 03:45:00+00:00,2026-08-07 04:00:00+00:00,yes,0.7,500,0.7621744054360136,0.695,0.0421744054360136,9,7.35,0,-357.35,55299.24600000016
2026-08-07 04:02:00+00:00,2026-08-07 04:00:00+00:00,2026-08-07 04:15:00+00:00,no,0.52,500,0.4045383411580595,0.485,0.055461658841940556,12,8.74,1,-268.74,55030.50600000016
2026-08-07 04:16:00+00:00,2026-08-07 04:15:00+00:00,2026-08-07 04:30:00+00:00,yes,0.49,500,0.5433333333333336,0.485,0.03333333333333356,13,8.75,0,-253.75,54776.75600000016
2026-08-07 04:33:00+00:00,2026-08-07 04:30:00+00:00,2026-08-07 04:45:00+00:00,yes,0.68,500,0.7621744054360136,0.675,0.062174405436013505,11,7.62,0,-347.62,54429.13600000016
2026-08-07 04:48:00+00:00,2026-08-07 04:45:00+00:00,2026-08-07 05:00:00+00:00,yes,0.53,500,0.5834018077239113,0.525,0.03340180772391123,11,8.72,0,-273.72,54155.41600000016
2026-08-07 05:02:00+00:00,2026-08-07 05:00:00+00:00,2026-08-07 05:15:00+00:00,yes,0.46,500,0.5433333333333336,0.455,0.06333333333333353,12,8.7,1,261.3,54416.71600000016
2026-08-07 05:19:00+00:00,2026-08-07 05:15:00+00:00,2026-08-07 05:30:00+00:00,no,0.78,500,0.15434782608695652,0.225,0.04565217391304345,10,6.01,0,103.99,54520.70600000016
2026-08-07 05:30:00+00:00,2026-08-07 05:30:00+00:00,2026-08-07 05:45:00+00:00,yes,0.52,500,0.5834018077239113,0.515,0.04340180772391124,14,8.74,1,231.26,54751.96600000016
2026-08-07 05:45:00+00:00,2026-08-07 05:45:00+00:00,2026-08-07 06:00:00+00:00,no,0.62,500,0.2797297297297297,0.385,0.08027027027027035,14,8.25,1,-318.25,54433.71600000016
2026-08-07 06:00:00+00:00,2026-08-07 06:00:00+00:00,2026-08-07 06:15:00+00:00,yes,0.46,500,0.5433333333333336,0.455,0.06333333333333353,14,8.7,1,261.3,54695.01600000016
2026-08-07 06:16:00+00:00,2026-08-07 06:15:00+00:00,2026-08-07 06:30:00+00:00,no,0.53,500,0.4045383411580595,0.475,0.04546165884194055,13,8.72,1,-273.72,54421.29600000016
2026-08-07 06:30:00+00:00,2026-08-07 06:30:00+00:00,2026-08-07 06:45:00+00:00,no,0.6699999999999999,500,0.27133479212253825,0.335,0.038665207877461874,14,7.74,0,157.26000000000005,54578.556000000164
2026-08-07 06:54:00+00:00,2026-08-07 06:45:00+00:00,2026-08-07 07:00:00+00:00,no,0.84,500,0.06420927467300833,0.165,0.08579072532699174,5,4.71,0,75.29,54653.846000000165
2026-08-07 07:00:00+00:00,2026-08-07 07:00:00+00:00,2026-08-07 07:15:00+00:00,no,0.64,500,0.27133479212253825,0.365,0.06866520787746179,14,8.07,1,-328.07,54325.776000000165
2026-08-07 07:49:00+00:00,2026-08-07 07:45:00+00:00,2026-08-07 08:00:00+00:00,yes,0.49,500,0.5433333333333336,0.485,0.03333333333333356,10,8.75,0,-253.75,54072.026000000165
2026-08-07 08:04:00+00:00,2026-08-07 08:00:00+00:00,2026-08-07 08:15:00+00:00,yes,0.64,500,0.7621744054360136,0.635,0.10217440543601354,10,8.07,1,171.93,54243.956000000166
2026-08-07 08:16:00+00:00,2026-08-07 08:15:00+00:00,2026-08-07 08:30:00+00:00,yes,0.71,500,0.8125,0.705,0.08250000000000003,13,7.21,1,137.79,54381.74600000017
2026-08-07 08:31:00+00:00,2026-08-07 08:30:00+00:00,2026-08-07 08:45:00+00:00,yes,0.67,500,0.7621744054360136,0.665,0.07217440543601351,13,7.74,1,157.26,54539.00600000017
2026-08-07 08:50:00+00:00,2026-08-07 08:45:00+00:00,2026-08-07 09:00:00+00:00,yes,0.21,500,0.27133479212253825,0.20500000000000002,0.04133479212253825,9,5.81,0,-110.81,54428.19600000017
2026-08-07 09:00:00+00:00,2026-08-07 09:00:00+00:00,2026-08-07 09:15:00+00:00,yes,0.69,500,0.7621744054360136,0.685,0.05217440543601361,14,7.49,1,147.51,54575.70600000017
2026-08-07 09:17:00+00:00,2026-08-07 09:15:00+00:00,2026-08-07 09:30:00+00:00,yes,0.71,500,0.7621744054360136,0.705,0.03217440543601359,12,7.21,1,137.79,54713.496000000174
2026-08-07 09:31:00+00:00,2026-08-07 09:30:00+00:00,2026-08-07 09:45:00+00:00,no,0.30000000000000004,500,0.6343283582089553,0.705,0.04567164179104467,13,7.35,1,-157.35000000000002,54556.146000000175
2026-08-07 10:06:00+00:00,2026-08-07 10:00:00+00:00,2026-08-07 10:15:00+00:00,no,0.51,500,0.4045383411580595,0.495,0.06546165884194056,8,8.75,1,-263.75,54292.396000000175
2026-08-07 10:17:00+00:00,2026-08-07 10:15:00+00:00,2026-08-07 10:30:00+00:00,no,0.49,500,0.45348837209302323,0.515,0.03651162790697683,12,8.75,1,-253.75,54038.646000000175
2026-08-07 10:39:00+00:00,2026-08-07 10:30:00+00:00,2026-08-07 10:45:00+00:00,yes,0.15,500,0.23790322580645162,0.14500000000000002,0.07790322580645163,5,4.47,0,-79.47,53959.176000000174
2026-08-07 10:48:00+00:00,2026-08-07 10:45:00+00:00,2026-08-07 11:00:00+00:00,yes,0.78,500,0.8537549407114624,0.775,0.053754940711462376,11,6.01,1,103.99,54063.16600000017
2026-08-07 11:00:00+00:00,2026-08-07 11:00:00+00:00,2026-08-07 11:15:00+00:00,yes,0.72,500,0.798941798941799,0.715,0.058941798941798976,14,7.06,1,132.94,54196.106000000174
2026-08-07 11:19:00+00:00,2026-08-07 11:15:00+00:00,2026-08-07 11:30:00+00:00,no,0.6699999999999999,500,0.27133479212253825,0.335,0.038665207877461874,10,7.74,1,-342.73999999999995,53853.36600000018
2026-08-07 11:39:00+00:00,2026-08-07 11:30:00+00:00,2026-08-07 11:45:00+00:00,no,0.6599999999999999,500,0.27133479212253825,0.345,0.04866520787746188,5,7.86,0,162.14000000000004,54015.506000000176
2026-08-07 11:47:00+00:00,2026-08-07 11:45:00+00:00,2026-08-07 12:00:00+00:00,yes,0.49,500,0.5433333333333336,0.485,0.03333333333333356,12,8.75,0,-253.75,53761.756000000176
2026-08-07 12:15:00+00:00,2026-08-07 12:15:00+00:00,2026-08-07 12:30:00+00:00,no,0.49,500,0.45348837209302323,0.515,0.03651162790697683,14,8.75,0,246.25,54008.006000000176
2026-08-07 12:32:00+00:00,2026-08-07 12:30:00+00:00,2026-08-07 12:45:00+00:00,yes,0.58,500,0.6404255319148936,0.575,0.040425531914893634,12,8.53,1,201.47,54209.47600000018
2026-08-07 13:02:00+00:00,2026-08-07 13:00:00+00:00,2026-08-07 13:15:00+00:00,no,0.78,500,0.15434782608695652,0.225,0.04565217391304345,12,6.01,0,103.99,54313.466000000175
2026-08-07 13:19:00+00:00,2026-08-07 13:15:00+00:00,2026-08-07 13:30:00+00:00,yes,0.7,500,0.7621744054360136,0.695,0.0421744054360136,10,7.35,0,-357.35,53956.11600000018
2026-08-07 13:31:00+00:00,2026-08-07 13:30:00+00:00,2026-08-07 13:45:00+00:00,yes,0.68,500,0.8125,0.675,0.11249999999999995,13,7.62,1,152.38,54108.496000000174
2026-08-07 13:47:00+00:00,2026-08-07 13:45:00+00:00,2026-08-07 14:00:00+00:00,no,0.85,500,0.10220125786163523,0.155,0.03779874213836477,12,4.47,0,70.53,54179.02600000017
2026-08-07 14:01:00+00:00,2026-08-07 14:00:00+00:00,2026-08-07 14:15:00+00:00,yes,0.35,500,0.4045383411580595,0.345,0.034538341158059496,13,7.97,0,-182.97,53996.05600000017
2026-08-07 14:41:00+00:00,2026-08-07 14:30:00+00:00,2026-08-07 14:45:00+00:00,no,0.45999999999999996,500,0.47841726618705044,0.545,0.04158273381294954,3,8.7,0,261.3,54257.356000000174
2026-08-07 15:13:00+00:00,2026-08-07 15:00:00+00:00,2026-08-07 15:15:00+00:00,yes,0.091,500,0.15434782608695652,0.089,0.05334782608695652,1,2.9,0,-48.4,54208.95600000017
2026-08-07 15:32:00+00:00,2026-08-07 15:30:00+00:00,2026-08-07 15:45:00+00:00,yes,0.83,500,0.8846675712347354,0.825,0.04466757123473542,12,4.94,0,-419.94,53789.01600000017
2026-08-07 15:50:00+00:00,2026-08-07 15:45:00+00:00,2026-08-07 16:00:00+00:00,yes,0.46,500,0.5433333333333336,0.455,0.06333333333333353,9,8.7,0,-238.7,53550.31600000017
2026-08-07 16:01:00+00:00,2026-08-07 16:00:00+00:00,2026-08-07 16:15:00+00:00,yes,0.69,500,0.7621744054360136,0.685,0.05217440543601361,13,7.49,1,147.51,53697.826000000176
2026-08-07 16:39:00+00:00,2026-08-07 16:30:00+00:00,2026-08-07 16:45:00+00:00,no,0.26,500,0.6847826086956522,0.745,0.03521739130434777,5,6.74,1,-136.74,53561.08600000018
2026-08-07 17:00:00+00:00,2026-08-07 17:00:00+00:00,2026-08-07 17:15:00+00:00,yes,0.39,500,0.45348837209302323,0.385,0.04348837209302321,14,8.33,0,-203.33,53357.756000000176
2026-08-07 17:16:00+00:00,2026-08-07 17:15:00+00:00,2026-08-07 17:30:00+00:00,yes,0.61,500,0.664179104477612,0.605,0.03417910447761198,13,8.33,0,-313.33,53044.426000000174
2026-08-07 17:32:00+00:00,2026-08-07 17:30:00+00:00,2026-08-07 17:45:00+00:00,yes,0.27,500,0.33753148614609574,0.265,0.04753148614609572,12,6.9,1,358.1,53402.52600000017
2026-08-07 17:45:00+00:00,2026-08-07 17:45:00+00:00,2026-08-07 18:00:00+00:00,yes,0.76,500,0.8292682926829268,0.755,0.049268292682926776,14,6.39,1,113.61,53516.13600000017
2026-08-07 18:01:00+00:00,2026-08-07 18:00:00+00:00,2026-08-07 18:15:00+00:00,yes,0.8,500,0.8537549407114624,0.795,0.03375494071146236,13,5.6,1,94.4,53610.536000000175
2026-08-07 18:30:00+00:00,2026-08-07 18:30:00+00:00,2026-08-07 18:45:00+00:00,yes,0.56,500,0.6239837398373984,0.555,0.04398373983739835,14,8.63,0,-288.63,53321.90600000018
2026-08-07 18:47:00+00:00,2026-08-07 18:45:00+00:00,2026-08-07 19:00:00+00:00,yes,0.28,500,0.34361233480176206,0.275,0.043612334801762034,12,7.06,0,-147.06,53174.84600000018
2026-08-07 19:00:00+00:00,2026-08-07 19:00:00+00:00,2026-08-07 19:15:00+00:00,yes,0.8,500,0.8537549407114624,0.795,0.03375494071146236,14,5.6,1,94.4,53269.24600000018
2026-08-07 19:16:00+00:00,2026-08-07 19:15:00+00:00,2026-08-07 19:30:00+00:00,yes,0.78,500,0.8537549407114624,0.775,0.053754940711462376,13,6.01,1,103.99,53373.23600000018
2026-08-07 19:30:00+00:00,2026-08-07 19:30:00+00:00,2026-08-07 19:45:00+00:00,no,0.54,500,0.4045383411580595,0.46499999999999997,0.03546165884194054,14,8.7,1,-278.7,53094.53600000018
2026-08-07 19:51:00+00:00,2026-08-07 19:45:00+00:00,2026-08-07 20:00:00+00:00,yes,0.36,500,0.4186046511627907,0.355,0.03860465116279073,8,8.07,0,-188.07,52906.46600000018
2026-08-07 20:12:00+00:00,2026-08-07 20:00:00+00:00,2026-08-07 20:15:00+00:00,no,0.05700000000000005,500,0.8372093023255814,0.9435,0.09579069767441852,2,1.89,1,-30.390000000000025,52876.07600000018
2026-08-07 20:26:00+00:00,2026-08-07 20:15:00+00:00,2026-08-07 20:30:00+00:00,no,0.28,500,0.6404255319148936,0.725,0.05957446808510637,3,7.06,0,352.94,53229.016000000185
2026-08-07 20:33:00+00:00,2026-08-07 20:30:00+00:00,2026-08-07 20:45:00+00:00,no,0.78,500,0.15434782608695652,0.225,0.04565217391304345,11,6.01,0,103.99,53333.00600000018
2026-08-07 20:49:00+00:00,2026-08-07 20:45:00+00:00,2026-08-07 21:00:00+00:00,yes,0.71,500,0.8125,0.705,0.08250000000000003,10,7.21,1,137.79,53470.796000000184
2026-08-07 21:01:00+00:00,2026-08-07 21:00:00+00:00,2026-08-07 21:15:00+00:00,yes,0.53,500,0.5834018077239113,0.525,0.03340180772391123,13,8.72,1,226.28,53697.07600000018
2026-08-07 21:18:00+00:00,2026-08-07 21:15:00+00:00,2026-08-07 21:30:00+00:00,no,0.85,500,0.10220125786163523,0.155,0.03779874213836477,11,4.47,1,-429.47,53267.60600000018
2026-08-07 21:31:00+00:00,2026-08-07 21:30:00+00:00,2026-08-07 21:45:00+00:00,yes,0.6,500,0.664179104477612,0.595,0.04417910447761199,13,8.4,1,191.6,53459.20600000018
2026-08-07 21:46:00+00:00,2026-08-07 21:45:00+00:00,2026-08-07 22:00:00+00:00,yes,0.41,500,0.4702886247877759,0.405,0.04028862478777591,13,8.47,0,-213.47,53245.73600000018
2026-08-07 22:00:00+00:00,2026-08-07 22:00:00+00:00,2026-08-07 22:15:00+00:00,no,0.63,500,0.2797297297297297,0.375,0.07027027027027034,14,8.16,0,176.84,53422.576000000176
2026-08-07 22:17:00+00:00,2026-08-07 22:15:00+00:00,2026-08-07 22:30:00+00:00,yes,0.74,500,0.8292682926829268,0.735,0.0692682926829268,12,6.74,1,123.26,53545.83600000018
2026-08-07 22:32:00+00:00,2026-08-07 22:30:00+00:00,2026-08-07 22:45:00+00:00,no,0.73,500,0.20512820512820512,0.275,0.04487179487179495,12,6.9,0,128.1,53673.936000000176
2026-08-07 22:55:00+00:00,2026-08-07 22:45:00+00:00,2026-08-07 23:00:00+00:00,no,0.15000000000000002,500,0.782051282051282,0.855,0.05794871794871793,4,4.47,1,-79.47000000000001,53594.466000000175
2026-08-07 23:00:00+00:00,2026-08-07 23:00:00+00:00,2026-08-07 23:15:00+00:00,yes,0.52,500,0.5834018077239113,0.515,0.04340180772391124,14,8.74,1,231.26,53825.72600000018
2026-08-07 23:16:00+00:00,2026-08-07 23:15:00+00:00,2026-08-07 23:30:00+00:00,yes,0.43,500,0.5433333333333336,0.425,0.09333333333333356,13,8.58,1,276.42,54102.146000000175
2026-08-07 23:30:00+00:00,2026-08-07 23:30:00+00:00,2026-08-07 23:45:00+00:00,yes,0.49,500,0.5433333333333336,0.485,0.03333333333333356,14,8.75,1,246.25,54348.396000000175
2026-08-07 23:46:00+00:00,2026-08-07 23:45:00+00:00,2026-08-08 00:00:00+00:00,yes,0.75,500,0.8292682926829268,0.745,0.059268292682926785,13,6.57,1,118.43,54466.826000000176
2026-08-08 00:00:00+00:00,2026-08-08 00:00:00+00:00,2026-08-08 00:15:00+00:00,no,0.65,500,0.2797297297297297,0.355,0.050270270270270326,14,7.97,0,167.03,54633.856000000174
2026-08-08 00:22:00+00:00,2026-08-08 00:15:00+00:00,2026-08-08 00:30:00+00:00,no,0.89,500,0.06420927467300833,0.11499999999999999,0.035790725326991686,7,3.43,0,51.57,54685.426000000174
2026-08-08 00:42:00+00:00,2026-08-08 00:30:00+00:00,2026-08-08 00:45:00+00:00,no,0.41000000000000003,500,0.47841726618705044,0.6,0.09158273381294947,2,8.47,1,-213.47000000000003,54471.95600000017
2026-08-08 00:47:00+00:00,2026-08-08 00:45:00+00:00,2026-08-08 01:00:00+00:00,yes,0.61,500,0.664179104477612,0.605,0.03417910447761198,12,8.33,1,186.67,54658.62600000017
2026-08-08 01:04:00+00:00,2026-08-08 01:00:00+00:00,2026-08-08 01:15:00+00:00,yes,0.51,500,0.5834018077239113,0.505,0.053401807723911246,10,8.75,1,236.25,54894.87600000017
2026-08-08 01:17:00+00:00,2026-08-08 01:15:00+00:00,2026-08-08 01:30:00+00:00,no,0.64,500,0.30039525691699603,0.365,0.03960474308300389,12,8.07,0,171.93,55066.80600000017
2026-08-08 01:33:00+00:00,2026-08-08 01:30:00+00:00,2026-08-08 01:45:00+00:00,no,0.5700000000000001,500,0.33753148614609574,0.435,0.0724685138539042,11,8.58,1,-293.58000000000004,54773.22600000017
2026-08-08 01:45:00+00:00,2026-08-08 01:45:00+00:00,2026-08-08 02:00:00+00:00,yes,0.35,500,0.45348837209302323,0.345,0.08348837209302325,14,7.97,0,-182.97,54590.25600000017
2026-08-08 02:02:00+00:00,2026-08-08 02:00:00+00:00,2026-08-08 02:15:00+00:00,no,0.65,500,0.29670329670329665,0.355,0.033296703296703326,12,7.97,0,167.03,54757.28600000017
2026-08-08 02:15:00+00:00,2026-08-08 02:15:00+00:00,2026-08-08 02:30:00+00:00,no,0.52,500,0.4045383411580595,0.485,0.055461658841940556,14,8.74,1,-268.74,54488.54600000017
2026-08-08 02:30:00+00:00,2026-08-08 02:30:00+00:00,2026-08-08 02:45:00+00:00,yes,0.79,500,0.8846675712347354,0.785,0.07466757123473534,14,5.81,0,-400.81,54087.73600000017
2026-08-08 02:49:00+00:00,2026-08-08 02:45:00+00:00,2026-08-08 03:00:00+00:00,no,0.35,500,0.4881889763779527,0.655,0.14181102362204726,10,7.97,1,-182.97,53904.76600000017
2026-08-08 03:04:00+00:00,2026-08-08 03:00:00+00:00,2026-08-08 03:15:00+00:00,yes,0.7,500,0.7621744054360136,0.695,0.0421744054360136,10,7.35,1,142.65,54047.41600000017
2026-08-08 03:15:00+00:00,2026-08-08 03:15:00+00:00,2026-08-08 03:30:00+00:00,yes,0.48,500,0.5433333333333336,0.475,0.04333333333333357,14,8.74,1,251.26,54298.676000000174
2026-08-08 03:39:00+00:00,2026-08-08 03:30:00+00:00,2026-08-08 03:45:00+00:00,yes,0.25,500,0.30039525691699603,0.245,0.030395256916996034,5,6.57,0,-131.57,54167.106000000174
2026-08-08 03:48:00+00:00,2026-08-08 03:45:00+00:00,2026-08-08 04:00:00+00:00,no,0.31000000000000005,500,0.5433333333333336,0.695,0.1266666666666664,11,7.49,1,-162.49000000000004,54004.61600000018
2026-08-08 04:01:00+00:00,2026-08-08 04:00:00+00:00,2026-08-08 04:15:00+00:00,no,0.4,500,0.5433333333333336,0.605,0.03666666666666642,13,8.4,0,291.6,54296.216000000175
2026-08-08 04:16:00+00:00,2026-08-08 04:15:00+00:00,2026-08-08 04:30:00+00:00,no,0.52,500,0.42207792207792205,0.485,0.037922077922077926,13,8.74,1,-268.74,54027.47600000018
2026-08-08 04:32:00+00:00,2026-08-08 04:30:00+00:00,2026-08-08 04:45:00+00:00,yes,0.83,500,0.8846675712347354,0.825,0.04466757123473542,12,4.94,1,80.06,54107.536000000175
2026-08-08 04:48:00+00:00,2026-08-08 04:45:00+00:00,2026-08-08 05:00:00+00:00,yes,0.39,500,0.5433333333333336,0.385,0.13333333333333355,11,8.33,0,-203.33,53904.20600000017
2026-08-08 05:02:00+00:00,2026-08-08 05:00:00+00:00,2026-08-08 05:15:00+00:00,no,0.49,500,0.45348837209302323,0.515,0.03651162790697683,12,8.75,0,246.25,54150.45600000017
2026-08-08 05:16:00+00:00,2026-08-08 05:15:00+00:00,2026-08-08 05:30:00+00:00,yes,0.64,500,0.7621744054360136,0.635,0.10217440543601354,13,8.07,1,171.93,54322.38600000017
2026-08-08 05:32:00+00:00,2026-08-08 05:30:00+00:00,2026-08-08 05:45:00+00:00,no,0.64,500,0.30039525691699603,0.37,0.03960474308300389,12,8.07,0,171.93,54494.31600000017
2026-08-08 05:45:00+00:00,2026-08-08 05:45:00+00:00,2026-08-08 06:00:00+00:00,no,0.61,500,0.33753148614609574,0.395,0.03246851385390427,14,8.33,0,186.67,54680.98600000017
2026-08-08 06:05:00+00:00,2026-08-08 06:00:00+00:00,2026-08-08 06:15:00+00:00,no,0.61,500,0.30039525691699603,0.4,0.06960474308300392,9,8.33,0,186.67,54867.65600000017
2026-08-08 06:15:00+00:00,2026-08-08 06:15:00+00:00,2026-08-08 06:30:00+00:00,no,0.53,500,0.4045383411580595,0.475,0.04546165884194055,14,8.72,0,226.28,55093.93600000017
2026-08-08 06:30:00+00:00,2026-08-08 06:30:00+00:00,2026-08-08 06:45:00+00:00,yes,0.53,500,0.6404255319148936,0.525,0.09042553191489357,14,8.72,1,226.28,55320.21600000017
2026-08-08 06:45:00+00:00,2026-08-08 06:45:00+00:00,2026-08-08 07:00:00+00:00,yes,0.77,500,0.8292682926829268,0.765,0.03926829268292677,14,6.2,1,108.8,55429.01600000017
2026-08-08 07:01:00+00:00,2026-08-08 07:00:00+00:00,2026-08-08 07:15:00+00:00,yes,0.48,500,0.5834018077239113,0.475,0.08340180772391127,13,8.74,0,-248.74,55180.27600000017
2026-08-08 07:17:00+00:00,2026-08-08 07:15:00+00:00,2026-08-08 07:30:00+00:00,no,0.53,500,0.4045383411580595,0.475,0.04546165884194055,12,8.72,1,-273.72,54906.55600000017
